,np,bacteria,bac_type,np_synthesis,method,shape,kingdom,phylum,class,order,family,genus,gram,isolated_from,mol_weight (g/mol),np_size_avg (nm),time_set,"min_Incub_period, h","growth_temp, C",Valance_electron,labuteASA,tpsa,CrippenMR,chi0v,pred_MIC_norm,pathogenic_bacteria,pred_MIC_pathogen,Fitness,pred_norm_MIC_original,pred_path_MIC_original
0,ZnO,Bacillus subtilis,non-pathogenic,green_synthesis,MIC,quasi-spherical,Bacteria,Bacillota,Bacilli,Bacillales,Bacillaceae,Bacillus,p,soil,81.3794,1.9,4,0.16,30,8,22.60496136,17.07,0.6865,4.082482905,1.2428427730597595,Klebsiella pneumoniae,0.39448233681458755,0.848360436245172,17.492133090699184,2.480175064472805
1,ZnO,Bacillus subtilis,non-pathogenic,green_synthesis,MIC,nanoplates,Bacteria,Bacillota,Bacilli,Bacillales,Bacillaceae,Bacillus,p,soil,81.3794,1.4,3,0.16,30,8,22.60496136,17.07,0.6865,4.082482905,1.629944483984293,Klebsiella pneumoniae,0.8515443644044076,0.7784001195798853,42.65249924774544,7.104677425769042
2,CeO2,Bacillus subtilis,non-pathogenic,chemical_synthesis,MIC,quasi-hexagonal,Bacteria,Bacillota,Bacilli,Bacillales,Bacillaceae,Bacillus,p,soil,172.115,5.1,3,0.16,30,16,39.19032095,34.14,1.373,4.456551526,2.417363389206025,Klebsiella pneumoniae,1.673331563599384,0.7440318256066412,261.43479547780686,47.13370329308525
3,ZnO,Bacillus subtilis,non-pathogenic,chemical_synthesis,MIC,quasi-spherical,Bacteria,Bacillota,Bacilli,Bacillales,Bacillaceae,Bacillus,p,soil,81.3794,1.4,3,0.16,30,8,22.60496136,17.07,0.6865,4.082482905,1.2525151764544837,Klebsiella pneumoniae,0.5472987318392146,0.7052164446152691,17.886080310626014,3.52613334657451
4,Ag,Bacillus subtilis,non-pathogenic,chemical_synthesis,MIC,spherical,Bacteria,Bacillota,Bacilli,Bacillales,Bacillaceae,Bacillus,p,soil,107.87,4.0,24,0.16,30,11,23.00188061,0.0,0.0,1.78376517,1.5300901707447805,Klebsiella pneumoniae,0.8253566881359713,0.7047334826088092,33.89145162365519,6.688930571005569
5,CeO2,Bacillus subtilis,non-pathogenic,green_synthesis,MIC,cubic,Bacteria,Bacillota,Bacilli,Bacillales,Bacillaceae,Bacillus,p,soil,172.115,1.9,3,0.16,30,16,39.19032095,34.14,1.373,4.456551526,2.729108018956929,Klebsiella pneumoniae,2.094095128244297,0.6350128907126318,535.9299389540352,124.19243099918296
6,ZnO,Bacillus subtilis,non-pathogenic,green_synthesis,MBEC,quasi-hexagonal,Bacteria,Bacillota,Bacilli,Bacillales,Bacillaceae,Bacillus,p,soil,81.3794,10.4,1,0.16,30,8,22.60496136,17.07,0.6865,4.082482905,1.4078497105364525,Klebsiella pneumoniae,0.7817672960337549,0.6260824145026975,25.5770063049505,6.05016607474813
7,Pd,Bacillus subtilis,non-pathogenic,green_synthesis,MIC,hexagonal,Bacteria,Bacillota,Bacilli,Bacillales,Bacillaceae,Bacillus,p,soil,195.084,1.4,2,0.16,30,10,21.14774404,0.0,0.0,1.870828693,1.288067484454788,Klebsiella pneumoniae,0.676927712574672,0.6111397718801159,19.411874927585632,4.752561139540455
8,ZnO,Bacillus subtilis,non-pathogenic,chemical_synthesis,MIC,spherical,Bacteria,Bacillota,Bacilli,Bacillales,Bacillaceae,Bacillus,p,soil,81.3794,0.8,4,0.16,30,8,22.60496136,17.07,0.6865,4.082482905,0.9302221136218963,Klebsiella pneumoniae,0.31948676637411744,0.6107353472477789,8.51573451756537,2.0868285340461434
9,Ag,Bacillus subtilis,non-pathogenic,chemical_synthesis,MIC,nanoplates,Bacteria,Bacillota,Bacilli,Bacillales,Bacillaceae,Bacillus,p,soil,107.87,6.0,3,0.16,30,11,23.00188061,0.0,0.0,1.78376517,2.0821300389386943,Klebsiella pneumoniae,1.5051318794072397,0.5769981595314546,120.8175539785232,31.9986664506194
10,TiO2,Bacillus subtilis,non-pathogenic,chemical_synthesis,MIC,quasi-hexagonal,Bacteria,Bacillota,Bacilli,Bacillales,Bacillaceae,Bacillus,p,soil,79.866,5.1,0,0.16,30,16,26.40611331,34.14,1.373,2.878049394,2.1232048725251955,Klebsiella pneumoniae,1.5516292237225242,0.5715756488026713,132.80207857617052,35.61469453028293
11,Au,Bacillus subtilis,non-pathogenic,chemical_synthesis,MIC,nanoplates,Bacteria,Bacillota,Bacilli,Bacillales,Bacillaceae,Bacillus,p,soil,196.966569,1.9,0,0.16,30,11,23.00188061,0.0,0.0,2.46797672,2.190287292624978,Klebsiella pneumoniae,1.6376200980976723,0.5526671945273058,154.9841524404647,43.413029974220194
12,ZnO,Bacillus subtilis,non-pathogenic,green_synthesis,MIC,hexagonal,Bacteria,Bacillota,Bacilli,Bacillales,Bacillaceae,Bacillus,p,soil,81.3794,1.4,18,0.16,30,8,22.60496136,17.07,0.6865,4.082482905,1.4868626392738618,Klebsiella pneumoniae,0.9354724574554639,0.5513901818183978,30.68051456997228,8.619309141305186
13,ZnO,Bacillus subtilis,non-pathogenic,chemical_synthesis,MBEC,quasi-hexagonal,Bacteria,Bacillota,Bacilli,Bacillales,Bacillaceae,Bacillus,p,soil,81.3794,8.0,0,0.16,30,8,22.60496136,17.07,0.6865,4.082482905,1.394705438243785,Klebsiella pneumoniae,0.8516144886657248,0.5430909495780601,24.81449482580069,7.105824689898757
14,Ag,Bacillus subtilis,non-pathogenic,green_synthesis,MBC,spheroidal,Bacteria,Bacillota,Bacilli,Bacillales,Bacillaceae,Bacillus,p,soil,107.87,4.7,18,0.16,30,11,23.00188061,0.0,0.0,1.78376517,1.6800691100724403,Klebsiella pneumoniae,1.150249215886987,0.5298198941854533,47.8706263662051,14.133483488920884
15,ZnO,Bacillus subtilis,non-pathogenic,green_synthesis,MBC,tetragonal,Bacteria,Bacillota,Bacilli,Bacillales,Bacillaceae,Bacillus,p,soil,81.3794,0.8,18,0.16,30,8,22.60496136,17.07,0.6865,4.082482905,1.2413973587413363,Klebsiella pneumoniae,0.7173329689535677,0.5240643897877686,17.434012729101497,5.215944587603488
16,ZnO,Bacillus subtilis,non-pathogenic,green_synthesis,MBC,tetragonal,Bacteria,Bacillota,Bacilli,Bacillales,Bacillaceae,Bacillus,p,soil,81.3794,0.8,18,0.16,30,8,22.60496136,17.07,0.6865,4.082482905,1.2413973587413363,Klebsiella pneumoniae,0.7173329689535677,0.5240643897877686,17.434012729101497,5.215944587603488
17,Au,Bacillus subtilis,non-pathogenic,green_synthesis,MIC,spherical,Bacteria,Bacillota,Bacilli,Bacillales,Bacillaceae,Bacillus,p,soil,196.966569,1.4,2,0.16,30,11,23.00188061,0.0,0.0,2.46797672,1.7154650577568242,Klebsiella pneumoniae,1.225447275270646,0.4900177824861782,51.93558857558844,16.805338911722675
18,Ag,Bacillus subtilis,non-pathogenic,chemical_synthesis,MIC,quasi-hexagonal,Bacteria,Bacillota,Bacilli,Bacillales,Bacillaceae,Bacillus,p,soil,107.87,12.0,0,0.16,30,11,23.00188061,0.0,0.0,1.78376517,0.8911518273808906,Klebsiella pneumoniae,0.4086676113348855,0.4824842160460051,7.783085966390155,2.562522051393085
19,ZnO,Bacillus subtilis,non-pathogenic,chemical_synthesis,MBC,quasi-hexagonal,Bacteria,Bacillota,Bacilli,Bacillales,Bacillaceae,Bacillus,p,soil,81.3794,3.0,3,0.16,30,8,22.60496136,17.07,0.6865,4.082482905,0.49921783109058127,Klebsiella pneumoniae,0.024669126045342882,0.4745487050452384,3.156587490555707,1.0584470237144898
20,Au,Bacillus subtilis,non-pathogenic,chemical_synthesis,MIC,rod-shaped,Bacteria,Bacillota,Bacilli,Bacillales,Bacillaceae,Bacillus,p,soil,196.966569,3.0,0,0.16,30,11,23.00188061,0.0,0.0,2.46797672,1.4630994228492957,Klebsiella pneumoniae,0.995720761978664,0.46737866087063173,29.046875472279186,9.901950751312604
21,TiO2,Bacillus subtilis,non-pathogenic,green_synthesis,MBC,spherical,Bacteria,Bacillota,Bacilli,Bacillales,Bacillaceae,Bacillus,p,soil,79.866,0.8,4,0.16,30,16,26.40611331,34.14,1.373,2.878049394,2.3411382516047,Klebsiella pneumoniae,1.879098118296703,0.4620401333079971,219.35030954055597,75.7003902360007
22,ZnO,Bacillus subtilis,non-pathogenic,green_synthesis,MBEC,spheroidal,Bacteria,Bacillota,Bacilli,Bacillales,Bacillaceae,Bacillus,p,soil,81.3794,5.1,4,0.16,30,8,22.60496136,17.07,0.6865,4.082482905,2.513139808708895,Klebsiella pneumoniae,2.084202974501582,0.4289368342073132,325.9416117105215,121.39560797747482
23,TiO2,Bacillus subtilis,non-pathogenic,chemical_synthesis,MBEC,quasi-hexagonal,Bacteria,Bacillota,Bacilli,Bacillales,Bacillaceae,Bacillus,p,soil,79.866,0.8,3,0.16,30,16,26.40611331,34.14,1.373,2.878049394,1.8991526582611933,Klebsiella pneumoniae,1.4816277897481647,0.4175248685130286,79.27799505084141,30.31292114485911
24,ZnO,Bacillus subtilis,non-pathogenic,chemical_synthesis,MBEC,spherical,Bacteria,Bacillota,Bacilli,Bacillales,Bacillaceae,Bacillus,p,soil,81.3794,10.4,1,0.16,30,8,22.60496136,17.07,0.6865,4.082482905,2.119617825649085,Klebsiella pneumoniae,1.7035727456037433,0.4160450800453417,131.70971974421454,50.53272816582433
25,CuO,Bacillus subtilis,non-pathogenic,green_synthesis,MBEC,cubic,Bacteria,Bacillota,Bacilli,Bacillales,Bacillaceae,Bacillus,p,soil,79.5454,8.7,4,0.16,30,17,20.67942236,17.07,0.6865,1.651411411,3.6205088992561,Klebsiella pneumoniae,3.2067852861528268,0.4137236131032731,4173.58150586443,1609.8495337744332
26,ZnO,Bacillus subtilis,non-pathogenic,chemical_synthesis,MBEC,rod-shaped,Bacteria,Bacillota,Bacilli,Bacillales,Bacillaceae,Bacillus,p,soil,81.3794,9.0,0,0.16,30,8,22.60496136,17.07,0.6865,4.082482905,1.9472359491623574,Klebsiella pneumoniae,1.5342363422948844,0.41299960686747306,88.55966176193012,34.21655977742551
27,Pd,Bacillus subtilis,non-pathogenic,chemical_synthesis,MIC,hexagonal,Bacteria,Bacillota,Bacilli,Bacillales,Bacillaceae,Bacillus,p,soil,195.084,6.0,18,0.16,30,10,21.14774404,0.0,0.0,1.870828693,1.361663693745807,Klebsiella pneumoniae,0.9494398637633745,0.41222382998243257,22.99660331094641,8.901021780943207
28,ZnO,Bacillus subtilis,non-pathogenic,chemical_synthesis,MIC,tetragonal,Bacteria,Bacillota,Bacilli,Bacillales,Bacillaceae,Bacillus,p,soil,81.3794,1.4,3,0.16,30,8,22.60496136,17.07,0.6865,4.082482905,0.20930845848368396,Klebsiella pneumoniae,-0.20282341176205954,0.4121318702457435,1.6192296902975751,0.6268687035940729
29,Ag,Bacillus subtilis,non-pathogenic,chemical_synthesis,MIC,hexagonal,Bacteria,Bacillota,Bacilli,Bacillales,Bacillaceae,Bacillus,p,soil,107.8682,1.4,3,0.16,30,11,23.00188061,0.0,0.0,1.78376517,2.0589404845043986,Klebsiella pneumoniae,1.6489353076909312,0.4100051768134674,114.53559716886184,44.558986858892595
30,TiO2,Bacillus subtilis,non-pathogenic,chemical_synthesis,MBC,spheroidal,Bacteria,Bacillota,Bacilli,Bacillales,Bacillaceae,Bacillus,p,soil,79.866,8.7,4,0.16,30,16,26.40611331,34.14,1.373,2.878049394,2.592330621660074,Klebsiella pneumoniae,2.1835259919380947,0.4088046297219794,391.1385501961111,152.58997151115202
31,Ag,Bacillus subtilis,non-pathogenic,green_synthesis,MIC,quasi-spherical,Bacteria,Bacillota,Bacilli,Bacillales,Bacillaceae,Bacillus,p,soil,107.87,44.45,4,0.16,30,11,23.00188061,0.0,0.0,1.78376517,0.28990923103817634,Klebsiella pneumoniae,-0.11885217376700008,0.4087614048051764,1.949437118467261,0.7605851227350726
32,ZnO,Bacillus subtilis,non-pathogenic,chemical_synthesis,MBEC,hexagonal,Bacteria,Bacillota,Bacilli,Bacillales,Bacillaceae,Bacillus,p,soil,81.3794,8.0,2,0.16,30,8,22.60496136,17.07,0.6865,4.082482905,2.5075076969366923,Klebsiella pneumoniae,2.1087286807221033,0.398779016214589,321.7419554039886,128.44839462187122
33,ZnO,Bacillus subtilis,non-pathogenic,chemical_synthesis,MBC,rod-shaped,Bacteria,Bacillota,Bacilli,Bacillales,Bacillaceae,Bacillus,p,soil,81.3794,9.0,2,0.16,30,8,22.60496136,17.07,0.6865,4.082482905,1.4981029945077142,Klebsiella pneumoniae,1.1009285267716038,0.3971744677361104,31.484949025275196,12.616198886946961
34,TiO2,Bacillus subtilis,non-pathogenic,chemical_synthesis,MBC,hexagonal,Bacteria,Bacillota,Bacilli,Bacillales,Bacillaceae,Bacillus,p,soil,79.866,1.4,3,0.16,30,16,26.40611331,34.14,1.373,2.878049394,2.2421811309180937,Klebsiella pneumoniae,1.846403527374369,0.3957776035437246,174.65504336955638,70.21073627890723
35,ZnO,Bacillus subtilis,non-pathogenic,green_synthesis,MBC,cubic,Bacteria,Bacillota,Bacilli,Bacillales,Bacillaceae,Bacillus,p,soil,81.3794,18.5,4,0.16,30,8,22.60496136,17.07,0.6865,4.082482905,2.0854240280994962,Klebsiella pneumoniae,1.6899418489074332,0.3954821791920631,121.73740168315207,48.97132434333367
36,Ag,Bacillus subtilis,non-pathogenic,chemical_synthesis,MIC,hexagonal,Bacteria,Bacillota,Bacilli,Bacillales,Bacillaceae,Bacillus,p,soil,107.87,5.1,18,0.16,30,11,23.00188061,0.0,0.0,1.78376517,1.8738982402810125,Klebsiella pneumoniae,1.4987284392971432,0.3751698009838693,74.79942171433989,31.530324420613674
37,Ag,Bacillus subtilis,non-pathogenic,chemical_synthesis,MIC,hexagonal,Bacteria,Bacillota,Bacilli,Bacillales,Bacillaceae,Bacillus,p,soil,107.87,5.1,18,0.16,30,11,23.00188061,0.0,0.0,1.78376517,1.8738982402810125,Klebsiella pneumoniae,1.4987284392971432,0.3751698009838693,74.79942171433989,31.530324420613674
38,ZnO,Bacillus subtilis,non-pathogenic,green_synthesis,MIC,hexagonal,Bacteria,Bacillota,Bacilli,Bacillales,Bacillaceae,Bacillus,p,soil,81.3794,12.0,0,0.16,30,8,22.60496136,17.07,0.6865,4.082482905,2.0077633788185025,Klebsiella pneumoniae,1.6331915113064752,0.3745718675120273,101.80365694670303,42.972588167565036
39,TiO2,Bacillus subtilis,non-pathogenic,chemical_synthesis,MBEC,rod-shaped,Bacteria,Bacillota,Bacilli,Bacillales,Bacillaceae,Bacillus,p,soil,79.866,12.0,3,0.16,30,16,26.40611331,34.14,1.373,2.878049394,2.7045194633513705,Klebsiella pneumoniae,2.3315849156563093,0.3729345476950612,506.4300451956966,214.57786292932713
40,Ag,Bacillus subtilis,non-pathogenic,chemical_synthesis,MIC,cubic,Bacteria,Bacillota,Bacilli,Bacillales,Bacillaceae,Bacillus,p,soil,107.87,20.0,0,0.16,30,11,23.00188061,0.0,0.0,1.78376517,1.6809533433618327,Klebsiella pneumoniae,1.3121899548031997,0.368763388558633,47.968191321865774,20.52059526928815
41,ZnO,Bacillus subtilis,non-pathogenic,green_synthesis,MBEC,spheroidal,Bacteria,Bacillota,Bacilli,Bacillales,Bacillaceae,Bacillus,p,soil,81.3794,22.5,18,0.16,30,8,22.60496136,17.07,0.6865,4.082482905,2.1491818246391823,Klebsiella pneumoniae,1.7840112814769928,0.36517054316218944,140.9878944246283,60.81507987397042
42,CuO,Bacillus subtilis,non-pathogenic,green_synthesis,MBEC,quasi-hexagonal,Bacteria,Bacillota,Bacilli,Bacillales,Bacillaceae,Bacillus,p,soil,79.5454,1.4,2,0.16,30,17,20.67942236,17.07,0.6865,1.651411411,2.545052105611515,Klebsiella pneumoniae,2.1798835682905313,0.36516853732098387,350.79395884669316,151.3155526258367
43,ZnO,Bacillus subtilis,non-pathogenic,chemical_synthesis,MBC,nanoplates,Bacteria,Bacillota,Bacilli,Bacillales,Bacillaceae,Bacillus,p,soil,81.3794,12.0,0,0.16,30,8,22.60496136,17.07,0.6865,4.082482905,2.057466884577936,Klebsiella pneumoniae,1.6923247996203301,0.3651420849576059,114.14762625057544,49.24076592399644
44,Ag,Bacillus subtilis,non-pathogenic,chemical_synthesis,MIC,nanoplates,Bacteria,Bacillota,Bacilli,Bacillales,Bacillaceae,Bacillus,p,soil,107.8682,1.9,24,0.16,30,11,23.00188061,0.0,0.0,1.78376517,2.8218227867953543,Klebsiella pneumoniae,2.461761811700185,0.3600609750951693,663.4722862990096,289.5754978680144
45,TiO2,Bacillus subtilis,non-pathogenic,green_synthesis,MBEC,cubic,Bacteria,Bacillota,Bacilli,Bacillales,Bacillaceae,Bacillus,p,soil,79.866,12.0,18,0.16,30,16,26.40611331,34.14,1.373,2.878049394,3.279898074307614,Klebsiella pneumoniae,2.9232339343072256,0.3566641400003885,1905.013572944348,837.9805418559126
46,Pd,Bacillus subtilis,non-pathogenic,chemical_synthesis,MIC,cubic,Bacteria,Bacillota,Bacilli,Bacillales,Bacillaceae,Bacillus,p,soil,195.084,50.0,4,0.16,30,10,21.14774404,0.0,0.0,1.870828693,1.531239192498119,Klebsiella pneumoniae,1.2025300372108307,0.3287091552872883,33.98123764925579,15.941531336854954
47,Ag,Bacillus subtilis,non-pathogenic,chemical_synthesis,MBEC,quasi-spherical,Bacteria,Bacillota,Bacilli,Bacillales,Bacillaceae,Bacillus,p,soil,107.87,5.1,4,0.16,30,11,23.00188061,0.0,0.0,1.78376517,1.7832683495931263,Klebsiella pneumoniae,1.4559648225912858,0.3273035270018405,60.71113464643759,28.57359090838326
48,ZnO,Bacillus subtilis,non-pathogenic,green_synthesis,MBEC,cubic,Bacteria,Bacillota,Bacilli,Bacillales,Bacillaceae,Bacillus,p,soil,81.3794,10.0,18,0.16,30,8,22.60496136,17.07,0.6865,4.082482905,2.5186279461699743,Klebsiella pneumoniae,2.199351851607448,0.31927609456252615,330.08663940358224,158.25296353370112
49,Al2O3,Bacillus subtilis,non-pathogenic,green_synthesis,MBEC,quasi-spherical,Bacteria,Bacillota,Bacilli,Bacillales,Bacillaceae,Bacillus,p,soil,101.961276,4.0,3,0.16,30,24,51.55776403,85.5,13.5675,4.688846487,2.5167920410130993,Klebsiella pneumoniae,2.2010089960001835,0.31578304501291576,328.6942001832699,158.85796541847623
50,CuO,Bacillus subtilis,non-pathogenic,green_synthesis,MBC,cubic,Bacteria,Bacillota,Bacilli,Bacillales,Bacillaceae,Bacillus,p,soil,79.5454,17.5,1,0.16,30,17,20.67942236,17.07,0.6865,1.651411411,3.1298024279952257,Klebsiella pneumoniae,2.815120720296805,0.3146817076984205,1348.349343395318,653.3121277695326
51,Ag,Bacillus subtilis,non-pathogenic,chemical_synthesis,MIC,spheroidal,Bacteria,Bacillota,Bacilli,Bacillales,Bacillaceae,Bacillus,p,soil,107.87,13.0,0,0.16,30,11,23.00188061,0.0,0.0,1.78376517,1.2695778323435793,Klebsiella pneumoniae,0.9575571540814514,0.312020678262128,18.602779241632746,9.06895306090302
52,TiO2,Bacillus subtilis,non-pathogenic,green_synthesis,MBEC,spherical,Bacteria,Bacillota,Bacilli,Bacillales,Bacillaceae,Bacillus,p,soil,79.866,18.5,0,0.16,30,16,26.40611331,34.14,1.373,2.878049394,2.550019461481743,Klebsiella pneumoniae,2.2487371456477163,0.30128231583402654,354.82928938728116,177.31159873372968
53,Ag,Bacillus subtilis,non-pathogenic,green_synthesis,MIC,quasi-hexagonal,Bacteria,Bacillota,Bacilli,Bacillales,Bacillaceae,Bacillus,p,soil,107.87,41.23,3,0.16,30,11,23.00188061,0.0,0.0,1.78376517,-0.20207821153109795,Klebsiella pneumoniae,-0.4979322307360836,0.29585401920498566,0.6279452627803987,0.31773698430459746
54,ZnO,Bacillus subtilis,non-pathogenic,green_synthesis,MBEC,rod-shaped,Bacteria,Bacillota,Bacilli,Bacillales,Bacillaceae,Bacillus,p,soil,81.3794,25.0,0,0.16,30,8,22.60496136,17.07,0.6865,4.082482905,1.9118764076012003,Klebsiella pneumoniae,1.6492759306038438,0.26260047699735645,81.63500197649799,44.59394877107163
55,ZnO,Bacillus subtilis,non-pathogenic,green_synthesis,MBEC,rod-shaped,Bacteria,Bacillota,Bacilli,Bacillales,Bacillaceae,Bacillus,p,soil,81.3794,25.0,0,0.16,30,8,22.60496136,17.07,0.6865,4.082482905,1.9118764076012003,Klebsiella pneumoniae,1.6492759306038438,0.26260047699735645,81.63500197649799,44.59394877107163
56,Ag,Bacillus subtilis,non-pathogenic,chemical_synthesis,MIC,tetragonal,Bacteria,Bacillota,Bacilli,Bacillales,Bacillaceae,Bacillus,p,soil,107.8682,0.8,3,0.16,30,11,23.00188061,0.0,0.0,1.78376517,0.6450747660109897,Klebsiella pneumoniae,0.38890335297969814,0.25617141303129154,4.4164647250275,2.4485182928760314
57,Ag,Bacillus subtilis,non-pathogenic,green_synthesis,MBC,hexagonal,Bacteria,Bacillota,Bacilli,Bacillales,Bacillaceae,Bacillus,p,soil,107.8682,8.0,2,0.16,30,11,23.00188061,0.0,0.0,1.78376517,2.0882935697887746,Klebsiella pneumoniae,1.8795609469823553,0.20873262280641924,122.54442822140797,75.78110732855474
58,TiO2,Bacillus subtilis,non-pathogenic,green_synthesis,MBC,tetragonal,Bacteria,Bacillota,Bacilli,Bacillales,Bacillaceae,Bacillus,p,soil,79.866,13.0,18,0.16,30,16,26.40611331,34.14,1.373,2.878049394,2.1517729141734425,Klebsiella pneumoniae,1.9476160902094686,0.20415682396397394,141.8315712549997,88.63721259882817
59,ZnO,Bacillus subtilis,non-pathogenic,chemical_synthesis,MIC,triangular,Bacteria,Bacillota,Bacilli,Bacillales,Bacillaceae,Bacillus,p,soil,81.3794,6.0,3,0.16,30,8,22.60496136,17.07,0.6865,4.082482905,-0.18302935376485818,Klebsiella pneumoniae,-0.3746067186434101,0.19157736487855193,0.6561009192439892,0.42207854946947265
60,Au,Bacillus subtilis,non-pathogenic,chemical_synthesis,MBEC,hexagonal,Bacteria,Bacillota,Bacilli,Bacillales,Bacillaceae,Bacillus,p,soil,196.966569,3.0,3,0.16,30,11,23.00188061,0.0,0.0,2.46797672,1.9687186669568522,Klebsiella pneumoniae,1.7886358222083936,0.1800828447484586,93.05049053723013,61.46612321508926
61,ZnO,Bacillus subtilis,non-pathogenic,chemical_synthesis,MBC,nanoplates,Bacteria,Bacillota,Bacilli,Bacillales,Bacillaceae,Bacillus,p,soil,81.3794,18.5,1,0.16,30,8,22.60496136,17.07,0.6865,4.082482905,1.663687631637721,Klebsiella pneumoniae,1.4858169183946595,0.17787071324306147,46.09858890082667,30.60672901437494
62,Ag,Bacillus subtilis,non-pathogenic,green_synthesis,MBC,quasi-spherical,Bacteria,Bacillota,Bacilli,Bacillales,Bacillaceae,Bacillus,p,soil,107.8682,1.4,3,0.16,30,11,23.00188061,0.0,0.0,1.78376517,1.0384538753721562,Klebsiella pneumoniae,0.8686873377990599,0.16976653757309623,10.925815824377278,7.390730016771767
63,Ag,Bacillus subtilis,non-pathogenic,green_synthesis,MBC,tetragonal,Bacteria,Bacillota,Bacilli,Bacillales,Bacillaceae,Bacillus,p,soil,107.87,1.9,0,0.16,30,11,23.00188061,0.0,0.0,1.78376517,0.776385286770167,Klebsiella pneumoniae,0.6292667686608477,0.1471185181093193,5.975651847822301,4.2585992047697205
64,ZnO,Bacillus subtilis,non-pathogenic,green_synthesis,MIC,triangular,Bacteria,Bacillota,Bacilli,Bacillales,Bacillaceae,Bacillus,p,soil,81.3794,8.0,0,0.16,30,8,22.60496136,17.07,0.6865,4.082482905,-0.18758272662300013,Klebsiella pneumoniae,-0.30872158105319736,0.12113885443019723,0.6492579458388998,0.4912226899020895
65,Ag,Bacillus subtilis,non-pathogenic,green_synthesis,MBEC,triangular,Bacteria,Bacillota,Bacilli,Bacillales,Bacillaceae,Bacillus,p,soil,107.87,18.0,4,0.16,30,11,23.00188061,0.0,0.0,1.78376517,-0.04375019965711946,Klebsiella pneumoniae,-0.15148372118474285,0.10773352152762339,0.9041693902518152,0.7055312892364535
66,Ag,Bacillus subtilis,non-pathogenic,green_synthesis,MBEC,cubic,Bacteria,Bacillota,Bacilli,Bacillales,Bacillaceae,Bacillus,p,soil,107.87,9.0,2,0.16,30,11,23.00188061,0.0,0.0,1.78376517,2.5046675458943533,Klebsiella pneumoniae,2.4109007174810335,0.09376682841331974,319.6447280143377,257.5732260688847
67,Cu,Bacillus subtilis,non-pathogenic,green_synthesis,MBC,spherical,Bacteria,Bacillota,Bacilli,Bacillales,Bacillaceae,Bacillus,p,soil,63.55,35.0,3,0.16,30,11,17.96409803,0.0,0.0,1.243163121,1.2076526329265036,Klebsiella pneumoniae,1.1758445068503303,0.03180812607617334,16.13067840907159,14.991479901407107
68,ZnO,Bacillus subtilis,non-pathogenic,chemical_synthesis,MIC,rod-shaped,Bacteria,Bacillota,Bacilli,Bacillales,Bacillaceae,Bacillus,p,soil,81.3794,13.0,4,0.16,30,8,22.60496136,17.07,0.6865,4.082482905,1.2222241183201712,Klebsiella pneumoniae,1.1905419634875396,0.03168215483263159,16.68107820020918,15.507506200599664
69,Au,Bacillus subtilis,non-pathogenic,green_synthesis,MIC,hexagonal,Bacteria,Bacillota,Bacilli,Bacillales,Bacillaceae,Bacillus,p,soil,196.966569,13.0,3,0.16,30,11,23.00188061,0.0,0.0,2.46797672,2.517250971810898,Klebsiella pneumoniae,2.5200372936004234,-0.0027863217895252035,329.0417238761306,331.1595574919808
70,Ag,Bacillus subtilis,non-pathogenic,chemical_synthesis,MBC,cubic,Bacteria,Bacillota,Bacilli,Bacillales,Bacillaceae,Bacillus,p,soil,107.8682,17.5,3,0.16,30,11,23.00188061,0.0,0.0,1.78376517,1.9126648505997161,Klebsiella pneumoniae,1.9531585722016478,-0.040493721601931654,81.78334143125664,89.77565289042435
71,Ag,Bacillus subtilis,non-pathogenic,chemical_synthesis,MBC,quasi-spherical,Bacteria,Bacillota,Bacilli,Bacillales,Bacillaceae,Bacillus,p,soil,107.87,9.0,2,0.16,30,11,23.00188061,0.0,0.0,1.78376517,1.4458762292309175,Klebsiella pneumoniae,1.501036052416334,-0.05515982318541646,27.917480999460437,31.69830591666312
72,CuO,Bacillus subtilis,non-pathogenic,chemical_synthesis,MBEC,quasi-spherical,Bacteria,Bacillota,Bacilli,Bacillales,Bacillaceae,Bacillus,p,soil,79.5454,79.0,1,0.16,30,17,20.67942236,17.07,0.6865,1.651411411,2.525968729029821,Klebsiella pneumoniae,2.597097946904859,-0.07112921787503801,335.71344063866127,395.4557975859203
73,Au,Bacillus subtilis,non-pathogenic,chemical_synthesis,MBC,hexagonal,Bacteria,Bacillota,Bacilli,Bacillales,Bacillaceae,Bacillus,p,soil,196.966569,28.0,18,0.16,30,11,23.00188061,0.0,0.0,2.46797672,1.5583921703626282,Klebsiella pneumoniae,1.6314396402963103,-0.07304746993368205,36.1736365175268,42.7995931142368
74,Ag,Bacillus subtilis,non-pathogenic,chemical_synthesis,MBEC,triangular,Bacteria,Bacillota,Bacilli,Bacillales,Bacillaceae,Bacillus,p,soil,107.8682,44.45,4,0.16,30,11,23.00188061,0.0,0.0,1.78376517,0.06693014783538986,Klebsiella pneumoniae,0.14059999557607683,-0.07366984774068697,1.166621961848662,1.3822926398254693
75,ZnO,Bacillus subtilis,non-pathogenic,chemical_synthesis,MIC,spherical,Bacteria,Bacillota,Bacilli,Bacillales,Bacillaceae,Bacillus,p,soil,81.3794,60.0,1,0.16,30,8,22.60496136,17.07,0.6865,4.082482905,0.7565278759564301,Klebsiella pneumoniae,0.844381686758458,-0.08785381080202792,5.70857716504173,6.988463267033602
76,Ag,Bacillus subtilis,non-pathogenic,chemical_synthesis,MBC,rod-shaped,Bacteria,Bacillota,Bacilli,Bacillales,Bacillaceae,Bacillus,p,soil,107.87,8.7,4,0.16,30,11,23.00188061,0.0,0.0,1.78376517,1.3575755097983921,Klebsiella pneumoniae,1.4568665726046124,-0.09929106280622024,22.781142980013225,28.63298149592713
77,ZnO,Bacillus subtilis,non-pathogenic,chemical_synthesis,MIC,spherical,Bacteria,Bacillota,Bacilli,Bacillales,Bacillaceae,Bacillus,p,soil,81.3794,20.0,18,0.16,30,8,22.60496136,17.07,0.6865,4.082482905,1.1527090725615605,Klebsiella pneumoniae,1.3324087591861948,-0.1796996866246343,14.213763092041638,21.49852969845538
78,Au,Bacillus subtilis,non-pathogenic,green_synthesis,MBC,quasi-hexagonal,Bacteria,Bacillota,Bacilli,Bacillales,Bacillaceae,Bacillus,p,soil,196.966569,13.0,24,0.16,30,11,23.00188061,0.0,0.0,2.46797672,1.0822383629093475,Klebsiella pneumoniae,1.4287695641278553,-0.3465312012185078,12.084769267477824,26.839199846599172
79,Pd,Bacillus subtilis,non-pathogenic,green_synthesis,MBC,cubic,Bacteria,Bacillota,Bacilli,Bacillales,Bacillaceae,Bacillus,p,soil,195.084,13.0,24,0.16,30,10,21.14774404,0.0,0.0,1.870828693,1.8386511735343525,Klebsiella pneumoniae,2.1909921410280453,-0.3523409674936928,68.96856240106173,155.23589182919517
