,np,bacteria,bac_type,np_synthesis,method,shape,kingdom,phylum,class,order,family,genus,gram,isolated_from,mol_weight (g/mol),np_size_avg (nm),time_set,"min_Incub_period, h","growth_temp, C",Valance_electron,labuteASA,tpsa,CrippenMR,chi0v,pred_MIC_norm,pathogenic_bacteria,pred_MIC_pathogen,Fitness,pred_norm_MIC_original,pred_path_MIC_original
0,ZnO,Bacillus subtilis,non-pathogenic,chemical_synthesis,MIC,quasi-hexagonal,Bacteria,Bacillota,Bacilli,Bacillales,Bacillaceae,Bacillus,p,soil,107.87,1.9,0,0.16,30,11,23.00188061,0.0,0.0,1.78376517,0.6574615058702558,Klebsiella pneumoniae,-0.4273068192946998,1.0847683251649556,4.544242570717161,0.37384638088540634
1,CeO2,Bacillus subtilis,non-pathogenic,chemical_synthesis,MIC,quasi-hexagonal,Bacteria,Bacillota,Bacilli,Bacillales,Bacillaceae,Bacillus,p,soil,172.115,5.1,3,0.16,30,16,39.19032095,34.14,1.373,4.456551526,2.417363389206025,Klebsiella pneumoniae,1.673331563599384,0.7440318256066412,261.43479547780686,47.13370329308525
2,ZnO,Bacillus subtilis,non-pathogenic,chemical_synthesis,MIC,quasi-spherical,Bacteria,Bacillota,Bacilli,Bacillales,Bacillaceae,Bacillus,p,soil,81.3794,1.4,3,0.16,30,8,22.60496136,17.07,0.6865,4.082482905,1.2525151764544837,Klebsiella pneumoniae,0.5472987318392146,0.7052164446152691,17.886080310626014,3.52613334657451
3,Pd,Bacillus subtilis,non-pathogenic,green_synthesis,MIC,hexagonal,Bacteria,Bacillota,Bacilli,Bacillales,Bacillaceae,Bacillus,p,soil,195.084,1.4,2,0.16,30,10,21.14774404,0.0,0.0,1.870828693,1.288067484454788,Klebsiella pneumoniae,0.676927712574672,0.6111397718801159,19.411874927585632,4.752561139540455
4,ZnO,Bacillus subtilis,non-pathogenic,green_synthesis,MBEC,cubic,Bacteria,Bacillota,Bacilli,Bacillales,Bacillaceae,Bacillus,p,soil,81.3794,8.0,0,0.16,30,8,22.60496136,17.07,0.6865,4.082482905,2.6795122540299756,Klebsiella pneumoniae,2.127765596998184,0.5517466570317917,478.09285580136736,134.20404223144163
5,Ag,Bacillus subtilis,non-pathogenic,chemical_synthesis,MIC,quasi-hexagonal,Bacteria,Bacillota,Bacilli,Bacillales,Bacillaceae,Bacillus,p,soil,107.87,8.0,0,0.16,30,11,23.00188061,0.0,0.0,1.78376517,0.9293598033827051,Klebsiella pneumoniae,0.3936779062296052,0.5356818971530999,8.498842938064934,2.475585362915497
6,ZnO,Bacillus subtilis,non-pathogenic,green_synthesis,MBEC,cubic,Bacteria,Bacillota,Bacilli,Bacillales,Bacillaceae,Bacillus,p,soil,81.3794,9.0,3,0.16,30,8,22.60496136,17.07,0.6865,4.082482905,2.637312634424795,Klebsiella pneumoniae,2.1135595967545724,0.5237530376702226,433.82306107330754,129.88517886134204
7,ZnO,Bacillus subtilis,non-pathogenic,chemical_synthesis,MIC,rod-shaped,Bacteria,Bacillota,Bacilli,Bacillales,Bacillaceae,Bacillus,p,soil,81.3794,6.0,3,0.16,30,8,22.60496136,17.07,0.6865,4.082482905,1.4121282479660584,Klebsiella pneumoniae,0.9353353628954671,0.47679288507059125,25.830228494603443,8.616588697102985
8,ZnO,Bacillus subtilis,non-pathogenic,chemical_synthesis,MIC,spheroidal,Bacteria,Bacillota,Bacilli,Bacillales,Bacillaceae,Bacillus,p,soil,81.3794,4.0,0,0.16,30,8,22.60496136,17.07,0.6865,4.082482905,1.104655615417578,Klebsiella pneumoniae,0.6859557899129809,0.41869982550459706,12.724936254476937,4.852391015265455
9,TiO2,Bacillus subtilis,non-pathogenic,chemical_synthesis,MBEC,quasi-hexagonal,Bacteria,Bacillota,Bacilli,Bacillales,Bacillaceae,Bacillus,p,soil,79.866,0.8,3,0.16,30,16,26.40611331,34.14,1.373,2.878049394,1.8991526582611933,Klebsiella pneumoniae,1.4816277897481647,0.4175248685130286,79.27799505084141,30.31292114485911
10,ZnO,Bacillus subtilis,non-pathogenic,chemical_synthesis,MBEC,tetragonal,Bacteria,Bacillota,Bacilli,Bacillales,Bacillaceae,Bacillus,p,soil,81.3794,5.1,24,0.16,30,8,22.60496136,17.07,0.6865,4.082482905,1.45340426439193,Klebsiella pneumoniae,1.0376092931214274,0.4157949712705027,28.405619442364866,10.90458879154323
11,CuO,Bacillus subtilis,non-pathogenic,green_synthesis,MBEC,cubic,Bacteria,Bacillota,Bacilli,Bacillales,Bacillaceae,Bacillus,p,soil,79.5454,8.7,4,0.16,30,17,20.67942236,17.07,0.6865,1.651411411,3.6205088992561,Klebsiella pneumoniae,3.2067852861528268,0.4137236131032731,4173.58150586443,1609.8495337744332
12,ZnO,Bacillus subtilis,non-pathogenic,chemical_synthesis,MBEC,rod-shaped,Bacteria,Bacillota,Bacilli,Bacillales,Bacillaceae,Bacillus,p,soil,81.3794,9.0,0,0.16,30,8,22.60496136,17.07,0.6865,4.082482905,1.9472359491623574,Klebsiella pneumoniae,1.5342363422948844,0.41299960686747306,88.55966176193012,34.21655977742551
13,Pd,Bacillus subtilis,non-pathogenic,chemical_synthesis,MIC,hexagonal,Bacteria,Bacillota,Bacilli,Bacillales,Bacillaceae,Bacillus,p,soil,195.084,6.0,18,0.16,30,10,21.14774404,0.0,0.0,1.870828693,1.361663693745807,Klebsiella pneumoniae,0.9494398637633745,0.41222382998243257,22.99660331094641,8.901021780943207
14,Ag,Bacillus subtilis,non-pathogenic,chemical_synthesis,MIC,hexagonal,Bacteria,Bacillota,Bacilli,Bacillales,Bacillaceae,Bacillus,p,soil,107.8682,1.4,3,0.16,30,11,23.00188061,0.0,0.0,1.78376517,2.0589404845043986,Klebsiella pneumoniae,1.6489353076909312,0.4100051768134674,114.53559716886184,44.558986858892595
15,TiO2,Bacillus subtilis,non-pathogenic,chemical_synthesis,MBC,hexagonal,Bacteria,Bacillota,Bacilli,Bacillales,Bacillaceae,Bacillus,p,soil,79.866,1.4,3,0.16,30,16,26.40611331,34.14,1.373,2.878049394,2.2421811309180937,Klebsiella pneumoniae,1.846403527374369,0.3957776035437246,174.65504336955638,70.21073627890723
16,ZnO,Bacillus subtilis,non-pathogenic,chemical_synthesis,MBEC,hexagonal,Bacteria,Bacillota,Bacilli,Bacillales,Bacillaceae,Bacillus,p,soil,81.3794,3.0,3,0.16,30,8,22.60496136,17.07,0.6865,4.082482905,1.9655953571685754,Klebsiella pneumoniae,1.5738131441582837,0.3917822130102917,92.38370111922566,37.48117042597656
17,Ag,Bacillus subtilis,non-pathogenic,chemical_synthesis,MIC,hexagonal,Bacteria,Bacillota,Bacilli,Bacillales,Bacillaceae,Bacillus,p,soil,107.87,5.1,18,0.16,30,11,23.00188061,0.0,0.0,1.78376517,1.8738982402810125,Klebsiella pneumoniae,1.4987284392971432,0.3751698009838693,74.79942171433989,31.530324420613674
18,ZnO,Bacillus subtilis,non-pathogenic,green_synthesis,MIC,hexagonal,Bacteria,Bacillota,Bacilli,Bacillales,Bacillaceae,Bacillus,p,soil,81.3794,12.0,0,0.16,30,8,22.60496136,17.07,0.6865,4.082482905,2.0077633788185025,Klebsiella pneumoniae,1.6331915113064752,0.3745718675120273,101.80365694670303,42.972588167565036
19,Ag,Bacillus subtilis,non-pathogenic,chemical_synthesis,MBC,spheroidal,Bacteria,Bacillota,Bacilli,Bacillales,Bacillaceae,Bacillus,p,soil,107.87,1.9,18,0.16,30,11,23.00188061,0.0,0.0,1.78376517,1.0827108524218942,Klebsiella pneumoniae,0.7459451550769444,0.3367656973449499,12.097924014210548,5.571153891154432
20,Pd,Bacillus subtilis,non-pathogenic,chemical_synthesis,MIC,cubic,Bacteria,Bacillota,Bacilli,Bacillales,Bacillaceae,Bacillus,p,soil,195.084,50.0,4,0.16,30,10,21.14774404,0.0,0.0,1.870828693,1.531239192498119,Klebsiella pneumoniae,1.2025300372108307,0.3287091552872883,33.98123764925579,15.941531336854954
21,Al2O3,Bacillus subtilis,non-pathogenic,green_synthesis,MBEC,quasi-spherical,Bacteria,Bacillota,Bacilli,Bacillales,Bacillaceae,Bacillus,p,soil,101.961276,4.0,3,0.16,30,24,51.55776403,85.5,13.5675,4.688846487,2.5167920410130993,Klebsiella pneumoniae,2.2010089960001835,0.31578304501291576,328.6942001832699,158.85796541847623
22,CuO,Bacillus subtilis,non-pathogenic,green_synthesis,MBC,cubic,Bacteria,Bacillota,Bacilli,Bacillales,Bacillaceae,Bacillus,p,soil,79.5454,17.5,1,0.16,30,17,20.67942236,17.07,0.6865,1.651411411,3.1298024279952257,Klebsiella pneumoniae,2.815120720296805,0.3146817076984205,1348.349343395318,653.3121277695326
23,TiO2,Bacillus subtilis,non-pathogenic,green_synthesis,MBEC,spherical,Bacteria,Bacillota,Bacilli,Bacillales,Bacillaceae,Bacillus,p,soil,79.866,18.5,0,0.16,30,16,26.40611331,34.14,1.373,2.878049394,2.550019461481743,Klebsiella pneumoniae,2.2487371456477163,0.30128231583402654,354.82928938728116,177.31159873372968
24,Al2O3,Bacillus subtilis,non-pathogenic,green_synthesis,MBC,nanoplates,Bacteria,Bacillota,Bacilli,Bacillales,Bacillaceae,Bacillus,p,soil,101.961276,9.0,1,0.16,30,24,51.55776403,85.5,13.5675,4.688846487,2.967015721614052,Klebsiella pneumoniae,2.6674407831675975,0.29957493844645455,926.8633755544927,464.98697003566554
25,Ag,Bacillus subtilis,non-pathogenic,chemical_synthesis,MIC,cubic,Bacteria,Bacillota,Bacilli,Bacillales,Bacillaceae,Bacillus,p,soil,107.87,27.43,1,0.16,30,11,23.00188061,0.0,0.0,1.78376517,1.4330808200397471,Klebsiella pneumoniae,1.1360985791599711,0.296982240879776,27.10696031985077,13.68039317365246
26,ZnO,Bacillus subtilis,non-pathogenic,green_synthesis,MBEC,rod-shaped,Bacteria,Bacillota,Bacilli,Bacillales,Bacillaceae,Bacillus,p,soil,81.3794,10.0,18,0.16,30,8,22.60496136,17.07,0.6865,4.082482905,2.0495320216523814,Klebsiella pneumoniae,1.758450564579402,0.2910814570729794,112.0810063307099,57.33905942026011
27,Ag,Bacillus subtilis,non-pathogenic,green_synthesis,MIC,spheroidal,Bacteria,Bacillota,Bacilli,Bacillales,Bacillaceae,Bacillus,p,soil,107.87,26.06,24,0.16,30,11,23.00188061,0.0,0.0,1.78376517,1.3649237147029127,Klebsiella pneumoniae,1.076684426709249,0.2882392879936637,23.169876274956234,11.931208268230968
28,CuO,Bacillus subtilis,non-pathogenic,green_synthesis,MBC,spheroidal,Bacteria,Bacillota,Bacilli,Bacillales,Bacillaceae,Bacillus,p,soil,79.5454,44.45,4,0.16,30,17,20.67942236,17.07,0.6865,1.651411411,2.242904042122888,Klebsiella pneumoniae,1.9597830602010802,0.2831209819218079,174.94601006486548,91.15553833255846
29,ZnO,Bacillus subtilis,non-pathogenic,green_synthesis,MBEC,rod-shaped,Bacteria,Bacillota,Bacilli,Bacillales,Bacillaceae,Bacillus,p,soil,81.3794,50.0,3,0.16,30,8,22.60496136,17.07,0.6865,4.082482905,1.5762674043679246,Klebsiella pneumoniae,1.3180485356024314,0.25821886876549316,37.693581496228404,20.7992912149178
30,Au,Bacillus subtilis,non-pathogenic,green_synthesis,MBC,quasi-hexagonal,Bacteria,Bacillota,Bacilli,Bacillales,Bacillaceae,Bacillus,p,soil,196.966569,8.7,4,0.16,30,11,23.00188061,0.0,0.0,2.46797672,0.9257806692999854,Klebsiella pneumoniae,0.6861153659542627,0.23966530334572267,8.429089579646964,4.854174292872507
31,Ag,Bacillus subtilis,non-pathogenic,green_synthesis,MBC,cubic,Bacteria,Bacillota,Bacilli,Bacillales,Bacillaceae,Bacillus,p,soil,107.8682,8.0,1,0.16,30,11,23.00188061,0.0,0.0,1.78376517,2.0358065946152317,Klebsiella pneumoniae,1.7961939773941087,0.23961261722112304,108.59419108490876,62.54519881877817
32,ZnO,Bacillus subtilis,non-pathogenic,green_synthesis,MIC,spheroidal,Bacteria,Bacillota,Bacilli,Bacillales,Bacillaceae,Bacillus,p,soil,81.3794,22.5,18,0.16,30,8,22.60496136,17.07,0.6865,4.082482905,1.1746784966589203,Klebsiella pneumoniae,0.9362539831127982,0.23842451354612215,14.951284194832889,8.634833805249828
33,Al2O3,Bacillus subtilis,non-pathogenic,green_synthesis,MIC,cubic,Bacteria,Bacillota,Bacilli,Bacillales,Bacillaceae,Bacillus,p,soil,101.961276,8.7,0,0.16,30,24,51.55776403,85.5,13.5675,4.688846487,2.7540237837627153,Klebsiella pneumoniae,2.5239351164806894,0.23008866728202593,567.5756873504258,334.14511507531944
34,ZnO,Bacillus subtilis,non-pathogenic,chemical_synthesis,MBC,tetragonal,Bacteria,Bacillota,Bacilli,Bacillales,Bacillaceae,Bacillus,p,soil,81.3794,4.0,0,0.16,30,8,22.60496136,17.07,0.6865,4.082482905,0.7648427306187493,Klebsiella pneumoniae,0.5375682943335303,0.22727443628521904,5.818924611462431,3.4480082345136944
35,Au,Bacillus subtilis,non-pathogenic,chemical_synthesis,MIC,triangular,Bacteria,Bacillota,Bacilli,Bacillales,Bacillaceae,Bacillus,p,soil,196.966569,35.0,18,0.16,30,11,23.00188061,0.0,0.0,2.46797672,-0.2055810297567897,Klebsiella pneumoniae,-0.42710120379661864,0.22152017403982893,0.6229009170351064,0.37402341930634136
36,CeO2,Bacillus subtilis,non-pathogenic,green_synthesis,MBEC,quasi-hexagonal,Bacteria,Bacillota,Bacilli,Bacillales,Bacillaceae,Bacillus,p,soil,172.115,60.0,0,0.16,30,16,39.19032095,34.14,1.373,4.456551526,1.4321347974137033,Klebsiella pneumoniae,1.2107742300414537,0.22136056737224963,27.047977557668528,16.247039264613964
37,Ag,Bacillus subtilis,non-pathogenic,green_synthesis,MIC,spherical,Bacteria,Bacillota,Bacilli,Bacillales,Bacillaceae,Bacillus,p,soil,107.87,4.7,2,0.16,30,11,23.00188061,0.0,0.0,1.78376517,1.4855077609872092,Klebsiella pneumoniae,1.2680918700034114,0.21741589098379777,30.58494902345965,18.539237581891157
38,Au,Bacillus subtilis,non-pathogenic,green_synthesis,MBEC,spheroidal,Bacteria,Bacillota,Bacilli,Bacillales,Bacillaceae,Bacillus,p,soil,196.966569,4.0,24,0.16,30,11,23.00188061,0.0,0.0,2.46797672,2.9019911027749785,Klebsiella pneumoniae,2.6891395417253445,0.21285156104963399,797.9783392233478,488.80939184466024
39,ZnO,Bacillus subtilis,non-pathogenic,green_synthesis,MIC,quasi-hexagonal,Bacteria,Bacillota,Bacilli,Bacillales,Bacillaceae,Bacillus,p,soil,81.3794,60.0,3,0.16,30,8,22.60496136,17.07,0.6865,4.082482905,-0.06534012979870374,Klebsiella pneumoniae,-0.2727764443988958,0.20743631460019207,0.8603197049722145,0.5336095033874533
40,Au,Bacillus subtilis,non-pathogenic,chemical_synthesis,MBEC,hexagonal,Bacteria,Bacillota,Bacilli,Bacillales,Bacillaceae,Bacillus,p,soil,196.966569,18.0,4,0.16,30,11,23.00188061,0.0,0.0,2.46797672,2.189345789331674,Klebsiella pneumoniae,1.9852593050689804,0.2040864842626937,154.64852755239616,96.66278531374779
41,TiO2,Bacillus subtilis,non-pathogenic,chemical_synthesis,MIC,spherical,Bacteria,Bacillota,Bacilli,Bacillales,Bacillaceae,Bacillus,p,soil,79.866,12.0,2,0.16,30,16,26.40611331,34.14,1.373,2.878049394,2.4228142351123902,Klebsiella pneumoniae,2.2207107267335195,0.2021035083788707,264.736751283656,166.23050595189716
42,Ag,Bacillus subtilis,non-pathogenic,green_synthesis,MIC,nanoplates,Bacteria,Bacillota,Bacilli,Bacillales,Bacillaceae,Bacillus,p,soil,107.87,11.3,4,0.16,30,11,23.00188061,0.0,0.0,1.78376517,2.242842171886546,Klebsiella pneumoniae,2.0407472813230587,0.20209489056348717,174.92108877187331,109.83665070904922
43,ZnO,Bacillus subtilis,non-pathogenic,green_synthesis,MIC,nanoplates,Bacteria,Bacillota,Bacilli,Bacillales,Bacillaceae,Bacillus,p,soil,81.3794,13.0,4,0.16,30,8,22.60496136,17.07,0.6865,4.082482905,1.8948240808098078,Klebsiella pneumoniae,1.7009119755871098,0.19391210522269797,78.49176244838205,50.224078318479386
44,ZnO,Bacillus subtilis,non-pathogenic,green_synthesis,MIC,nanoplates,Bacteria,Bacillota,Bacilli,Bacillales,Bacillaceae,Bacillus,p,soil,81.3794,13.0,4,0.16,30,8,22.60496136,17.07,0.6865,4.082482905,1.8948240808098078,Klebsiella pneumoniae,1.7009119755871098,0.19391210522269797,78.49176244838205,50.224078318479386
45,Cu,Bacillus subtilis,non-pathogenic,green_synthesis,MBC,quasi-hexagonal,Bacteria,Bacillota,Bacilli,Bacillales,Bacillaceae,Bacillus,p,soil,63.55,40.0,3,0.16,30,11,17.96409803,0.0,0.0,1.243163121,-0.13865969741029605,Klebsiella pneumoniae,-0.32651365867387305,0.187853961263577,0.726675139366793,0.47150504214763345
46,Ag,Bacillus subtilis,non-pathogenic,chemical_synthesis,MBEC,hexagonal,Bacteria,Bacillota,Bacilli,Bacillales,Bacillaceae,Bacillus,p,soil,107.87,12.0,4,0.16,30,11,23.00188061,0.0,0.0,1.78376517,2.221536745256883,Klebsiella pneumoniae,2.0492718430003762,0.1722649022565066,166.54697356872265,112.01388055974328
47,Ag,Bacillus subtilis,non-pathogenic,chemical_synthesis,MBEC,hexagonal,Bacteria,Bacillota,Bacilli,Bacillales,Bacillaceae,Bacillus,p,soil,107.87,12.0,4,0.16,30,11,23.00188061,0.0,0.0,1.78376517,2.221536745256883,Klebsiella pneumoniae,2.0492718430003762,0.1722649022565066,166.54697356872265,112.01388055974328
48,TiO2,Bacillus subtilis,non-pathogenic,green_synthesis,MBC,spheroidal,Bacteria,Bacillota,Bacilli,Bacillales,Bacillaceae,Bacillus,p,soil,79.866,35.0,18,0.16,30,16,26.40611331,34.14,1.373,2.878049394,2.2423174191030357,Klebsiella pneumoniae,2.0702655050719234,0.1720519140311123,174.70986136787596,117.56160458359126
49,Ag,Bacillus subtilis,non-pathogenic,green_synthesis,MBEC,quasi-hexagonal,Bacteria,Bacillota,Bacilli,Bacillales,Bacillaceae,Bacillus,p,soil,107.8682,22.5,2,0.16,30,11,23.00188061,0.0,0.0,1.78376517,0.8180850243928535,Klebsiella pneumoniae,0.6471507764662652,0.1709342479265883,6.577866035143526,4.437626807852691
50,ZnO,Bacillus subtilis,non-pathogenic,green_synthesis,MBEC,quasi-spherical,Bacteria,Bacillota,Bacilli,Bacillales,Bacillaceae,Bacillus,p,soil,81.3794,27.43,18,0.16,30,8,22.60496136,17.07,0.6865,4.082482905,1.851955752353947,Klebsiella pneumoniae,1.6853731320821252,0.1665826202718217,71.11410560880917,48.45885319199821
51,Ag,Bacillus subtilis,non-pathogenic,green_synthesis,MBC,triangular,Bacteria,Bacillota,Bacilli,Bacillales,Bacillaceae,Bacillus,p,soil,107.87,44.45,1,0.16,30,11,23.00188061,0.0,0.0,1.78376517,-0.13199135795843886,Klebsiella pneumoniae,-0.29346568077477686,0.161474322816338,0.7379189138580893,0.5087850237427206
52,ZnO,Bacillus subtilis,non-pathogenic,chemical_synthesis,MIC,spheroidal,Bacteria,Bacillota,Bacilli,Bacillales,Bacillaceae,Bacillus,p,soil,81.3794,8.0,4,0.16,30,8,22.60496136,17.07,0.6865,4.082482905,1.382465408732203,Klebsiella pneumoniae,1.248389839468675,0.13407556926352804,24.124893717586215,17.716985897052158
53,ZnO,Bacillus subtilis,non-pathogenic,green_synthesis,MBEC,quasi-spherical,Bacteria,Bacillota,Bacilli,Bacillales,Bacillaceae,Bacillus,p,soil,81.3794,41.23,18,0.16,30,8,22.60496136,17.07,0.6865,4.082482905,1.0195091321602832,Klebsiella pneumoniae,0.902315100340856,0.11719403181942711,10.459456839344348,7.985738786901882
54,Au,Bacillus subtilis,non-pathogenic,chemical_synthesis,MBEC,nanoplates,Bacteria,Bacillota,Bacilli,Bacillales,Bacillaceae,Bacillus,p,soil,196.966569,18.5,3,0.16,30,11,23.00188061,0.0,0.0,2.46797672,2.1900380118179426,Klebsiella pneumoniae,2.0730690263546094,0.11696898546333312,154.8952185709506,118.32296021757986
55,CuO,Bacillus subtilis,non-pathogenic,chemical_synthesis,MIC,nanoplates,Bacteria,Bacillota,Bacilli,Bacillales,Bacillaceae,Bacillus,p,soil,79.5454,0.8,3,0.16,30,17,20.67942236,17.07,0.6865,1.651411411,2.323170051080337,Klebsiella pneumoniae,2.213161842471572,0.11000820860876503,210.46023504083504,163.36606280101446
56,ZnO,Bacillus subtilis,non-pathogenic,green_synthesis,MIC,tetragonal,Bacteria,Bacillota,Bacilli,Bacillales,Bacillaceae,Bacillus,p,soil,81.3794,12.0,3,0.16,30,8,22.60496136,17.07,0.6865,4.082482905,0.363281261225054,Klebsiella pneumoniae,0.26775917294342766,0.09552208828162634,2.308241586421659,1.852504079105466
57,Ag,Bacillus subtilis,non-pathogenic,green_synthesis,MBC,hexagonal,Bacteria,Bacillota,Bacilli,Bacillales,Bacillaceae,Bacillus,p,soil,107.87,41.23,1,0.16,30,11,23.00188061,0.0,0.0,1.78376517,1.0706153193897716,Klebsiella pneumoniae,0.9876650456416107,0.08295027374816089,11.765633592647626,9.71997271107327
58,Cu,Bacillus subtilis,non-pathogenic,green_synthesis,MBC,spherical,Bacteria,Bacillota,Bacilli,Bacillales,Bacillaceae,Bacillus,p,soil,63.55,1.4,18,0.16,30,11,17.96409803,0.0,0.0,1.243163121,1.5244349926500813,Klebsiella pneumoniae,1.4485922752343041,0.0758427174157772,33.452994000647585,28.092621977363695
59,ZnO,Bacillus subtilis,non-pathogenic,chemical_synthesis,MBEC,quasi-spherical,Bacteria,Bacillota,Bacilli,Bacillales,Bacillaceae,Bacillus,p,soil,81.3794,41.23,0,0.16,30,8,22.60496136,17.07,0.6865,4.082482905,1.5720028246187567,Klebsiella pneumoniae,1.4992295755479048,0.07277324907085192,37.32525853946635,31.56672854081811
60,Ag,Bacillus subtilis,non-pathogenic,green_synthesis,MIC,rod-shaped,Bacteria,Bacillota,Bacilli,Bacillales,Bacillaceae,Bacillus,p,soil,107.8682,8.7,3,0.16,30,11,23.00188061,0.0,0.0,1.78376517,1.4239515307026385,Klebsiella pneumoniae,1.3670241829382814,0.05692734776435704,26.543093120988384,23.282208970158617
61,Au,Bacillus subtilis,non-pathogenic,green_synthesis,MIC,spheroidal,Bacteria,Bacillota,Bacilli,Bacillales,Bacillaceae,Bacillus,p,soil,196.966569,8.0,1,0.16,30,11,23.00188061,0.0,0.0,2.46797672,2.015047482460452,Klebsiella pneumoniae,1.9613432834453595,0.0537041990150926,103.52553474496312,91.48360781827928
62,ZnO,Bacillus subtilis,non-pathogenic,green_synthesis,MBEC,hexagonal,Bacteria,Bacillota,Bacilli,Bacillales,Bacillaceae,Bacillus,p,soil,81.3794,12.0,24,0.16,30,8,22.60496136,17.07,0.6865,4.082482905,2.9045122220554154,Klebsiella pneumoniae,2.865198655099829,0.03931356695558641,802.6241482625059,733.1598186131645
63,Ag,Bacillus subtilis,non-pathogenic,green_synthesis,MBEC,quasi-hexagonal,Bacteria,Bacillota,Bacilli,Bacillales,Bacillaceae,Bacillus,p,soil,107.87,3.0,24,0.16,30,11,23.00188061,0.0,0.0,1.78376517,1.61285325865847,Klebsiella pneumoniae,1.5804798998011718,0.03237335885729831,41.00655248219382,38.060974165432484
64,CuO,Bacillus subtilis,non-pathogenic,chemical_synthesis,MIC,nanoplates,Bacteria,Bacillota,Bacilli,Bacillales,Bacillaceae,Bacillus,p,soil,79.5454,5.1,3,0.16,30,17,20.67942236,17.07,0.6865,1.651411411,2.7892648720328355,Klebsiella pneumoniae,2.7640168568811,0.02524801515173536,615.5521776111588,580.7869599830237
65,Al2O3,Bacillus subtilis,non-pathogenic,chemical_synthesis,MBC,spheroidal,Bacteria,Bacillota,Bacilli,Bacillales,Bacillaceae,Bacillus,p,soil,101.961276,20.0,18,0.16,30,24,51.55776403,85.5,13.5675,4.688846487,2.442506631036032,Klebsiella pneumoniae,2.441073745351089,0.0014328856849430416,277.0171335270341,276.10466557955306
66,ZnO,Bacillus subtilis,non-pathogenic,chemical_synthesis,MIC,nanoplates,Bacteria,Bacillota,Bacilli,Bacillales,Bacillaceae,Bacillus,p,soil,81.3794,18.0,2,0.16,30,8,22.60496136,17.07,0.6865,4.082482905,1.9210678872485103,Klebsiella pneumoniae,1.9212610807148438,-0.00019319346633350776,83.38115126523579,83.4182511543055
67,Ag,Bacillus subtilis,non-pathogenic,green_synthesis,MBEC,hexagonal,Bacteria,Bacillota,Bacilli,Bacillales,Bacillaceae,Bacillus,p,soil,107.87,45.26,3,0.16,30,11,23.00188061,0.0,0.0,1.78376517,1.6689289172191357,Klebsiella pneumoniae,1.6725688936736705,-0.0036399764545347324,46.6583006486517,47.0510038482021
68,ZnO,Bacillus subtilis,non-pathogenic,chemical_synthesis,MBEC,spherical,Bacteria,Bacillota,Bacilli,Bacillales,Bacillaceae,Bacillus,p,soil,81.3794,4.7,24,0.16,30,8,22.60496136,17.07,0.6865,4.082482905,2.6600756113209205,Klebsiella pneumoniae,2.6681531829338017,-0.00807757161288114,457.1677762823862,465.75034249697495
69,Ag,Bacillus subtilis,non-pathogenic,green_synthesis,MIC,rod-shaped,Bacteria,Bacillota,Bacilli,Bacillales,Bacillaceae,Bacillus,p,soil,107.87,11.3,24,0.16,30,11,23.00188061,0.0,0.0,1.78376517,1.692916595961481,Klebsiella pneumoniae,1.7324092316887667,-0.039492635727285785,49.30791015369983,54.001923799795335
70,Au,Bacillus subtilis,non-pathogenic,chemical_synthesis,MBC,spheroidal,Bacteria,Bacillota,Bacilli,Bacillales,Bacillaceae,Bacillus,p,soil,196.966569,28.0,24,0.16,30,11,23.00188061,0.0,0.0,2.46797672,1.7226743698326383,Klebsiella pneumoniae,1.7843328324232648,-0.06165846259062646,52.80491766973493,60.86012393596741
71,Ag,Bacillus subtilis,non-pathogenic,chemical_synthesis,MBC,triangular,Bacteria,Bacillota,Bacilli,Bacillales,Bacillaceae,Bacillus,p,soil,107.87,100.0,4,0.16,30,11,23.00188061,0.0,0.0,1.78376517,-0.17787942379465616,Klebsiella pneumoniae,-0.1121718969192067,-0.06570752687544945,0.6639273756026064,0.7723748130095516
72,Au,Bacillus subtilis,non-pathogenic,green_synthesis,MIC,cubic,Bacteria,Bacillota,Bacilli,Bacillales,Bacillaceae,Bacillus,p,soil,196.966569,6.0,24,0.16,30,11,23.00188061,0.0,0.0,2.46797672,3.0603128453949013,Klebsiella pneumoniae,3.129108921011362,-0.0687960756164605,1148.9809955314092,1346.1979380254666
73,ZnO,Bacillus subtilis,non-pathogenic,green_synthesis,MIC,triangular,Bacteria,Bacillota,Bacilli,Bacillales,Bacillaceae,Bacillus,p,soil,81.3794,26.06,4,0.16,30,8,22.60496136,17.07,0.6865,4.082482905,-0.6958619235639794,Klebsiella pneumoniae,-0.614074677243293,-0.08178724632068635,0.2014364580522994,0.24317858258289016
74,Ag,Bacillus subtilis,non-pathogenic,chemical_synthesis,MBC,rod-shaped,Bacteria,Bacillota,Bacilli,Bacillales,Bacillaceae,Bacillus,p,soil,107.87,4.7,1,0.16,30,11,23.00188061,0.0,0.0,1.78376517,1.1378153103168303,Klebsiella pneumoniae,1.2199968620568145,-0.0821815517399842,13.73457769052346,16.59574916332837
75,Al2O3,Bacillus subtilis,non-pathogenic,chemical_synthesis,MIC,quasi-hexagonal,Bacteria,Bacillota,Bacilli,Bacillales,Bacillaceae,Bacillus,p,soil,101.961276,45.26,1,0.16,30,24,51.55776403,85.5,13.5675,4.688846487,1.5163671154388716,Klebsiella pneumoniae,1.640963667039362,-0.12459655160049032,32.83727540882697,43.748550370656766
76,Ag,Bacillus subtilis,non-pathogenic,green_synthesis,MBC,cubic,Bacteria,Bacillota,Bacilli,Bacillales,Bacillaceae,Bacillus,p,soil,107.87,11.3,18,0.16,30,11,23.00188061,0.0,0.0,1.78376517,1.9625055609988664,Klebsiella pneumoniae,2.0953255298747147,-0.13281996887584824,91.72876808834658,124.54478001352916
77,Ag,Bacillus subtilis,non-pathogenic,chemical_synthesis,MBC,spherical,Bacteria,Bacillota,Bacilli,Bacillales,Bacillaceae,Bacillus,p,soil,107.8682,4.7,2,0.16,30,11,23.00188061,0.0,0.0,1.78376517,1.6032811944077843,Klebsiella pneumoniae,1.819245920899303,-0.21596472649151877,40.11263524694567,65.9547260665066
78,Pd,Bacillus subtilis,non-pathogenic,chemical_synthesis,MBC,quasi-spherical,Bacteria,Bacillota,Bacilli,Bacillales,Bacillaceae,Bacillus,p,soil,195.084,26.06,24,0.16,30,10,21.14774404,0.0,0.0,1.870828693,1.4284740785762893,Klebsiella pneumoniae,1.87860110405695,-0.45012702548066064,26.82094518576299,75.61380693182001
