,np,bacteria,bac_type,np_synthesis,method,shape,kingdom,phylum,class,order,family,genus,gram,isolated_from,mol_weight (g/mol),np_size_avg (nm),time_set,"min_Incub_period, h","growth_temp, C",Valance_electron,labuteASA,tpsa,CrippenMR,chi0v,pred_MIC_norm,pathogenic_bacteria,pred_MIC_pathogen,Fitness,pred_norm_MIC_original,pred_path_MIC_original
0,Ag,Bacillus subtilis,non-pathogenic,chemical_synthesis,MIC,spheroidal,Bacteria,Bacillota,Bacilli,Bacillales,Bacillaceae,Bacillus,p,soil,107.87,4.0,24,0.16,30,11,23.00188061,0.0,0.0,1.78376517,1.576650266999707,Klebsiella pneumoniae,0.6041259074956504,0.9725243595040565,37.72682582118388,4.019073120035886
1,ZrO2,Bacillus subtilis,non-pathogenic,chemical_synthesis,MIC,quasi-spherical,Bacteria,Bacillota,Bacilli,Bacillales,Bacillaceae,Bacillus,p,soil,123.2218,1.9,1,0.16,30,16,29.29254423,34.14,1.373,3.774536472,1.6710285211257854,Klebsiella pneumoniae,0.7109335729395725,0.9600949481862129,46.8844171218265,5.139650325834571
2,Ag,Bacillus subtilis,non-pathogenic,green_synthesis,MIC,spheroidal,Bacteria,Bacillota,Bacilli,Bacillales,Bacillaceae,Bacillus,p,soil,107.87,3.0,18,0.16,30,11,23.00188061,0.0,0.0,1.78376517,1.352005576687519,Klebsiella pneumoniae,0.4528028530056989,0.8992027236818201,22.49083485676072,2.8366310538987634
3,ZnO,Bacillus subtilis,non-pathogenic,green_synthesis,MIC,quasi-spherical,Bacteria,Bacillota,Bacilli,Bacillales,Bacillaceae,Bacillus,p,soil,81.3794,1.4,0,0.16,30,8,22.60496136,17.07,0.6865,4.082482905,1.3729146173064786,Klebsiella pneumoniae,0.5305546723383985,0.8423599449680801,23.600142066101814,3.3927719768311673
4,Ag,Bacillus subtilis,non-pathogenic,chemical_synthesis,MIC,spherical,Bacteria,Bacillota,Bacilli,Bacillales,Bacillaceae,Bacillus,p,soil,107.87,1.4,24,0.16,30,11,23.00188061,0.0,0.0,1.78376517,2.0246453217009397,Klebsiella pneumoniae,1.2362243982017884,0.7884209234991513,105.83890102051275,17.227584873998683
5,ZnO,Bacillus subtilis,non-pathogenic,green_synthesis,MIC,cubic,Bacteria,Bacillota,Bacilli,Bacillales,Bacillaceae,Bacillus,p,soil,81.3794,4.0,1,0.16,30,8,22.60496136,17.07,0.6865,4.082482905,1.4095169418889744,Klebsiella pneumoniae,0.6315478350940276,0.7779691067949468,25.67538366186213,4.281025700792488
6,Ag,Bacillus subtilis,non-pathogenic,chemical_synthesis,MIC,cubic,Bacteria,Bacillota,Bacilli,Bacillales,Bacillaceae,Bacillus,p,soil,107.87,4.0,1,0.16,30,11,23.00188061,0.0,0.0,1.78376517,1.358161458814387,Klebsiella pneumoniae,0.6112415852528972,0.7469198735614899,22.81189998444443,4.085465855898142
7,CeO2,Bacillus subtilis,non-pathogenic,chemical_synthesis,MIC,cubic,Bacteria,Bacillota,Bacilli,Bacillales,Bacillaceae,Bacillus,p,soil,172.115,0.8,24,0.16,30,16,39.19032095,34.14,1.373,4.456551526,3.7498765484985888,Klebsiella pneumoniae,3.0344509922312177,0.715425556267371,5621.814981193653,1082.55754750667
8,ZnO,Bacillus subtilis,non-pathogenic,green_synthesis,MBC,rod-shaped,Bacteria,Bacillota,Bacilli,Bacillales,Bacillaceae,Bacillus,p,soil,81.3794,4.7,1,0.16,30,8,22.60496136,17.07,0.6865,4.082482905,1.9848265092859412,Klebsiella pneumoniae,1.2702980565811355,0.7145284527048057,96.56650408272348,18.63365526887433
9,Ag,Bacillus subtilis,non-pathogenic,chemical_synthesis,MIC,spheroidal,Bacteria,Bacillota,Bacilli,Bacillales,Bacillaceae,Bacillus,p,soil,107.87,17.5,18,0.16,30,11,23.00188061,0.0,0.0,1.78376517,0.892219940832902,Klebsiella pneumoniae,0.18087513829942936,0.7113448025334727,7.802251418424932,1.5166142710559736
10,ZnO,Bacillus subtilis,non-pathogenic,green_synthesis,MBEC,spherical,Bacteria,Bacillota,Bacilli,Bacillales,Bacillaceae,Bacillus,p,soil,81.3794,6.0,4,0.16,30,8,22.60496136,17.07,0.6865,4.082482905,2.453535218440064,Klebsiella pneumoniae,1.748710636699842,0.7048245817402219,284.1418596092014,56.067428346166274
11,TiO2,Bacillus subtilis,non-pathogenic,green_synthesis,MIC,spherical,Bacteria,Bacillota,Bacilli,Bacillales,Bacillaceae,Bacillus,p,soil,79.866,4.0,1,0.16,30,16,26.40611331,34.14,1.373,2.878049394,1.969652616575274,Klebsiella pneumoniae,1.2693895615939765,0.7002630549812974,93.25081079166821,18.59471650932722
12,ZnO,Bacillus subtilis,non-pathogenic,green_synthesis,MBC,spherical,Bacteria,Bacillota,Bacilli,Bacillales,Bacillaceae,Bacillus,p,soil,81.3794,5.1,2,0.16,30,8,22.60496136,17.07,0.6865,4.082482905,2.5002239169187166,Klebsiella pneumoniae,1.8057403801074974,0.6944835368112192,316.3908512208403,63.9352518270214
13,Ag,Bacillus subtilis,non-pathogenic,green_synthesis,MIC,quasi-spherical,Bacteria,Bacillota,Bacilli,Bacillales,Bacillaceae,Bacillus,p,soil,107.87,1.4,4,0.16,30,11,23.00188061,0.0,0.0,1.78376517,1.6277563073315462,Klebsiella pneumoniae,0.941909701698185,0.6858466056333612,42.43813669330438,8.74801867929356
14,ZnO,Bacillus subtilis,non-pathogenic,green_synthesis,MBC,quasi-hexagonal,Bacteria,Bacillota,Bacilli,Bacillales,Bacillaceae,Bacillus,p,soil,81.3794,3.0,3,0.16,30,8,22.60496136,17.07,0.6865,4.082482905,1.0521131448303405,Klebsiella pneumoniae,0.3704987940431477,0.6816143507871928,11.274911582255411,2.346922745699456
15,TiO2,Bacillus subtilis,non-pathogenic,chemical_synthesis,MBEC,quasi-spherical,Bacteria,Bacillota,Bacilli,Bacillales,Bacillaceae,Bacillus,p,soil,79.866,6.0,3,0.16,30,16,26.40611331,34.14,1.373,2.878049394,2.8882079780214305,Klebsiella pneumoniae,2.2192934892057026,0.6689144888157279,773.0507004686657,165.68892842701536
16,Ag,Bacillus subtilis,non-pathogenic,green_synthesis,MIC,quasi-spherical,Bacteria,Bacillota,Bacilli,Bacillales,Bacillaceae,Bacillus,p,soil,107.87,3.0,24,0.16,30,11,23.00188061,0.0,0.0,1.78376517,2.1749727306766795,Klebsiella pneumoniae,1.5112441492147144,0.6637285814619651,149.61417105007408,32.45220040221544
17,ZnO,Bacillus subtilis,non-pathogenic,green_synthesis,MIC,cubic,Bacteria,Bacillota,Bacilli,Bacillales,Bacillaceae,Bacillus,p,soil,81.3794,5.1,1,0.16,30,8,22.60496136,17.07,0.6865,4.082482905,1.8634535905686842,Klebsiella pneumoniae,1.2203624088120835,0.6430911817566007,73.02197762029773,16.609723727433558
18,Ag,Bacillus subtilis,non-pathogenic,green_synthesis,MIC,rod-shaped,Bacteria,Bacillota,Bacilli,Bacillales,Bacillaceae,Bacillus,p,soil,107.87,1.9,0,0.16,30,11,23.00188061,0.0,0.0,1.78376517,1.551284734999151,Klebsiella pneumoniae,0.9179149742770354,0.6333697607221156,35.586455635869754,8.277800859209735
19,Ag,Bacillus subtilis,non-pathogenic,green_synthesis,MIC,cubic,Bacteria,Bacillota,Bacilli,Bacillales,Bacillaceae,Bacillus,p,soil,107.87,1.9,0,0.16,30,11,23.00188061,0.0,0.0,1.78376517,2.012224135231781,Klebsiella pneumoniae,1.3913006361619435,0.6209234990698376,102.85469844430024,24.620713595025794
20,ZnO,Bacillus subtilis,non-pathogenic,green_synthesis,MIC,spherical,Bacteria,Bacillota,Bacilli,Bacillales,Bacillaceae,Bacillus,p,soil,81.3794,5.1,2,0.16,30,8,22.60496136,17.07,0.6865,4.082482905,1.5064877196779383,Klebsiella pneumoniae,0.9025909114037699,0.6038968082741684,32.098720390240054,7.990811968212003
21,TiO2,Bacillus subtilis,non-pathogenic,green_synthesis,MIC,quasi-spherical,Bacteria,Bacillota,Bacilli,Bacillales,Bacillaceae,Bacillus,p,soil,79.866,6.0,3,0.16,30,16,26.40611331,34.14,1.373,2.878049394,2.547454619154597,Klebsiella pneumoniae,1.9447249942694003,0.6027296248851968,352.7399257489364,88.04911482330964
22,Ag,Bacillus subtilis,non-pathogenic,green_synthesis,MIC,nanoplates,Bacteria,Bacillota,Bacilli,Bacillales,Bacillaceae,Bacillus,p,soil,107.87,1.9,0,0.16,30,11,23.00188061,0.0,0.0,1.78376517,2.021607285162448,Klebsiella pneumoniae,1.4242356653048422,0.5973716198576056,105.1011057440312,26.560464464973652
23,TiO2,Bacillus subtilis,non-pathogenic,chemical_synthesis,MBC,cubic,Bacteria,Bacillota,Bacilli,Bacillales,Bacillaceae,Bacillus,p,soil,79.866,5.1,4,0.16,30,16,26.40611331,34.14,1.373,2.878049394,2.8947763448077897,Klebsiella pneumoniae,2.3023641976554674,0.5924121471523223,784.8313540573535,200.61536747875277
24,ZnO,Bacillus subtilis,non-pathogenic,chemical_synthesis,MIC,quasi-hexagonal,Bacteria,Bacillota,Bacilli,Bacillales,Bacillaceae,Bacillus,p,soil,81.3794,6.0,0,0.16,30,8,22.60496136,17.07,0.6865,4.082482905,1.0195328028573927,Klebsiella pneumoniae,0.43442616589674654,0.5851066369606461,10.460026934964509,2.7191061734491635
25,Ag,Bacillus subtilis,non-pathogenic,green_synthesis,MIC,nanoplates,Bacteria,Bacillota,Bacilli,Bacillales,Bacillaceae,Bacillus,p,soil,107.87,3.0,1,0.16,30,11,23.00188061,0.0,0.0,1.78376517,1.7873611205522284,Klebsiella pneumoniae,1.2090270022104137,0.5783341183418147,61.285977944042585,16.181806447144332
26,CeO2,Bacillus subtilis,non-pathogenic,green_synthesis,MIC,cubic,Bacteria,Bacillota,Bacilli,Bacillales,Bacillaceae,Bacillus,p,soil,172.115,4.0,1,0.16,30,16,39.19032095,34.14,1.373,4.456551526,2.4887928434497457,Klebsiella pneumoniae,1.9119226368168376,0.5768702066329081,308.1717633905884,81.64369221580588
27,Ag,Bacillus subtilis,non-pathogenic,chemical_synthesis,MBEC,tetragonal,Bacteria,Bacillota,Bacilli,Bacillales,Bacillaceae,Bacillus,p,soil,107.87,5.1,18,0.16,30,11,23.00188061,0.0,0.0,1.78376517,0.6898058411178372,Klebsiella pneumoniae,0.11468773999306037,0.5751181011247768,4.895599041892521,1.3022301314811449
28,ZnO,Bacillus subtilis,non-pathogenic,green_synthesis,MBC,hexagonal,Bacteria,Bacillota,Bacilli,Bacillales,Bacillaceae,Bacillus,p,soil,81.3794,12.0,0,0.16,30,8,22.60496136,17.07,0.6865,4.082482905,2.558162524915083,Klebsiella pneumoniae,1.9871644789673528,0.57099804594773,361.5451374399175,97.08775950084018
29,Ag,Bacillus subtilis,non-pathogenic,green_synthesis,MIC,spheroidal,Bacteria,Bacillota,Bacilli,Bacillales,Bacillaceae,Bacillus,p,soil,107.8682,4.0,24,0.16,30,11,23.00188061,0.0,0.0,1.78376517,1.6623655269869508,Klebsiella pneumoniae,1.0947299113106448,0.567635615676306,45.95846627452107,12.437408860247729
30,ZnO,Bacillus subtilis,non-pathogenic,green_synthesis,MBC,nanoplates,Bacteria,Bacillota,Bacilli,Bacillales,Bacillaceae,Bacillus,p,soil,81.3794,12.0,1,0.16,30,8,22.60496136,17.07,0.6865,4.082482905,2.4599259024567015,Klebsiella pneumoniae,1.8924655473107688,0.5674603551459327,288.35394834744136,78.06665072132421
31,CuO,Bacillus subtilis,non-pathogenic,green_synthesis,MBC,spheroidal,Bacteria,Bacillota,Bacilli,Bacillales,Bacillaceae,Bacillus,p,soil,79.5454,6.0,1,0.16,30,17,20.67942236,17.07,0.6865,1.651411411,3.570644404396461,Klebsiella pneumoniae,3.0131208242411516,0.5575235801553093,3720.8692076576035,1030.6728220824032
32,TiO2,Bacillus subtilis,non-pathogenic,chemical_synthesis,MBC,quasi-hexagonal,Bacteria,Bacillota,Bacilli,Bacillales,Bacillaceae,Bacillus,p,soil,79.866,10.0,0,0.16,30,16,26.40611331,34.14,1.373,2.878049394,2.0938057346742696,Klebsiella pneumoniae,1.5461418493928927,0.5476638852813769,124.10970252668112,35.16752860584011
33,ZnO,Bacillus subtilis,non-pathogenic,green_synthesis,MBEC,cubic,Bacteria,Bacillota,Bacilli,Bacillales,Bacillaceae,Bacillus,p,soil,81.3794,12.0,4,0.16,30,8,22.60496136,17.07,0.6865,4.082482905,2.572793000046256,Klebsiella pneumoniae,2.0291983471756643,0.5435946528705919,373.93231655756136,106.9543240124253
34,TiO2,Bacillus subtilis,non-pathogenic,chemical_synthesis,MBEC,quasi-hexagonal,Bacteria,Bacillota,Bacilli,Bacillales,Bacillaceae,Bacillus,p,soil,79.866,12.0,4,0.16,30,16,26.40611331,34.14,1.373,2.878049394,2.2536572520124674,Klebsiella pneumoniae,1.7102538015814888,0.5434034504309786,179.33177703308266,51.31611876439139
35,ZnO,Bacillus subtilis,non-pathogenic,green_synthesis,MBC,spheroidal,Bacteria,Bacillota,Bacilli,Bacillales,Bacillaceae,Bacillus,p,soil,81.3794,5.1,0,0.16,30,8,22.60496136,17.07,0.6865,4.082482905,2.637963569973498,Klebsiella pneumoniae,2.0950853872608217,0.5428781827126761,434.4737775765603,124.47593216293043
36,TiO2,Bacillus subtilis,non-pathogenic,green_synthesis,MIC,tetragonal,Bacteria,Bacillota,Bacilli,Bacillales,Bacillaceae,Bacillus,p,soil,79.866,4.0,3,0.16,30,16,26.40611331,34.14,1.373,2.878049394,0.7941531475162131,Klebsiella pneumoniae,0.2667219243857861,0.527431223130427,6.225197688436853,1.8480849246585225
37,Ag,Bacillus subtilis,non-pathogenic,green_synthesis,MIC,hexagonal,Bacteria,Bacillota,Bacilli,Bacillales,Bacillaceae,Bacillus,p,soil,107.87,4.0,1,0.16,30,11,23.00188061,0.0,0.0,1.78376517,1.7411772476355196,Klebsiella pneumoniae,1.2151419181657959,0.5260353294697238,55.10325421983388,16.411259705198766
38,CuO,Bacillus subtilis,non-pathogenic,green_synthesis,MBC,quasi-spherical,Bacteria,Bacillota,Bacilli,Bacillales,Bacillaceae,Bacillus,p,soil,79.5454,8.0,0,0.16,30,17,20.67942236,17.07,0.6865,1.651411411,3.3787673597486414,Klebsiella pneumoniae,2.856636495681258,0.5221308640673832,2392.0340627567953,718.8470514197945
39,ZnO,Bacillus subtilis,non-pathogenic,chemical_synthesis,MBC,quasi-spherical,Bacteria,Bacillota,Bacilli,Bacillales,Bacillaceae,Bacillus,p,soil,81.3794,1.4,0,0.16,30,8,22.60496136,17.07,0.6865,4.082482905,0.9674177914833393,Klebsiella pneumoniae,0.4465392948241427,0.5208784966591966,9.277218630811502,2.7960136985506754
40,Ag,Bacillus subtilis,non-pathogenic,chemical_synthesis,MIC,spherical,Bacteria,Bacillota,Bacilli,Bacillales,Bacillaceae,Bacillus,p,soil,107.87,5.1,2,0.16,30,11,23.00188061,0.0,0.0,1.78376517,1.4418822387311652,Klebsiella pneumoniae,0.9304101530090798,0.5114720857220854,27.661914761137403,8.51942243044075
41,TiO2,Bacillus subtilis,non-pathogenic,chemical_synthesis,MBEC,quasi-spherical,Bacteria,Bacillota,Bacilli,Bacillales,Bacillaceae,Bacillus,p,soil,79.866,4.0,1,0.16,30,16,26.40611331,34.14,1.373,2.878049394,2.3325719724111544,Klebsiella pneumoniae,1.824283829035396,0.5082881433757584,215.066106295432,66.72426968795637
42,CuO,Bacillus subtilis,non-pathogenic,green_synthesis,MBC,cubic,Bacteria,Bacillota,Bacilli,Bacillales,Bacillaceae,Bacillus,p,soil,79.5454,8.0,4,0.16,30,17,20.67942236,17.07,0.6865,1.651411411,3.4862799164383365,Klebsiella pneumoniae,2.978420859250509,0.5078590571878276,3063.9376014632976,951.5264372586327
43,TiO2,Bacillus subtilis,non-pathogenic,green_synthesis,MBC,spheroidal,Bacteria,Bacillota,Bacilli,Bacillales,Bacillaceae,Bacillus,p,soil,79.866,3.0,1,0.16,30,16,26.40611331,34.14,1.373,2.878049394,2.754765225857857,Klebsiella pneumoniae,2.2479513507901117,0.5068138750677456,568.5454991985963,176.9910683684
44,CeO2,Bacillus subtilis,non-pathogenic,green_synthesis,MIC,tetragonal,Bacteria,Bacillota,Bacilli,Bacillales,Bacillaceae,Bacillus,p,soil,172.115,3.0,2,0.16,30,16,39.19032095,34.14,1.373,4.456551526,1.14753538012803,Klebsiella pneumoniae,0.6447257862229996,0.5028095939050303,14.045441011635065,4.412917275288728
45,ZnO,Bacillus subtilis,non-pathogenic,green_synthesis,MBEC,spherical,Bacteria,Bacillota,Bacilli,Bacillales,Bacillaceae,Bacillus,p,soil,81.3794,12.0,0,0.16,30,8,22.60496136,17.07,0.6865,4.082482905,2.492354339222796,Klebsiella pneumoniae,1.9906512134390386,0.5017031257837572,310.7093620150076,97.87036622802415
46,Ag,Bacillus subtilis,non-pathogenic,chemical_synthesis,MIC,tetragonal,Bacteria,Bacillota,Bacilli,Bacillales,Bacillaceae,Bacillus,p,soil,107.8682,0.8,24,0.16,30,11,23.00188061,0.0,0.0,1.78376517,1.620629336070373,Klebsiella pneumoniae,1.1203831932375428,0.5002461428328302,41.74739067346121,13.19420395956294
47,ZnO,Bacillus subtilis,non-pathogenic,green_synthesis,MBC,quasi-hexagonal,Bacteria,Bacillota,Bacilli,Bacillales,Bacillaceae,Bacillus,p,soil,81.3794,22.5,3,0.16,30,8,22.60496136,17.07,0.6865,4.082482905,1.003473323488463,Klebsiella pneumoniae,0.5084831001142747,0.4949902233741883,10.08029689301633,3.2246538345499087
48,ZnO,Bacillus subtilis,non-pathogenic,chemical_synthesis,MBC,quasi-hexagonal,Bacteria,Bacillota,Bacilli,Bacillales,Bacillaceae,Bacillus,p,soil,81.3794,12.0,2,0.16,30,8,22.60496136,17.07,0.6865,4.082482905,0.8148184544985299,Klebsiella pneumoniae,0.34003358590449295,0.4747848685940369,6.528575854813239,2.1879308197309344
49,ZnO,Bacillus subtilis,non-pathogenic,green_synthesis,MBC,nanoplates,Bacteria,Bacillota,Bacilli,Bacillales,Bacillaceae,Bacillus,p,soil,81.3794,22.5,4,0.16,30,8,22.60496136,17.07,0.6865,4.082482905,2.1918675927771347,Klebsiella pneumoniae,1.824206496278932,0.3676610964982028,155.549132282569,66.71238947180247
50,Ag,Bacillus subtilis,non-pathogenic,green_synthesis,MBEC,triangular,Bacteria,Bacillota,Bacilli,Bacillales,Bacillaceae,Bacillus,p,soil,107.87,25.0,18,0.16,30,11,23.00188061,0.0,0.0,1.78376517,-0.10240469691841758,Klebsiella pneumoniae,-0.43245103680264974,0.33004633988423215,0.7899421780220444,0.3694442938725156
51,ZnO,Bacillus subtilis,non-pathogenic,green_synthesis,MBC,rod-shaped,Bacteria,Bacillota,Bacilli,Bacillales,Bacillaceae,Bacillus,p,soil,81.3794,35.0,4,0.16,30,8,22.60496136,17.07,0.6865,4.082482905,1.173404925950828,Klebsiella pneumoniae,0.8445276697806877,0.3288772561701402,14.90750370488741,6.990812752265054
52,CeO2,Bacillus subtilis,non-pathogenic,green_synthesis,MBC,quasi-spherical,Bacteria,Bacillota,Bacilli,Bacillales,Bacillaceae,Bacillus,p,soil,172.115,100.0,1,0.16,30,16,39.19032095,34.14,1.373,4.456551526,1.6945936362228462,Klebsiella pneumoniae,1.3825425326148348,0.31205110360801136,49.498682123339194,24.129178300435086
53,Ag,Bacillus subtilis,non-pathogenic,chemical_synthesis,MIC,quasi-spherical,Bacteria,Bacillota,Bacilli,Bacillales,Bacillaceae,Bacillus,p,soil,107.8682,4.0,3,0.16,30,11,23.00188061,0.0,0.0,1.78376517,1.6688907038989413,Klebsiella pneumoniae,1.3843117126845343,0.284578991214407,46.654195392384764,24.227673519379078
54,Ag,Bacillus subtilis,non-pathogenic,chemical_synthesis,MIC,quasi-spherical,Bacteria,Bacillota,Bacilli,Bacillales,Bacillaceae,Bacillus,p,soil,107.8682,4.0,3,0.16,30,11,23.00188061,0.0,0.0,1.78376517,1.6688907038989413,Klebsiella pneumoniae,1.3843117126845343,0.284578991214407,46.654195392384764,24.227673519379078
55,CuO,Bacillus subtilis,non-pathogenic,green_synthesis,MBC,tetragonal,Bacteria,Bacillota,Bacilli,Bacillales,Bacillaceae,Bacillus,p,soil,79.5454,1.4,2,0.16,30,17,20.67942236,17.07,0.6865,1.651411411,2.2353227453760427,Klebsiella pneumoniae,1.967741761944474,0.2675809834315688,171.91855230201253,92.84141735350968
56,ZnO,Bacillus subtilis,non-pathogenic,green_synthesis,MBEC,rod-shaped,Bacteria,Bacillota,Bacilli,Bacillales,Bacillaceae,Bacillus,p,soil,81.3794,79.0,1,0.16,30,8,22.60496136,17.07,0.6865,4.082482905,1.534942281557222,Klebsiella pneumoniae,1.2861241146517441,0.24881816690547787,34.2722235177294,19.325205226092365
57,Ag,Bacillus subtilis,non-pathogenic,green_synthesis,MBEC,quasi-spherical,Bacteria,Bacillota,Bacilli,Bacillales,Bacillaceae,Bacillus,p,soil,107.87,60.0,4,0.16,30,11,23.00188061,0.0,0.0,1.78376517,0.9512898728568461,Klebsiella pneumoniae,0.7396156959702477,0.2116741768865984,8.939019256867386,5.4905480422492285
58,TiO2,Bacillus subtilis,non-pathogenic,chemical_synthesis,MBEC,tetragonal,Bacteria,Bacillota,Bacilli,Bacillales,Bacillaceae,Bacillus,p,soil,79.866,17.5,0,0.16,30,16,26.40611331,34.14,1.373,2.878049394,1.5773002199643136,Klebsiella pneumoniae,1.3682965790901824,0.20900364087413115,37.783329002631696,23.350521217346326
59,ZnO,Bacillus subtilis,non-pathogenic,chemical_synthesis,MBC,cubic,Bacteria,Bacillota,Bacilli,Bacillales,Bacillaceae,Bacillus,p,soil,81.3794,25.0,1,0.16,30,8,22.60496136,17.07,0.6865,4.082482905,1.7287420546913481,Klebsiella pneumoniae,1.5307549481410923,0.19798710655025586,53.547852038541876,33.9433692148869
60,Ag,Bacillus subtilis,non-pathogenic,chemical_synthesis,MIC,hexagonal,Bacteria,Bacillota,Bacilli,Bacillales,Bacillaceae,Bacillus,p,soil,107.8682,10.0,0,0.16,30,11,23.00188061,0.0,0.0,1.78376517,2.4500837374836597,Klebsiella pneumoniae,2.295008305571473,0.15507543191218653,281.8926403627704,197.24604576502213
61,CeO2,Bacillus subtilis,non-pathogenic,green_synthesis,MBC,nanoplates,Bacteria,Bacillota,Bacilli,Bacillales,Bacillaceae,Bacillus,p,soil,172.115,22.5,1,0.16,30,16,39.19032095,34.14,1.373,4.456551526,2.755213400218493,Klebsiella pneumoniae,2.616255171348371,0.1389582288701221,569.132518023351,413.2902609059296
62,Au,Bacillus subtilis,non-pathogenic,green_synthesis,MBEC,spheroidal,Bacteria,Bacillota,Bacilli,Bacillales,Bacillaceae,Bacillus,p,soil,196.966569,37.86,0,0.16,30,11,23.00188061,0.0,0.0,2.46797672,1.5759508652782825,Klebsiella pneumoniae,1.4552474332766405,0.12070343200164202,37.66611823030504,28.526430585516728
63,Ag,Bacillus subtilis,non-pathogenic,green_synthesis,MBC,spherical,Bacteria,Bacillota,Bacilli,Bacillales,Bacillaceae,Bacillus,p,soil,107.8682,22.5,4,0.16,30,11,23.00188061,0.0,0.0,1.78376517,1.2869874129543142,Klebsiella pneumoniae,1.1971475160316074,0.08983989692270677,19.363658419383018,15.745175872258166
64,Au,Bacillus subtilis,non-pathogenic,green_synthesis,MBEC,tetragonal,Bacteria,Bacillota,Bacilli,Bacillales,Bacillaceae,Bacillus,p,soil,196.966569,22.5,18,0.16,30,11,23.00188061,0.0,0.0,2.46797672,0.6349859746895383,Klebsiella pneumoniae,0.5503110914451357,0.08467488324440264,4.3150514137256195,3.5506763826790495
65,Ag,Bacillus subtilis,non-pathogenic,green_synthesis,MIC,nanoplates,Bacteria,Bacillota,Bacilli,Bacillales,Bacillaceae,Bacillus,p,soil,107.87,35.0,4,0.16,30,11,23.00188061,0.0,0.0,1.78376517,1.606324368807805,Klebsiella pneumoniae,1.5344293712426857,0.0718949975651193,40.394698298879966,34.231771240670184
66,ZnO,Bacillus subtilis,non-pathogenic,green_synthesis,MBC,tetragonal,Bacteria,Bacillota,Bacilli,Bacillales,Bacillaceae,Bacillus,p,soil,81.3794,35.0,24,0.16,30,8,22.60496136,17.07,0.6865,4.082482905,1.3801388916317108,Klebsiella pneumoniae,1.3131659171271604,0.06697297450455042,23.99600211984645,20.566761749910473
67,ZnO,Bacillus subtilis,non-pathogenic,green_synthesis,MBC,quasi-hexagonal,Bacteria,Bacillota,Bacilli,Bacillales,Bacillaceae,Bacillus,p,soil,81.3794,18.5,24,0.16,30,8,22.60496136,17.07,0.6865,4.082482905,0.8708147301677036,Klebsiella pneumoniae,0.8346571613044216,0.03615756886328203,7.427022338642065,6.833719700266711
68,Al2O3,Bacillus subtilis,non-pathogenic,green_synthesis,MIC,triangular,Bacteria,Bacillota,Bacilli,Bacillales,Bacillaceae,Bacillus,p,soil,101.961276,10.4,1,0.16,30,24,51.55776403,85.5,13.5675,4.688846487,0.53468007240083,Klebsiella pneumoniae,0.5095008735412256,0.0251791988596044,3.4251537603218365,3.232219704685974
69,Au,Bacillus subtilis,non-pathogenic,green_synthesis,MBEC,quasi-hexagonal,Bacteria,Bacillota,Bacilli,Bacillales,Bacillaceae,Bacillus,p,soil,196.966569,8.0,18,0.16,30,11,23.00188061,0.0,0.0,2.46797672,1.2367479435874835,Klebsiella pneumoniae,1.2430997875683925,-0.006351843980908933,17.248365384967343,17.50248795985639
70,ZnO,Bacillus subtilis,non-pathogenic,chemical_synthesis,MBC,hexagonal,Bacteria,Bacillota,Bacilli,Bacillales,Bacillaceae,Bacillus,p,soil,81.3794,13.0,18,0.16,30,8,22.60496136,17.07,0.6865,4.082482905,1.8309348803703323,Klebsiella pneumoniae,1.8743130440264526,-0.04337816365612035,67.75399072963914,74.87089833585516
71,Ag,Bacillus subtilis,non-pathogenic,green_synthesis,MIC,cubic,Bacteria,Bacillota,Bacilli,Bacillales,Bacillaceae,Bacillus,p,soil,107.87,79.0,18,0.16,30,11,23.00188061,0.0,0.0,1.78376517,1.3271348113464407,Klebsiella pneumoniae,1.394485223350545,-0.06735041200410419,21.239036503791006,24.801915489979233
72,Ag,Bacillus subtilis,non-pathogenic,chemical_synthesis,MBC,quasi-spherical,Bacteria,Bacillota,Bacilli,Bacillales,Bacillaceae,Bacillus,p,soil,107.8682,26.38,3,0.16,30,11,23.00188061,0.0,0.0,1.78376517,1.385459746121993,Klebsiella pneumoniae,1.5199622431161255,-0.13450249699413241,24.29180275774039,33.11023347114836
73,ZnO,Bacillus subtilis,non-pathogenic,chemical_synthesis,MIC,nanoplates,Bacteria,Bacillota,Bacilli,Bacillales,Bacillaceae,Bacillus,p,soil,81.3794,100.0,0,0.16,30,8,22.60496136,17.07,0.6865,4.082482905,1.4690681262163872,Klebsiella pneumoniae,1.6100593520750368,-0.14099122585864965,29.448835508795405,40.743595550226495
74,CeO2,Bacillus subtilis,non-pathogenic,chemical_synthesis,MBC,rod-shaped,Bacteria,Bacillota,Bacilli,Bacillales,Bacillaceae,Bacillus,p,soil,172.115,12.5,4,0.16,30,16,39.19032095,34.14,1.373,4.456551526,2.516957373312936,Klebsiella pneumoniae,2.756401987067644,-0.23944461375470816,328.8193551547174,570.6922660278524
75,ZnO,Bacillus subtilis,non-pathogenic,chemical_synthesis,MBEC,cubic,Bacteria,Bacillota,Bacilli,Bacillales,Bacillaceae,Bacillus,p,soil,81.3794,12.5,24,0.16,30,8,22.60496136,17.07,0.6865,4.082482905,2.782341638533109,Klebsiella pneumoniae,3.0960425894763204,-0.3137009509432116,605.8172545866937,1247.5058460197365
76,Ag,Bacillus subtilis,non-pathogenic,chemical_synthesis,MBC,nanoplates,Bacteria,Bacillota,Bacilli,Bacillales,Bacillaceae,Bacillus,p,soil,107.87,100.0,24,0.16,30,11,23.00188061,0.0,0.0,1.78376517,1.5527700466253076,Klebsiella pneumoniae,1.9305719735266667,-0.37780192690135905,35.708371682578054,85.22597405663336
77,ZnO,Bacillus subtilis,non-pathogenic,chemical_synthesis,MIC,nanoplates,Bacteria,Bacillota,Bacilli,Bacillales,Bacillaceae,Bacillus,p,soil,81.3794,35.0,18,0.16,30,8,22.60496136,17.07,0.6865,4.082482905,1.8620093244423106,Klebsiella pneumoniae,2.2667869779715066,-0.40477765352919604,72.77954303712194,184.83617726518258
