,np,bacteria,bac_type,np_synthesis,method,shape,kingdom,phylum,class,order,family,genus,gram,isolated_from,mol_weight (g/mol),np_size_avg (nm),time_set,"min_Incub_period, h","growth_temp, C",Valance_electron,labuteASA,tpsa,CrippenMR,chi0v,pred_MIC_norm,pathogenic_bacteria,pred_MIC_pathogen,Fitness,pred_norm_MIC_original,pred_path_MIC_original
0,ZrO2,Bacillus subtilis,non-pathogenic,chemical_synthesis,MIC,quasi-spherical,Bacteria,Bacillota,Bacilli,Bacillales,Bacillaceae,Bacillus,p,soil,123.2218,1.9,1,0.16,30,16,29.29254423,34.14,1.373,3.774536472,1.6710285211257854,Klebsiella pneumoniae,0.7109335729395725,0.9600949481862129,46.8844171218265,5.139650325834571
1,Ag,Bacillus subtilis,non-pathogenic,chemical_synthesis,MIC,spherical,Bacteria,Bacillota,Bacilli,Bacillales,Bacillaceae,Bacillus,p,soil,107.87,1.4,3,0.16,30,11,23.00188061,0.0,0.0,1.78376517,1.0942443810233717,Klebsiella pneumoniae,0.30617806283149385,0.7880663181918779,12.423511920205717,2.023848796357345
2,ZnO,Bacillus subtilis,non-pathogenic,green_synthesis,MIC,spherical,Bacteria,Bacillota,Bacilli,Bacillales,Bacillaceae,Bacillus,p,soil,81.3794,4.0,1,0.16,30,8,22.60496136,17.07,0.6865,4.082482905,1.0246133726508426,Klebsiella pneumoniae,0.2508160512267572,0.7737973214240854,10.583111522512295,1.7816239870490278
3,ZnO,Bacillus subtilis,non-pathogenic,green_synthesis,MIC,spheroidal,Bacteria,Bacillota,Bacilli,Bacillales,Bacillaceae,Bacillus,p,soil,81.3794,1.4,18,0.16,30,8,22.60496136,17.07,0.6865,4.082482905,1.202936838690488,Klebsiella pneumoniae,0.4374536186081637,0.7654832200823243,15.956470685629567,2.7381271946010424
4,CeO2,Bacillus subtilis,non-pathogenic,chemical_synthesis,MIC,cubic,Bacteria,Bacillota,Bacilli,Bacillales,Bacillaceae,Bacillus,p,soil,172.115,0.8,24,0.16,30,16,39.19032095,34.14,1.373,4.456551526,3.7498765484985888,Klebsiella pneumoniae,3.0344509922312177,0.715425556267371,5621.814981193653,1082.55754750667
5,TiO2,Bacillus subtilis,non-pathogenic,green_synthesis,MIC,spherical,Bacteria,Bacillota,Bacilli,Bacillales,Bacillaceae,Bacillus,p,soil,79.866,4.0,1,0.16,30,16,26.40611331,34.14,1.373,2.878049394,1.969652616575274,Klebsiella pneumoniae,1.2693895615939765,0.7002630549812974,93.25081079166821,18.59471650932722
6,Ag,Bacillus subtilis,non-pathogenic,green_synthesis,MIC,quasi-spherical,Bacteria,Bacillota,Bacilli,Bacillales,Bacillaceae,Bacillus,p,soil,107.87,1.4,4,0.16,30,11,23.00188061,0.0,0.0,1.78376517,1.6277563073315462,Klebsiella pneumoniae,0.941909701698185,0.6858466056333612,42.43813669330438,8.74801867929356
7,ZnO,Bacillus subtilis,non-pathogenic,green_synthesis,MIC,quasi-spherical,Bacteria,Bacillota,Bacilli,Bacillales,Bacillaceae,Bacillus,p,soil,81.3794,6.0,1,0.16,30,8,22.60496136,17.07,0.6865,4.082482905,1.5829354021551167,Klebsiella pneumoniae,0.9033791618522293,0.6795562403028874,38.276780542021484,8.00532857159759
8,Ag,Bacillus subtilis,non-pathogenic,chemical_synthesis,MIC,spheroidal,Bacteria,Bacillota,Bacilli,Bacillales,Bacillaceae,Bacillus,p,soil,107.87,40.0,18,0.16,30,11,23.00188061,0.0,0.0,1.78376517,0.7531246744322511,Klebsiella pneumoniae,0.10389778861699539,0.6492268858152557,5.664018646611268,1.2702751102616308
9,ZnO,Bacillus subtilis,non-pathogenic,green_synthesis,MIC,cubic,Bacteria,Bacillota,Bacilli,Bacillales,Bacillaceae,Bacillus,p,soil,81.3794,5.1,1,0.16,30,8,22.60496136,17.07,0.6865,4.082482905,1.8634535905686842,Klebsiella pneumoniae,1.2203624088120835,0.6430911817566007,73.02197762029773,16.609723727433558
10,Ag,Bacillus subtilis,non-pathogenic,green_synthesis,MIC,cubic,Bacteria,Bacillota,Bacilli,Bacillales,Bacillaceae,Bacillus,p,soil,107.87,1.9,0,0.16,30,11,23.00188061,0.0,0.0,1.78376517,2.012224135231781,Klebsiella pneumoniae,1.3913006361619435,0.6209234990698376,102.85469844430024,24.620713595025794
11,ZnO,Bacillus subtilis,non-pathogenic,green_synthesis,MIC,spherical,Bacteria,Bacillota,Bacilli,Bacillales,Bacillaceae,Bacillus,p,soil,81.3794,5.1,2,0.16,30,8,22.60496136,17.07,0.6865,4.082482905,1.5064877196779383,Klebsiella pneumoniae,0.9025909114037699,0.6038968082741684,32.098720390240054,7.990811968212003
12,TiO2,Bacillus subtilis,non-pathogenic,green_synthesis,MBEC,quasi-hexagonal,Bacteria,Bacillota,Bacilli,Bacillales,Bacillaceae,Bacillus,p,soil,79.866,4.0,4,0.16,30,16,26.40611331,34.14,1.373,2.878049394,1.9382831481541902,Klebsiella pneumoniae,1.3512433578054297,0.5870397903487605,86.75272955486888,22.451396399790568
13,CeO2,Bacillus subtilis,non-pathogenic,green_synthesis,MIC,cubic,Bacteria,Bacillota,Bacilli,Bacillales,Bacillaceae,Bacillus,p,soil,172.115,4.0,1,0.16,30,16,39.19032095,34.14,1.373,4.456551526,2.4887928434497457,Klebsiella pneumoniae,1.9119226368168376,0.5768702066329081,308.1717633905884,81.64369221580588
14,ZnO,Bacillus subtilis,non-pathogenic,green_synthesis,MBC,hexagonal,Bacteria,Bacillota,Bacilli,Bacillales,Bacillaceae,Bacillus,p,soil,81.3794,12.0,0,0.16,30,8,22.60496136,17.07,0.6865,4.082482905,2.558162524915083,Klebsiella pneumoniae,1.9871644789673528,0.57099804594773,361.5451374399175,97.08775950084018
15,Ag,Bacillus subtilis,non-pathogenic,green_synthesis,MIC,spheroidal,Bacteria,Bacillota,Bacilli,Bacillales,Bacillaceae,Bacillus,p,soil,107.8682,4.0,24,0.16,30,11,23.00188061,0.0,0.0,1.78376517,1.6623655269869508,Klebsiella pneumoniae,1.0947299113106448,0.567635615676306,45.95846627452107,12.437408860247729
16,CuO,Bacillus subtilis,non-pathogenic,green_synthesis,MBC,spheroidal,Bacteria,Bacillota,Bacilli,Bacillales,Bacillaceae,Bacillus,p,soil,79.5454,6.0,1,0.16,30,17,20.67942236,17.07,0.6865,1.651411411,3.570644404396461,Klebsiella pneumoniae,3.0131208242411516,0.5575235801553093,3720.8692076576035,1030.6728220824032
17,ZnO,Bacillus subtilis,non-pathogenic,green_synthesis,MBEC,cubic,Bacteria,Bacillota,Bacilli,Bacillales,Bacillaceae,Bacillus,p,soil,81.3794,12.0,4,0.16,30,8,22.60496136,17.07,0.6865,4.082482905,2.572793000046256,Klebsiella pneumoniae,2.0291983471756643,0.5435946528705919,373.93231655756136,106.9543240124253
18,TiO2,Bacillus subtilis,non-pathogenic,chemical_synthesis,MBEC,quasi-hexagonal,Bacteria,Bacillota,Bacilli,Bacillales,Bacillaceae,Bacillus,p,soil,79.866,12.0,4,0.16,30,16,26.40611331,34.14,1.373,2.878049394,2.2536572520124674,Klebsiella pneumoniae,1.7102538015814888,0.5434034504309786,179.33177703308266,51.31611876439139
19,Ag,Bacillus subtilis,non-pathogenic,chemical_synthesis,MIC,rod-shaped,Bacteria,Bacillota,Bacilli,Bacillales,Bacillaceae,Bacillus,p,soil,107.87,6.0,4,0.16,30,11,23.00188061,0.0,0.0,1.78376517,1.2793576451304354,Klebsiella pneumoniae,0.7576106311408825,0.5217470139895529,19.026444785533783,5.7228271802099355
20,ZnO,Bacillus subtilis,non-pathogenic,green_synthesis,MIC,quasi-hexagonal,Bacteria,Bacillota,Bacilli,Bacillales,Bacillaceae,Bacillus,p,soil,81.3794,10.4,0,0.16,30,8,22.60496136,17.07,0.6865,4.082482905,0.8356853799008127,Klebsiella pneumoniae,0.32436759485268185,0.5113177850481309,6.8499181150314525,2.1104136872065165
21,TiO2,Bacillus subtilis,non-pathogenic,green_synthesis,MBC,spheroidal,Bacteria,Bacillota,Bacilli,Bacillales,Bacillaceae,Bacillus,p,soil,79.866,3.0,1,0.16,30,16,26.40611331,34.14,1.373,2.878049394,2.754765225857857,Klebsiella pneumoniae,2.2479513507901117,0.5068138750677456,568.5454991985963,176.9910683684
22,ZnO,Bacillus subtilis,non-pathogenic,green_synthesis,MBEC,spherical,Bacteria,Bacillota,Bacilli,Bacillales,Bacillaceae,Bacillus,p,soil,81.3794,12.0,0,0.16,30,8,22.60496136,17.07,0.6865,4.082482905,2.492354339222796,Klebsiella pneumoniae,1.9906512134390386,0.5017031257837572,310.7093620150076,97.87036622802415
23,ZnO,Bacillus subtilis,non-pathogenic,chemical_synthesis,MBC,quasi-spherical,Bacteria,Bacillota,Bacilli,Bacillales,Bacillaceae,Bacillus,p,soil,81.3794,9.0,3,0.16,30,8,22.60496136,17.07,0.6865,4.082482905,1.5923730277493942,Klebsiella pneumoniae,1.0914630086540298,0.5009100190953644,39.11767442483138,12.344201680639427
24,Ag,Bacillus subtilis,non-pathogenic,chemical_synthesis,MIC,tetragonal,Bacteria,Bacillota,Bacilli,Bacillales,Bacillaceae,Bacillus,p,soil,107.8682,0.8,24,0.16,30,11,23.00188061,0.0,0.0,1.78376517,1.620629336070373,Klebsiella pneumoniae,1.1203831932375428,0.5002461428328302,41.74739067346121,13.19420395956294
25,ZnO,Bacillus subtilis,non-pathogenic,chemical_synthesis,MBEC,quasi-hexagonal,Bacteria,Bacillota,Bacilli,Bacillales,Bacillaceae,Bacillus,p,soil,81.3794,4.0,4,0.16,30,8,22.60496136,17.07,0.6865,4.082482905,0.8808837748209407,Klebsiella pneumoniae,0.3836224833218811,0.4972612914990596,7.601228268899831,2.418925447100628
26,TiO2,Bacillus subtilis,non-pathogenic,chemical_synthesis,MBEC,quasi-spherical,Bacteria,Bacillota,Bacilli,Bacillales,Bacillaceae,Bacillus,p,soil,79.866,1.4,4,0.16,30,16,26.40611331,34.14,1.373,2.878049394,2.3069492299057983,Klebsiella pneumoniae,1.8122557725048667,0.4946934574009316,202.744569227386,64.90165514971471
27,ZnO,Bacillus subtilis,non-pathogenic,chemical_synthesis,MBC,quasi-spherical,Bacteria,Bacillota,Bacilli,Bacillales,Bacillaceae,Bacillus,p,soil,81.3794,0.8,4,0.16,30,8,22.60496136,17.07,0.6865,4.082482905,0.8190320968565439,Klebsiella pneumoniae,0.3343900017535495,0.4846420951029944,6.592226137813535,2.1596829602993153
28,Au,Bacillus subtilis,non-pathogenic,green_synthesis,MIC,quasi-hexagonal,Bacteria,Bacillota,Bacilli,Bacillales,Bacillaceae,Bacillus,p,soil,196.966569,1.9,2,0.16,30,11,23.00188061,0.0,0.0,2.46797672,1.2329905987012277,Klebsiella pneumoniae,0.7556610774559867,0.4773295212452411,17.099782982928183,5.697194908002612
29,ZnO,Bacillus subtilis,non-pathogenic,green_synthesis,MBEC,nanoplates,Bacteria,Bacillota,Bacilli,Bacillales,Bacillaceae,Bacillus,p,soil,81.3794,0.8,0,0.16,30,8,22.60496136,17.07,0.6865,4.082482905,2.1006723525129556,Klebsiella pneumoniae,1.6252530721961247,0.4754192803168309,126.08759252053366,42.194230613749056
30,TiO2,Bacillus subtilis,non-pathogenic,chemical_synthesis,MBC,quasi-hexagonal,Bacteria,Bacillota,Bacilli,Bacillales,Bacillaceae,Bacillus,p,soil,79.866,1.9,3,0.16,30,16,26.40611331,34.14,1.373,2.878049394,1.4619715230929047,Klebsiella pneumoniae,0.9886189567741259,0.47335256631877876,28.971536136568854,9.741345721341773
31,ZnO,Bacillus subtilis,non-pathogenic,chemical_synthesis,MBEC,quasi-spherical,Bacteria,Bacillota,Bacilli,Bacillales,Bacillaceae,Bacillus,p,soil,81.3794,10.0,3,0.16,30,8,22.60496136,17.07,0.6865,4.082482905,2.097734427127141,Klebsiella pneumoniae,1.6291639398441733,0.4685704872829679,125.23751081776251,42.575910066525275
32,CuO,Bacillus subtilis,non-pathogenic,green_synthesis,MBEC,quasi-hexagonal,Bacteria,Bacillota,Bacilli,Bacillales,Bacillaceae,Bacillus,p,soil,79.5454,9.0,4,0.16,30,17,20.67942236,17.07,0.6865,1.651411411,2.835235294343917,Klebsiella pneumoniae,2.368721108591176,0.4665141857527413,684.2822809162401,233.73357868881195
33,TiO2,Bacillus subtilis,non-pathogenic,green_synthesis,MBC,tetragonal,Bacteria,Bacillota,Bacilli,Bacillales,Bacillaceae,Bacillus,p,soil,79.866,8.0,0,0.16,30,16,26.40611331,34.14,1.373,2.878049394,2.2292017458951743,Klebsiella pneumoniae,1.7709909824630214,0.45821076343215283,169.512506604286,59.01888255726411
34,ZnO,Bacillus subtilis,non-pathogenic,chemical_synthesis,MBC,spheroidal,Bacteria,Bacillota,Bacilli,Bacillales,Bacillaceae,Bacillus,p,soil,81.3794,1.4,24,0.16,30,8,22.60496136,17.07,0.6865,4.082482905,2.1096349563903827,Klebsiella pneumoniae,1.6519002159118756,0.45773474047850704,128.71671762515143,44.864229742860495
35,CuO,Bacillus subtilis,non-pathogenic,green_synthesis,MBEC,quasi-spherical,Bacteria,Bacillota,Bacilli,Bacillales,Bacillaceae,Bacillus,p,soil,79.5454,5.1,18,0.16,30,17,20.67942236,17.07,0.6865,1.651411411,3.499385956348429,Klebsiella pneumoniae,3.0468483396864077,0.4525376166620214,3157.809713827149,1113.9054778667191
36,ZrO2,Bacillus subtilis,non-pathogenic,green_synthesis,MIC,spheroidal,Bacteria,Bacillota,Bacilli,Bacillales,Bacillaceae,Bacillus,p,soil,123.2218,6.0,3,0.16,30,16,29.29254423,34.14,1.373,3.774536472,2.371221952861307,Klebsiella pneumoniae,1.9200828859711314,0.4511390668901756,235.08339436677625,83.19225300324469
37,CuO,Bacillus subtilis,non-pathogenic,green_synthesis,MBC,cubic,Bacteria,Bacillota,Bacilli,Bacillales,Bacillaceae,Bacillus,p,soil,79.5454,8.0,2,0.16,30,17,20.67942236,17.07,0.6865,1.651411411,3.5175517618750374,Klebsiella pneumoniae,3.06703846164411,0.45051330023092717,3292.6969537283985,1166.912955706429
38,ZnO,Bacillus subtilis,non-pathogenic,chemical_synthesis,MBC,hexagonal,Bacteria,Bacillota,Bacilli,Bacillales,Bacillaceae,Bacillus,p,soil,81.3794,8.0,0,0.16,30,8,22.60496136,17.07,0.6865,4.082482905,2.0600591750605775,Klebsiella pneumoniae,1.624532368017962,0.4355268070426155,114.83100745302261,42.12426808498694
39,Ag,Bacillus subtilis,non-pathogenic,chemical_synthesis,MIC,spheroidal,Bacteria,Bacillota,Bacilli,Bacillales,Bacillaceae,Bacillus,p,soil,107.87,10.4,4,0.16,30,11,23.00188061,0.0,0.0,1.78376517,1.1673152678476737,Klebsiella pneumoniae,0.7408103625569714,0.4265049052907023,14.699930039716481,5.505672352307445
40,ZnO,Bacillus subtilis,non-pathogenic,green_synthesis,MBC,cubic,Bacteria,Bacillota,Bacilli,Bacillales,Bacillaceae,Bacillus,p,soil,81.3794,10.0,18,0.16,30,8,22.60496136,17.07,0.6865,4.082482905,2.401751544553475,Klebsiella pneumoniae,1.976078952308533,0.42567259224494225,252.2037527723535,94.64091976281611
41,CuO,Bacillus subtilis,non-pathogenic,green_synthesis,MBC,nanoplates,Bacteria,Bacillota,Bacilli,Bacillales,Bacillaceae,Bacillus,p,soil,79.5454,8.0,0,0.16,30,17,20.67942236,17.07,0.6865,1.651411411,3.5781675990428305,Klebsiella pneumoniae,3.153791074590605,0.42437652445222573,3785.886580790605,1424.9219435837326
42,TiO2,Bacillus subtilis,non-pathogenic,green_synthesis,MBC,tetragonal,Bacteria,Bacillota,Bacilli,Bacillales,Bacillaceae,Bacillus,p,soil,79.866,10.0,3,0.16,30,16,26.40611331,34.14,1.373,2.878049394,2.214537955538513,Klebsiella pneumoniae,1.7938072149550848,0.4207307405834284,163.88452833143523,62.20241049049766
43,Ag,Bacillus subtilis,non-pathogenic,green_synthesis,MBEC,tetragonal,Bacteria,Bacillota,Bacilli,Bacillales,Bacillaceae,Bacillus,p,soil,107.87,8.7,18,0.16,30,11,23.00188061,0.0,0.0,1.78376517,0.9498988560438287,Klebsiella pneumoniae,0.5294079602042321,0.42049089583959665,8.910433965844375,3.3838255103481045
44,ZnO,Bacillus subtilis,non-pathogenic,green_synthesis,MBC,triangular,Bacteria,Bacillota,Bacilli,Bacillales,Bacillaceae,Bacillus,p,soil,81.3794,6.0,4,0.16,30,8,22.60496136,17.07,0.6865,4.082482905,1.2566938581220586,Klebsiella pneumoniae,0.8370760224082624,0.4196178357137962,18.05900665833322,6.871887205416207
45,ZnO,Bacillus subtilis,non-pathogenic,green_synthesis,MBC,spheroidal,Bacteria,Bacillota,Bacilli,Bacillales,Bacillaceae,Bacillus,p,soil,81.3794,9.0,3,0.16,30,8,22.60496136,17.07,0.6865,4.082482905,2.569875171096176,Klebsiella pneumoniae,2.154213983667762,0.4156611874284142,371.42845437930777,142.63101857829218
46,Ag,Bacillus subtilis,non-pathogenic,chemical_synthesis,MIC,quasi-hexagonal,Bacteria,Bacillota,Bacilli,Bacillales,Bacillaceae,Bacillus,p,soil,107.87,27.43,3,0.16,30,11,23.00188061,0.0,0.0,1.78376517,0.3866515137326081,Klebsiella pneumoniae,-0.023833873134678774,0.41048538686728686,2.4358554565712756,0.9465991864182541
47,TiO2,Bacillus subtilis,non-pathogenic,chemical_synthesis,MBC,nanoplates,Bacteria,Bacillota,Bacilli,Bacillales,Bacillaceae,Bacillus,p,soil,79.866,1.4,4,0.16,30,16,26.40611331,34.14,1.373,2.878049394,2.1678145834817792,Klebsiella pneumoniae,1.7595345940862623,0.4082799893955169,147.16840514563302,57.48236050717599
48,ZnO,Bacillus subtilis,non-pathogenic,green_synthesis,MBEC,quasi-hexagonal,Bacteria,Bacillota,Bacilli,Bacillales,Bacillaceae,Bacillus,p,soil,81.3794,20.0,2,0.16,30,8,22.60496136,17.07,0.6865,4.082482905,1.1746788280656792,Klebsiella pneumoniae,0.7747021990486401,0.3999766290170391,14.95129560404653,5.952538308390753
49,CeO2,Bacillus subtilis,non-pathogenic,chemical_synthesis,MBEC,hexagonal,Bacteria,Bacillota,Bacilli,Bacillales,Bacillaceae,Bacillus,p,soil,172.115,5.1,1,0.16,30,16,39.19032095,34.14,1.373,4.456551526,3.2480980641685786,Klebsiella pneumoniae,2.8830152490032512,0.36508281516532737,1770.5086959833557,763.8626039480231
50,Ag,Bacillus subtilis,non-pathogenic,green_synthesis,MIC,hexagonal,Bacteria,Bacillota,Bacilli,Bacillales,Bacillaceae,Bacillus,p,soil,107.8682,0.8,3,0.16,30,11,23.00188061,0.0,0.0,1.78376517,1.6939335830277686,Klebsiella pneumoniae,1.3526069655422188,0.3413266174855498,49.4235097472665,22.522000591486062
51,CeO2,Bacillus subtilis,non-pathogenic,green_synthesis,MBC,quasi-spherical,Bacteria,Bacillota,Bacilli,Bacillales,Bacillaceae,Bacillus,p,soil,172.115,25.0,3,0.16,30,16,39.19032095,34.14,1.373,4.456551526,2.4153402194951057,Klebsiella pneumoniae,2.111793406369923,0.3035468131251826,260.21972854984443,129.3580339656529
52,Cu,Bacillus subtilis,non-pathogenic,green_synthesis,MBC,quasi-hexagonal,Bacteria,Bacillota,Bacilli,Bacillales,Bacillaceae,Bacillus,p,soil,63.55,26.38,0,0.16,30,11,17.96409803,0.0,0.0,1.243163121,0.9412258704775528,Klebsiella pneumoniae,0.6390110679251784,0.30221480255237443,8.734255066557022,4.355229727772098
53,ZnO,Bacillus subtilis,non-pathogenic,green_synthesis,MBEC,quasi-hexagonal,Bacteria,Bacillota,Bacilli,Bacillales,Bacillaceae,Bacillus,p,soil,81.3794,30.0,0,0.16,30,8,22.60496136,17.07,0.6865,4.082482905,0.7962754587670983,Klebsiella pneumoniae,0.49986736651207164,0.2964080922550266,6.255693451193404,3.161312048368436
54,CuO,Bacillus subtilis,non-pathogenic,green_synthesis,MBC,nanoplates,Bacteria,Bacillota,Bacilli,Bacillales,Bacillaceae,Bacillus,p,soil,79.5454,12.0,18,0.16,30,17,20.67942236,17.07,0.6865,1.651411411,3.510881994788191,Klebsiella pneumoniae,3.2228604635196216,0.2880215312685692,3242.515007199841,1670.5537881316848
55,Ag,Bacillus subtilis,non-pathogenic,green_synthesis,MIC,spheroidal,Bacteria,Bacillota,Bacilli,Bacillales,Bacillaceae,Bacillus,p,soil,107.87,18.0,24,0.16,30,11,23.00188061,0.0,0.0,1.78376517,1.1505772504368814,Klebsiella pneumoniae,0.8711590279615711,0.27941822247531034,14.14416292989997,7.432912630566258
56,ZnO,Bacillus subtilis,non-pathogenic,chemical_synthesis,MBC,spheroidal,Bacteria,Bacillota,Bacilli,Bacillales,Bacillaceae,Bacillus,p,soil,81.3794,4.0,4,0.16,30,8,22.60496136,17.07,0.6865,4.082482905,1.429065231734756,Klebsiella pneumoniae,1.1744667030462264,0.2545985286885297,26.857478190375183,14.943994637579966
57,Ag,Bacillus subtilis,non-pathogenic,chemical_synthesis,MIC,quasi-hexagonal,Bacteria,Bacillota,Bacilli,Bacillales,Bacillaceae,Bacillus,p,soil,107.8682,44.45,4,0.16,30,11,23.00188061,0.0,0.0,1.78376517,0.21269974534874092,Klebsiella pneumoniae,-0.026465603428729167,0.2391653487774701,1.6319233082170017,0.9408803457803057
58,ZnO,Bacillus subtilis,non-pathogenic,chemical_synthesis,MBC,hexagonal,Bacteria,Bacillota,Bacilli,Bacillales,Bacillaceae,Bacillus,p,soil,81.3794,60.0,0,0.16,30,8,22.60496136,17.07,0.6865,4.082482905,2.239395897508002,Klebsiella pneumoniae,2.1035814415186636,0.1358144559893386,173.5385232760878,126.9350158319435
59,Ag,Bacillus subtilis,non-pathogenic,green_synthesis,MBC,cubic,Bacteria,Bacillota,Bacilli,Bacillales,Bacillaceae,Bacillus,p,soil,107.87,28.0,4,0.16,30,11,23.00188061,0.0,0.0,1.78376517,1.4228866078427886,Klebsiella pneumoniae,1.3061804349603987,0.11670617288238994,26.478087184895024,20.23859850707654
60,Ag,Bacillus subtilis,non-pathogenic,green_synthesis,MBEC,hexagonal,Bacteria,Bacillota,Bacilli,Bacillales,Bacillaceae,Bacillus,p,soil,107.8682,20.0,3,0.16,30,11,23.00188061,0.0,0.0,1.78376517,2.184648878179487,Klebsiella pneumoniae,2.0733371739711384,0.11131170420834868,152.9850096306601,118.39603924128436
61,ZrO2,Bacillus subtilis,non-pathogenic,chemical_synthesis,MBC,tetragonal,Bacteria,Bacillota,Bacilli,Bacillales,Bacillaceae,Bacillus,p,soil,123.2218,10.0,3,0.16,30,16,29.29254423,34.14,1.373,3.774536472,1.73924185546858,Klebsiella pneumoniae,1.6381313833104725,0.10111047215810753,54.85823814474047,43.464169263366436
62,Ag,Bacillus subtilis,non-pathogenic,chemical_synthesis,MIC,nanoplates,Bacteria,Bacillota,Bacilli,Bacillales,Bacillaceae,Bacillus,p,soil,107.8682,6.0,24,0.16,30,11,23.00188061,0.0,0.0,1.78376517,2.516498026107022,Klebsiella pneumoniae,2.4290049123565507,0.08749311375047109,328.47175137699105,268.53748200807786
63,CuO,Bacillus subtilis,non-pathogenic,chemical_synthesis,MBC,nanoplates,Bacteria,Bacillota,Bacilli,Bacillales,Bacillaceae,Bacillus,p,soil,79.5454,5.1,3,0.16,30,17,20.67942236,17.07,0.6865,1.651411411,2.798988002645321,Klebsiella pneumoniae,2.723468554110651,0.07551944853466974,629.4887930331341,529.0156914703595
64,Ag,Bacillus subtilis,non-pathogenic,green_synthesis,MIC,nanoplates,Bacteria,Bacillota,Bacilli,Bacillales,Bacillaceae,Bacillus,p,soil,107.87,17.5,0,0.16,30,11,23.00188061,0.0,0.0,1.78376517,1.9140158511402927,Klebsiella pneumoniae,1.8450770007262978,0.06893885041399495,82.03814865585781,69.99660894958244
65,ZnO,Bacillus subtilis,non-pathogenic,chemical_synthesis,MBEC,cubic,Bacteria,Bacillota,Bacilli,Bacillales,Bacillaceae,Bacillus,p,soil,81.3794,38.0,0,0.16,30,8,22.60496136,17.07,0.6865,4.082482905,2.175827632698612,Klebsiella pneumoniae,2.122033456434257,0.05379417626435501,149.90897431211192,132.4443561478784
66,Au,Bacillus subtilis,non-pathogenic,green_synthesis,MBEC,rod-shaped,Bacteria,Bacillota,Bacilli,Bacillales,Bacillaceae,Bacillus,p,soil,196.966569,20.0,2,0.16,30,11,23.00188061,0.0,0.0,2.46797672,1.4030846274531088,Klebsiella pneumoniae,1.3495733835539845,0.05351124389912432,25.2979090831303,22.365230762995004
67,CuO,Bacillus subtilis,non-pathogenic,chemical_synthesis,MBEC,quasi-hexagonal,Bacteria,Bacillota,Bacilli,Bacillales,Bacillaceae,Bacillus,p,soil,79.5454,0.8,4,0.16,30,17,20.67942236,17.07,0.6865,1.651411411,2.0916714011972606,Klebsiella pneumoniae,2.062297650642559,0.029373750554701594,123.50126363015198,115.42440663543654
68,Ag,Bacillus subtilis,non-pathogenic,chemical_synthesis,MBEC,nanoplates,Bacteria,Bacillota,Bacilli,Bacillales,Bacillaceae,Bacillus,p,soil,107.8682,17.5,0,0.16,30,11,23.00188061,0.0,0.0,1.78376517,2.5675541472815615,Klebsiella pneumoniae,2.5518488339960634,0.015705313285498068,369.44870387964556,356.32708414833985
69,Au,Bacillus subtilis,non-pathogenic,green_synthesis,MBEC,spheroidal,Bacteria,Bacillota,Bacilli,Bacillales,Bacillaceae,Bacillus,p,soil,196.966569,28.0,0,0.16,30,11,23.00188061,0.0,0.0,2.46797672,1.6849980288971604,Klebsiella pneumoniae,1.6718713867977253,0.013126642099435148,48.417017010887776,46.97549734312634
70,Al2O3,Bacillus subtilis,non-pathogenic,chemical_synthesis,MBC,rod-shaped,Bacteria,Bacillota,Bacilli,Bacillales,Bacillaceae,Bacillus,p,soil,101.961276,26.38,3,0.16,30,24,51.55776403,85.5,13.5675,4.688846487,2.287497063295374,Klebsiella pneumoniae,2.344224286950328,-0.056727223654954084,193.86395268035704,220.91453290151856
71,Pd,Bacillus subtilis,non-pathogenic,green_synthesis,MBEC,quasi-spherical,Bacteria,Bacillota,Bacilli,Bacillales,Bacillaceae,Bacillus,p,soil,195.084,4.7,24,0.16,30,10,21.14774404,0.0,0.0,1.870828693,2.3975729150979923,Klebsiella pneumoniae,2.45974900655603,-0.0621760914580376,249.78877323595358,288.2365205499972
72,Ag,Bacillus subtilis,non-pathogenic,green_synthesis,MIC,spherical,Bacteria,Bacillota,Bacilli,Bacillales,Bacillaceae,Bacillus,p,soil,107.87,12.5,0,0.16,30,11,23.00188061,0.0,0.0,1.78376517,1.8320581413118437,Klebsiella pneumoniae,1.8954557173086517,-0.06339757599680795,67.92945673062655,78.60600367134431
73,Ag,Bacillus subtilis,non-pathogenic,green_synthesis,MIC,spherical,Bacteria,Bacillota,Bacilli,Bacillales,Bacillaceae,Bacillus,p,soil,107.87,10.0,18,0.16,30,11,23.00188061,0.0,0.0,1.78376517,1.634271441285342,Klebsiella pneumoniae,1.7041488794553017,-0.06987743816995962,43.07957809038912,50.59980922737258
74,ZnO,Bacillus subtilis,non-pathogenic,chemical_synthesis,MBEC,spheroidal,Bacteria,Bacillota,Bacilli,Bacillales,Bacillaceae,Bacillus,p,soil,81.3794,60.0,2,0.16,30,8,22.60496136,17.07,0.6865,4.082482905,1.7556594378264077,Klebsiella pneumoniae,1.880781876335251,-0.12512243850884341,56.9717339892975,75.99445002423687
75,Ag2O,Bacillus subtilis,non-pathogenic,green_synthesis,MIC,triangular,Bacteria,Bacillota,Bacilli,Bacillales,Bacillaceae,Bacillus,p,soil,231.7358,18.5,3,0.16,30,28,46.55109718,17.07,0.6865,3.975778631,0.3176865865219909,Klebsiella pneumoniae,0.44574205469765626,-0.12805546817566538,2.078196392109295,2.7908857273930803
76,ZnO,Bacillus subtilis,non-pathogenic,green_synthesis,MIC,rod-shaped,Bacteria,Bacillota,Bacilli,Bacillales,Bacillaceae,Bacillus,p,soil,81.3794,38.0,18,0.16,30,8,22.60496136,17.07,0.6865,4.082482905,0.6446244485641675,Klebsiella pneumoniae,0.7759347495987241,-0.13131030103455665,4.411887691552121,5.969455919934809
77,TiO2,Bacillus subtilis,non-pathogenic,chemical_synthesis,MBEC,rod-shaped,Bacteria,Bacillota,Bacilli,Bacillales,Bacillaceae,Bacillus,p,soil,79.866,37.86,18,0.16,30,16,26.40611331,34.14,1.373,2.878049394,2.280280107000735,Klebsiella pneumoniae,2.465907577365385,-0.1856274703646501,190.66900797601127,292.3530152318593
78,Ag,Bacillus subtilis,non-pathogenic,chemical_synthesis,MBC,hexagonal,Bacteria,Bacillota,Bacilli,Bacillales,Bacillaceae,Bacillus,p,soil,107.87,79.0,18,0.16,30,11,23.00188061,0.0,0.0,1.78376517,1.6357161881257964,Klebsiella pneumoniae,1.842135402109663,-0.20641921398386653,43.22312751532419,69.52410424944378
79,Au,Bacillus subtilis,non-pathogenic,chemical_synthesis,MBC,spheroidal,Bacteria,Bacillota,Bacilli,Bacillales,Bacillaceae,Bacillus,p,soil,196.966569,25.0,4,0.16,30,11,23.00188061,0.0,0.0,2.46797672,1.363955835459456,Klebsiella pneumoniae,1.5938935394644174,-0.22993770400496127,23.118296822209345,39.25486963985971
80,Ag,Bacillus subtilis,non-pathogenic,chemical_synthesis,MBC,spheroidal,Bacteria,Bacillota,Bacilli,Bacillales,Bacillaceae,Bacillus,p,soil,107.8682,41.23,3,0.16,30,11,23.00188061,0.0,0.0,1.78376517,1.87193387473047,Klebsiella pneumoniae,2.1412730399837065,-0.26933916525323665,74.46185903478279,138.44364975974102
