,np,bacteria,bac_type,np_synthesis,method,shape,kingdom,phylum,class,order,family,genus,gram,isolated_from,mol_weight (g/mol),np_size_avg (nm),time_set,"min_Incub_period, h","growth_temp, C",Valance_electron,labuteASA,tpsa,CrippenMR,chi0v,pred_MIC_norm,pathogenic_bacteria,pred_MIC_pathogen,Fitness,pred_norm_MIC_original,pred_path_MIC_original
0,Ag,Bacillus subtilis,non-pathogenic,green_synthesis,MIC,tetragonal,Bacteria,Bacillota,Bacilli,Bacillales,Bacillaceae,Bacillus,p,soil,107.87,1.4,24,0.16,30,11,23.00188061,0.0,0.0,1.78376517,1.6287460546919423,Klebsiella pneumoniae,0.8282746268741629,0.8004714278177795,42.53496254278879,6.734023488278553
1,CeO2,Bacillus subtilis,non-pathogenic,chemical_synthesis,MIC,hexagonal,Bacteria,Bacillota,Bacilli,Bacillales,Bacillaceae,Bacillus,p,soil,172.115,4.0,0,0.16,30,16,39.19032095,34.14,1.373,4.456551526,2.5209043813544194,Klebsiella pneumoniae,1.7249881013753425,0.7959162799790769,331.82139237102484,53.086989947283485
2,ZnO,Bacillus subtilis,non-pathogenic,green_synthesis,MBC,quasi-spherical,Bacteria,Bacillota,Bacilli,Bacillales,Bacillaceae,Bacillus,p,soil,81.3794,4.7,2,0.16,30,8,22.60496136,17.07,0.6865,4.082482905,2.078970087582796,Klebsiella pneumoniae,1.2906475961127268,0.7883224914700693,119.94166894172588,19.527542699179868
3,TiO2,Bacillus subtilis,non-pathogenic,green_synthesis,MIC,quasi-hexagonal,Bacteria,Bacillota,Bacilli,Bacillales,Bacillaceae,Bacillus,p,soil,79.866,4.0,0,0.16,30,16,26.40611331,34.14,1.373,2.878049394,1.544971540491587,Klebsiella pneumoniae,0.7999660779583038,0.7450054625332831,35.07288897810878,6.309080633440734
4,ZnO,Bacillus subtilis,non-pathogenic,green_synthesis,MBC,quasi-spherical,Bacteria,Bacillota,Bacilli,Bacillales,Bacillaceae,Bacillus,p,soil,81.3794,4.0,0,0.16,30,8,22.60496136,17.07,0.6865,4.082482905,1.9167339574515503,Klebsiella pneumoniae,1.2033383681274366,0.7133955893241137,82.55320855774455,15.971230153412318
5,Ag,Bacillus subtilis,non-pathogenic,chemical_synthesis,MIC,quasi-hexagonal,Bacteria,Bacillota,Bacilli,Bacillales,Bacillaceae,Bacillus,p,soil,107.87,6.0,3,0.16,30,11,23.00188061,0.0,0.0,1.78376517,0.9700370967565639,Klebsiella pneumoniae,0.28558168557387,0.6844554111826939,9.333340213269933,1.9301083322374513
6,ZnO,Bacillus subtilis,non-pathogenic,green_synthesis,MBEC,quasi-hexagonal,Bacteria,Bacillota,Bacilli,Bacillales,Bacillaceae,Bacillus,p,soil,81.3794,3.0,4,0.16,30,8,22.60496136,17.07,0.6865,4.082482905,1.069853824562839,Klebsiella pneumoniae,0.4442756293832104,0.6255781951796286,11.74502172838971,2.78147800082832
7,CuO,Bacillus subtilis,non-pathogenic,green_synthesis,MBC,quasi-spherical,Bacteria,Bacillota,Bacilli,Bacillales,Bacillaceae,Bacillus,p,soil,79.5454,4.7,4,0.16,30,17,20.67942236,17.07,0.6865,1.651411411,3.1499206008747507,Klebsiella pneumoniae,2.530986192669522,0.6189344082052286,1412.2793235342506,339.6144752074556
8,ZnO,Bacillus subtilis,non-pathogenic,green_synthesis,MIC,quasi-spherical,Bacteria,Bacillota,Bacilli,Bacillales,Bacillaceae,Bacillus,p,soil,81.3794,1.4,18,0.16,30,8,22.60496136,17.07,0.6865,4.082482905,1.1946086369007112,Klebsiella pneumoniae,0.5883335470748854,0.6062750898258258,15.653398332961048,3.8755518098266513
9,CeO2,Bacillus subtilis,non-pathogenic,green_synthesis,MIC,nanoplates,Bacteria,Bacillota,Bacilli,Bacillales,Bacillaceae,Bacillus,p,soil,172.115,0.8,1,0.16,30,16,39.19032095,34.14,1.373,4.456551526,2.6030164138305487,Klebsiella pneumoniae,2.014292331767415,0.5887240820631336,400.8818683671579,103.34568108672589
10,ZnO,Bacillus subtilis,non-pathogenic,green_synthesis,MBEC,spheroidal,Bacteria,Bacillota,Bacilli,Bacillales,Bacillaceae,Bacillus,p,soil,81.3794,12.0,18,0.16,30,8,22.60496136,17.07,0.6865,4.082482905,2.488432144493925,Klebsiella pneumoniae,1.9007251070656275,0.5877070374282973,307.9159206608079,79.56555693679364
11,CeO2,Bacillus subtilis,non-pathogenic,chemical_synthesis,MIC,rod-shaped,Bacteria,Bacillota,Bacilli,Bacillales,Bacillaceae,Bacillus,p,soil,172.115,1.9,18,0.16,30,16,39.19032095,34.14,1.373,4.456551526,2.191550838824417,Klebsiella pneumoniae,1.6374538206953855,0.5540970181290314,155.43572342979718,43.396411701503226
12,Ag,Bacillus subtilis,non-pathogenic,chemical_synthesis,MIC,spheroidal,Bacteria,Bacillota,Bacilli,Bacillales,Bacillaceae,Bacillus,p,soil,107.8682,4.0,24,0.16,30,11,23.00188061,0.0,0.0,1.78376517,2.036508633295609,Klebsiella pneumoniae,1.53388419530576,0.5026244379898488,108.76987596685385,34.18882657964212
13,ZnO,Bacillus subtilis,non-pathogenic,chemical_synthesis,MBC,hexagonal,Bacteria,Bacillota,Bacilli,Bacillales,Bacillaceae,Bacillus,p,soil,81.3794,4.7,2,0.16,30,8,22.60496136,17.07,0.6865,4.082482905,1.7496623193582417,Klebsiella pneumoniae,1.2497406298278049,0.4999216895304368,56.190425315158116,17.772176997149227
14,Au,Bacillus subtilis,non-pathogenic,chemical_synthesis,MIC,tetragonal,Bacteria,Bacillota,Bacilli,Bacillales,Bacillaceae,Bacillus,p,soil,196.966569,1.4,24,0.16,30,11,23.00188061,0.0,0.0,2.46797672,2.2045364617517995,Klebsiella pneumoniae,1.7105170161697212,0.49401944558207833,160.15351016394607,51.347229555862974
15,Ag,Bacillus subtilis,non-pathogenic,green_synthesis,MBC,spheroidal,Bacteria,Bacillota,Bacilli,Bacillales,Bacillaceae,Bacillus,p,soil,107.87,1.9,18,0.16,30,11,23.00188061,0.0,0.0,1.78376517,1.2912487121181058,Klebsiella pneumoniae,0.8100524396644709,0.48119627245363483,19.554589890258924,6.457321944170029
16,CeO2,Bacillus subtilis,non-pathogenic,chemical_synthesis,MIC,quasi-spherical,Bacteria,Bacillota,Bacilli,Bacillales,Bacillaceae,Bacillus,p,soil,172.115,4.7,3,0.16,30,16,39.19032095,34.14,1.373,4.456551526,2.322852581753558,Klebsiella pneumoniae,1.8436225799651043,0.47923000178845365,210.30644479689113,69.76258745574239
17,Ag,Bacillus subtilis,non-pathogenic,chemical_synthesis,MBEC,spheroidal,Bacteria,Bacillota,Bacilli,Bacillales,Bacillaceae,Bacillus,p,soil,107.87,28.0,18,0.16,30,11,23.00188061,0.0,0.0,1.78376517,1.2316621972270183,Klebsiella pneumoniae,0.7580636333774907,0.4735985638495276,17.04755880590535,5.728799639345244
18,Ni,Bacillus subtilis,non-pathogenic,green_synthesis,MBEC,hexagonal,Bacteria,Bacillota,Bacilli,Bacillales,Bacillaceae,Bacillus,p,soil,58.6934,6.0,1,0.16,30,10,17.41523038,0.0,0.0,1.303840481,2.864594133761366,Klebsiella pneumoniae,2.391596298418161,0.4729978353432047,732.1399980762696,246.3748077597018
19,ZnO,Bacillus subtilis,non-pathogenic,green_synthesis,MIC,quasi-spherical,Bacteria,Bacillota,Bacilli,Bacillales,Bacillaceae,Bacillus,p,soil,81.3794,10.0,0,0.16,30,8,22.60496136,17.07,0.6865,4.082482905,1.602988127537907,Klebsiella pneumoniae,1.1321361748576584,0.4708519526802486,40.08557591416317,13.556144043049182
20,Au,Bacillus subtilis,non-pathogenic,green_synthesis,MIC,spherical,Bacteria,Bacillota,Bacilli,Bacillales,Bacillaceae,Bacillus,p,soil,196.966569,44.45,4,0.16,30,11,23.00188061,0.0,0.0,2.46797672,0.930073192914959,Klebsiella pneumoniae,0.4601070716755613,0.46996612123939774,8.512814950651968,2.8847426246517522
21,ZnO,Bacillus subtilis,non-pathogenic,chemical_synthesis,MBEC,spherical,Bacteria,Bacillota,Bacilli,Bacillales,Bacillaceae,Bacillus,p,soil,81.3794,8.0,1,0.16,30,8,22.60496136,17.07,0.6865,4.082482905,2.1252757606558794,Klebsiella pneumoniae,1.6662432942192877,0.4590324664365917,133.43684369792575,46.37066180511827
22,Ag,Bacillus subtilis,non-pathogenic,green_synthesis,MIC,quasi-spherical,Bacteria,Bacillota,Bacilli,Bacillales,Bacillaceae,Bacillus,p,soil,107.87,6.0,4,0.16,30,11,23.00188061,0.0,0.0,1.78376517,1.9475086766572085,Klebsiella pneumoniae,1.4893338248851264,0.45817485177208206,88.61529277029592,30.855587851951697
23,CuO,Bacillus subtilis,non-pathogenic,green_synthesis,MBEC,hexagonal,Bacteria,Bacillota,Bacilli,Bacillales,Bacillaceae,Bacillus,p,soil,79.5454,5.1,1,0.16,30,17,20.67942236,17.07,0.6865,1.651411411,3.5596002186369953,Klebsiella pneumoniae,3.1031519147829365,0.45644830385405877,3627.4398409271957,1268.095363878326
24,Pd,Bacillus subtilis,non-pathogenic,green_synthesis,MIC,spherical,Bacteria,Bacillota,Bacilli,Bacillales,Bacillaceae,Bacillus,p,soil,195.084,5.1,1,0.16,30,10,21.14774404,0.0,0.0,1.870828693,1.3228316366527868,Klebsiella pneumoniae,0.8674332838107114,0.4553983528420754,21.029630240815468,7.369419578373074
25,ZnO,Bacillus subtilis,non-pathogenic,green_synthesis,MBC,quasi-spherical,Bacteria,Bacillota,Bacilli,Bacillales,Bacillaceae,Bacillus,p,soil,81.3794,60.0,3,0.16,30,8,22.60496136,17.07,0.6865,4.082482905,0.8559262450106994,Klebsiella pneumoniae,0.40389333241080894,0.4520329125998904,7.17672400671017,2.5345060509702293
26,CeO2,Bacillus subtilis,non-pathogenic,chemical_synthesis,MIC,spheroidal,Bacteria,Bacillota,Bacilli,Bacillales,Bacillaceae,Bacillus,p,soil,172.115,9.0,18,0.16,30,16,39.19032095,34.14,1.373,4.456551526,2.5668364775330863,Klebsiella pneumoniae,2.117334291470509,0.4495021860625772,368.8386956550054,131.01900335055308
27,ZnO,Bacillus subtilis,non-pathogenic,chemical_synthesis,MIC,spheroidal,Bacteria,Bacillota,Bacilli,Bacillales,Bacillaceae,Bacillus,p,soil,81.3794,4.7,18,0.16,30,8,22.60496136,17.07,0.6865,4.082482905,1.1682054639798656,Klebsiella pneumoniae,0.7189362788502585,0.4492691851296071,14.730092157644954,5.235236178011142
28,Ag,Bacillus subtilis,non-pathogenic,chemical_synthesis,MIC,hexagonal,Bacteria,Bacillota,Bacilli,Bacillales,Bacillaceae,Bacillus,p,soil,107.87,9.0,3,0.16,30,11,23.00188061,0.0,0.0,1.78376517,1.983436918824559,Klebsiella pneumoniae,1.57425003429085,0.409186884533709,96.25801882637992,37.51889458198807
29,CuO,Bacillus subtilis,non-pathogenic,green_synthesis,MBC,cubic,Bacteria,Bacillota,Bacilli,Bacillales,Bacillaceae,Bacillus,p,soil,79.5454,10.4,1,0.16,30,17,20.67942236,17.07,0.6865,1.651411411,3.4657260145653384,Klebsiella pneumoniae,3.057450851766693,0.4082751627986454,2922.308185650779,1141.4341235046563
30,ZnO,Bacillus subtilis,non-pathogenic,green_synthesis,MIC,cubic,Bacteria,Bacillota,Bacilli,Bacillales,Bacillaceae,Bacillus,p,soil,81.3794,10.0,2,0.16,30,8,22.60496136,17.07,0.6865,4.082482905,1.9280101311746258,Klebsiella pneumoniae,1.520719894040702,0.40729023713392376,84.724717840046,33.168046532885256
31,CuO,Bacillus subtilis,non-pathogenic,green_synthesis,MIC,spherical,Bacteria,Bacillota,Bacilli,Bacillales,Bacillaceae,Bacillus,p,soil,79.5454,1.4,3,0.16,30,17,20.67942236,17.07,0.6865,1.651411411,2.244957052366541,Klebsiella pneumoniae,1.849937183247431,0.39501986911911025,175.7749780467279,70.7843393861059
32,Pd,Bacillus subtilis,non-pathogenic,chemical_synthesis,MIC,quasi-hexagonal,Bacteria,Bacillota,Bacilli,Bacillales,Bacillaceae,Bacillus,p,soil,195.084,25.0,2,0.16,30,10,21.14774404,0.0,0.0,1.870828693,0.7087455423311229,Klebsiella pneumoniae,0.3171530295290592,0.39159251280206364,5.113821236241293,2.0756447700956544
33,Ag,Bacillus subtilis,non-pathogenic,green_synthesis,MBC,spheroidal,Bacteria,Bacillota,Bacilli,Bacillales,Bacillaceae,Bacillus,p,soil,107.8682,40.0,18,0.16,30,11,23.00188061,0.0,0.0,1.78376517,1.0498440653949286,Klebsiella pneumoniae,0.6653539554556556,0.384490109939273,11.216156628657316,4.627580213462302
34,ZnO,Bacillus subtilis,non-pathogenic,green_synthesis,MBC,hexagonal,Bacteria,Bacillota,Bacilli,Bacillales,Bacillaceae,Bacillus,p,soil,81.3794,27.43,4,0.16,30,8,22.60496136,17.07,0.6865,4.082482905,2.119414730228221,Klebsiella pneumoniae,1.7383756042052751,0.38103912602294576,131.64814081933406,54.74892601104475
35,Pd,Bacillus subtilis,non-pathogenic,green_synthesis,MBC,nanoplates,Bacteria,Bacillota,Bacilli,Bacillales,Bacillaceae,Bacillus,p,soil,195.084,6.0,1,0.16,30,10,21.14774404,0.0,0.0,1.870828693,1.9903411002054348,Klebsiella pneumoniae,1.6102123997686955,0.3801287004367393,97.80050565328584,40.757956341046125
36,CuO,Bacillus subtilis,non-pathogenic,green_synthesis,MBC,tetragonal,Bacteria,Bacillota,Bacilli,Bacillales,Bacillaceae,Bacillus,p,soil,79.5454,5.1,2,0.16,30,17,20.67942236,17.07,0.6865,1.651411411,2.7116377170093933,Klebsiella pneumoniae,2.3336818527565306,0.37795586425286265,514.7990265472034,215.61643083652177
37,Au,Bacillus subtilis,non-pathogenic,green_synthesis,MIC,quasi-hexagonal,Bacteria,Bacillota,Bacilli,Bacillales,Bacillaceae,Bacillus,p,soil,196.966569,37.86,4,0.16,30,11,23.00188061,0.0,0.0,2.46797672,0.2543681508040112,Klebsiella pneumoniae,-0.10943231569045109,0.3638004664944623,1.7962556649551469,0.7772624448379569
38,Ag,Bacillus subtilis,non-pathogenic,chemical_synthesis,MIC,quasi-spherical,Bacteria,Bacillota,Bacilli,Bacillales,Bacillaceae,Bacillus,p,soil,107.87,20.0,3,0.16,30,11,23.00188061,0.0,0.0,1.78376517,1.1043379625721048,Klebsiella pneumoniae,0.7430341286255291,0.3613038339465757,12.715632350116914,5.533935954249873
39,ZnO,Bacillus subtilis,non-pathogenic,green_synthesis,MBC,spherical,Bacteria,Bacillota,Bacilli,Bacillales,Bacillaceae,Bacillus,p,soil,81.3794,18.0,3,0.16,30,8,22.60496136,17.07,0.6865,4.082482905,2.154019820567529,Klebsiella pneumoniae,1.7932864583142836,0.36073336225324537,142.56726577408207,62.12786912087344
40,Al2O3,Bacillus subtilis,non-pathogenic,chemical_synthesis,MIC,cubic,Bacteria,Bacillota,Bacilli,Bacillales,Bacillaceae,Bacillus,p,soil,101.961276,1.4,2,0.16,30,24,51.55776403,85.5,13.5675,4.688846487,2.697334577352068,Klebsiella pneumoniae,2.3366219414305016,0.36071263592156644,498.12068579979393,217.08106393458374
41,Ag,Bacillus subtilis,non-pathogenic,green_synthesis,MBEC,tetragonal,Bacteria,Bacillota,Bacilli,Bacillales,Bacillaceae,Bacillus,p,soil,107.8682,40.0,18,0.16,30,11,23.00188061,0.0,0.0,1.78376517,0.27139443847056155,Klebsiella pneumoniae,-0.08842233206369254,0.3598167705342541,1.8680755593955267,0.8157886673122923
42,ZnO,Bacillus subtilis,non-pathogenic,green_synthesis,MBC,cubic,Bacteria,Bacillota,Bacilli,Bacillales,Bacillaceae,Bacillus,p,soil,81.3794,12.5,3,0.16,30,8,22.60496136,17.07,0.6865,4.082482905,2.488716752534168,Klebsiella pneumoniae,2.1322429677973025,0.35647378473686553,308.11777463751463,135.59477906457926
43,ZnO,Bacillus subtilis,non-pathogenic,chemical_synthesis,MIC,hexagonal,Bacteria,Bacillota,Bacilli,Bacillales,Bacillaceae,Bacillus,p,soil,81.3794,8.0,4,0.16,30,8,22.60496136,17.07,0.6865,4.082482905,2.005192346125674,Klebsiella pneumoniae,1.665626055779351,0.339566290346323,101.20275752721076,46.30480458950467
44,ZnO,Bacillus subtilis,non-pathogenic,chemical_synthesis,MBEC,tetragonal,Bacteria,Bacillota,Bacilli,Bacillales,Bacillaceae,Bacillus,p,soil,81.3794,10.4,24,0.16,30,8,22.60496136,17.07,0.6865,4.082482905,1.3903881767025617,Klebsiella pneumoniae,1.0692644623006287,0.321123714401933,24.569039396088233,11.729093877208069
45,Au,Bacillus subtilis,non-pathogenic,green_synthesis,MIC,quasi-hexagonal,Bacteria,Bacillota,Bacilli,Bacillales,Bacillaceae,Bacillus,p,soil,196.966569,35.0,3,0.16,30,11,23.00188061,0.0,0.0,2.46797672,0.6421709843327819,Klebsiella pneumoniae,0.37776346220614054,0.2644075221266413,4.387033839228246,2.3865111194211663
46,ZnO,Bacillus subtilis,non-pathogenic,green_synthesis,MBEC,hexagonal,Bacteria,Bacillota,Bacilli,Bacillales,Bacillaceae,Bacillus,p,soil,81.3794,28.0,1,0.16,30,8,22.60496136,17.07,0.6865,4.082482905,2.229162672424973,Klebsiella pneumoniae,1.9798232008743457,0.2493394715506274,169.4972562518064,95.46038924078347
47,Ag,Bacillus subtilis,non-pathogenic,green_synthesis,MIC,quasi-hexagonal,Bacteria,Bacillota,Bacilli,Bacillales,Bacillaceae,Bacillus,p,soil,107.87,11.3,2,0.16,30,11,23.00188061,0.0,0.0,1.78376517,1.16676101914244,Klebsiella pneumoniae,0.9178340426303937,0.24892697651204632,14.681181884132567,8.276258418161241
48,ZnO,Bacillus subtilis,non-pathogenic,chemical_synthesis,MBC,spherical,Bacteria,Bacillota,Bacilli,Bacillales,Bacillaceae,Bacillus,p,soil,81.3794,26.06,2,0.16,30,8,22.60496136,17.07,0.6865,4.082482905,1.455258063559199,Klebsiella pneumoniae,1.246751100106232,0.20850696345296704,28.527128839216566,17.650259711057167
49,Al2O3,Bacillus subtilis,non-pathogenic,green_synthesis,MBEC,tetragonal,Bacteria,Bacillota,Bacilli,Bacillales,Bacillaceae,Bacillus,p,soil,101.961276,5.1,24,0.16,30,24,51.55776403,85.5,13.5675,4.688846487,2.2297404714254463,Klebsiella pneumoniae,2.0416437656260875,0.18809670579935878,169.72291079350038,110.06361314236155
50,Ag,Bacillus subtilis,non-pathogenic,green_synthesis,MBEC,spheroidal,Bacteria,Bacillota,Bacilli,Bacillales,Bacillaceae,Bacillus,p,soil,107.87,1.4,1,0.16,30,11,23.00188061,0.0,0.0,1.78376517,1.782883078911232,Klebsiella pneumoniae,1.6067925184158551,0.17609056049537686,60.65730055612237,40.43826541542521
51,ZnO,Bacillus subtilis,non-pathogenic,chemical_synthesis,MBC,cubic,Bacteria,Bacillota,Bacilli,Bacillales,Bacillaceae,Bacillus,p,soil,81.3794,13.0,0,0.16,30,8,22.60496136,17.07,0.6865,4.082482905,1.9591409333635301,Klebsiella pneumoniae,1.7855545577484089,0.17358637561512125,91.02085974701508,61.031572204478024
52,Ag,Bacillus subtilis,non-pathogenic,green_synthesis,MBEC,quasi-spherical,Bacteria,Bacillota,Bacilli,Bacillales,Bacillaceae,Bacillus,p,soil,107.87,4.7,1,0.16,30,11,23.00188061,0.0,0.0,1.78376517,1.8034344765841985,Klebsiella pneumoniae,1.6368968983023946,0.16653757828180393,63.59668472196547,43.34079749328822
53,ZnO,Bacillus subtilis,non-pathogenic,chemical_synthesis,MBC,hexagonal,Bacteria,Bacillota,Bacilli,Bacillales,Bacillaceae,Bacillus,p,soil,81.3794,38.0,4,0.16,30,8,22.60496136,17.07,0.6865,4.082482905,1.823997366839223,Klebsiella pneumoniae,1.676033269810675,0.14796409702854807,66.68027263252576,47.42783167037321
54,Au,Bacillus subtilis,non-pathogenic,green_synthesis,MBEC,nanoplates,Bacteria,Bacillota,Bacilli,Bacillales,Bacillaceae,Bacillus,p,soil,196.966569,45.26,1,0.16,30,11,23.00188061,0.0,0.0,2.46797672,1.697529712773464,Klebsiella pneumoniae,1.5892321755728434,0.10829753720062074,49.83445496392566,38.83579282108035
55,CuO,Bacillus subtilis,non-pathogenic,green_synthesis,MIC,nanoplates,Bacteria,Bacillota,Bacilli,Bacillales,Bacillaceae,Bacillus,p,soil,79.5454,9.0,3,0.16,30,17,20.67942236,17.07,0.6865,1.651411411,2.8142725893999074,Klebsiella pneumoniae,2.7286190564368447,0.08565353296306277,652.0375237105923,535.326886873351
56,Ag,Bacillus subtilis,non-pathogenic,green_synthesis,MBEC,quasi-spherical,Bacteria,Bacillota,Bacilli,Bacillales,Bacillaceae,Bacillus,p,soil,107.87,22.5,3,0.16,30,11,23.00188061,0.0,0.0,1.78376517,1.575732407642902,Klebsiella pneumoniae,1.4970917879378367,0.0786406197050653,37.64717628587403,31.411725090818518
57,ZnO,Bacillus subtilis,non-pathogenic,green_synthesis,MIC,cubic,Bacteria,Bacillota,Bacilli,Bacillales,Bacillaceae,Bacillus,p,soil,81.3794,25.0,3,0.16,30,8,22.60496136,17.07,0.6865,4.082482905,1.7020244898784656,Klebsiella pneumoniae,1.6492453963175464,0.052779093560919144,50.35290020024178,44.59081357919225
58,ZnO,Bacillus subtilis,non-pathogenic,chemical_synthesis,MIC,quasi-spherical,Bacteria,Bacillota,Bacilli,Bacillales,Bacillaceae,Bacillus,p,soil,81.3794,25.0,2,0.16,30,8,22.60496136,17.07,0.6865,4.082482905,1.343935263224227,Klebsiella pneumoniae,1.3349721210413166,0.008963142182910389,22.076756280903265,21.625796953336998
59,Ag,Bacillus subtilis,non-pathogenic,chemical_synthesis,MBC,quasi-spherical,Bacteria,Bacillota,Bacilli,Bacillales,Bacillaceae,Bacillus,p,soil,107.87,1.9,2,0.16,30,11,23.00188061,0.0,0.0,1.78376517,0.8441058081405808,Klebsiella pneumoniae,0.8446718643138199,-0.0005660561732391267,6.984025367309164,6.993134228557919
60,CuO,Bacillus subtilis,non-pathogenic,chemical_synthesis,MBC,tetragonal,Bacteria,Bacillota,Bacilli,Bacillales,Bacillaceae,Bacillus,p,soil,79.5454,18.5,3,0.16,30,17,20.67942236,17.07,0.6865,1.651411411,1.9145585863878223,Klebsiella pneumoniae,1.9249377365830216,-0.010379150195199305,82.14073533305175,84.12745221495534
61,ZnO,Bacillus subtilis,non-pathogenic,chemical_synthesis,MBEC,nanoplates,Bacteria,Bacillota,Bacilli,Bacillales,Bacillaceae,Bacillus,p,soil,81.3794,60.0,3,0.16,30,8,22.60496136,17.07,0.6865,4.082482905,2.32608609361116,Klebsiella pneumoniae,2.3608938475725703,-0.03480775396141045,211.87811162653423,229.55874805704516
62,Au,Bacillus subtilis,non-pathogenic,green_synthesis,MBC,triangular,Bacteria,Bacillota,Bacilli,Bacillales,Bacillaceae,Bacillus,p,soil,196.966569,20.0,24,0.16,30,11,23.00188061,0.0,0.0,2.46797672,0.3733731059628409,Klebsiella pneumoniae,0.4424865019240247,-0.06911339596118382,2.36250701079805,2.7700429435932743
63,Ag,Bacillus subtilis,non-pathogenic,chemical_synthesis,MBEC,rod-shaped,Bacteria,Bacillota,Bacilli,Bacillales,Bacillaceae,Bacillus,p,soil,107.87,35.0,0,0.16,30,11,23.00188061,0.0,0.0,1.78376517,1.2060534617747707,Klebsiella pneumoniae,1.28048493748879,-0.07443147571401942,16.071390801161538,19.075895624599493
64,Ag,Bacillus subtilis,non-pathogenic,chemical_synthesis,MIC,quasi-hexagonal,Bacteria,Bacillota,Bacilli,Bacillales,Bacillaceae,Bacillus,p,soil,107.8682,37.86,18,0.16,30,11,23.00188061,0.0,0.0,1.78376517,0.37150752215338656,Klebsiella pneumoniae,0.5066498296072908,-0.1351423074539042,2.352380237198652,3.2110704177270835
65,Cu,Bacillus subtilis,non-pathogenic,chemical_synthesis,MBEC,cubic,Bacteria,Bacillota,Bacilli,Bacillales,Bacillaceae,Bacillus,p,soil,63.55,18.5,3,0.16,30,11,17.96409803,0.0,0.0,1.243163121,2.180314176170939,Klebsiella pneumoniae,2.342280033738396,-0.1619658575674574,151.46565810740805,219.92775131522163
66,ZnO,Bacillus subtilis,non-pathogenic,chemical_synthesis,MBC,triangular,Bacteria,Bacillota,Bacilli,Bacillales,Bacillaceae,Bacillus,p,soil,81.3794,41.23,2,0.16,30,8,22.60496136,17.07,0.6865,4.082482905,0.7267108205698172,Klebsiella pneumoniae,0.9339024141839141,-0.2071915936140969,5.32979887189443,8.58820523155856
