,np,bacteria,bac_type,np_synthesis,method,shape,kingdom,phylum,class,order,family,genus,gram,isolated_from,mol_weight (g/mol),np_size_avg (nm),time_set,"min_Incub_period, h","growth_temp, C",Valance_electron,labuteASA,tpsa,CrippenMR,chi0v,pred_MIC_norm,pathogenic_bacteria,pred_MIC_pathogen,Fitness,pred_norm_MIC_original,pred_path_MIC_original
0,Ag,Bacillus subtilis,non-pathogenic,chemical_synthesis,MIC,spheroidal,Bacteria,Bacillota,Bacilli,Bacillales,Bacillaceae,Bacillus,p,soil,107.87,1.9,18,0.16,30,11,23.00188061,0.0,0.0,1.78376517,0.9613443682867477,Klebsiella pneumoniae,-0.10637156799076841,1.0677159362775162,9.148383633909223,0.7827596529338318
1,ZnO,Bacillus subtilis,non-pathogenic,green_synthesis,MBC,quasi-spherical,Bacteria,Bacillota,Bacilli,Bacillales,Bacillaceae,Bacillus,p,soil,81.3794,4.7,2,0.16,30,8,22.60496136,17.07,0.6865,4.082482905,2.078970087582796,Klebsiella pneumoniae,1.2906475961127268,0.7883224914700693,119.94166894172588,19.527542699179868
2,ZnO,Bacillus subtilis,non-pathogenic,green_synthesis,MBEC,quasi-spherical,Bacteria,Bacillota,Bacilli,Bacillales,Bacillaceae,Bacillus,p,soil,81.3794,3.0,2,0.16,30,8,22.60496136,17.07,0.6865,4.082482905,1.954328294978967,Klebsiella pneumoniae,1.359198524258148,0.5951297707208192,90.0177793213333,22.86643832842122
3,ZnO,Bacillus subtilis,non-pathogenic,green_synthesis,MIC,quasi-spherical,Bacteria,Bacillota,Bacilli,Bacillales,Bacillaceae,Bacillus,p,soil,81.3794,8.7,3,0.16,30,8,22.60496136,17.07,0.6865,4.082482905,1.5743143261711083,Klebsiella pneumoniae,1.0706194811127911,0.5036948450583172,37.52444919742147,11.765746339976486
4,Ag,Bacillus subtilis,non-pathogenic,chemical_synthesis,MIC,spheroidal,Bacteria,Bacillota,Bacilli,Bacillales,Bacillaceae,Bacillus,p,soil,107.8682,4.0,24,0.16,30,11,23.00188061,0.0,0.0,1.78376517,2.036508633295609,Klebsiella pneumoniae,1.53388419530576,0.5026244379898488,108.76987596685385,34.18882657964212
5,ZnO,Bacillus subtilis,non-pathogenic,chemical_synthesis,MBC,hexagonal,Bacteria,Bacillota,Bacilli,Bacillales,Bacillaceae,Bacillus,p,soil,81.3794,4.7,2,0.16,30,8,22.60496136,17.07,0.6865,4.082482905,1.7496623193582417,Klebsiella pneumoniae,1.2497406298278049,0.4999216895304368,56.190425315158116,17.772176997149227
6,Ag,Bacillus subtilis,non-pathogenic,chemical_synthesis,MIC,triangular,Bacteria,Bacillota,Bacilli,Bacillales,Bacillaceae,Bacillus,p,soil,107.87,17.5,0,0.16,30,11,23.00188061,0.0,0.0,1.78376517,-0.7747412595554355,Klebsiella pneumoniae,-1.2487029028794816,0.4739616433240461,0.1679804500366405,0.05640233674154642
7,Ag,Bacillus subtilis,non-pathogenic,green_synthesis,MIC,triangular,Bacteria,Bacillota,Bacilli,Bacillales,Bacillaceae,Bacillus,p,soil,107.87,11.3,18,0.16,30,11,23.00188061,0.0,0.0,1.78376517,-0.18643409944421618,Klebsiella pneumoniae,-0.5548480740484822,0.36841397460426606,0.6509773837203358,0.27870959868073
8,TiO2,Bacillus subtilis,non-pathogenic,green_synthesis,MBC,spheroidal,Bacteria,Bacillota,Bacilli,Bacillales,Bacillaceae,Bacillus,p,soil,79.866,18.0,0,0.16,30,16,26.40611331,34.14,1.373,2.878049394,2.848994164231692,Klebsiella pneumoniae,2.514310557069842,0.3346836071618502,706.3080632883431,326.82145345116777
9,ZnO,Bacillus subtilis,non-pathogenic,chemical_synthesis,MBC,quasi-hexagonal,Bacteria,Bacillota,Bacilli,Bacillales,Bacillaceae,Bacillus,p,soil,81.3794,18.0,0,0.16,30,8,22.60496136,17.07,0.6865,4.082482905,0.6143755578530194,Klebsiella pneumoniae,0.2934587232109469,0.32091683464207255,4.115054182081197,1.9654351702207988
10,ZnO,Bacillus subtilis,non-pathogenic,green_synthesis,MBEC,nanoplates,Bacteria,Bacillota,Bacilli,Bacillales,Bacillaceae,Bacillus,p,soil,81.3794,1.9,18,0.16,30,8,22.60496136,17.07,0.6865,4.082482905,2.0278374751489427,Klebsiella pneumoniae,1.7419806722142854,0.2858568029346573,106.6197046521364,55.20528702441829
11,Ag,Bacillus subtilis,non-pathogenic,chemical_synthesis,MIC,quasi-spherical,Bacteria,Bacillota,Bacilli,Bacillales,Bacillaceae,Bacillus,p,soil,107.87,41.23,1,0.16,30,11,23.00188061,0.0,0.0,1.78376517,0.4784202382507352,Klebsiella pneumoniae,0.2321762785660879,0.2462439596846473,3.008986493035213,1.706775022259507
12,ZnO,Bacillus subtilis,non-pathogenic,green_synthesis,MIC,spheroidal,Bacteria,Bacillota,Bacilli,Bacillales,Bacillaceae,Bacillus,p,soil,81.3794,40.0,24,0.16,30,8,22.60496136,17.07,0.6865,4.082482905,1.3225294220081356,Klebsiella pneumoniae,1.076709883246755,0.24581953876138063,21.01500133875819,11.931907646568055
13,Ag,Bacillus subtilis,non-pathogenic,green_synthesis,MBC,spheroidal,Bacteria,Bacillota,Bacilli,Bacillales,Bacillaceae,Bacillus,p,soil,107.8682,3.0,3,0.16,30,11,23.00188061,0.0,0.0,1.78376517,1.5828085176291398,Klebsiella pneumoniae,1.349997744895275,0.23281077273386486,38.26559913873575,22.38709513881127
14,ZnO,Bacillus subtilis,non-pathogenic,green_synthesis,MIC,nanoplates,Bacteria,Bacillota,Bacilli,Bacillales,Bacillaceae,Bacillus,p,soil,81.3794,9.0,18,0.16,30,8,22.60496136,17.07,0.6865,4.082482905,1.864023603818963,Klebsiella pneumoniae,1.6640582714758136,0.1999653323431494,73.11788218274825,46.13794760132249
15,Ag,Bacillus subtilis,non-pathogenic,green_synthesis,MBC,quasi-spherical,Bacteria,Bacillota,Bacilli,Bacillales,Bacillaceae,Bacillus,p,soil,107.8682,26.38,0,0.16,30,11,23.00188061,0.0,0.0,1.78376517,1.1991902897130031,Klebsiella pneumoniae,1.0046588558667668,0.19453143384623628,15.819410279626533,10.107851570541067
16,Ag,Bacillus subtilis,non-pathogenic,green_synthesis,MIC,quasi-spherical,Bacteria,Bacillota,Bacilli,Bacillales,Bacillaceae,Bacillus,p,soil,107.87,18.5,3,0.16,30,11,23.00188061,0.0,0.0,1.78376517,1.3720958026248389,Klebsiella pneumoniae,1.2043547149686726,0.16774108765616624,23.55568850225813,16.008650195453185
17,ZnO,Bacillus subtilis,non-pathogenic,chemical_synthesis,MBEC,cubic,Bacteria,Bacillota,Bacilli,Bacillales,Bacillaceae,Bacillus,p,soil,81.3794,12.0,18,0.16,30,8,22.60496136,17.07,0.6865,4.082482905,2.3965402411972407,Klebsiella pneumoniae,2.232315979107071,0.16422426209016994,249.19552620933212,170.7324132960558
18,CuO,Bacillus subtilis,non-pathogenic,chemical_synthesis,MBEC,rod-shaped,Bacteria,Bacillota,Bacilli,Bacillales,Bacillaceae,Bacillus,p,soil,79.5454,6.0,3,0.16,30,17,20.67942236,17.07,0.6865,1.651411411,2.9985102586443295,Klebsiella pneumoniae,2.8361327762202584,0.16237748242407113,996.5756203696019,685.6978318106104
19,Cu,Bacillus subtilis,non-pathogenic,green_synthesis,MBC,spheroidal,Bacteria,Bacillota,Bacilli,Bacillales,Bacillaceae,Bacillus,p,soil,63.55,18.5,1,0.16,30,11,17.96409803,0.0,0.0,1.243163121,1.8089213974568943,Klebsiella pneumoniae,1.6550888130319201,0.15383258442497416,64.40526884855211,45.1948358167218
20,ZnO,Bacillus subtilis,non-pathogenic,green_synthesis,MIC,rod-shaped,Bacteria,Bacillota,Bacilli,Bacillales,Bacillaceae,Bacillus,p,soil,81.3794,12.5,2,0.16,30,8,22.60496136,17.07,0.6865,4.082482905,1.424002027710607,Klebsiella pneumoniae,1.2702899155522667,0.15371211215834024,26.546179562947064,18.633305976608387
21,Ag,Bacillus subtilis,non-pathogenic,green_synthesis,MBC,hexagonal,Bacteria,Bacillota,Bacilli,Bacillales,Bacillaceae,Bacillus,p,soil,107.8682,27.43,2,0.16,30,11,23.00188061,0.0,0.0,1.78376517,1.584018411120852,Klebsiella pneumoniae,1.4479662347064644,0.1360521764143876,38.37235124044959,28.05215531086537
22,CuO,Bacillus subtilis,non-pathogenic,chemical_synthesis,MBEC,cubic,Bacteria,Bacillota,Bacilli,Bacillales,Bacillaceae,Bacillus,p,soil,79.5454,5.1,2,0.16,30,17,20.67942236,17.07,0.6865,1.651411411,3.264397537977919,Klebsiella pneumoniae,3.1350666830097214,0.12933085496819752,1838.2202159553851,1364.7926752787102
23,ZnO,Bacillus subtilis,non-pathogenic,green_synthesis,MBEC,triangular,Bacteria,Bacillota,Bacilli,Bacillales,Bacillaceae,Bacillus,p,soil,81.3794,20.0,1,0.16,30,8,22.60496136,17.07,0.6865,4.082482905,0.6276732729719654,Klebsiella pneumoniae,0.4983832232895642,0.1292900496824012,4.243002356545213,3.150527126378289
24,Ag,Bacillus subtilis,non-pathogenic,green_synthesis,MIC,triangular,Bacteria,Bacillota,Bacilli,Bacillales,Bacillaceae,Bacillus,p,soil,107.87,9.0,3,0.16,30,11,23.00188061,0.0,0.0,1.78376517,-0.1034899777207463,Klebsiella pneumoniae,-0.22726764677752964,0.12377766905678333,0.7879706153582356,0.5925600294427233
25,TiO2,Bacillus subtilis,non-pathogenic,green_synthesis,MIC,spherical,Bacteria,Bacillota,Bacilli,Bacillales,Bacillaceae,Bacillus,p,soil,79.866,20.0,2,0.16,30,16,26.40611331,34.14,1.373,2.878049394,2.1165441482128946,Klebsiella pneumoniae,1.9960685861190635,0.12047556209383115,130.780847745604,99.09884347561004
26,Ag,Bacillus subtilis,non-pathogenic,chemical_synthesis,MBC,quasi-hexagonal,Bacteria,Bacillota,Bacilli,Bacillales,Bacillaceae,Bacillus,p,soil,107.87,10.0,4,0.16,30,11,23.00188061,0.0,0.0,1.78376517,0.8411834804404347,Klebsiella pneumoniae,0.7374873304229699,0.1036961500174648,6.937188259774996,5.4637061050017355
27,ZnO,Bacillus subtilis,non-pathogenic,green_synthesis,MIC,tetragonal,Bacteria,Bacillota,Bacilli,Bacillales,Bacillaceae,Bacillus,p,soil,81.3794,12.0,3,0.16,30,8,22.60496136,17.07,0.6865,4.082482905,0.363281261225054,Klebsiella pneumoniae,0.26775917294342766,0.09552208828162634,2.308241586421659,1.852504079105466
28,Ag,Bacillus subtilis,non-pathogenic,green_synthesis,MBEC,quasi-hexagonal,Bacteria,Bacillota,Bacilli,Bacillales,Bacillaceae,Bacillus,p,soil,107.8682,60.0,18,0.16,30,11,23.00188061,0.0,0.0,1.78376517,0.5495077424693295,Klebsiella pneumoniae,0.4664031201733485,0.08310462229598103,3.54411448563691,2.926867890282114
29,Au,Bacillus subtilis,non-pathogenic,green_synthesis,MBEC,quasi-spherical,Bacteria,Bacillota,Bacilli,Bacillales,Bacillaceae,Bacillus,p,soil,196.966569,35.0,18,0.16,30,11,23.00188061,0.0,0.0,2.46797672,1.0948383394592651,Klebsiella pneumoniae,1.0122784246120318,0.08255991484723335,12.4405144340723,10.286755669392816
30,ZnO,Bacillus subtilis,non-pathogenic,chemical_synthesis,MBEC,quasi-spherical,Bacteria,Bacillota,Bacilli,Bacillales,Bacillaceae,Bacillus,p,soil,81.3794,18.0,18,0.16,30,8,22.60496136,17.07,0.6865,4.082482905,1.7599254905635087,Klebsiella pneumoniae,1.6815742576399775,0.07835123292353119,57.53412208452561,48.03682087528699
31,Cu,Bacillus subtilis,non-pathogenic,green_synthesis,MIC,tetragonal,Bacteria,Bacillota,Bacilli,Bacillales,Bacillaceae,Bacillus,p,soil,63.55,1.4,2,0.16,30,11,17.96409803,0.0,0.0,1.243163121,0.20630980663261922,Klebsiella pneumoniae,0.13216301480255366,0.07414679183006556,1.6080879833776003,1.3556981855679957
32,ZnO,Bacillus subtilis,non-pathogenic,green_synthesis,MBC,triangular,Bacteria,Bacillota,Bacilli,Bacillales,Bacillaceae,Bacillus,p,soil,81.3794,28.0,4,0.16,30,8,22.60496136,17.07,0.6865,4.082482905,0.9057964053875045,Klebsiella pneumoniae,0.8437232743351641,0.06207313105234036,8.0500097316701,6.977876430006682
33,Ag2O,Bacillus subtilis,non-pathogenic,chemical_synthesis,MBEC,quasi-spherical,Bacteria,Bacillota,Bacilli,Bacillales,Bacillaceae,Bacillus,p,soil,231.7358,6.0,2,0.16,30,28,46.55109718,17.07,0.6865,3.975778631,2.3056987601262047,Klebsiella pneumoniae,2.2624911147055147,0.04320764542069,202.16164375377588,183.01686622390042
34,Au,Bacillus subtilis,non-pathogenic,green_synthesis,MIC,spheroidal,Bacteria,Bacillota,Bacilli,Bacillales,Bacillaceae,Bacillus,p,soil,196.966569,6.0,3,0.16,30,11,23.00188061,0.0,0.0,2.46797672,2.1125989514139327,Klebsiella pneumoniae,2.0704112765397684,0.042187674874164305,129.59819456565467,117.60107090137146
35,Ag,Bacillus subtilis,non-pathogenic,green_synthesis,MBEC,spherical,Bacteria,Bacillota,Bacilli,Bacillales,Bacillaceae,Bacillus,p,soil,107.8682,40.0,4,0.16,30,11,23.00188061,0.0,0.0,1.78376517,1.2814934147951966,Klebsiella pneumoniae,1.2550141594364514,0.02647925535874518,19.12024332370457,17.98929565226112
36,ZnO,Bacillus subtilis,non-pathogenic,chemical_synthesis,MBEC,triangular,Bacteria,Bacillota,Bacilli,Bacillales,Bacillaceae,Bacillus,p,soil,81.3794,1.4,4,0.16,30,8,22.60496136,17.07,0.6865,4.082482905,-0.016024269272518765,Klebsiella pneumoniae,-0.037607817879741656,0.02158354860722289,0.9637751643726055,0.9170482408752635
37,Ag,Bacillus subtilis,non-pathogenic,green_synthesis,MBC,tetragonal,Bacteria,Bacillota,Bacilli,Bacillales,Bacillaceae,Bacillus,p,soil,107.87,18.0,0,0.16,30,11,23.00188061,0.0,0.0,1.78376517,0.6829534724605095,Klebsiella pneumoniae,0.663612365161361,0.019341107299148508,4.818961675791798,4.609060036343307
38,TiO2,Bacillus subtilis,non-pathogenic,chemical_synthesis,MBEC,tetragonal,Bacteria,Bacillota,Bacilli,Bacillales,Bacillaceae,Bacillus,p,soil,79.866,38.0,18,0.16,30,16,26.40611331,34.14,1.373,2.878049394,1.1948180202154988,Klebsiella pneumoniae,1.1849692729121384,0.009848747303360383,15.660947014299888,15.309791384205788
39,Ag,Bacillus subtilis,non-pathogenic,green_synthesis,MIC,triangular,Bacteria,Bacillota,Bacilli,Bacillales,Bacillaceae,Bacillus,p,soil,107.8682,22.5,0,0.16,30,11,23.00188061,0.0,0.0,1.78376517,-0.8219767221760672,Klebsiella pneumoniae,-0.829158605830663,0.007181883654595822,0.15066878212397683,0.14819767633213576
40,Al2O3,Bacillus subtilis,non-pathogenic,chemical_synthesis,MBEC,spherical,Bacteria,Bacillota,Bacilli,Bacillales,Bacillaceae,Bacillus,p,soil,101.961276,17.5,2,0.16,30,24,51.55776403,85.5,13.5675,4.688846487,2.6022055967620146,Klebsiella pneumoniae,2.62610759479751,-0.02390199803549553,400.13413004432294,422.7733417712374
41,Ag,Bacillus subtilis,non-pathogenic,chemical_synthesis,MBEC,hexagonal,Bacteria,Bacillota,Bacilli,Bacillales,Bacillaceae,Bacillus,p,soil,107.87,37.86,3,0.16,30,11,23.00188061,0.0,0.0,1.78376517,1.7790428290034503,Klebsiella pneumoniae,1.8031017739771,-0.024058944973649687,60.123302661260425,63.547983480890984
42,ZnO,Bacillus subtilis,non-pathogenic,green_synthesis,MIC,tetragonal,Bacteria,Bacillota,Bacilli,Bacillales,Bacillaceae,Bacillus,p,soil,81.3794,20.0,4,0.16,30,8,22.60496136,17.07,0.6865,4.082482905,0.04443175923340181,Klebsiella pneumoniae,0.06897703496253826,-0.02454527572913645,1.107724494758491,1.172133382723391
43,CuO,Bacillus subtilis,non-pathogenic,green_synthesis,MIC,quasi-spherical,Bacteria,Bacillota,Bacilli,Bacillales,Bacillaceae,Bacillus,p,soil,79.5454,100.0,0,0.16,30,17,20.67942236,17.07,0.6865,1.651411411,1.644189587287752,Klebsiella pneumoniae,1.671997006021493,-0.02780741873374093,44.07472256906128,46.9890869217954
44,Ag,Bacillus subtilis,non-pathogenic,chemical_synthesis,MBC,cubic,Bacteria,Bacillota,Bacilli,Bacillales,Bacillaceae,Bacillus,p,soil,107.87,10.0,2,0.16,30,11,23.00188061,0.0,0.0,1.78376517,1.9849811536539046,Klebsiella pneumoniae,2.015204550940493,-0.030223397286588405,96.60089578166543,103.5629829278271
45,Al2O3,Bacillus subtilis,non-pathogenic,chemical_synthesis,MBC,spherical,Bacteria,Bacillota,Bacilli,Bacillales,Bacillaceae,Bacillus,p,soil,101.961276,26.38,1,0.16,30,24,51.55776403,85.5,13.5675,4.688846487,2.3082511139588835,Klebsiella pneumoniae,2.3515419904155377,-0.04329087645665419,203.3532482443648,224.66839895133714
46,Au,Bacillus subtilis,non-pathogenic,chemical_synthesis,MBEC,quasi-spherical,Bacteria,Bacillota,Bacilli,Bacillales,Bacillaceae,Bacillus,p,soil,196.966569,12.5,1,0.16,30,11,23.00188061,0.0,0.0,2.46797672,1.9914300127858064,Klebsiella pneumoniae,2.058699592751381,-0.0672695799655747,98.0460298926453,114.47208489450533
47,Ag,Bacillus subtilis,non-pathogenic,chemical_synthesis,MBEC,nanoplates,Bacteria,Bacillota,Bacilli,Bacillales,Bacillaceae,Bacillus,p,soil,107.8682,79.0,3,0.16,30,11,23.00188061,0.0,0.0,1.78376517,2.50927296927079,Klebsiella pneumoniae,2.576567870552623,-0.06729490128183313,323.0523981032693,377.19668784494695
48,Au,Bacillus subtilis,non-pathogenic,chemical_synthesis,MBC,spherical,Bacteria,Bacillota,Bacilli,Bacillales,Bacillaceae,Bacillus,p,soil,196.966569,17.5,1,0.16,30,11,23.00188061,0.0,0.0,2.46797672,1.262750936065628,Klebsiella pneumoniae,1.3358218151080072,-0.0730708790423793,18.312639079785008,21.668149088666688
49,ZnO,Bacillus subtilis,non-pathogenic,green_synthesis,MIC,tetragonal,Bacteria,Bacillota,Bacilli,Bacillales,Bacillaceae,Bacillus,p,soil,81.3794,50.0,1,0.16,30,8,22.60496136,17.07,0.6865,4.082482905,-0.1575835552430458,Klebsiella pneumoniae,-0.08394219549692172,-0.07364135974612407,0.695691095687564,0.8242478149210034
50,Ag,Bacillus subtilis,non-pathogenic,chemical_synthesis,MBC,spheroidal,Bacteria,Bacillota,Bacilli,Bacillales,Bacillaceae,Bacillus,p,soil,107.8682,10.0,1,0.16,30,11,23.00188061,0.0,0.0,1.78376517,1.768551488611724,Klebsiella pneumoniae,1.8480669970398638,-0.07951550842813981,58.6882944522724,70.48017878052333
51,ZnO,Bacillus subtilis,non-pathogenic,green_synthesis,MIC,tetragonal,Bacteria,Bacillota,Bacilli,Bacillales,Bacillaceae,Bacillus,p,soil,81.3794,27.43,2,0.16,30,8,22.60496136,17.07,0.6865,4.082482905,-0.04136124593114565,Klebsiella pneumoniae,0.04398075316780781,-0.08534199909895346,0.909156721923578,1.1065747422992531
52,CuO,Bacillus subtilis,non-pathogenic,chemical_synthesis,MIC,quasi-hexagonal,Bacteria,Bacillota,Bacilli,Bacillales,Bacillaceae,Bacillus,p,soil,79.5454,18.0,3,0.16,30,17,20.67942236,17.07,0.6865,1.651411411,2.0152326809176757,Klebsiella pneumoniae,2.1286518137425694,-0.11341913282489369,103.56969109202757,134.47817718947923
53,Ag,Bacillus subtilis,non-pathogenic,chemical_synthesis,MIC,quasi-spherical,Bacteria,Bacillota,Bacilli,Bacillales,Bacillaceae,Bacillus,p,soil,107.8682,8.0,24,0.16,30,11,23.00188061,0.0,0.0,1.78376517,1.9173116530749712,Klebsiella pneumoniae,2.041086064812789,-0.12377441173781767,82.66309335301055,109.92236527101154
54,Ag,Bacillus subtilis,non-pathogenic,chemical_synthesis,MBEC,spherical,Bacteria,Bacillota,Bacilli,Bacillales,Bacillaceae,Bacillus,p,soil,107.8682,10.4,3,0.16,30,11,23.00188061,0.0,0.0,1.78376517,2.292510650563835,Klebsiella pneumoniae,2.442209452846431,-0.14969880228259624,196.11492697766687,276.8276416177034
55,Pd,Bacillus subtilis,non-pathogenic,chemical_synthesis,MBEC,hexagonal,Bacteria,Bacillota,Bacilli,Bacillales,Bacillaceae,Bacillus,p,soil,195.084,20.0,18,0.16,30,10,21.14774404,0.0,0.0,1.870828693,1.9101079406301893,Klebsiella pneumoniae,2.087096329029987,-0.1769883883997978,81.30325641890043,122.20706924590027
56,CuO,Bacillus subtilis,non-pathogenic,chemical_synthesis,MIC,tetragonal,Bacteria,Bacillota,Bacilli,Bacillales,Bacillaceae,Bacillus,p,soil,79.5454,18.0,18,0.16,30,17,20.67942236,17.07,0.6865,1.651411411,1.397602037205127,Klebsiella pneumoniae,1.5769733229280982,-0.17937128572297123,24.980552366594875,37.754899880220705
57,Cu,Bacillus subtilis,non-pathogenic,chemical_synthesis,MBEC,quasi-spherical,Bacteria,Bacillota,Bacilli,Bacillales,Bacillaceae,Bacillus,p,soil,63.55,100.0,3,0.16,30,11,17.96409803,0.0,0.0,1.243163121,1.627747070266256,Klebsiella pneumoniae,1.8163507659744957,-0.18860369570823976,42.43723408070624,65.51651166630342
58,ZnO,Bacillus subtilis,non-pathogenic,chemical_synthesis,MIC,tetragonal,Bacteria,Bacillota,Bacilli,Bacillales,Bacillaceae,Bacillus,p,soil,81.3794,60.0,4,0.16,30,8,22.60496136,17.07,0.6865,4.082482905,-0.2060439153044138,Klebsiella pneumoniae,-0.009106826658202838,-0.19693708864621096,0.6222373621389728,0.9792490825690503
59,Ag2O,Bacillus subtilis,non-pathogenic,chemical_synthesis,MBC,spheroidal,Bacteria,Bacillota,Bacilli,Bacillales,Bacillaceae,Bacillus,p,soil,231.7358,79.0,4,0.16,30,28,46.55109718,17.07,0.6865,3.975778631,1.4128482168160097,Klebsiella pneumoniae,1.6281312352638229,-0.21528301844781317,25.873085091045215,42.474789502851365
60,ZnO,Bacillus subtilis,non-pathogenic,chemical_synthesis,MBEC,hexagonal,Bacteria,Bacillota,Bacilli,Bacillales,Bacillaceae,Bacillus,p,soil,81.3794,100.0,18,0.16,30,8,22.60496136,17.07,0.6865,4.082482905,2.0463374786390265,Klebsiella pneumoniae,2.268684622775213,-0.22234714413618661,111.25959600478075,185.64558390016703
61,Au,Bacillus subtilis,non-pathogenic,green_synthesis,MBEC,tetragonal,Bacteria,Bacillota,Bacilli,Bacillales,Bacillaceae,Bacillus,p,soil,196.966569,0.8,4,0.16,30,11,23.00188061,0.0,0.0,2.46797672,0.7885914542715343,Klebsiella pneumoniae,1.017451426137209,-0.22885997186567464,6.145984409829335,10.410016698092614
62,Ag,Bacillus subtilis,non-pathogenic,green_synthesis,MBEC,nanoplates,Bacteria,Bacillota,Bacilli,Bacillales,Bacillaceae,Bacillus,p,soil,107.8682,28.0,24,0.16,30,11,23.00188061,0.0,0.0,1.78376517,2.2675326974582988,Klebsiella pneumoniae,2.5023991740584366,-0.23486647660013782,185.15382888316296,317.9795380348595
63,ZnO,Bacillus subtilis,non-pathogenic,chemical_synthesis,MBC,nanoplates,Bacteria,Bacillota,Bacilli,Bacillales,Bacillaceae,Bacillus,p,soil,81.3794,79.0,24,0.16,30,8,22.60496136,17.07,0.6865,4.082482905,2.5525763921991325,Klebsiella pneumoniae,2.949079171290623,-0.39650277909149034,356.92452662173724,889.3632327829284
