,np,bacteria,bac_type,np_synthesis,method,shape,kingdom,phylum,class,order,family,genus,gram,isolated_from,mol_weight (g/mol),np_size_avg (nm),time_set,"min_Incub_period, h","growth_temp, C",Valance_electron,labuteASA,tpsa,CrippenMR,chi0v,pred_MIC_norm,pathogenic_bacteria,pred_MIC_pathogen,Fitness,pred_norm_MIC_original,pred_path_MIC_original
0,Ag,Bacillus subtilis,non-pathogenic,chemical_synthesis,MIC,spheroidal,Bacteria,Bacillota,Bacilli,Bacillales,Bacillaceae,Bacillus,p,soil,107.87,4.0,24,0.16,30,11,23.00188061,0.0,0.0,1.78376517,1.576650266999707,Klebsiella pneumoniae,0.6041259074956504,0.9725243595040565,37.72682582118388,4.019073120035886
1,ZrO2,Bacillus subtilis,non-pathogenic,chemical_synthesis,MIC,quasi-spherical,Bacteria,Bacillota,Bacilli,Bacillales,Bacillaceae,Bacillus,p,soil,123.2218,1.9,1,0.16,30,16,29.29254423,34.14,1.373,3.774536472,1.6710285211257854,Klebsiella pneumoniae,0.7109335729395725,0.9600949481862129,46.8844171218265,5.139650325834571
2,Ag,Bacillus subtilis,non-pathogenic,green_synthesis,MIC,spheroidal,Bacteria,Bacillota,Bacilli,Bacillales,Bacillaceae,Bacillus,p,soil,107.87,3.0,18,0.16,30,11,23.00188061,0.0,0.0,1.78376517,1.352005576687519,Klebsiella pneumoniae,0.4528028530056989,0.8992027236818201,22.49083485676072,2.8366310538987634
3,ZnO,Bacillus subtilis,non-pathogenic,green_synthesis,MBC,quasi-hexagonal,Bacteria,Bacillota,Bacilli,Bacillales,Bacillaceae,Bacillus,p,soil,81.3794,6.0,0,0.16,30,8,22.60496136,17.07,0.6865,4.082482905,1.4597894852909152,Klebsiella pneumoniae,0.5906509158989324,0.8691385693919829,28.826338709778746,3.8962867886158628
4,Ag,Bacillus subtilis,non-pathogenic,chemical_synthesis,MIC,spherical,Bacteria,Bacillota,Bacilli,Bacillales,Bacillaceae,Bacillus,p,soil,107.87,1.4,24,0.16,30,11,23.00188061,0.0,0.0,1.78376517,2.0246453217009397,Klebsiella pneumoniae,1.2362243982017884,0.7884209234991513,105.83890102051275,17.227584873998683
5,ZnO,Bacillus subtilis,non-pathogenic,green_synthesis,MIC,rod-shaped,Bacteria,Bacillota,Bacilli,Bacillales,Bacillaceae,Bacillus,p,soil,81.3794,1.9,3,0.16,30,8,22.60496136,17.07,0.6865,4.082482905,1.1506295071114792,Klebsiella pneumoniae,0.36536862182280117,0.785260885288678,14.145864934922267,2.319362450415914
6,Ag,Bacillus subtilis,non-pathogenic,chemical_synthesis,MIC,spheroidal,Bacteria,Bacillota,Bacilli,Bacillales,Bacillaceae,Bacillus,p,soil,107.87,0.8,0,0.16,30,11,23.00188061,0.0,0.0,1.78376517,0.9191372791275384,Klebsiella pneumoniae,0.14759835438537006,0.7715389247421683,8.301131222093641,1.4047477798618564
7,CeO2,Bacillus subtilis,non-pathogenic,green_synthesis,MIC,spheroidal,Bacteria,Bacillota,Bacilli,Bacillales,Bacillaceae,Bacillus,p,soil,172.115,4.0,24,0.16,30,16,39.19032095,34.14,1.373,4.456551526,3.3565384418831172,Klebsiella pneumoniae,2.5886074863766493,0.767930955506468,2272.6807943151675,387.79971571753924
8,Ag,Bacillus subtilis,non-pathogenic,chemical_synthesis,MIC,quasi-hexagonal,Bacteria,Bacillota,Bacilli,Bacillales,Bacillaceae,Bacillus,p,soil,107.87,4.0,24,0.16,30,11,23.00188061,0.0,0.0,1.78376517,1.0872090605203386,Klebsiella pneumoniae,0.31944845877681693,0.7677606017435217,12.223879512268905,2.0866444703177818
9,ZnO,Bacillus subtilis,non-pathogenic,green_synthesis,MIC,nanoplates,Bacteria,Bacillota,Bacilli,Bacillales,Bacillaceae,Bacillus,p,soil,81.3794,1.9,2,0.16,30,8,22.60496136,17.07,0.6865,4.082482905,1.6036239378535766,Klebsiella pneumoniae,0.8373371754746404,0.7662867623789362,40.1443044711544,6.876020700483871
10,TiO2,Bacillus subtilis,non-pathogenic,green_synthesis,MIC,quasi-spherical,Bacteria,Bacillota,Bacilli,Bacillales,Bacillaceae,Bacillus,p,soil,79.866,1.9,1,0.16,30,16,26.40611331,34.14,1.373,2.878049394,2.1850310703542837,Klebsiella pneumoniae,1.4236209716565345,0.7614100986977492,153.11970028656683,26.5228977889961
11,Ag,Bacillus subtilis,non-pathogenic,chemical_synthesis,MIC,cubic,Bacteria,Bacillota,Bacilli,Bacillales,Bacillaceae,Bacillus,p,soil,107.87,4.0,1,0.16,30,11,23.00188061,0.0,0.0,1.78376517,1.358161458814387,Klebsiella pneumoniae,0.6112415852528972,0.7469198735614899,22.81189998444443,4.085465855898142
12,ZnO,Bacillus subtilis,non-pathogenic,green_synthesis,MIC,nanoplates,Bacteria,Bacillota,Bacilli,Bacillales,Bacillaceae,Bacillus,p,soil,81.3794,0.8,3,0.16,30,8,22.60496136,17.07,0.6865,4.082482905,1.532573356492053,Klebsiella pneumoniae,0.7856612177067139,0.746912138785339,34.08578940968702,6.104656301058899
13,Ag,Bacillus subtilis,non-pathogenic,chemical_synthesis,MIC,spherical,Bacteria,Bacillota,Bacilli,Bacillales,Bacillaceae,Bacillus,p,soil,107.87,0.8,2,0.16,30,11,23.00188061,0.0,0.0,1.78376517,0.9701159598750364,Klebsiella pneumoniae,0.24181949922836643,0.72829646064667,9.335035199459218,1.7450967078995858
14,ZnO,Bacillus subtilis,non-pathogenic,green_synthesis,MBC,quasi-hexagonal,Bacteria,Bacillota,Bacilli,Bacillales,Bacillaceae,Bacillus,p,soil,81.3794,9.0,3,0.16,30,8,22.60496136,17.07,0.6865,4.082482905,1.344275062127212,Klebsiella pneumoniae,0.6192076922324043,0.7250673698948076,22.09403624496452,4.1610955859287015
15,CeO2,Bacillus subtilis,non-pathogenic,chemical_synthesis,MIC,cubic,Bacteria,Bacillota,Bacilli,Bacillales,Bacillaceae,Bacillus,p,soil,172.115,0.8,24,0.16,30,16,39.19032095,34.14,1.373,4.456551526,3.7498765484985888,Klebsiella pneumoniae,3.0344509922312177,0.715425556267371,5621.814981193653,1082.55754750667
16,ZnO,Bacillus subtilis,non-pathogenic,green_synthesis,MBC,rod-shaped,Bacteria,Bacillota,Bacilli,Bacillales,Bacillaceae,Bacillus,p,soil,81.3794,4.7,1,0.16,30,8,22.60496136,17.07,0.6865,4.082482905,1.9848265092859412,Klebsiella pneumoniae,1.2702980565811355,0.7145284527048057,96.56650408272348,18.63365526887433
17,Ag,Bacillus subtilis,non-pathogenic,chemical_synthesis,MIC,spheroidal,Bacteria,Bacillota,Bacilli,Bacillales,Bacillaceae,Bacillus,p,soil,107.87,17.5,18,0.16,30,11,23.00188061,0.0,0.0,1.78376517,0.892219940832902,Klebsiella pneumoniae,0.18087513829942936,0.7113448025334727,7.802251418424932,1.5166142710559736
18,Pd,Bacillus subtilis,non-pathogenic,chemical_synthesis,MIC,quasi-hexagonal,Bacteria,Bacillota,Bacilli,Bacillales,Bacillaceae,Bacillus,p,soil,195.084,1.9,24,0.16,30,10,21.14774404,0.0,0.0,1.870828693,1.3311999546691307,Klebsiella pneumoniae,0.6252734715584969,0.7059264831106338,21.438774421994612,4.21962125767981
19,ZnO,Bacillus subtilis,non-pathogenic,green_synthesis,MBEC,spherical,Bacteria,Bacillota,Bacilli,Bacillales,Bacillaceae,Bacillus,p,soil,81.3794,6.0,4,0.16,30,8,22.60496136,17.07,0.6865,4.082482905,2.453535218440064,Klebsiella pneumoniae,1.748710636699842,0.7048245817402219,284.1418596092014,56.067428346166274
20,TiO2,Bacillus subtilis,non-pathogenic,green_synthesis,MIC,spherical,Bacteria,Bacillota,Bacilli,Bacillales,Bacillaceae,Bacillus,p,soil,79.866,4.0,1,0.16,30,16,26.40611331,34.14,1.373,2.878049394,1.969652616575274,Klebsiella pneumoniae,1.2693895615939765,0.7002630549812974,93.25081079166821,18.59471650932722
21,Ag,Bacillus subtilis,non-pathogenic,chemical_synthesis,MIC,rod-shaped,Bacteria,Bacillota,Bacilli,Bacillales,Bacillaceae,Bacillus,p,soil,107.87,4.0,0,0.16,30,11,23.00188061,0.0,0.0,1.78376517,0.9137160422271945,Klebsiella pneumoniae,0.21565994448778314,0.6980560977394114,8.198153435037502,1.6430846730011108
22,ZnO,Bacillus subtilis,non-pathogenic,green_synthesis,MBC,spherical,Bacteria,Bacillota,Bacilli,Bacillales,Bacillaceae,Bacillus,p,soil,81.3794,5.1,2,0.16,30,8,22.60496136,17.07,0.6865,4.082482905,2.5002239169187166,Klebsiella pneumoniae,1.8057403801074974,0.6944835368112192,316.3908512208403,63.9352518270214
23,Ag,Bacillus subtilis,non-pathogenic,chemical_synthesis,MIC,hexagonal,Bacteria,Bacillota,Bacilli,Bacillales,Bacillaceae,Bacillus,p,soil,107.87,4.0,24,0.16,30,11,23.00188061,0.0,0.0,1.78376517,2.094248234061846,Klebsiella pneumoniae,1.4062918167548446,0.6879564173070012,124.23622141458229,25.485421267147693
24,ZnO,Bacillus subtilis,non-pathogenic,green_synthesis,MBC,quasi-hexagonal,Bacteria,Bacillota,Bacilli,Bacillales,Bacillaceae,Bacillus,p,soil,81.3794,3.0,3,0.16,30,8,22.60496136,17.07,0.6865,4.082482905,1.0521131448303405,Klebsiella pneumoniae,0.3704987940431477,0.6816143507871928,11.274911582255411,2.346922745699456
25,Pd,Bacillus subtilis,non-pathogenic,green_synthesis,MIC,spherical,Bacteria,Bacillota,Bacilli,Bacillales,Bacillaceae,Bacillus,p,soil,195.084,0.8,1,0.16,30,10,21.14774404,0.0,0.0,1.870828693,0.8604594658779551,Klebsiella pneumoniae,0.18723635831489926,0.6732231075630558,7.252027893882425,1.5389919859332808
26,TiO2,Bacillus subtilis,non-pathogenic,chemical_synthesis,MBEC,quasi-spherical,Bacteria,Bacillota,Bacilli,Bacillales,Bacillaceae,Bacillus,p,soil,79.866,6.0,3,0.16,30,16,26.40611331,34.14,1.373,2.878049394,2.8882079780214305,Klebsiella pneumoniae,2.2192934892057026,0.6689144888157279,773.0507004686657,165.68892842701536
27,Ag,Bacillus subtilis,non-pathogenic,green_synthesis,MIC,quasi-spherical,Bacteria,Bacillota,Bacilli,Bacillales,Bacillaceae,Bacillus,p,soil,107.87,3.0,24,0.16,30,11,23.00188061,0.0,0.0,1.78376517,2.1749727306766795,Klebsiella pneumoniae,1.5112441492147144,0.6637285814619651,149.61417105007408,32.45220040221544
28,ZnO,Bacillus subtilis,non-pathogenic,green_synthesis,MIC,cubic,Bacteria,Bacillota,Bacilli,Bacillales,Bacillaceae,Bacillus,p,soil,81.3794,6.0,4,0.16,30,8,22.60496136,17.07,0.6865,4.082482905,1.9690409158239321,Klebsiella pneumoniae,1.3077202622566189,0.6613206535673133,93.1195601290149,20.310483507363088
29,Ag,Bacillus subtilis,non-pathogenic,green_synthesis,MIC,rod-shaped,Bacteria,Bacillota,Bacilli,Bacillales,Bacillaceae,Bacillus,p,soil,107.87,1.9,0,0.16,30,11,23.00188061,0.0,0.0,1.78376517,1.551284734999151,Klebsiella pneumoniae,0.9179149742770354,0.6333697607221156,35.586455635869754,8.277800859209735
30,ZnO,Bacillus subtilis,non-pathogenic,green_synthesis,MIC,hexagonal,Bacteria,Bacillota,Bacilli,Bacillales,Bacillaceae,Bacillus,p,soil,81.3794,5.1,1,0.16,30,8,22.60496136,17.07,0.6865,4.082482905,1.8809498172553551,Klebsiella pneumoniae,1.2507180006992866,0.6302318165560685,76.02384262843336,17.81221795769407
31,TiO2,Bacillus subtilis,non-pathogenic,green_synthesis,MIC,quasi-hexagonal,Bacteria,Bacillota,Bacilli,Bacillales,Bacillaceae,Bacillus,p,soil,79.866,4.7,4,0.16,30,16,26.40611331,34.14,1.373,2.878049394,1.5301970055566247,Klebsiella pneumoniae,0.9170237210195166,0.6131732845371082,33.89978981903815,8.260830687262148
32,ZnO,Bacillus subtilis,non-pathogenic,green_synthesis,MIC,spherical,Bacteria,Bacillota,Bacilli,Bacillales,Bacillaceae,Bacillus,p,soil,81.3794,6.0,1,0.16,30,8,22.60496136,17.07,0.6865,4.082482905,1.4389332426975074,Klebsiella pneumoniae,0.8340849110914665,0.6048483316060409,27.474717947471195,6.824721146430564
33,Ag,Bacillus subtilis,non-pathogenic,green_synthesis,MIC,nanoplates,Bacteria,Bacillota,Bacilli,Bacillales,Bacillaceae,Bacillus,p,soil,107.87,1.9,0,0.16,30,11,23.00188061,0.0,0.0,1.78376517,2.021607285162448,Klebsiella pneumoniae,1.4242356653048422,0.5973716198576056,105.1011057440312,26.560464464973652
34,TiO2,Bacillus subtilis,non-pathogenic,chemical_synthesis,MBC,cubic,Bacteria,Bacillota,Bacilli,Bacillales,Bacillaceae,Bacillus,p,soil,79.866,5.1,4,0.16,30,16,26.40611331,34.14,1.373,2.878049394,2.8947763448077897,Klebsiella pneumoniae,2.3023641976554674,0.5924121471523223,784.8313540573535,200.61536747875277
35,ZnO,Bacillus subtilis,non-pathogenic,green_synthesis,MBC,hexagonal,Bacteria,Bacillota,Bacilli,Bacillales,Bacillaceae,Bacillus,p,soil,81.3794,11.3,3,0.16,30,8,22.60496136,17.07,0.6865,4.082482905,2.5297381491069157,Klebsiella pneumoniae,1.9422923625792448,0.587445786527671,338.63991706682503,87.55730036162082
36,Ag,Bacillus subtilis,non-pathogenic,green_synthesis,MIC,hexagonal,Bacteria,Bacillota,Bacilli,Bacillales,Bacillaceae,Bacillus,p,soil,107.87,3.0,1,0.16,30,11,23.00188061,0.0,0.0,1.78376517,1.7792886247760011,Klebsiella pneumoniae,1.1986756367161258,0.5806129880598754,60.157340018322394,15.80067487040803
37,CeO2,Bacillus subtilis,non-pathogenic,green_synthesis,MIC,cubic,Bacteria,Bacillota,Bacilli,Bacillales,Bacillaceae,Bacillus,p,soil,172.115,4.0,1,0.16,30,16,39.19032095,34.14,1.373,4.456551526,2.4887928434497457,Klebsiella pneumoniae,1.9119226368168376,0.5768702066329081,308.1717633905884,81.64369221580588
38,Ag,Bacillus subtilis,non-pathogenic,chemical_synthesis,MBEC,tetragonal,Bacteria,Bacillota,Bacilli,Bacillales,Bacillaceae,Bacillus,p,soil,107.87,5.1,18,0.16,30,11,23.00188061,0.0,0.0,1.78376517,0.6898058411178372,Klebsiella pneumoniae,0.11468773999306037,0.5751181011247768,4.895599041892521,1.3022301314811449
39,ZnO,Bacillus subtilis,non-pathogenic,green_synthesis,MBEC,rod-shaped,Bacteria,Bacillota,Bacilli,Bacillales,Bacillaceae,Bacillus,p,soil,81.3794,8.0,4,0.16,30,8,22.60496136,17.07,0.6865,4.082482905,2.1052615215088823,Klebsiella pneumoniae,1.5326990659031872,0.5725624556056952,127.4270184348938,34.095657195026526
40,ZnO,Bacillus subtilis,non-pathogenic,green_synthesis,MBC,hexagonal,Bacteria,Bacillota,Bacilli,Bacillales,Bacillaceae,Bacillus,p,soil,81.3794,12.0,0,0.16,30,8,22.60496136,17.07,0.6865,4.082482905,2.558162524915083,Klebsiella pneumoniae,1.9871644789673528,0.57099804594773,361.5451374399175,97.08775950084018
41,Ag,Bacillus subtilis,non-pathogenic,chemical_synthesis,MIC,quasi-hexagonal,Bacteria,Bacillota,Bacilli,Bacillales,Bacillaceae,Bacillus,p,soil,107.87,4.7,0,0.16,30,11,23.00188061,0.0,0.0,1.78376517,0.6217681633742367,Klebsiella pneumoniae,0.05266754179124855,0.5691006215829881,4.185700629073935,1.1289313718080585
42,ZnO,Bacillus subtilis,non-pathogenic,green_synthesis,MBC,nanoplates,Bacteria,Bacillota,Bacilli,Bacillales,Bacillaceae,Bacillus,p,soil,81.3794,12.0,0,0.16,30,8,22.60496136,17.07,0.6865,4.082482905,2.560137173439725,Klebsiella pneumoniae,1.9925322533168495,0.5676049201228754,363.1927523636806,98.29518701994506
43,CuO,Bacillus subtilis,non-pathogenic,green_synthesis,MBC,spheroidal,Bacteria,Bacillota,Bacilli,Bacillales,Bacillaceae,Bacillus,p,soil,79.5454,6.0,1,0.16,30,17,20.67942236,17.07,0.6865,1.651411411,3.570644404396461,Klebsiella pneumoniae,3.0131208242411516,0.5575235801553093,3720.8692076576035,1030.6728220824032
44,TiO2,Bacillus subtilis,non-pathogenic,green_synthesis,MBEC,hexagonal,Bacteria,Bacillota,Bacilli,Bacillales,Bacillaceae,Bacillus,p,soil,79.866,9.0,4,0.16,30,16,26.40611331,34.14,1.373,2.878049394,3.2598132890566625,Klebsiella pneumoniae,2.716527566780262,0.5432857222764005,1818.9187048997774,520.6280545442154
45,Ag,Bacillus subtilis,non-pathogenic,chemical_synthesis,MIC,tetragonal,Bacteria,Bacillota,Bacilli,Bacillales,Bacillaceae,Bacillus,p,soil,107.87,6.0,0,0.16,30,11,23.00188061,0.0,0.0,1.78376517,0.25049231572858033,Klebsiella pneumoniae,-0.2915277191833958,0.5420200349119761,1.7802964085643884,0.5110604591647524
46,ZnO,Bacillus subtilis,non-pathogenic,green_synthesis,MIC,quasi-hexagonal,Bacteria,Bacillota,Bacilli,Bacillales,Bacillaceae,Bacillus,p,soil,81.3794,10.0,2,0.16,30,8,22.60496136,17.07,0.6865,4.082482905,0.7672246299277952,Klebsiella pneumoniae,0.27098122753803144,0.4962434023897637,5.850926330777393,1.8662990179594543
47,ZnO,Bacillus subtilis,non-pathogenic,green_synthesis,MIC,quasi-hexagonal,Bacteria,Bacillota,Bacilli,Bacillales,Bacillaceae,Bacillus,p,soil,81.3794,10.0,2,0.16,30,8,22.60496136,17.07,0.6865,4.082482905,0.7672246299277952,Klebsiella pneumoniae,0.27098122753803144,0.4962434023897637,5.850926330777393,1.8662990179594543
48,ZnO,Bacillus subtilis,non-pathogenic,green_synthesis,MBEC,spherical,Bacteria,Bacillota,Bacilli,Bacillales,Bacillaceae,Bacillus,p,soil,81.3794,12.0,2,0.16,30,8,22.60496136,17.07,0.6865,4.082482905,2.439364376574838,Klebsiella pneumoniae,1.9556339711610655,0.4837304054137723,275.02006259102143,90.28881874626015
49,TiO2,Bacillus subtilis,non-pathogenic,chemical_synthesis,MIC,tetragonal,Bacteria,Bacillota,Bacilli,Bacillales,Bacillaceae,Bacillus,p,soil,79.866,0.8,18,0.16,30,16,26.40611331,34.14,1.373,2.878049394,1.0764803505605163,Klebsiella pneumoniae,0.6174166325003407,0.45906371806017554,11.925603078326496,4.14397028433076
50,Ag,Bacillus subtilis,non-pathogenic,chemical_synthesis,MIC,spheroidal,Bacteria,Bacillota,Bacilli,Bacillales,Bacillaceae,Bacillus,p,soil,107.87,8.0,0,0.16,30,11,23.00188061,0.0,0.0,1.78376517,1.2993537805225093,Klebsiella pneumoniae,0.847182589593088,0.45217119092942126,19.92295621586672,7.033679733721533
51,CuO,Bacillus subtilis,non-pathogenic,green_synthesis,MIC,cubic,Bacteria,Bacillota,Bacilli,Bacillales,Bacillaceae,Bacillus,p,soil,79.5454,1.9,2,0.16,30,17,20.67942236,17.07,0.6865,1.651411411,2.4264182001668595,Klebsiella pneumoniae,2.0064568410006887,0.41996135916617083,266.942793015212,101.4978495770204
52,Ag,Bacillus subtilis,non-pathogenic,green_synthesis,MBC,spheroidal,Bacteria,Bacillota,Bacilli,Bacillales,Bacillaceae,Bacillus,p,soil,107.87,41.23,18,0.16,30,11,23.00188061,0.0,0.0,1.78376517,1.0952824796759424,Klebsiella pneumoniae,0.6968008098183678,0.3984816698575746,12.453243490663743,4.9750884904323796
53,TiO2,Bacillus subtilis,non-pathogenic,green_synthesis,MBC,cubic,Bacteria,Bacillota,Bacilli,Bacillales,Bacillaceae,Bacillus,p,soil,79.866,79.0,4,0.16,30,16,26.40611331,34.14,1.373,2.878049394,2.329245471777874,Klebsiella pneumoniae,1.99120820455403,0.33803726722384386,213.42508928492583,97.99596740090259
54,ZnO,Bacillus subtilis,non-pathogenic,chemical_synthesis,MBEC,quasi-spherical,Bacteria,Bacillota,Bacilli,Bacillales,Bacillaceae,Bacillus,p,soil,81.3794,18.0,4,0.16,30,8,22.60496136,17.07,0.6865,4.082482905,1.8081596267225577,Klebsiella pneumoniae,1.4877230473796779,0.32043657934287983,64.29239832477232,30.741357916916087
55,Ag,Bacillus subtilis,non-pathogenic,chemical_synthesis,MIC,triangular,Bacteria,Bacillota,Bacilli,Bacillales,Bacillaceae,Bacillus,p,soil,107.87,38.0,1,0.16,30,11,23.00188061,0.0,0.0,1.78376517,-1.1136756704495423,Klebsiella pneumoniae,-1.4248210886066794,0.31114541815713714,0.07697050386486805,0.03759922656757006
56,Au,Bacillus subtilis,non-pathogenic,chemical_synthesis,MIC,spheroidal,Bacteria,Bacillota,Bacilli,Bacillales,Bacillaceae,Bacillus,p,soil,196.966569,38.0,18,0.16,30,11,23.00188061,0.0,0.0,2.46797672,1.389258028015653,Klebsiella pneumoniae,1.113767156418187,0.275490871597466,24.505187397058968,12.994726891391826
57,ZnO,Bacillus subtilis,non-pathogenic,chemical_synthesis,MIC,cubic,Bacteria,Bacillota,Bacilli,Bacillales,Bacillaceae,Bacillus,p,soil,81.3794,10.4,3,0.16,30,8,22.60496136,17.07,0.6865,4.082482905,2.050504745367788,Klebsiella pneumoniae,1.7764584974541169,0.27404624791367116,112.33232437257708,59.76659271248339
58,Ag,Bacillus subtilis,non-pathogenic,green_synthesis,MBC,spheroidal,Bacteria,Bacillota,Bacilli,Bacillales,Bacillaceae,Bacillus,p,soil,107.87,4.7,1,0.16,30,11,23.00188061,0.0,0.0,1.78376517,1.6574549703062147,Klebsiella pneumoniae,1.385378487219716,0.2720764830864988,45.441741863233666,24.287258052122382
59,ZnO,Bacillus subtilis,non-pathogenic,green_synthesis,MBEC,rod-shaped,Bacteria,Bacillota,Bacilli,Bacillales,Bacillaceae,Bacillus,p,soil,81.3794,26.06,2,0.16,30,8,22.60496136,17.07,0.6865,4.082482905,1.7969651309695955,Klebsiella pneumoniae,1.5492407598915012,0.2477243710780943,62.656355654800954,35.41936410443567
60,Au,Bacillus subtilis,non-pathogenic,chemical_synthesis,MBEC,rod-shaped,Bacteria,Bacillota,Bacilli,Bacillales,Bacillaceae,Bacillus,p,soil,196.966569,6.0,3,0.16,30,11,23.00188061,0.0,0.0,2.46797672,1.8621445733176087,Klebsiella pneumoniae,1.6758884004754433,0.18625617284216545,72.80221172076433,47.41201361858392
61,ZnO,Bacillus subtilis,non-pathogenic,chemical_synthesis,MBC,hexagonal,Bacteria,Bacillota,Bacilli,Bacillales,Bacillaceae,Bacillus,p,soil,81.3794,26.38,0,0.16,30,8,22.60496136,17.07,0.6865,4.082482905,1.7876813408725425,Klebsiella pneumoniae,1.6035810185286041,0.18410032234393836,61.33118287568567,40.1403373903197
62,Ag,Bacillus subtilis,non-pathogenic,chemical_synthesis,MBEC,cubic,Bacteria,Bacillota,Bacilli,Bacillales,Bacillaceae,Bacillus,p,soil,107.87,9.0,2,0.16,30,11,23.00188061,0.0,0.0,1.78376517,2.2577298330142397,Klebsiella pneumoniae,2.095194076083603,0.1625357569306365,181.02136401029856,124.50708806330145
63,Ag2O,Bacillus subtilis,non-pathogenic,green_synthesis,MBC,quasi-spherical,Bacteria,Bacillota,Bacilli,Bacillales,Bacillaceae,Bacillus,p,soil,231.7358,41.23,2,0.16,30,28,46.55109718,17.07,0.6865,3.975778631,1.4144992337867082,Klebsiella pneumoniae,1.2528231447402414,0.1616760890464668,25.97163159297535,17.89876824296519
64,Ag,Bacillus subtilis,non-pathogenic,chemical_synthesis,MIC,nanoplates,Bacteria,Bacillota,Bacilli,Bacillales,Bacillaceae,Bacillus,p,soil,107.87,45.26,3,0.16,30,11,23.00188061,0.0,0.0,1.78376517,1.3830551646387028,Klebsiella pneumoniae,1.2338911710965204,0.14916399354218246,24.15767668846046,17.13527864507703
65,Ag,Bacillus subtilis,non-pathogenic,chemical_synthesis,MBEC,triangular,Bacteria,Bacillota,Bacilli,Bacillales,Bacillaceae,Bacillus,p,soil,107.87,37.86,0,0.16,30,11,23.00188061,0.0,0.0,1.78376517,-0.20321943234430306,Klebsiella pneumoniae,-0.3081832991696616,0.10496386682535852,0.6262973406907933,0.4918319083414998
66,CuO,Bacillus subtilis,non-pathogenic,green_synthesis,MIC,nanoplates,Bacteria,Bacillota,Bacilli,Bacillales,Bacillaceae,Bacillus,p,soil,79.5454,12.0,2,0.16,30,17,20.67942236,17.07,0.6865,1.651411411,2.7899152312382247,Klebsiella pneumoniae,2.734352600689144,0.055562630549080616,616.4746621005361,542.4411158634648
67,Ag,Bacillus subtilis,non-pathogenic,chemical_synthesis,MBC,nanoplates,Bacteria,Bacillota,Bacilli,Bacillales,Bacillaceae,Bacillus,p,soil,107.87,100.0,4,0.16,30,11,23.00188061,0.0,0.0,1.78376517,1.3410294942732757,Klebsiella pneumoniae,1.3241446970922615,0.01688479718101421,21.92953860531158,21.09330814159026
68,ZnO,Bacillus subtilis,non-pathogenic,chemical_synthesis,MBC,spheroidal,Bacteria,Bacillota,Bacilli,Bacillales,Bacillaceae,Bacillus,p,soil,81.3794,13.0,0,0.16,30,8,22.60496136,17.07,0.6865,4.082482905,1.858226570581209,Klebsiella pneumoniae,1.8499701458854596,0.008256424695749498,72.14837776920031,70.78971207031515
69,Pd,Bacillus subtilis,non-pathogenic,chemical_synthesis,MIC,spheroidal,Bacteria,Bacillota,Bacilli,Bacillales,Bacillaceae,Bacillus,p,soil,195.084,45.26,3,0.16,30,10,21.14774404,0.0,0.0,1.870828693,1.2705329181805078,Klebsiella pneumoniae,1.2785039428583034,-0.007971024677795535,18.64373486649653,18.989080817666657
70,Ag,Bacillus subtilis,non-pathogenic,chemical_synthesis,MBEC,tetragonal,Bacteria,Bacillota,Bacilli,Bacillales,Bacillaceae,Bacillus,p,soil,107.8682,25.0,4,0.16,30,11,23.00188061,0.0,0.0,1.78376517,0.8717377746952615,Klebsiella pneumoniae,0.9461611415129031,-0.07442336681764161,7.442824433872484,8.834076209864254
71,Au,Bacillus subtilis,non-pathogenic,green_synthesis,MIC,spheroidal,Bacteria,Bacillota,Bacilli,Bacillales,Bacillaceae,Bacillus,p,soil,196.966569,13.0,0,0.16,30,11,23.00188061,0.0,0.0,2.46797672,2.0403267428722645,Klebsiella pneumoniae,2.1352755126136183,-0.0949487697413538,109.73034454967548,136.54490908208479
72,Ag,Bacillus subtilis,non-pathogenic,green_synthesis,MBC,spherical,Bacteria,Bacillota,Bacilli,Bacillales,Bacillaceae,Bacillus,p,soil,107.87,6.0,18,0.16,30,11,23.00188061,0.0,0.0,1.78376517,1.8341199956066017,Klebsiella pneumoniae,1.9311087694186146,-0.09698877381201298,68.25272504355348,85.33138004172018
73,CeO2,Bacillus subtilis,non-pathogenic,chemical_synthesis,MBC,quasi-hexagonal,Bacteria,Bacillota,Bacilli,Bacillales,Bacillaceae,Bacillus,p,soil,172.115,8.0,24,0.16,30,16,39.19032095,34.14,1.373,4.456551526,2.4400293981876384,Klebsiella pneumoniae,2.571063076509024,-0.13103367832138568,275.4415148425859,372.44579599241587
74,Ag,Bacillus subtilis,non-pathogenic,chemical_synthesis,MIC,rod-shaped,Bacteria,Bacillota,Bacilli,Bacillales,Bacillaceae,Bacillus,p,soil,107.8682,26.06,2,0.16,30,11,23.00188061,0.0,0.0,1.78376517,1.5460901191581515,Klebsiella pneumoniae,1.7431373880588161,-0.1970472689006646,35.16333993607049,55.352518793938636
75,Ag2O,Bacillus subtilis,non-pathogenic,green_synthesis,MIC,rod-shaped,Bacteria,Bacillota,Bacilli,Bacillales,Bacillaceae,Bacillus,p,soil,231.7358,40.0,24,0.16,30,28,46.55109718,17.07,0.6865,3.975778631,1.5293798435160706,Klebsiella pneumoniae,1.7953841718393433,-0.2660043283232727,33.83606444965278,62.42868281587893
76,TiO2,Bacillus subtilis,non-pathogenic,green_synthesis,MIC,rod-shaped,Bacteria,Bacillota,Bacilli,Bacillales,Bacillaceae,Bacillus,p,soil,79.866,18.5,24,0.16,30,16,26.40611331,34.14,1.373,2.878049394,2.419583083259008,Klebsiella pneumoniae,2.709088521611232,-0.289505438352224,262.77441823343935,511.78614153294217
77,Cu,Bacillus subtilis,non-pathogenic,chemical_synthesis,MBC,tetragonal,Bacteria,Bacillota,Bacilli,Bacillales,Bacillaceae,Bacillus,p,soil,63.55,38.0,1,0.16,30,11,17.96409803,0.0,0.0,1.243163121,1.0881311544409094,Klebsiella pneumoniae,1.3814048098502896,-0.2932736554093802,12.24986082177011,24.066049733296662
78,ZnO,Bacillus subtilis,non-pathogenic,chemical_synthesis,MIC,quasi-spherical,Bacteria,Bacillota,Bacilli,Bacillales,Bacillaceae,Bacillus,p,soil,81.3794,18.5,24,0.16,30,8,22.60496136,17.07,0.6865,4.082482905,1.5628903637188798,Klebsiella pneumoniae,1.8805625290476806,-0.3176721653288008,36.55025100021439,75.95607751808997
