,np,bacteria,bac_type,np_synthesis,method,shape,kingdom,phylum,class,order,family,genus,gram,isolated_from,mol_weight (g/mol),np_size_avg (nm),time_set,"min_Incub_period, h","growth_temp, C",Valance_electron,labuteASA,tpsa,CrippenMR,chi0v,pred_MIC_norm,pathogenic_bacteria,pred_MIC_pathogen,Fitness,pred_norm_MIC_original,pred_path_MIC_original
0,ZnO,Bacillus subtilis,non-pathogenic,green_synthesis,MIC,quasi-spherical,Bacteria,Bacillota,Bacilli,Bacillales,Bacillaceae,Bacillus,p,soil,81.3794,1.9,4,0.16,30,8,22.60496136,17.07,0.6865,4.082482905,1.2428427730597595,Klebsiella pneumoniae,0.39448233681458755,0.848360436245172,17.492133090699184,2.480175064472805
1,ZnO,Bacillus subtilis,non-pathogenic,green_synthesis,MIC,spherical,Bacteria,Bacillota,Bacilli,Bacillales,Bacillaceae,Bacillus,p,soil,81.3794,1.4,3,0.16,30,8,22.60496136,17.07,0.6865,4.082482905,1.2099103706860994,Klebsiella pneumoniae,0.433770545850964,0.7761398248351354,16.214754241508214,2.7150044506228412
2,CeO2,Bacillus subtilis,non-pathogenic,chemical_synthesis,MIC,quasi-hexagonal,Bacteria,Bacillota,Bacilli,Bacillales,Bacillaceae,Bacillus,p,soil,172.115,5.1,3,0.16,30,16,39.19032095,34.14,1.373,4.456551526,2.417363389206025,Klebsiella pneumoniae,1.673331563599384,0.7440318256066412,261.43479547780686,47.13370329308525
3,ZnO,Bacillus subtilis,non-pathogenic,chemical_synthesis,MIC,quasi-spherical,Bacteria,Bacillota,Bacilli,Bacillales,Bacillaceae,Bacillus,p,soil,81.3794,1.4,3,0.16,30,8,22.60496136,17.07,0.6865,4.082482905,1.2525151764544837,Klebsiella pneumoniae,0.5472987318392146,0.7052164446152691,17.886080310626014,3.52613334657451
4,CeO2,Bacillus subtilis,non-pathogenic,green_synthesis,MIC,cubic,Bacteria,Bacillota,Bacilli,Bacillales,Bacillaceae,Bacillus,p,soil,172.115,1.9,3,0.16,30,16,39.19032095,34.14,1.373,4.456551526,2.729108018956929,Klebsiella pneumoniae,2.094095128244297,0.6350128907126318,535.9299389540352,124.19243099918296
5,Pd,Bacillus subtilis,non-pathogenic,green_synthesis,MIC,hexagonal,Bacteria,Bacillota,Bacilli,Bacillales,Bacillaceae,Bacillus,p,soil,195.084,1.4,2,0.16,30,10,21.14774404,0.0,0.0,1.870828693,1.288067484454788,Klebsiella pneumoniae,0.676927712574672,0.6111397718801159,19.411874927585632,4.752561139540455
6,ZnO,Bacillus subtilis,non-pathogenic,chemical_synthesis,MIC,spherical,Bacteria,Bacillota,Bacilli,Bacillales,Bacillaceae,Bacillus,p,soil,81.3794,0.8,4,0.16,30,8,22.60496136,17.07,0.6865,4.082482905,0.9302221136218963,Klebsiella pneumoniae,0.31948676637411744,0.6107353472477789,8.51573451756537,2.0868285340461434
7,ZnO,Bacillus subtilis,non-pathogenic,green_synthesis,MBC,cubic,Bacteria,Bacillota,Bacilli,Bacillales,Bacillaceae,Bacillus,p,soil,81.3794,12.0,3,0.16,30,8,22.60496136,17.07,0.6865,4.082482905,2.5159846647005555,Klebsiella pneumoniae,1.916938627705781,0.5990460369947745,328.0837079999187,82.59212263298919
8,Ag,Bacillus subtilis,non-pathogenic,chemical_synthesis,MIC,nanoplates,Bacteria,Bacillota,Bacilli,Bacillales,Bacillaceae,Bacillus,p,soil,107.87,6.0,3,0.16,30,11,23.00188061,0.0,0.0,1.78376517,2.0821300389386943,Klebsiella pneumoniae,1.5051318794072397,0.5769981595314546,120.8175539785232,31.9986664506194
9,ZnO,Bacillus subtilis,non-pathogenic,green_synthesis,MBEC,cubic,Bacteria,Bacillota,Bacilli,Bacillales,Bacillaceae,Bacillus,p,soil,81.3794,9.0,3,0.16,30,8,22.60496136,17.07,0.6865,4.082482905,2.637312634424795,Klebsiella pneumoniae,2.1135595967545724,0.5237530376702226,433.82306107330754,129.88517886134204
10,Au,Bacillus subtilis,non-pathogenic,green_synthesis,MIC,spherical,Bacteria,Bacillota,Bacilli,Bacillales,Bacillaceae,Bacillus,p,soil,196.966569,1.4,2,0.16,30,11,23.00188061,0.0,0.0,2.46797672,1.7154650577568242,Klebsiella pneumoniae,1.225447275270646,0.4900177824861782,51.93558857558844,16.805338911722675
11,TiO2,Bacillus subtilis,non-pathogenic,chemical_synthesis,MBEC,quasi-hexagonal,Bacteria,Bacillota,Bacilli,Bacillales,Bacillaceae,Bacillus,p,soil,79.866,0.8,3,0.16,30,16,26.40611331,34.14,1.373,2.878049394,1.8991526582611933,Klebsiella pneumoniae,1.4816277897481647,0.4175248685130286,79.27799505084141,30.31292114485911
12,ZnO,Bacillus subtilis,non-pathogenic,chemical_synthesis,MBEC,spherical,Bacteria,Bacillota,Bacilli,Bacillales,Bacillaceae,Bacillus,p,soil,81.3794,10.4,1,0.16,30,8,22.60496136,17.07,0.6865,4.082482905,2.119617825649085,Klebsiella pneumoniae,1.7035727456037433,0.4160450800453417,131.70971974421454,50.53272816582433
13,CuO,Bacillus subtilis,non-pathogenic,green_synthesis,MBEC,cubic,Bacteria,Bacillota,Bacilli,Bacillales,Bacillaceae,Bacillus,p,soil,79.5454,8.7,4,0.16,30,17,20.67942236,17.07,0.6865,1.651411411,3.6205088992561,Klebsiella pneumoniae,3.2067852861528268,0.4137236131032731,4173.58150586443,1609.8495337744332
14,ZnO,Bacillus subtilis,non-pathogenic,chemical_synthesis,MBEC,rod-shaped,Bacteria,Bacillota,Bacilli,Bacillales,Bacillaceae,Bacillus,p,soil,81.3794,9.0,0,0.16,30,8,22.60496136,17.07,0.6865,4.082482905,1.9472359491623574,Klebsiella pneumoniae,1.5342363422948844,0.41299960686747306,88.55966176193012,34.21655977742551
15,Pd,Bacillus subtilis,non-pathogenic,chemical_synthesis,MIC,hexagonal,Bacteria,Bacillota,Bacilli,Bacillales,Bacillaceae,Bacillus,p,soil,195.084,6.0,18,0.16,30,10,21.14774404,0.0,0.0,1.870828693,1.361663693745807,Klebsiella pneumoniae,0.9494398637633745,0.41222382998243257,22.99660331094641,8.901021780943207
16,Ag,Bacillus subtilis,non-pathogenic,chemical_synthesis,MIC,hexagonal,Bacteria,Bacillota,Bacilli,Bacillales,Bacillaceae,Bacillus,p,soil,107.8682,1.4,3,0.16,30,11,23.00188061,0.0,0.0,1.78376517,2.0589404845043986,Klebsiella pneumoniae,1.6489353076909312,0.4100051768134674,114.53559716886184,44.558986858892595
17,TiO2,Bacillus subtilis,non-pathogenic,chemical_synthesis,MBC,hexagonal,Bacteria,Bacillota,Bacilli,Bacillales,Bacillaceae,Bacillus,p,soil,79.866,1.4,3,0.16,30,16,26.40611331,34.14,1.373,2.878049394,2.2421811309180937,Klebsiella pneumoniae,1.846403527374369,0.3957776035437246,174.65504336955638,70.21073627890723
18,ZnO,Bacillus subtilis,non-pathogenic,green_synthesis,MBC,cubic,Bacteria,Bacillota,Bacilli,Bacillales,Bacillaceae,Bacillus,p,soil,81.3794,18.5,4,0.16,30,8,22.60496136,17.07,0.6865,4.082482905,2.0854240280994962,Klebsiella pneumoniae,1.6899418489074332,0.3954821791920631,121.73740168315207,48.97132434333367
19,ZnO,Bacillus subtilis,non-pathogenic,chemical_synthesis,MBEC,nanoplates,Bacteria,Bacillota,Bacilli,Bacillales,Bacillaceae,Bacillus,p,soil,81.3794,3.0,0,0.16,30,8,22.60496136,17.07,0.6865,4.082482905,2.009708274418398,Klebsiella pneumoniae,1.623049896884899,0.3866583775334991,102.26058536764617,41.98072136365909
20,Ag,Bacillus subtilis,non-pathogenic,chemical_synthesis,MIC,hexagonal,Bacteria,Bacillota,Bacilli,Bacillales,Bacillaceae,Bacillus,p,soil,107.87,5.1,18,0.16,30,11,23.00188061,0.0,0.0,1.78376517,1.8738982402810125,Klebsiella pneumoniae,1.4987284392971432,0.3751698009838693,74.79942171433989,31.530324420613674
21,ZnO,Bacillus subtilis,non-pathogenic,green_synthesis,MIC,hexagonal,Bacteria,Bacillota,Bacilli,Bacillales,Bacillaceae,Bacillus,p,soil,81.3794,12.0,0,0.16,30,8,22.60496136,17.07,0.6865,4.082482905,2.0077633788185025,Klebsiella pneumoniae,1.6331915113064752,0.3745718675120273,101.80365694670303,42.972588167565036
22,ZnO,Bacillus subtilis,non-pathogenic,chemical_synthesis,MBC,rod-shaped,Bacteria,Bacillota,Bacilli,Bacillales,Bacillaceae,Bacillus,p,soil,81.3794,11.3,2,0.16,30,8,22.60496136,17.07,0.6865,4.082482905,1.5020838925540372,Klebsiella pneumoniae,1.1280468198260853,0.37403707272795184,31.77487805877426,13.429097279113101
23,TiO2,Bacillus subtilis,non-pathogenic,chemical_synthesis,MBEC,rod-shaped,Bacteria,Bacillota,Bacilli,Bacillales,Bacillaceae,Bacillus,p,soil,79.866,12.0,3,0.16,30,16,26.40611331,34.14,1.373,2.878049394,2.7045194633513705,Klebsiella pneumoniae,2.3315849156563093,0.3729345476950612,506.4300451956966,214.57786292932713
24,Ag,Bacillus subtilis,non-pathogenic,chemical_synthesis,MIC,cubic,Bacteria,Bacillota,Bacilli,Bacillales,Bacillaceae,Bacillus,p,soil,107.87,20.0,0,0.16,30,11,23.00188061,0.0,0.0,1.78376517,1.6809533433618327,Klebsiella pneumoniae,1.3121899548031997,0.368763388558633,47.968191321865774,20.52059526928815
25,ZnO,Bacillus subtilis,non-pathogenic,green_synthesis,MBEC,spheroidal,Bacteria,Bacillota,Bacilli,Bacillales,Bacillaceae,Bacillus,p,soil,81.3794,22.5,18,0.16,30,8,22.60496136,17.07,0.6865,4.082482905,2.1491818246391823,Klebsiella pneumoniae,1.7840112814769928,0.36517054316218944,140.9878944246283,60.81507987397042
26,CuO,Bacillus subtilis,non-pathogenic,green_synthesis,MBEC,quasi-hexagonal,Bacteria,Bacillota,Bacilli,Bacillales,Bacillaceae,Bacillus,p,soil,79.5454,1.4,2,0.16,30,17,20.67942236,17.07,0.6865,1.651411411,2.545052105611515,Klebsiella pneumoniae,2.1798835682905313,0.36516853732098387,350.79395884669316,151.3155526258367
27,ZnO,Bacillus subtilis,non-pathogenic,chemical_synthesis,MBC,nanoplates,Bacteria,Bacillota,Bacilli,Bacillales,Bacillaceae,Bacillus,p,soil,81.3794,12.0,0,0.16,30,8,22.60496136,17.07,0.6865,4.082482905,2.057466884577936,Klebsiella pneumoniae,1.6923247996203301,0.3651420849576059,114.14762625057544,49.24076592399644
28,TiO2,Bacillus subtilis,non-pathogenic,green_synthesis,MBEC,cubic,Bacteria,Bacillota,Bacilli,Bacillales,Bacillaceae,Bacillus,p,soil,79.866,12.0,18,0.16,30,16,26.40611331,34.14,1.373,2.878049394,3.279898074307614,Klebsiella pneumoniae,2.9232339343072256,0.3566641400003885,1905.013572944348,837.9805418559126
29,Ag,Bacillus subtilis,non-pathogenic,chemical_synthesis,MIC,quasi-spherical,Bacteria,Bacillota,Bacilli,Bacillales,Bacillaceae,Bacillus,p,soil,107.87,18.0,1,0.16,30,11,23.00188061,0.0,0.0,1.78376517,0.9976091370892318,Klebsiella pneumoniae,0.6449684829856841,0.3526406541035477,9.945099603556143,4.415384034805006
30,Pd,Bacillus subtilis,non-pathogenic,chemical_synthesis,MIC,cubic,Bacteria,Bacillota,Bacilli,Bacillales,Bacillaceae,Bacillus,p,soil,195.084,50.0,4,0.16,30,10,21.14774404,0.0,0.0,1.870828693,1.531239192498119,Klebsiella pneumoniae,1.2025300372108307,0.3287091552872883,33.98123764925579,15.941531336854954
31,Ag,Bacillus subtilis,non-pathogenic,chemical_synthesis,MBEC,quasi-spherical,Bacteria,Bacillota,Bacilli,Bacillales,Bacillaceae,Bacillus,p,soil,107.87,5.1,4,0.16,30,11,23.00188061,0.0,0.0,1.78376517,1.7832683495931263,Klebsiella pneumoniae,1.4559648225912858,0.3273035270018405,60.71113464643759,28.57359090838326
32,Al2O3,Bacillus subtilis,non-pathogenic,green_synthesis,MBEC,quasi-spherical,Bacteria,Bacillota,Bacilli,Bacillales,Bacillaceae,Bacillus,p,soil,101.961276,4.0,3,0.16,30,24,51.55776403,85.5,13.5675,4.688846487,2.5167920410130993,Klebsiella pneumoniae,2.2010089960001835,0.31578304501291576,328.6942001832699,158.85796541847623
33,CuO,Bacillus subtilis,non-pathogenic,green_synthesis,MBC,cubic,Bacteria,Bacillota,Bacilli,Bacillales,Bacillaceae,Bacillus,p,soil,79.5454,17.5,1,0.16,30,17,20.67942236,17.07,0.6865,1.651411411,3.1298024279952257,Klebsiella pneumoniae,2.815120720296805,0.3146817076984205,1348.349343395318,653.3121277695326
34,Ag,Bacillus subtilis,non-pathogenic,chemical_synthesis,MIC,spheroidal,Bacteria,Bacillota,Bacilli,Bacillales,Bacillaceae,Bacillus,p,soil,107.87,13.0,0,0.16,30,11,23.00188061,0.0,0.0,1.78376517,1.2695778323435793,Klebsiella pneumoniae,0.9575571540814514,0.312020678262128,18.602779241632746,9.06895306090302
35,TiO2,Bacillus subtilis,non-pathogenic,green_synthesis,MBEC,spherical,Bacteria,Bacillota,Bacilli,Bacillales,Bacillaceae,Bacillus,p,soil,79.866,18.5,0,0.16,30,16,26.40611331,34.14,1.373,2.878049394,2.550019461481743,Klebsiella pneumoniae,2.2487371456477163,0.30128231583402654,354.82928938728116,177.31159873372968
36,Al2O3,Bacillus subtilis,non-pathogenic,green_synthesis,MBC,nanoplates,Bacteria,Bacillota,Bacilli,Bacillales,Bacillaceae,Bacillus,p,soil,101.961276,9.0,1,0.16,30,24,51.55776403,85.5,13.5675,4.688846487,2.967015721614052,Klebsiella pneumoniae,2.6674407831675975,0.29957493844645455,926.8633755544927,464.98697003566554
37,Ag,Bacillus subtilis,non-pathogenic,chemical_synthesis,MIC,cubic,Bacteria,Bacillota,Bacilli,Bacillales,Bacillaceae,Bacillus,p,soil,107.87,27.43,1,0.16,30,11,23.00188061,0.0,0.0,1.78376517,1.4330808200397471,Klebsiella pneumoniae,1.1360985791599711,0.296982240879776,27.10696031985077,13.68039317365246
38,ZnO,Bacillus subtilis,non-pathogenic,green_synthesis,MBEC,rod-shaped,Bacteria,Bacillota,Bacilli,Bacillales,Bacillaceae,Bacillus,p,soil,81.3794,10.0,18,0.16,30,8,22.60496136,17.07,0.6865,4.082482905,2.0495320216523814,Klebsiella pneumoniae,1.758450564579402,0.2910814570729794,112.0810063307099,57.33905942026011
39,Ag,Bacillus subtilis,non-pathogenic,green_synthesis,MBEC,quasi-spherical,Bacteria,Bacillota,Bacilli,Bacillales,Bacillaceae,Bacillus,p,soil,107.8682,5.1,2,0.16,30,11,23.00188061,0.0,0.0,1.78376517,2.0365828816964577,Klebsiella pneumoniae,1.7461609611402669,0.29042192055619087,108.7884732092221,55.73922951330803
40,TiO2,Bacillus subtilis,non-pathogenic,green_synthesis,MBC,cubic,Bacteria,Bacillota,Bacilli,Bacillales,Bacillaceae,Bacillus,p,soil,79.866,35.0,4,0.16,30,16,26.40611331,34.14,1.373,2.878049394,2.525542147281972,Klebsiella pneumoniae,2.2394371246743243,0.2861050226076478,335.3838511036792,173.5549979066814
41,ZnO,Bacillus subtilis,non-pathogenic,green_synthesis,MBEC,spheroidal,Bacteria,Bacillota,Bacilli,Bacillales,Bacillaceae,Bacillus,p,soil,81.3794,4.0,3,0.16,30,8,22.60496136,17.07,0.6865,4.082482905,2.151508537656712,Klebsiella pneumoniae,1.8661849416009146,0.28532359605579716,141.745257641705,73.4826722923201
42,ZnO,Bacillus subtilis,non-pathogenic,chemical_synthesis,MBC,spheroidal,Bacteria,Bacillota,Bacilli,Bacillales,Bacillaceae,Bacillus,p,soil,81.3794,8.0,1,0.16,30,8,22.60496136,17.07,0.6865,4.082482905,1.8583983527501888,Klebsiella pneumoniae,1.573882813948926,0.2845155388012628,72.17692120413459,37.48718366093634
43,CuO,Bacillus subtilis,non-pathogenic,green_synthesis,MBC,spheroidal,Bacteria,Bacillota,Bacilli,Bacillales,Bacillaceae,Bacillus,p,soil,79.5454,44.45,4,0.16,30,17,20.67942236,17.07,0.6865,1.651411411,2.242904042122888,Klebsiella pneumoniae,1.9597830602010802,0.2831209819218079,174.94601006486548,91.15553833255846
44,Ag,Bacillus subtilis,non-pathogenic,chemical_synthesis,MIC,cubic,Bacteria,Bacillota,Bacilli,Bacillales,Bacillaceae,Bacillus,p,soil,107.87,13.0,3,0.16,30,11,23.00188061,0.0,0.0,1.78376517,1.946893078112711,Klebsiella pneumoniae,1.663886878868219,0.2830061992444919,88.48977240723032,46.11974303434965
45,ZnO,Bacillus subtilis,non-pathogenic,green_synthesis,MBEC,cubic,Bacteria,Bacillota,Bacilli,Bacillales,Bacillaceae,Bacillus,p,soil,81.3794,4.0,24,0.16,30,8,22.60496136,17.07,0.6865,4.082482905,2.7383473456425698,Klebsiella pneumoniae,2.4670012224229576,0.27134612321961216,547.4536373777099,293.09014949435146
46,Ag,Bacillus subtilis,non-pathogenic,chemical_synthesis,MIC,quasi-hexagonal,Bacteria,Bacillota,Bacilli,Bacillales,Bacillaceae,Bacillus,p,soil,107.87,12.5,1,0.16,30,11,23.00188061,0.0,0.0,1.78376517,0.8568323743542461,Klebsiella pneumoniae,0.5859640517887166,0.2708683225655295,7.191713442004175,3.854464514718625
47,CuO,Bacillus subtilis,non-pathogenic,green_synthesis,MBC,triangular,Bacteria,Bacillota,Bacilli,Bacillales,Bacillaceae,Bacillus,p,soil,79.5454,11.3,4,0.16,30,17,20.67942236,17.07,0.6865,1.651411411,2.1296814790643976,Klebsiella pneumoniae,1.8632865931477445,0.26639488591665317,134.79738868521815,72.993904185804
48,Pd,Bacillus subtilis,non-pathogenic,green_synthesis,MBC,triangular,Bacteria,Bacillota,Bacilli,Bacillales,Bacillaceae,Bacillus,p,soil,195.084,9.0,18,0.16,30,10,21.14774404,0.0,0.0,1.870828693,0.8871530625127183,Klebsiella pneumoniae,0.6268672835456959,0.26028577896702243,7.711752137508044,4.235135243809721
49,ZnO,Bacillus subtilis,non-pathogenic,green_synthesis,MBEC,rod-shaped,Bacteria,Bacillota,Bacilli,Bacillales,Bacillaceae,Bacillus,p,soil,81.3794,50.0,3,0.16,30,8,22.60496136,17.07,0.6865,4.082482905,1.5762674043679246,Klebsiella pneumoniae,1.3180485356024314,0.25821886876549316,37.693581496228404,20.7992912149178
50,TiO2,Bacillus subtilis,non-pathogenic,green_synthesis,MBEC,rod-shaped,Bacteria,Bacillota,Bacilli,Bacillales,Bacillaceae,Bacillus,p,soil,79.866,26.38,3,0.16,30,16,26.40611331,34.14,1.373,2.878049394,2.393515617490352,Klebsiella pneumoniae,2.143197971502869,0.25031764598748296,247.46604500095077,139.05863803171346
51,ZnO,Bacillus subtilis,non-pathogenic,green_synthesis,MBEC,rod-shaped,Bacteria,Bacillota,Bacilli,Bacillales,Bacillaceae,Bacillus,p,soil,81.3794,60.0,1,0.16,30,8,22.60496136,17.07,0.6865,4.082482905,1.4933862687917707,Klebsiella pneumoniae,1.2445681018862926,0.2488181669054781,31.144851809197913,17.56176259289462
52,Au,Bacillus subtilis,non-pathogenic,green_synthesis,MBC,quasi-hexagonal,Bacteria,Bacillota,Bacilli,Bacillales,Bacillaceae,Bacillus,p,soil,196.966569,8.7,4,0.16,30,11,23.00188061,0.0,0.0,2.46797672,0.9257806692999854,Klebsiella pneumoniae,0.6861153659542627,0.23966530334572267,8.429089579646964,4.854174292872507
53,ZnO,Bacillus subtilis,non-pathogenic,green_synthesis,MIC,cubic,Bacteria,Bacillota,Bacilli,Bacillales,Bacillaceae,Bacillus,p,soil,81.3794,20.0,4,0.16,30,8,22.60496136,17.07,0.6865,4.082482905,1.764391974981588,Klebsiella pneumoniae,1.5908507529087046,0.17354122207288336,58.1288826403938,38.98080045263796
54,Au,Bacillus subtilis,non-pathogenic,chemical_synthesis,MIC,rod-shaped,Bacteria,Bacillota,Bacilli,Bacillales,Bacillaceae,Bacillus,p,soil,196.966569,79.0,3,0.16,30,11,23.00188061,0.0,0.0,2.46797672,1.2002267664919182,Klebsiella pneumoniae,1.045802102523599,0.1544246639683191,15.85720959174734,11.112252534632995
55,ZnO,Bacillus subtilis,non-pathogenic,chemical_synthesis,MBEC,cubic,Bacteria,Bacillota,Bacilli,Bacillales,Bacillaceae,Bacillus,p,soil,81.3794,17.5,0,0.16,30,8,22.60496136,17.07,0.6865,4.082482905,2.313563805896413,Klebsiella pneumoniae,2.1672179539735064,0.1463458519229066,205.85613090779574,146.966365443018
56,Ag,Bacillus subtilis,non-pathogenic,green_synthesis,MIC,rod-shaped,Bacteria,Bacillota,Bacilli,Bacillales,Bacillaceae,Bacillus,p,soil,107.87,79.0,2,0.16,30,11,23.00188061,0.0,0.0,1.78376517,0.9919013404940396,Klebsiella pneumoniae,0.8471971762360863,0.1447041642579533,9.815249427975335,7.033915977796716
57,Ag,Bacillus subtilis,non-pathogenic,green_synthesis,MBC,quasi-spherical,Bacteria,Bacillota,Bacilli,Bacillales,Bacillaceae,Bacillus,p,soil,107.87,10.0,1,0.16,30,11,23.00188061,0.0,0.0,1.78376517,1.6018030426662662,Klebsiella pneumoniae,1.4687309362432277,0.13307210642303846,39.976341153199584,29.42598005321274
58,Ag,Bacillus subtilis,non-pathogenic,green_synthesis,MIC,spheroidal,Bacteria,Bacillota,Bacilli,Bacillales,Bacillaceae,Bacillus,p,soil,107.8682,4.7,2,0.16,30,11,23.00188061,0.0,0.0,1.78376517,1.175435164892182,Klebsiella pneumoniae,1.0554141059225766,0.12002105896960535,14.977356418671691,11.36093580650043
59,Au,Bacillus subtilis,non-pathogenic,green_synthesis,MIC,rod-shaped,Bacteria,Bacillota,Bacilli,Bacillales,Bacillaceae,Bacillus,p,soil,196.966569,44.45,24,0.16,30,11,23.00188061,0.0,0.0,2.46797672,1.3338367733434076,Klebsiella pneumoniae,1.2423545438823584,0.09148222946104911,21.569335878266124,17.47247967229196
60,Cu,Bacillus subtilis,non-pathogenic,green_synthesis,MBEC,spheroidal,Bacteria,Bacillota,Bacilli,Bacillales,Bacillaceae,Bacillus,p,soil,63.55,50.0,4,0.16,30,11,17.96409803,0.0,0.0,1.243163121,1.8237361721586454,Klebsiella pneumoniae,1.7414709724509643,0.08226519970768109,66.64018164142415,55.14053460980301
61,Au,Bacillus subtilis,non-pathogenic,green_synthesis,MIC,tetragonal,Bacteria,Bacillota,Bacilli,Bacillales,Bacillaceae,Bacillus,p,soil,196.966569,45.26,2,0.16,30,11,23.00188061,0.0,0.0,2.46797672,0.5259249535746113,Klebsiella pneumoniae,0.45284430108958706,0.07308065248502427,3.3567960353350204,2.8369017884749708
62,Ag,Bacillus subtilis,non-pathogenic,chemical_synthesis,MBEC,spheroidal,Bacteria,Bacillota,Bacilli,Bacillales,Bacillaceae,Bacillus,p,soil,107.87,30.0,0,0.16,30,11,23.00188061,0.0,0.0,1.78376517,1.5295020273927824,Klebsiella pneumoniae,1.4766596067929232,0.05284242059985922,33.84558518572559,29.968127433979546
63,CuO,Bacillus subtilis,non-pathogenic,chemical_synthesis,MBC,triangular,Bacteria,Bacillota,Bacilli,Bacillales,Bacillaceae,Bacillus,p,soil,79.5454,10.0,1,0.16,30,17,20.67942236,17.07,0.6865,1.651411411,1.481966894329139,Klebsiella pneumoniae,1.4448006567920266,0.037166237537112456,30.336599236577207,27.848426193736994
64,ZnO,Bacillus subtilis,non-pathogenic,green_synthesis,MIC,quasi-hexagonal,Bacteria,Bacillota,Bacilli,Bacillales,Bacillaceae,Bacillus,p,soil,81.3794,28.0,18,0.16,30,8,22.60496136,17.07,0.6865,4.082482905,0.34746960202549815,Klebsiella pneumoniae,0.3117515110520519,0.03571809097344625,2.2257152527989197,2.0499889073088498
65,Ag,Bacillus subtilis,non-pathogenic,chemical_synthesis,MBC,hexagonal,Bacteria,Bacillota,Bacilli,Bacillales,Bacillaceae,Bacillus,p,soil,107.87,3.0,4,0.16,30,11,23.00188061,0.0,0.0,1.78376517,1.4854042933457836,Klebsiella pneumoniae,1.4520567401695632,0.0333475531762204,30.57766323988643,28.317619386923216
66,ZnO,Bacillus subtilis,non-pathogenic,chemical_synthesis,MBEC,tetragonal,Bacteria,Bacillota,Bacilli,Bacillales,Bacillaceae,Bacillus,p,soil,81.3794,26.38,0,0.16,30,8,22.60496136,17.07,0.6865,4.082482905,0.8601641970110695,Klebsiella pneumoniae,0.8652811841917588,-0.005116987180689314,7.247099048598154,7.332991544003711
67,Ag,Bacillus subtilis,non-pathogenic,green_synthesis,MIC,tetragonal,Bacteria,Bacillota,Bacilli,Bacillales,Bacillaceae,Bacillus,p,soil,107.8682,25.0,1,0.16,30,11,23.00188061,0.0,0.0,1.78376517,-0.301431843085433,Klebsiella pneumoniae,-0.2895233780947035,-0.011908464990729506,0.499537570032269,0.5134245390892591
68,Ag,Bacillus subtilis,non-pathogenic,chemical_synthesis,MIC,hexagonal,Bacteria,Bacillota,Bacilli,Bacillales,Bacillaceae,Bacillus,p,soil,107.8682,25.0,2,0.16,30,11,23.00188061,0.0,0.0,1.78376517,2.212691557630191,Klebsiella pneumoniae,2.2439881882332045,-0.031296630603013575,163.18925419895993,175.38328011533522
69,CeO2,Bacillus subtilis,non-pathogenic,chemical_synthesis,MIC,rod-shaped,Bacteria,Bacillota,Bacilli,Bacillales,Bacillaceae,Bacillus,p,soil,172.115,22.5,18,0.16,30,16,39.19032095,34.14,1.373,4.456551526,2.013775099367347,Klebsiella pneumoniae,2.0511202140889875,-0.03734511472164037,103.22267257848162,112.49163112754867
70,ZnO,Bacillus subtilis,non-pathogenic,chemical_synthesis,MBEC,rod-shaped,Bacteria,Bacillota,Bacilli,Bacillales,Bacillaceae,Bacillus,p,soil,81.3794,17.5,18,0.16,30,8,22.60496136,17.07,0.6865,4.082482905,1.5379980858814308,Klebsiella pneumoniae,1.580317554774611,-0.04231946889318028,34.51422181454839,38.04674912835445
71,TiO2,Bacillus subtilis,non-pathogenic,chemical_synthesis,MBEC,nanoplates,Bacteria,Bacillota,Bacilli,Bacillales,Bacillaceae,Bacillus,p,soil,79.866,35.0,1,0.16,30,16,26.40611331,34.14,1.373,2.878049394,2.9723613847163017,Klebsiella pneumoniae,3.0194039383188835,-0.047042553602581805,938.3424948267242,1045.692367982251
72,Au,Bacillus subtilis,non-pathogenic,green_synthesis,MBEC,spherical,Bacteria,Bacillota,Bacilli,Bacillales,Bacillaceae,Bacillus,p,soil,196.966569,5.1,18,0.16,30,11,23.00188061,0.0,0.0,2.46797672,2.0325523263272767,Klebsiella pneumoniae,2.0800576999930143,-0.047505373665737594,107.78351097195278,120.24241770521805
73,Ag,Bacillus subtilis,non-pathogenic,green_synthesis,MBC,spherical,Bacteria,Bacillota,Bacilli,Bacillales,Bacillaceae,Bacillus,p,soil,107.8682,6.0,24,0.16,30,11,23.00188061,0.0,0.0,1.78376517,1.7817479098916802,Klebsiella pneumoniae,1.8734125281869456,-0.0916646182952654,60.498960119998536,74.71581329499796
74,Ag,Bacillus subtilis,non-pathogenic,chemical_synthesis,MIC,spherical,Bacteria,Bacillota,Bacilli,Bacillales,Bacillaceae,Bacillus,p,soil,107.87,35.0,18,0.16,30,11,23.00188061,0.0,0.0,1.78376517,0.941692942293645,Klebsiella pneumoniae,1.067410986142741,-0.12571804384909602,8.743653571583481,11.679143272940301
75,Cu,Bacillus subtilis,non-pathogenic,green_synthesis,MIC,nanoplates,Bacteria,Bacillota,Bacilli,Bacillales,Bacillaceae,Bacillus,p,soil,63.55,8.0,24,0.16,30,11,17.96409803,0.0,0.0,1.243163121,2.029286018367089,Klebsiella pneumoniae,2.2314156050301204,-0.20212958666303127,106.97591710172084,170.37881957770534
76,Ag,Bacillus subtilis,non-pathogenic,green_synthesis,MBEC,rod-shaped,Bacteria,Bacillota,Bacilli,Bacillales,Bacillaceae,Bacillus,p,soil,107.8682,27.43,24,0.16,30,11,23.00188061,0.0,0.0,1.78376517,1.4562995075717302,Klebsiella pneumoniae,1.6674947360698735,-0.21119522849814332,28.595619365885042,46.504473948930126
77,Pt,Bacillus subtilis,non-pathogenic,green_synthesis,MIC,hexagonal,Bacteria,Bacillota,Bacilli,Bacillales,Bacillaceae,Bacillus,p,soil,195.084,25.0,18,0.16,30,10,21.75656585,0.0,0.0,2.588435821,1.3670335665902256,Klebsiella pneumoniae,1.5873153489983396,-0.22028178240811402,23.282712026298665,38.66476269132202
78,Ag,Bacillus subtilis,non-pathogenic,chemical_synthesis,MBEC,hexagonal,Bacteria,Bacillota,Bacilli,Bacillales,Bacillaceae,Bacillus,p,soil,107.87,45.26,18,0.16,30,11,23.00188061,0.0,0.0,1.78376517,1.755503327661893,Klebsiella pneumoniae,2.009048712868142,-0.2535453852062488,56.951258784461274,102.10540043423765
79,ZnO,Bacillus subtilis,non-pathogenic,green_synthesis,MBEC,nanoplates,Bacteria,Bacillota,Bacilli,Bacillales,Bacillaceae,Bacillus,p,soil,81.3794,45.26,24,0.16,30,8,22.60496136,17.07,0.6865,4.082482905,2.247331458752302,Klebsiella pneumoniae,2.5764211953442566,-0.32908973659195473,176.7386196394361,377.0693179069028
80,Ag,Bacillus subtilis,non-pathogenic,chemical_synthesis,MBC,quasi-spherical,Bacteria,Bacillota,Bacilli,Bacillales,Bacillaceae,Bacillus,p,soil,107.8682,8.0,18,0.16,30,11,23.00188061,0.0,0.0,1.78376517,1.4761093886664025,Klebsiella pneumoniae,1.8174029643519765,-0.34129357568557395,29.930184133135043,65.67543595921919
81,Ag,Bacillus subtilis,non-pathogenic,chemical_synthesis,MBC,cubic,Bacteria,Bacillota,Bacilli,Bacillales,Bacillaceae,Bacillus,p,soil,107.87,18.0,24,0.16,30,11,23.00188061,0.0,0.0,1.78376517,1.4946956248790595,Klebsiella pneumoniae,1.8754194049635609,-0.38072378008450136,31.23889223169856,75.0618743672278
82,Al2O3,Bacillus subtilis,non-pathogenic,chemical_synthesis,MIC,spherical,Bacteria,Bacillota,Bacilli,Bacillales,Bacillaceae,Bacillus,p,soil,101.961276,28.0,18,0.16,30,24,51.55776403,85.5,13.5675,4.688846487,2.362262120641869,Klebsiella pneumoniae,2.7464857656681576,-0.3842236450262888,230.28312835820657,557.8093192170393
