,np,bacteria,bac_type,np_synthesis,method,shape,kingdom,phylum,class,order,family,genus,gram,isolated_from,mol_weight (g/mol),np_size_avg (nm),time_set,"min_Incub_period, h","growth_temp, C",Valance_electron,labuteASA,tpsa,CrippenMR,chi0v,pred_MIC_norm,pathogenic_bacteria,pred_MIC_pathogen,Fitness,pred_norm_MIC_original,pred_path_MIC_original
0,ZnO,Bacillus subtilis,non-pathogenic,green_synthesis,MIC,quasi-spherical,Bacteria,Bacillota,Bacilli,Bacillales,Bacillaceae,Bacillus,p,soil,81.3794,4.0,4,0.16,30,8,22.60496136,17.07,0.6865,4.082482905,1.1474770476767486,Klebsiella pneumoniae,0.2777402383449987,0.8697368093317499,14.043554618835977,1.8955717963859098
1,ZrO2,Bacillus subtilis,non-pathogenic,green_synthesis,MIC,rod-shaped,Bacteria,Bacillota,Bacilli,Bacillales,Bacillaceae,Bacillus,p,soil,123.2218,3.0,4,0.16,30,16,29.29254423,34.14,1.373,3.774536472,1.7615867349872851,Klebsiella pneumoniae,0.9369773600545158,0.8246093749327693,57.75462056574703,8.649228288265432
2,Ag,Bacillus subtilis,non-pathogenic,chemical_synthesis,MIC,spheroidal,Bacteria,Bacillota,Bacilli,Bacillales,Bacillaceae,Bacillus,p,soil,107.87,1.9,2,0.16,30,11,23.00188061,0.0,0.0,1.78376517,0.9975484790951428,Klebsiella pneumoniae,0.1853474042741312,0.8122010748210116,9.94371066657431,1.5323127112546697
3,Ag,Bacillus subtilis,non-pathogenic,chemical_synthesis,MIC,spheroidal,Bacteria,Bacillota,Bacilli,Bacillales,Bacillaceae,Bacillus,p,soil,107.87,0.8,2,0.16,30,11,23.00188061,0.0,0.0,1.78376517,0.9006975230415911,Klebsiella pneumoniae,0.1361529485648394,0.7645445744767517,7.956050352573499,1.3682105931760284
4,CeO2,Bacillus subtilis,non-pathogenic,chemical_synthesis,MIC,quasi-hexagonal,Bacteria,Bacillota,Bacilli,Bacillales,Bacillaceae,Bacillus,p,soil,172.115,5.1,3,0.16,30,16,39.19032095,34.14,1.373,4.456551526,2.417363389206025,Klebsiella pneumoniae,1.673331563599384,0.7440318256066412,261.43479547780686,47.13370329308525
5,ZnO,Bacillus subtilis,non-pathogenic,green_synthesis,MIC,nanoplates,Bacteria,Bacillota,Bacilli,Bacillales,Bacillaceae,Bacillus,p,soil,81.3794,0.8,0,0.16,30,8,22.60496136,17.07,0.6865,4.082482905,1.5353673742390739,Klebsiella pneumoniae,0.7978078408633582,0.7375595333757157,34.30578600686078,6.277805278456908
6,Ag,Bacillus subtilis,non-pathogenic,chemical_synthesis,MIC,spherical,Bacteria,Bacillota,Bacilli,Bacillales,Bacillaceae,Bacillus,p,soil,107.87,4.0,24,0.16,30,11,23.00188061,0.0,0.0,1.78376517,1.5300901707447805,Klebsiella pneumoniae,0.8253566881359713,0.7047334826088092,33.89145162365519,6.688930571005569
7,ZnO,Bacillus subtilis,non-pathogenic,green_synthesis,MBC,quasi-spherical,Bacteria,Bacillota,Bacilli,Bacillales,Bacillaceae,Bacillus,p,soil,81.3794,10.0,3,0.16,30,8,22.60496136,17.07,0.6865,4.082482905,2.221544244437962,Klebsiella pneumoniae,1.524100628412362,0.6974436160256001,166.5498494438451,33.42724838207539
8,Ag,Bacillus subtilis,non-pathogenic,green_synthesis,MIC,quasi-hexagonal,Bacteria,Bacillota,Bacilli,Bacillales,Bacillaceae,Bacillus,p,soil,107.87,1.9,0,0.16,30,11,23.00188061,0.0,0.0,1.78376517,1.1217049246705302,Klebsiella pneumoniae,0.4304952624385845,0.6912096622319457,13.234420354174821,2.694605937708631
9,CeO2,Bacillus subtilis,non-pathogenic,green_synthesis,MIC,rod-shaped,Bacteria,Bacillota,Bacilli,Bacillales,Bacillaceae,Bacillus,p,soil,172.115,0.8,0,0.16,30,16,39.19032095,34.14,1.373,4.456551526,2.35477265890991,Klebsiella pneumoniae,1.6680526743348225,0.6867199845750873,226.34591394720206,46.56425665524596
10,Ag,Bacillus subtilis,non-pathogenic,chemical_synthesis,MIC,spheroidal,Bacteria,Bacillota,Bacilli,Bacillales,Bacillaceae,Bacillus,p,soil,107.87,12.0,18,0.16,30,11,23.00188061,0.0,0.0,1.78376517,1.1874357141306249,Klebsiella pneumoniae,0.5113789866068739,0.676056727523751,15.396985973310661,3.246227754942178
11,ZnO,Bacillus subtilis,non-pathogenic,chemical_synthesis,MIC,rod-shaped,Bacteria,Bacillota,Bacilli,Bacillales,Bacillaceae,Bacillus,p,soil,81.3794,1.9,3,0.16,30,8,22.60496136,17.07,0.6865,4.082482905,1.0507228268378,Klebsiella pneumoniae,0.39692365034601895,0.653799176491781,11.238874634252664,2.4941562118076472
12,CuO,Bacillus subtilis,non-pathogenic,green_synthesis,MBC,quasi-hexagonal,Bacteria,Bacillota,Bacilli,Bacillales,Bacillaceae,Bacillus,p,soil,79.5454,6.0,3,0.16,30,17,20.67942236,17.07,0.6865,1.651411411,2.830362661062841,Klebsiella pneumoniae,2.1882293836508984,0.6421332774119426,676.6477796495712,154.2514956245999
13,ZnO,Bacillus subtilis,non-pathogenic,green_synthesis,MBC,hexagonal,Bacteria,Bacillota,Bacilli,Bacillales,Bacillaceae,Bacillus,p,soil,81.3794,8.7,1,0.16,30,8,22.60496136,17.07,0.6865,4.082482905,2.463581798045191,Klebsiella pneumoniae,1.8257367208142483,0.6378450772309425,290.7915604931578,66.9478633209323
14,CeO2,Bacillus subtilis,non-pathogenic,green_synthesis,MIC,cubic,Bacteria,Bacillota,Bacilli,Bacillales,Bacillaceae,Bacillus,p,soil,172.115,1.9,3,0.16,30,16,39.19032095,34.14,1.373,4.456551526,2.729108018956929,Klebsiella pneumoniae,2.094095128244297,0.6350128907126318,535.9299389540352,124.19243099918296
15,ZnO,Bacillus subtilis,non-pathogenic,green_synthesis,MBEC,quasi-hexagonal,Bacteria,Bacillota,Bacilli,Bacillales,Bacillaceae,Bacillus,p,soil,81.3794,9.0,3,0.16,30,8,22.60496136,17.07,0.6865,4.082482905,1.4706778774348384,Klebsiella pneumoniae,0.8439043692015391,0.6267735082332992,29.558192789290526,6.980786715890898
16,Ag,Bacillus subtilis,non-pathogenic,green_synthesis,MIC,hexagonal,Bacteria,Bacillota,Bacilli,Bacillales,Bacillaceae,Bacillus,p,soil,107.87,1.9,4,0.16,30,11,23.00188061,0.0,0.0,1.78376517,1.8962583432165643,Klebsiella pneumoniae,1.2808334928192742,0.6154248503972901,78.7514108858501,19.0912116699753
17,Pd,Bacillus subtilis,non-pathogenic,green_synthesis,MIC,hexagonal,Bacteria,Bacillota,Bacilli,Bacillales,Bacillaceae,Bacillus,p,soil,195.084,1.4,2,0.16,30,10,21.14774404,0.0,0.0,1.870828693,1.288067484454788,Klebsiella pneumoniae,0.676927712574672,0.6111397718801159,19.411874927585632,4.752561139540455
18,ZnO,Bacillus subtilis,non-pathogenic,chemical_synthesis,MIC,spherical,Bacteria,Bacillota,Bacilli,Bacillales,Bacillaceae,Bacillus,p,soil,81.3794,0.8,4,0.16,30,8,22.60496136,17.07,0.6865,4.082482905,0.9302221136218963,Klebsiella pneumoniae,0.31948676637411744,0.6107353472477789,8.51573451756537,2.0868285340461434
19,TiO2,Bacillus subtilis,non-pathogenic,green_synthesis,MBC,cubic,Bacteria,Bacillota,Bacilli,Bacillales,Bacillaceae,Bacillus,p,soil,79.866,10.4,1,0.16,30,16,26.40611331,34.14,1.373,2.878049394,3.3487355805598558,Klebsiella pneumoniae,2.7514017377854483,0.5973338427744075,2232.2127301708224,564.159281854779
20,Au,Bacillus subtilis,non-pathogenic,chemical_synthesis,MIC,nanoplates,Bacteria,Bacillota,Bacilli,Bacillales,Bacillaceae,Bacillus,p,soil,196.966569,4.0,4,0.16,30,11,23.00188061,0.0,0.0,2.46797672,1.9457487110755345,Klebsiella pneumoniae,1.3580638024864133,0.5876849085891211,88.25690857054865,22.806771031550337
21,ZnO,Bacillus subtilis,non-pathogenic,green_synthesis,MBC,hexagonal,Bacteria,Bacillota,Bacilli,Bacillales,Bacillaceae,Bacillus,p,soil,81.3794,11.3,1,0.16,30,8,22.60496136,17.07,0.6865,4.082482905,2.4590106132112353,Klebsiella pneumoniae,1.8801910288907426,0.5788195843204926,287.74687329451,75.89113165652624
22,Ag,Bacillus subtilis,non-pathogenic,chemical_synthesis,MIC,nanoplates,Bacteria,Bacillota,Bacilli,Bacillales,Bacillaceae,Bacillus,p,soil,107.87,6.0,3,0.16,30,11,23.00188061,0.0,0.0,1.78376517,2.0821300389386943,Klebsiella pneumoniae,1.5051318794072397,0.5769981595314546,120.8175539785232,31.9986664506194
23,ZnO,Bacillus subtilis,non-pathogenic,green_synthesis,MBEC,quasi-hexagonal,Bacteria,Bacillota,Bacilli,Bacillales,Bacillaceae,Bacillus,p,soil,81.3794,1.4,3,0.16,30,8,22.60496136,17.07,0.6865,4.082482905,1.1521518862309992,Klebsiella pneumoniae,0.5771039135996103,0.5750479726313888,14.195538968483492,3.7766254339671135
24,TiO2,Bacillus subtilis,non-pathogenic,chemical_synthesis,MIC,quasi-hexagonal,Bacteria,Bacillota,Bacilli,Bacillales,Bacillaceae,Bacillus,p,soil,79.866,5.1,0,0.16,30,16,26.40611331,34.14,1.373,2.878049394,2.1232048725251955,Klebsiella pneumoniae,1.5516292237225242,0.5715756488026713,132.80207857617052,35.61469453028293
25,ZnO,Bacillus subtilis,non-pathogenic,green_synthesis,MBEC,hexagonal,Bacteria,Bacillota,Bacilli,Bacillales,Bacillaceae,Bacillus,p,soil,81.3794,3.0,4,0.16,30,8,22.60496136,17.07,0.6865,4.082482905,2.07107163226629,Klebsiella pneumoniae,1.5008884173721972,0.5701832148940926,117.78002231492839,31.68753215450276
26,Ag,Bacillus subtilis,non-pathogenic,green_synthesis,MIC,rod-shaped,Bacteria,Bacillota,Bacilli,Bacillales,Bacillaceae,Bacillus,p,soil,107.87,4.0,4,0.16,30,11,23.00188061,0.0,0.0,1.78376517,1.2986878663741726,Klebsiella pneumoniae,0.7394733990583189,0.5592144673158537,19.892431277416605,5.488749354761975
27,Au,Bacillus subtilis,non-pathogenic,chemical_synthesis,MIC,nanoplates,Bacteria,Bacillota,Bacilli,Bacillales,Bacillaceae,Bacillus,p,soil,196.966569,1.9,0,0.16,30,11,23.00188061,0.0,0.0,2.46797672,2.190287292624978,Klebsiella pneumoniae,1.6376200980976723,0.5526671945273058,154.9841524404647,43.413029974220194
28,ZnO,Bacillus subtilis,non-pathogenic,green_synthesis,MIC,hexagonal,Bacteria,Bacillota,Bacilli,Bacillales,Bacillaceae,Bacillus,p,soil,81.3794,1.4,18,0.16,30,8,22.60496136,17.07,0.6865,4.082482905,1.4868626392738618,Klebsiella pneumoniae,0.9354724574554639,0.5513901818183978,30.68051456997228,8.619309141305186
29,Ag,Bacillus subtilis,non-pathogenic,green_synthesis,MIC,spheroidal,Bacteria,Bacillota,Bacilli,Bacillales,Bacillaceae,Bacillus,p,soil,107.87,8.7,18,0.16,30,11,23.00188061,0.0,0.0,1.78376517,1.6691782684645142,Klebsiella pneumoniae,1.1181068424008513,0.5510714260636629,46.685097318724075,13.125227579093183
30,ZnO,Bacillus subtilis,non-pathogenic,green_synthesis,MBEC,rod-shaped,Bacteria,Bacillota,Bacilli,Bacillales,Bacillaceae,Bacillus,p,soil,81.3794,8.7,2,0.16,30,8,22.60496136,17.07,0.6865,4.082482905,2.1722824753213303,Klebsiella pneumoniae,1.6222685692293628,0.5500139060919675,148.69024440759952,41.90526286206593
31,Ag,Bacillus subtilis,non-pathogenic,green_synthesis,MIC,spheroidal,Bacteria,Bacillota,Bacilli,Bacillales,Bacillaceae,Bacillus,p,soil,107.87,18.5,18,0.16,30,11,23.00188061,0.0,0.0,1.78376517,1.1535870846355913,Klebsiella pneumoniae,0.6153998787575503,0.538187205878041,14.242528088800771,4.124771346329697
32,ZnO,Bacillus subtilis,non-pathogenic,chemical_synthesis,MBC,quasi-hexagonal,Bacteria,Bacillota,Bacilli,Bacillales,Bacillaceae,Bacillus,p,soil,81.3794,9.0,1,0.16,30,8,22.60496136,17.07,0.6865,4.082482905,0.7808570012468764,Klebsiella pneumoniae,0.24856486301320624,0.5322921382336702,6.0374980188091865,1.772412739832101
33,Au,Bacillus subtilis,non-pathogenic,chemical_synthesis,MIC,nanoplates,Bacteria,Bacillota,Bacilli,Bacillales,Bacillaceae,Bacillus,p,soil,196.966569,0.8,1,0.16,30,11,23.00188061,0.0,0.0,2.46797672,1.9390247402914287,Klebsiella pneumoniae,1.4086885286391349,0.5303362116522938,86.90099324402948,25.626454753518644
34,TiO2,Bacillus subtilis,non-pathogenic,chemical_synthesis,MBC,quasi-spherical,Bacteria,Bacillota,Bacilli,Bacillales,Bacillaceae,Bacillus,p,soil,79.866,10.0,1,0.16,30,16,26.40611331,34.14,1.373,2.878049394,2.4548970635871132,Klebsiella pneumoniae,1.92797783631268,0.5269192272744332,285.0342599658765,84.71841780297582
35,Pd,Bacillus subtilis,non-pathogenic,green_synthesis,MIC,quasi-spherical,Bacteria,Bacillota,Bacilli,Bacillales,Bacillaceae,Bacillus,p,soil,195.084,6.0,2,0.16,30,10,21.14774404,0.0,0.0,1.870828693,1.470954006267118,Klebsiella pneumoniae,0.945989931718866,0.524964074548252,29.576992163560753,8.830594281491443
36,ZnO,Bacillus subtilis,non-pathogenic,chemical_synthesis,MBEC,hexagonal,Bacteria,Bacillota,Bacilli,Bacillales,Bacillaceae,Bacillus,p,soil,81.3794,5.1,0,0.16,30,8,22.60496136,17.07,0.6865,4.082482905,2.5197723926744207,Klebsiella pneumoniae,1.9988632624663196,0.520909130208101,330.95762601817125,99.73859875963231
37,Ag,Bacillus subtilis,non-pathogenic,chemical_synthesis,MIC,spherical,Bacteria,Bacillota,Bacilli,Bacillales,Bacillaceae,Bacillus,p,soil,107.87,5.1,1,0.16,30,11,23.00188061,0.0,0.0,1.78376517,1.3811693407054229,Klebsiella pneumoniae,0.8619765015154766,0.5191928391899463,24.053004952792538,7.277404274308956
38,ZnO,Bacillus subtilis,non-pathogenic,green_synthesis,MBEC,rod-shaped,Bacteria,Bacillota,Bacilli,Bacillales,Bacillaceae,Bacillus,p,soil,81.3794,1.4,0,0.16,30,8,22.60496136,17.07,0.6865,4.082482905,1.825814082172796,Klebsiella pneumoniae,1.308675533237815,0.5171385489349809,66.95978988041654,20.355207468264783
39,Ag,Bacillus subtilis,non-pathogenic,green_synthesis,MIC,tetragonal,Bacteria,Bacillota,Bacilli,Bacillales,Bacillaceae,Bacillus,p,soil,107.87,4.0,0,0.16,30,11,23.00188061,0.0,0.0,1.78376517,0.25412746368639283,Klebsiella pneumoniae,-0.25421007352965863,0.5083375372160515,1.7952604512513297,0.5569162965738085
40,ZnO,Bacillus subtilis,non-pathogenic,green_synthesis,MBC,quasi-hexagonal,Bacteria,Bacillota,Bacilli,Bacillales,Bacillaceae,Bacillus,p,soil,81.3794,26.38,0,0.16,30,8,22.60496136,17.07,0.6865,4.082482905,1.0482914010154547,Klebsiella pneumoniae,0.5413181941876128,0.5069732068278419,11.176128872734253,3.477908837843861
41,TiO2,Bacillus subtilis,non-pathogenic,chemical_synthesis,MIC,spheroidal,Bacteria,Bacillota,Bacilli,Bacillales,Bacillaceae,Bacillus,p,soil,79.866,3.0,0,0.16,30,16,26.40611331,34.14,1.373,2.878049394,2.1621302020730324,Klebsiella pneumoniae,1.6613311190098714,0.500799083063161,145.25470278796269,45.84913208865765
42,CeO2,Bacillus subtilis,non-pathogenic,chemical_synthesis,MIC,nanoplates,Bacteria,Bacillota,Bacilli,Bacillales,Bacillaceae,Bacillus,p,soil,172.115,8.0,2,0.16,30,16,39.19032095,34.14,1.373,4.456551526,3.122823248326691,Klebsiella pneumoniae,2.6261981284329883,0.49662511989370284,1326.8543369949398,422.8614828804105
43,TiO2,Bacillus subtilis,non-pathogenic,green_synthesis,MBEC,rod-shaped,Bacteria,Bacillota,Bacilli,Bacillales,Bacillaceae,Bacillus,p,soil,79.866,8.0,3,0.16,30,16,26.40611331,34.14,1.373,2.878049394,2.8600974835669244,Klebsiella pneumoniae,2.3665223016325356,0.49357518193438876,724.5985882704455,232.55319021415846
44,Au,Bacillus subtilis,non-pathogenic,green_synthesis,MIC,spherical,Bacteria,Bacillota,Bacilli,Bacillales,Bacillaceae,Bacillus,p,soil,196.966569,1.4,2,0.16,30,11,23.00188061,0.0,0.0,2.46797672,1.7154650577568242,Klebsiella pneumoniae,1.225447275270646,0.4900177824861782,51.93558857558844,16.805338911722675
45,CeO2,Bacillus subtilis,non-pathogenic,green_synthesis,MIC,triangular,Bacteria,Bacillota,Bacilli,Bacillales,Bacillaceae,Bacillus,p,soil,172.115,0.8,18,0.16,30,16,39.19032095,34.14,1.373,4.456551526,0.9642365990810183,Klebsiella pneumoniae,0.4765343787954506,0.48770222028556776,9.209511596482688,2.995948742649269
46,Ni,Bacillus subtilis,non-pathogenic,green_synthesis,MBC,quasi-hexagonal,Bacteria,Bacillota,Bacilli,Bacillales,Bacillaceae,Bacillus,p,soil,58.6934,3.0,4,0.16,30,10,17.41523038,0.0,0.0,1.303840481,1.5442632865627468,Klebsiella pneumoniae,1.057209715381387,0.4870535711813597,35.01573820066048,11.408005329062718
47,ZnO,Bacillus subtilis,non-pathogenic,chemical_synthesis,MBEC,quasi-hexagonal,Bacteria,Bacillota,Bacilli,Bacillales,Bacillaceae,Bacillus,p,soil,81.3794,11.3,1,0.16,30,8,22.60496136,17.07,0.6865,4.082482905,1.287848722635668,Klebsiella pneumoniae,0.8011899249101979,0.48665879772547016,19.402099284812984,6.326884771134352
48,Ag,Bacillus subtilis,non-pathogenic,chemical_synthesis,MIC,quasi-hexagonal,Bacteria,Bacillota,Bacilli,Bacillales,Bacillaceae,Bacillus,p,soil,107.87,12.0,0,0.16,30,11,23.00188061,0.0,0.0,1.78376517,0.8911518273808906,Klebsiella pneumoniae,0.4086676113348855,0.4824842160460051,7.783085966390155,2.562522051393085
49,ZnO,Bacillus subtilis,non-pathogenic,green_synthesis,MBEC,tetragonal,Bacteria,Bacillota,Bacilli,Bacillales,Bacillaceae,Bacillus,p,soil,81.3794,3.0,24,0.16,30,8,22.60496136,17.07,0.6865,4.082482905,1.6180493588247375,Klebsiella pneumoniae,1.1386691490216019,0.47938020980313567,41.50012060422836,13.76160692998953
50,ZnO,Bacillus subtilis,non-pathogenic,green_synthesis,MIC,cubic,Bacteria,Bacillota,Bacilli,Bacillales,Bacillaceae,Bacillus,p,soil,81.3794,11.3,2,0.16,30,8,22.60496136,17.07,0.6865,4.082482905,1.9306232456135555,Klebsiella pneumoniae,1.5402249432419108,0.39039830237164463,85.23603628786087,34.691648965369495
51,CuO,Bacillus subtilis,non-pathogenic,green_synthesis,MBEC,quasi-hexagonal,Bacteria,Bacillota,Bacilli,Bacillales,Bacillaceae,Bacillus,p,soil,79.5454,100.0,4,0.16,30,17,20.67942236,17.07,0.6865,1.651411411,1.8701264705763903,Klebsiella pneumoniae,1.5348406391334635,0.3352858314429268,74.15261491462638,34.2642033737908
52,ZnO,Bacillus subtilis,non-pathogenic,green_synthesis,MBC,tetragonal,Bacteria,Bacillota,Bacilli,Bacillales,Bacillaceae,Bacillus,p,soil,81.3794,10.4,1,0.16,30,8,22.60496136,17.07,0.6865,4.082482905,1.6877227154992018,Klebsiella pneumoniae,1.3789807887884273,0.3087419267107745,48.72173165719578,23.93209889348937
53,Ag,Bacillus subtilis,non-pathogenic,chemical_synthesis,MIC,cubic,Bacteria,Bacillota,Bacilli,Bacillales,Bacillaceae,Bacillus,p,soil,107.87,26.38,3,0.16,30,11,23.00188061,0.0,0.0,1.78376517,1.5687394889111563,Klebsiella pneumoniae,1.2646791822863577,0.30406030662479866,37.0458436016536,18.39412706751454
54,Al2O3,Bacillus subtilis,non-pathogenic,chemical_synthesis,MIC,tetragonal,Bacteria,Bacillota,Bacilli,Bacillales,Bacillaceae,Bacillus,p,soil,101.961276,1.4,2,0.16,30,24,51.55776403,85.5,13.5675,4.688846487,1.4137570619053879,Klebsiella pneumoniae,1.1258830048061987,0.2878740570991891,25.927286212482105,13.362354977186063
55,Ag,Bacillus subtilis,non-pathogenic,green_synthesis,MIC,quasi-hexagonal,Bacteria,Bacillota,Bacilli,Bacillales,Bacillaceae,Bacillus,p,soil,107.87,60.0,2,0.16,30,11,23.00188061,0.0,0.0,1.78376517,0.16804571250175138,Klebsiella pneumoniae,-0.07794557355104681,0.24599128605279819,1.4724674816756818,0.8357077438420354
56,ZnO,Bacillus subtilis,non-pathogenic,chemical_synthesis,MBC,spherical,Bacteria,Bacillota,Bacilli,Bacillales,Bacillaceae,Bacillus,p,soil,81.3794,26.06,3,0.16,30,8,22.60496136,17.07,0.6865,4.082482905,1.4815786096899153,Klebsiella pneumoniae,1.2609582890359992,0.22062032065391612,30.309488665554465,18.2372053823637
57,Au,Bacillus subtilis,non-pathogenic,green_synthesis,MIC,cubic,Bacteria,Bacillota,Bacilli,Bacillales,Bacillaceae,Bacillus,p,soil,196.966569,1.9,18,0.16,30,11,23.00188061,0.0,0.0,2.46797672,2.0377567671574814,Klebsiella pneumoniae,1.829421965454121,0.20833480170336038,109.08292308070449,67.5183725285282
58,ZrO2,Bacillus subtilis,non-pathogenic,green_synthesis,MBC,tetragonal,Bacteria,Bacillota,Bacilli,Bacillales,Bacillaceae,Bacillus,p,soil,123.2218,9.0,24,0.16,30,16,29.29254423,34.14,1.373,3.774536472,2.230183617028195,Klebsiella pneumoniae,2.0333853104813557,0.19679830654683927,169.89618112089858,107.99043995029557
59,ZnO,Bacillus subtilis,non-pathogenic,green_synthesis,MBEC,hexagonal,Bacteria,Bacillota,Bacilli,Bacillales,Bacillaceae,Bacillus,p,soil,81.3794,50.0,3,0.16,30,8,22.60496136,17.07,0.6865,4.082482905,1.8376318989240294,Klebsiella pneumoniae,1.6423752214204244,0.1952566775036051,68.80688529353228,43.89097429180091
60,Ag,Bacillus subtilis,non-pathogenic,green_synthesis,MBEC,spheroidal,Bacteria,Bacillota,Bacilli,Bacillales,Bacillaceae,Bacillus,p,soil,107.87,10.4,2,0.16,30,11,23.00188061,0.0,0.0,1.78376517,2.1825308562070114,Klebsiella pneumoniae,2.001820536822859,0.18071031938415238,152.24072946182395,100.42007394239566
61,ZnO,Bacillus subtilis,non-pathogenic,green_synthesis,MIC,hexagonal,Bacteria,Bacillota,Bacilli,Bacillales,Bacillaceae,Bacillus,p,soil,81.3794,18.0,4,0.16,30,8,22.60496136,17.07,0.6865,4.082482905,1.7054900922757803,Klebsiella pneumoniae,1.524864267878694,0.1806258243970864,50.756315966655194,33.48607671726424
62,Au,Bacillus subtilis,non-pathogenic,green_synthesis,MIC,quasi-spherical,Bacteria,Bacillota,Bacilli,Bacillales,Bacillaceae,Bacillus,p,soil,196.966569,18.5,3,0.16,30,11,23.00188061,0.0,0.0,2.46797672,1.5712110681743074,Klebsiella pneumoniae,1.395012146724525,0.17619892144978255,37.2572733515659,24.83202556685922
63,Ag,Bacillus subtilis,non-pathogenic,green_synthesis,MBEC,quasi-spherical,Bacteria,Bacillota,Bacilli,Bacillales,Bacillaceae,Bacillus,p,soil,107.87,8.7,3,0.16,30,11,23.00188061,0.0,0.0,1.78376517,2.148758623867477,Klebsiella pneumoniae,1.9768651432778068,0.17189348058967036,140.85057487161276,94.81240069934303
64,ZnO,Bacillus subtilis,non-pathogenic,chemical_synthesis,MBC,triangular,Bacteria,Bacillota,Bacilli,Bacillales,Bacillaceae,Bacillus,p,soil,81.3794,10.0,2,0.16,30,8,22.60496136,17.07,0.6865,4.082482905,0.6503826344672596,Klebsiella pneumoniae,0.502964606545762,0.1474180279214976,4.4707731544341,3.1839380315373784
65,Au,Bacillus subtilis,non-pathogenic,chemical_synthesis,MBEC,nanoplates,Bacteria,Bacillota,Bacilli,Bacillales,Bacillaceae,Bacillus,p,soil,196.966569,4.0,1,0.16,30,11,23.00188061,0.0,0.0,2.46797672,1.8711891374127807,Klebsiella pneumoniae,1.7281022852505517,0.14308685216222905,74.33427969092791,53.469027508579956
66,TiO2,Bacillus subtilis,non-pathogenic,chemical_synthesis,MBEC,cubic,Bacteria,Bacillota,Bacilli,Bacillales,Bacillaceae,Bacillus,p,soil,79.866,28.0,0,0.16,30,16,26.40611331,34.14,1.373,2.878049394,2.957335061483728,Klebsiella pneumoniae,2.822792609350956,0.13454245213277183,906.4316500893342,664.9555410820938
67,Ag,Bacillus subtilis,non-pathogenic,green_synthesis,MBC,spheroidal,Bacteria,Bacillota,Bacilli,Bacillales,Bacillaceae,Bacillus,p,soil,107.8682,17.5,1,0.16,30,11,23.00188061,0.0,0.0,1.78376517,1.361311367665337,Klebsiella pneumoniae,1.2279884806219488,0.13332288704338824,22.977954634082334,16.903960943940554
68,ZnO,Bacillus subtilis,non-pathogenic,chemical_synthesis,MBC,hexagonal,Bacteria,Bacillota,Bacilli,Bacillales,Bacillaceae,Bacillus,p,soil,81.3794,22.5,2,0.16,30,8,22.60496136,17.07,0.6865,4.082482905,1.7351151603091564,Klebsiella pneumoniae,1.6054669197666633,0.12964824054249302,54.33944023337307,40.315023729932065
69,ZnO,Bacillus subtilis,non-pathogenic,green_synthesis,MIC,spherical,Bacteria,Bacillota,Bacilli,Bacillales,Bacillaceae,Bacillus,p,soil,81.3794,100.0,1,0.16,30,8,22.60496136,17.07,0.6865,4.082482905,0.43908178798587416,Klebsiella pneumoniae,0.3334477641120399,0.10563402387383425,2.7484116956944913,2.1550024295071375
70,ZnO,Bacillus subtilis,non-pathogenic,green_synthesis,MIC,triangular,Bacteria,Bacillota,Bacilli,Bacillales,Bacillaceae,Bacillus,p,soil,81.3794,8.0,2,0.16,30,8,22.60496136,17.07,0.6865,4.082482905,-0.25757774448756887,Klebsiella pneumoniae,-0.3600504819815198,0.10247273749395092,0.5526144737498858,0.4364650949998569
71,Pd,Bacillus subtilis,non-pathogenic,green_synthesis,MBEC,quasi-hexagonal,Bacteria,Bacillota,Bacilli,Bacillales,Bacillaceae,Bacillus,p,soil,195.084,18.5,0,0.16,30,10,21.14774404,0.0,0.0,1.870828693,1.1955453080088256,Klebsiella pneumoniae,1.094976648059951,0.10056865994887465,15.687195466665388,12.444476962324954
72,Au,Bacillus subtilis,non-pathogenic,green_synthesis,MIC,quasi-hexagonal,Bacteria,Bacillota,Bacilli,Bacillales,Bacillaceae,Bacillus,p,soil,196.966569,40.0,24,0.16,30,11,23.00188061,0.0,0.0,2.46797672,0.355763015773235,Klebsiella pneumoniae,0.2703363557723062,0.0854266600009288,2.2686265782004487,1.863529859022325
73,Pd,Bacillus subtilis,non-pathogenic,green_synthesis,MBC,nanoplates,Bacteria,Bacillota,Bacilli,Bacillales,Bacillaceae,Bacillus,p,soil,195.084,38.0,18,0.16,30,10,21.14774404,0.0,0.0,1.870828693,1.2256782538283222,Klebsiella pneumoniae,1.157040426917032,0.06863782691129017,16.814279171195164,14.35623064140459
74,Ag,Bacillus subtilis,non-pathogenic,chemical_synthesis,MBC,hexagonal,Bacteria,Bacillota,Bacilli,Bacillales,Bacillaceae,Bacillus,p,soil,107.8682,60.0,4,0.16,30,11,23.00188061,0.0,0.0,1.78376517,2.1585110878889306,Klebsiella pneumoniae,2.124268679562347,0.03424240832658354,144.0492786721332,133.1277768315119
75,ZnO,Bacillus subtilis,non-pathogenic,green_synthesis,MBEC,nanoplates,Bacteria,Bacillota,Bacilli,Bacillales,Bacillaceae,Bacillus,p,soil,81.3794,28.0,18,0.16,30,8,22.60496136,17.07,0.6865,4.082482905,2.195729931006181,Klebsiella pneumoniae,2.1686594397238017,0.027070491282379372,156.9386567054952,147.45497835398388
76,Au,Bacillus subtilis,non-pathogenic,green_synthesis,MBEC,triangular,Bacteria,Bacillota,Bacilli,Bacillales,Bacillaceae,Bacillus,p,soil,196.966569,79.0,3,0.16,30,11,23.00188061,0.0,0.0,2.46797672,0.27716935970908607,Klebsiella pneumoniae,0.27137738033129,0.005791979377796075,1.893081710597691,1.8680021869061523
77,Ag,Bacillus subtilis,non-pathogenic,chemical_synthesis,MBEC,hexagonal,Bacteria,Bacillota,Bacilli,Bacillales,Bacillaceae,Bacillus,p,soil,107.87,38.0,1,0.16,30,11,23.00188061,0.0,0.0,1.78376517,1.7188066919642184,Klebsiella pneumoniae,1.7180555782414242,0.0007511137227942388,52.33674295976002,52.246304621371664
78,Au,Bacillus subtilis,non-pathogenic,green_synthesis,MBEC,hexagonal,Bacteria,Bacillota,Bacilli,Bacillales,Bacillaceae,Bacillus,p,soil,196.966569,26.06,3,0.16,30,11,23.00188061,0.0,0.0,2.46797672,1.947259839338558,Klebsiella pneumoniae,2.001894366175069,-0.05463452683651093,88.5645334888449,100.4371466419862
79,ZnO,Bacillus subtilis,non-pathogenic,chemical_synthesis,MBC,nanoplates,Bacteria,Bacillota,Bacilli,Bacillales,Bacillaceae,Bacillus,p,soil,81.3794,79.0,18,0.16,30,8,22.60496136,17.07,0.6865,4.082482905,2.1137420215158746,Klebsiella pneumoniae,2.1991059691918795,-0.08536394767600486,129.93974840069183,158.1633915740251
80,CuO,Bacillus subtilis,non-pathogenic,chemical_synthesis,MBEC,nanoplates,Bacteria,Bacillota,Bacilli,Bacillales,Bacillaceae,Bacillus,p,soil,79.5454,18.0,18,0.16,30,17,20.67942236,17.07,0.6865,1.651411411,3.30764322368559,Klebsiella pneumoniae,3.4317595344662672,-0.12411631078067709,2030.6880993582363,2702.4616174456846
81,ZnO,Bacillus subtilis,non-pathogenic,chemical_synthesis,MIC,spherical,Bacteria,Bacillota,Bacilli,Bacillales,Bacillaceae,Bacillus,p,soil,81.3794,45.26,0,0.16,30,8,22.60496136,17.07,0.6865,4.082482905,1.1388477327352255,Klebsiella pneumoniae,1.2895608203359337,-0.15071308760070812,13.767266924141342,19.47873818881042
82,Ag,Bacillus subtilis,non-pathogenic,chemical_synthesis,MBC,rod-shaped,Bacteria,Bacillota,Bacilli,Bacillales,Bacillaceae,Bacillus,p,soil,107.87,12.0,3,0.16,30,11,23.00188061,0.0,0.0,1.78376517,1.4098444134224233,Klebsiella pneumoniae,1.5779086118880852,-0.1680641984656619,25.694750999780357,37.83629578368917
83,ZnO,Bacillus subtilis,non-pathogenic,chemical_synthesis,MBC,quasi-hexagonal,Bacteria,Bacillota,Bacilli,Bacillales,Bacillaceae,Bacillus,p,soil,81.3794,17.5,24,0.16,30,8,22.60496136,17.07,0.6865,4.082482905,0.5633624588563164,Klebsiella pneumoniae,0.7348708641861474,-0.17150840532983103,3.659000415947664,5.430888220840376
84,Ag,Bacillus subtilis,non-pathogenic,chemical_synthesis,MBC,tetragonal,Bacteria,Bacillota,Bacilli,Bacillales,Bacillaceae,Bacillus,p,soil,107.8682,28.0,1,0.16,30,11,23.00188061,0.0,0.0,1.78376517,0.8419542940962041,Klebsiella pneumoniae,1.0263722161602722,-0.18441792206406804,6.949511758741637,10.626058833829397
85,ZnO,Bacillus subtilis,non-pathogenic,chemical_synthesis,MBC,tetragonal,Bacteria,Bacillota,Bacilli,Bacillales,Bacillaceae,Bacillus,p,soil,81.3794,41.23,0,0.16,30,8,22.60496136,17.07,0.6865,4.082482905,1.2825658325363634,Klebsiella pneumoniae,1.4747636945352087,-0.19219786199884537,19.167515915372512,29.837586739548147
86,CuO,Bacillus subtilis,non-pathogenic,green_synthesis,MIC,nanoplates,Bacteria,Bacillota,Bacilli,Bacillales,Bacillaceae,Bacillus,p,soil,79.5454,28.0,24,0.16,30,17,20.67942236,17.07,0.6865,1.651411411,2.591081596292505,Klebsiella pneumoniae,2.948609774475219,-0.35752817818271376,390.01525679836715,888.4025050631255
