,np,bacteria,bac_type,np_synthesis,method,shape,kingdom,phylum,class,order,family,genus,gram,isolated_from,mol_weight (g/mol),np_size_avg (nm),time_set,"min_Incub_period, h","growth_temp, C",Valance_electron,labuteASA,tpsa,CrippenMR,chi0v,pred_MIC_norm,pathogenic_bacteria,pred_MIC_pathogen,Fitness,pred_norm_MIC_original,pred_path_MIC_original
0,ZnO,Bacillus subtilis,non-pathogenic,green_synthesis,MIC,quasi-spherical,Bacteria,Bacillota,Bacilli,Bacillales,Bacillaceae,Bacillus,p,soil,81.3794,4.0,4,0.16,30,8,22.60496136,17.07,0.6865,4.082482905,1.1474770476767486,Klebsiella pneumoniae,0.2777402383449987,0.8697368093317499,14.043554618835977,1.8955717963859098
1,ZrO2,Bacillus subtilis,non-pathogenic,green_synthesis,MIC,rod-shaped,Bacteria,Bacillota,Bacilli,Bacillales,Bacillaceae,Bacillus,p,soil,123.2218,3.0,4,0.16,30,16,29.29254423,34.14,1.373,3.774536472,1.7615867349872851,Klebsiella pneumoniae,0.9369773600545158,0.8246093749327693,57.75462056574703,8.649228288265432
2,Ag,Bacillus subtilis,non-pathogenic,chemical_synthesis,MIC,spheroidal,Bacteria,Bacillota,Bacilli,Bacillales,Bacillaceae,Bacillus,p,soil,107.87,1.9,2,0.16,30,11,23.00188061,0.0,0.0,1.78376517,0.9975484790951428,Klebsiella pneumoniae,0.1853474042741312,0.8122010748210116,9.94371066657431,1.5323127112546697
3,ZnO,Bacillus subtilis,non-pathogenic,green_synthesis,MIC,nanoplates,Bacteria,Bacillota,Bacilli,Bacillales,Bacillaceae,Bacillus,p,soil,81.3794,4.0,4,0.16,30,8,22.60496136,17.07,0.6865,4.082482905,1.414207954878626,Klebsiella pneumoniae,0.6027491793791586,0.8114587754994673,25.954218403363868,4.006352695790018
4,Ag,Bacillus subtilis,non-pathogenic,chemical_synthesis,MIC,spheroidal,Bacteria,Bacillota,Bacilli,Bacillales,Bacillaceae,Bacillus,p,soil,107.87,3.0,0,0.16,30,11,23.00188061,0.0,0.0,1.78376517,0.9401982713483923,Klebsiella pneumoniae,0.14102707454497754,0.7991711968034148,8.713613075361534,1.3836526351858927
5,ZnO,Bacillus subtilis,non-pathogenic,green_synthesis,MIC,quasi-spherical,Bacteria,Bacillota,Bacilli,Bacillales,Bacillaceae,Bacillus,p,soil,81.3794,0.8,2,0.16,30,8,22.60496136,17.07,0.6865,4.082482905,1.204333198374679,Klebsiella pneumoniae,0.4141230756742893,0.7902101227003897,16.00785708591941,2.5949146365295794
6,TiO2,Bacillus subtilis,non-pathogenic,green_synthesis,MBEC,quasi-spherical,Bacteria,Bacillota,Bacilli,Bacillales,Bacillaceae,Bacillus,p,soil,79.866,6.0,0,0.16,30,16,26.40611331,34.14,1.373,2.878049394,3.0898472973318154,Klebsiella pneumoniae,2.3431268623324364,0.746720434999379,1229.8362709583928,220.35700567965267
7,Ag,Bacillus subtilis,non-pathogenic,green_synthesis,MIC,triangular,Bacteria,Bacillota,Bacilli,Bacillales,Bacillaceae,Bacillus,p,soil,107.87,1.9,24,0.16,30,11,23.00188061,0.0,0.0,1.78376517,1.0336145240971004,Klebsiella pneumoniae,0.2869061946577891,0.7467083294393113,10.804745060429395,1.936003752072865
8,CeO2,Bacillus subtilis,non-pathogenic,chemical_synthesis,MIC,quasi-hexagonal,Bacteria,Bacillota,Bacilli,Bacillales,Bacillaceae,Bacillus,p,soil,172.115,5.1,3,0.16,30,16,39.19032095,34.14,1.373,4.456551526,2.417363389206025,Klebsiella pneumoniae,1.673331563599384,0.7440318256066412,261.43479547780686,47.13370329308525
9,ZnO,Bacillus subtilis,non-pathogenic,green_synthesis,MIC,nanoplates,Bacteria,Bacillota,Bacilli,Bacillales,Bacillaceae,Bacillus,p,soil,81.3794,0.8,0,0.16,30,8,22.60496136,17.07,0.6865,4.082482905,1.5353673742390739,Klebsiella pneumoniae,0.7978078408633582,0.7375595333757157,34.30578600686078,6.277805278456908
10,CeO2,Bacillus subtilis,non-pathogenic,chemical_synthesis,MIC,rod-shaped,Bacteria,Bacillota,Bacilli,Bacillales,Bacillaceae,Bacillus,p,soil,172.115,4.0,1,0.16,30,16,39.19032095,34.14,1.373,4.456551526,2.031815056613473,Klebsiella pneumoniae,1.316577339962362,0.715237716651111,107.6006900788183,20.72895171710997
11,ZnO,Bacillus subtilis,non-pathogenic,green_synthesis,MIC,quasi-spherical,Bacteria,Bacillota,Bacilli,Bacillales,Bacillaceae,Bacillus,p,soil,81.3794,6.0,4,0.16,30,8,22.60496136,17.07,0.6865,4.082482905,1.580497335539137,Klebsiella pneumoniae,0.866233332471878,0.714264003067259,38.06250224032492,7.349086048898026
12,Ag,Bacillus subtilis,non-pathogenic,chemical_synthesis,MIC,spherical,Bacteria,Bacillota,Bacilli,Bacillales,Bacillaceae,Bacillus,p,soil,107.87,4.0,3,0.16,30,11,23.00188061,0.0,0.0,1.78376517,0.9602423202384582,Klebsiella pneumoniae,0.24651756535496605,0.7137247548834922,9.125198496226531,1.7640771124104266
13,CeO2,Bacillus subtilis,non-pathogenic,green_synthesis,MIC,quasi-spherical,Bacteria,Bacillota,Bacilli,Bacillales,Bacillaceae,Bacillus,p,soil,172.115,4.0,1,0.16,30,16,39.19032095,34.14,1.373,4.456551526,2.3311183635096695,Klebsiella pneumoniae,1.6235516063518631,0.7075667571578064,214.34747085169687,42.02924672303768
14,Ag,Bacillus subtilis,non-pathogenic,chemical_synthesis,MIC,spherical,Bacteria,Bacillota,Bacilli,Bacillales,Bacillaceae,Bacillus,p,soil,107.87,4.0,24,0.16,30,11,23.00188061,0.0,0.0,1.78376517,1.5300901707447805,Klebsiella pneumoniae,0.8253566881359713,0.7047334826088092,33.89145162365519,6.688930571005569
15,ZnO,Bacillus subtilis,non-pathogenic,green_synthesis,MBC,quasi-spherical,Bacteria,Bacillota,Bacilli,Bacillales,Bacillaceae,Bacillus,p,soil,81.3794,10.0,3,0.16,30,8,22.60496136,17.07,0.6865,4.082482905,2.221544244437962,Klebsiella pneumoniae,1.524100628412362,0.6974436160256001,166.5498494438451,33.42724838207539
16,Ag,Bacillus subtilis,non-pathogenic,green_synthesis,MIC,quasi-hexagonal,Bacteria,Bacillota,Bacilli,Bacillales,Bacillaceae,Bacillus,p,soil,107.87,1.9,0,0.16,30,11,23.00188061,0.0,0.0,1.78376517,1.1217049246705302,Klebsiella pneumoniae,0.4304952624385845,0.6912096622319457,13.234420354174821,2.694605937708631
17,TiO2,Bacillus subtilis,non-pathogenic,green_synthesis,MIC,hexagonal,Bacteria,Bacillota,Bacilli,Bacillales,Bacillaceae,Bacillus,p,soil,79.866,1.4,4,0.16,30,16,26.40611331,34.14,1.373,2.878049394,2.3475724703136454,Klebsiella pneumoniae,1.6596397552964899,0.6879327150171555,222.62425048023067,45.67091948743412
18,CeO2,Bacillus subtilis,non-pathogenic,green_synthesis,MIC,rod-shaped,Bacteria,Bacillota,Bacilli,Bacillales,Bacillaceae,Bacillus,p,soil,172.115,0.8,0,0.16,30,16,39.19032095,34.14,1.373,4.456551526,2.35477265890991,Klebsiella pneumoniae,1.6680526743348225,0.6867199845750873,226.34591394720206,46.56425665524596
19,Ag,Bacillus subtilis,non-pathogenic,green_synthesis,MIC,quasi-spherical,Bacteria,Bacillota,Bacilli,Bacillales,Bacillaceae,Bacillus,p,soil,107.87,1.9,4,0.16,30,11,23.00188061,0.0,0.0,1.78376517,1.6277563073315462,Klebsiella pneumoniae,0.941909701698185,0.6858466056333612,42.43813669330438,8.74801867929356
20,ZnO,Bacillus subtilis,non-pathogenic,chemical_synthesis,MIC,quasi-hexagonal,Bacteria,Bacillota,Bacilli,Bacillales,Bacillaceae,Bacillus,p,soil,81.3794,1.9,2,0.16,30,8,22.60496136,17.07,0.6865,4.082482905,0.6534435276324071,Klebsiella pneumoniae,-0.02619741583757018,0.6796409434699773,4.502394317533057,0.9414615421132607
21,Ag,Bacillus subtilis,non-pathogenic,chemical_synthesis,MIC,spheroidal,Bacteria,Bacillota,Bacilli,Bacillales,Bacillaceae,Bacillus,p,soil,107.87,12.0,18,0.16,30,11,23.00188061,0.0,0.0,1.78376517,1.1874357141306249,Klebsiella pneumoniae,0.5113789866068739,0.676056727523751,15.396985973310661,3.246227754942178
22,ZnO,Bacillus subtilis,non-pathogenic,chemical_synthesis,MIC,quasi-spherical,Bacteria,Bacillota,Bacilli,Bacillales,Bacillaceae,Bacillus,p,soil,81.3794,3.0,2,0.16,30,8,22.60496136,17.07,0.6865,4.082482905,1.1259860064005698,Klebsiella pneumoniae,0.4526468237044854,0.6733391826960844,13.365524501900646,2.8356121184001033
23,Ag,Bacillus subtilis,non-pathogenic,green_synthesis,MIC,quasi-hexagonal,Bacteria,Bacillota,Bacilli,Bacillales,Bacillaceae,Bacillus,p,soil,107.87,3.0,1,0.16,30,11,23.00188061,0.0,0.0,1.78376517,0.8874587600603095,Klebsiella pneumoniae,0.2152865993441544,0.6721721607161552,7.717182309228049,1.6416727874931767
24,ZnO,Bacillus subtilis,non-pathogenic,chemical_synthesis,MIC,spherical,Bacteria,Bacillota,Bacilli,Bacillales,Bacillaceae,Bacillus,p,soil,81.3794,4.0,0,0.16,30,8,22.60496136,17.07,0.6865,4.082482905,1.0410689978196819,Klebsiella pneumoniae,0.37242750553994086,0.668641492279741,10.991804560436494,2.3573686601474555
25,TiO2,Bacillus subtilis,non-pathogenic,green_synthesis,MBEC,rod-shaped,Bacteria,Bacillota,Bacilli,Bacillales,Bacillaceae,Bacillus,p,soil,79.866,6.0,4,0.16,30,16,26.40611331,34.14,1.373,2.878049394,2.845786224979097,Klebsiella pneumoniae,2.1962762219106344,0.6495100030684626,701.1101024132055,157.13619111729338
26,CuO,Bacillus subtilis,non-pathogenic,green_synthesis,MBC,quasi-hexagonal,Bacteria,Bacillota,Bacilli,Bacillales,Bacillaceae,Bacillus,p,soil,79.5454,6.0,3,0.16,30,17,20.67942236,17.07,0.6865,1.651411411,2.830362661062841,Klebsiella pneumoniae,2.1882293836508984,0.6421332774119426,676.6477796495712,154.2514956245999
27,TiO2,Bacillus subtilis,non-pathogenic,green_synthesis,MBEC,spherical,Bacteria,Bacillota,Bacilli,Bacillales,Bacillaceae,Bacillus,p,soil,79.866,6.0,1,0.16,30,16,26.40611331,34.14,1.373,2.878049394,2.9237411462313383,Klebsiella pneumoniae,2.283067979516786,0.6406731667145524,838.9597898904259,191.89690907503817
28,ZnO,Bacillus subtilis,non-pathogenic,chemical_synthesis,MIC,hexagonal,Bacteria,Bacillota,Bacilli,Bacillales,Bacillaceae,Bacillus,p,soil,81.3794,1.9,3,0.16,30,8,22.60496136,17.07,0.6865,4.082482905,1.6635550816694542,Klebsiella pneumoniae,1.0235274484080357,0.6400276332614185,46.08452140888217,10.556682217620773
29,CeO2,Bacillus subtilis,non-pathogenic,green_synthesis,MIC,cubic,Bacteria,Bacillota,Bacilli,Bacillales,Bacillaceae,Bacillus,p,soil,172.115,1.9,3,0.16,30,16,39.19032095,34.14,1.373,4.456551526,2.729108018956929,Klebsiella pneumoniae,2.094095128244297,0.6350128907126318,535.9299389540352,124.19243099918296
30,ZnO,Bacillus subtilis,non-pathogenic,green_synthesis,MIC,hexagonal,Bacteria,Bacillota,Bacilli,Bacillales,Bacillaceae,Bacillus,p,soil,81.3794,5.1,1,0.16,30,8,22.60496136,17.07,0.6865,4.082482905,1.8809498172553551,Klebsiella pneumoniae,1.2507180006992866,0.6302318165560685,76.02384262843336,17.81221795769407
31,Pd,Bacillus subtilis,non-pathogenic,green_synthesis,MIC,hexagonal,Bacteria,Bacillota,Bacilli,Bacillales,Bacillaceae,Bacillus,p,soil,195.084,4.0,4,0.16,30,10,21.14774404,0.0,0.0,1.870828693,1.082155444665399,Klebsiella pneumoniae,0.4576310330531026,0.6245244116122963,12.0824621872929,2.8683426663434104
32,ZnO,Bacillus subtilis,non-pathogenic,chemical_synthesis,MIC,nanoplates,Bacteria,Bacillota,Bacilli,Bacillales,Bacillaceae,Bacillus,p,soil,81.3794,1.4,2,0.16,30,8,22.60496136,17.07,0.6865,4.082482905,1.6511228637507138,Klebsiella pneumoniae,1.0266017135150987,0.6245211502356152,44.78399820868189,10.631675522383034
33,CeO2,Bacillus subtilis,non-pathogenic,chemical_synthesis,MIC,quasi-spherical,Bacteria,Bacillota,Bacilli,Bacillales,Bacillaceae,Bacillus,p,soil,172.115,1.4,24,0.16,30,16,39.19032095,34.14,1.373,4.456551526,3.8546521157059197,Klebsiella pneumoniae,3.2309461979651424,0.6237059177407773,7155.699852696497,1701.9476516540992
34,Ag,Bacillus subtilis,non-pathogenic,green_synthesis,MIC,hexagonal,Bacteria,Bacillota,Bacilli,Bacillales,Bacillaceae,Bacillus,p,soil,107.87,1.9,4,0.16,30,11,23.00188061,0.0,0.0,1.78376517,1.8962583432165643,Klebsiella pneumoniae,1.2808334928192742,0.6154248503972901,78.7514108858501,19.0912116699753
35,ZnO,Bacillus subtilis,non-pathogenic,green_synthesis,MBC,quasi-hexagonal,Bacteria,Bacillota,Bacilli,Bacillales,Bacillaceae,Bacillus,p,soil,81.3794,4.7,18,0.16,30,8,22.60496136,17.07,0.6865,4.082482905,1.0980220404862306,Klebsiella pneumoniae,0.48451480401800495,0.6135072364682257,12.53204773588944,3.0515100457509825
36,Pd,Bacillus subtilis,non-pathogenic,green_synthesis,MIC,hexagonal,Bacteria,Bacillota,Bacilli,Bacillales,Bacillaceae,Bacillus,p,soil,195.084,1.4,2,0.16,30,10,21.14774404,0.0,0.0,1.870828693,1.288067484454788,Klebsiella pneumoniae,0.676927712574672,0.6111397718801159,19.411874927585632,4.752561139540455
37,ZnO,Bacillus subtilis,non-pathogenic,chemical_synthesis,MIC,spherical,Bacteria,Bacillota,Bacilli,Bacillales,Bacillaceae,Bacillus,p,soil,81.3794,0.8,4,0.16,30,8,22.60496136,17.07,0.6865,4.082482905,0.9302221136218963,Klebsiella pneumoniae,0.31948676637411744,0.6107353472477789,8.51573451756537,2.0868285340461434
38,Pd,Bacillus subtilis,non-pathogenic,green_synthesis,MIC,nanoplates,Bacteria,Bacillota,Bacilli,Bacillales,Bacillaceae,Bacillus,p,soil,195.084,3.0,3,0.16,30,10,21.14774404,0.0,0.0,1.870828693,1.1780509252556308,Klebsiella pneumoniae,0.5779548267176555,0.6000960985379753,15.067837408894892,3.7840322293522166
39,ZnO,Bacillus subtilis,non-pathogenic,green_synthesis,MBEC,quasi-spherical,Bacteria,Bacillota,Bacilli,Bacillales,Bacillaceae,Bacillus,p,soil,81.3794,10.4,0,0.16,30,8,22.60496136,17.07,0.6865,4.082482905,2.3950136327407376,Klebsiella pneumoniae,1.7965009789857007,0.5985126537550369,248.32110534219515,62.58942748093983
40,Ag,Bacillus subtilis,non-pathogenic,green_synthesis,MIC,nanoplates,Bacteria,Bacillota,Bacilli,Bacillales,Bacillaceae,Bacillus,p,soil,107.87,1.9,1,0.16,30,11,23.00188061,0.0,0.0,1.78376517,1.9277068439895824,Klebsiella pneumoniae,1.3293484973647527,0.5983583466248297,84.66557144967582,21.347572509607136
41,TiO2,Bacillus subtilis,non-pathogenic,green_synthesis,MBC,cubic,Bacteria,Bacillota,Bacilli,Bacillales,Bacillaceae,Bacillus,p,soil,79.866,10.4,1,0.16,30,16,26.40611331,34.14,1.373,2.878049394,3.3487355805598558,Klebsiella pneumoniae,2.7514017377854483,0.5973338427744075,2232.2127301708224,564.159281854779
42,ZnO,Bacillus subtilis,non-pathogenic,green_synthesis,MBEC,quasi-spherical,Bacteria,Bacillota,Bacilli,Bacillales,Bacillaceae,Bacillus,p,soil,81.3794,10.4,3,0.16,30,8,22.60496136,17.07,0.6865,4.082482905,2.350711957614944,Klebsiella pneumoniae,1.7587520635952067,0.591959894019737,224.23941802406537,57.37887957196986
43,Au,Bacillus subtilis,non-pathogenic,chemical_synthesis,MIC,nanoplates,Bacteria,Bacillota,Bacilli,Bacillales,Bacillaceae,Bacillus,p,soil,196.966569,4.0,4,0.16,30,11,23.00188061,0.0,0.0,2.46797672,1.9457487110755345,Klebsiella pneumoniae,1.3580638024864133,0.5876849085891211,88.25690857054865,22.806771031550337
44,TiO2,Bacillus subtilis,non-pathogenic,chemical_synthesis,MIC,rod-shaped,Bacteria,Bacillota,Bacilli,Bacillales,Bacillaceae,Bacillus,p,soil,79.866,1.9,2,0.16,30,16,26.40611331,34.14,1.373,2.878049394,2.1396239989350367,Klebsiella pneumoniae,1.5524047266077234,0.5872192723273133,137.91896803742338,35.67834712905449
45,ZnO,Bacillus subtilis,non-pathogenic,green_synthesis,MBC,spherical,Bacteria,Bacillota,Bacilli,Bacillales,Bacillaceae,Bacillus,p,soil,81.3794,1.9,2,0.16,30,8,22.60496136,17.07,0.6865,4.082482905,1.7933671650481469,Klebsiella pneumoniae,1.2117268317716623,0.5816403332764846,62.139415671740096,16.282715389264048
46,Ag,Bacillus subtilis,non-pathogenic,chemical_synthesis,MIC,nanoplates,Bacteria,Bacillota,Bacilli,Bacillales,Bacillaceae,Bacillus,p,soil,107.87,6.0,3,0.16,30,11,23.00188061,0.0,0.0,1.78376517,2.0821300389386943,Klebsiella pneumoniae,1.5051318794072397,0.5769981595314546,120.8175539785232,31.9986664506194
47,ZnO,Bacillus subtilis,non-pathogenic,green_synthesis,MBEC,quasi-hexagonal,Bacteria,Bacillota,Bacilli,Bacillales,Bacillaceae,Bacillus,p,soil,81.3794,1.4,3,0.16,30,8,22.60496136,17.07,0.6865,4.082482905,1.1521518862309992,Klebsiella pneumoniae,0.5771039135996103,0.5750479726313888,14.195538968483492,3.7766254339671135
48,TiO2,Bacillus subtilis,non-pathogenic,chemical_synthesis,MIC,quasi-hexagonal,Bacteria,Bacillota,Bacilli,Bacillales,Bacillaceae,Bacillus,p,soil,79.866,5.1,0,0.16,30,16,26.40611331,34.14,1.373,2.878049394,2.1232048725251955,Klebsiella pneumoniae,1.5516292237225242,0.5715756488026713,132.80207857617052,35.61469453028293
49,ZnO,Bacillus subtilis,non-pathogenic,chemical_synthesis,MBEC,tetragonal,Bacteria,Bacillota,Bacilli,Bacillales,Bacillaceae,Bacillus,p,soil,81.3794,5.1,18,0.16,30,8,22.60496136,17.07,0.6865,4.082482905,1.0619056094360537,Klebsiella pneumoniae,0.4908976993490639,0.5710079100869898,11.532025908720478,3.09668976958498
50,ZnO,Bacillus subtilis,non-pathogenic,green_synthesis,MBEC,quasi-hexagonal,Bacteria,Bacillota,Bacilli,Bacillales,Bacillaceae,Bacillus,p,soil,81.3794,1.4,2,0.16,30,8,22.60496136,17.07,0.6865,4.082482905,1.1258313401002833,Klebsiella pneumoniae,0.5628967246698429,0.5629346154304404,13.36076545416179,3.655078634216927
51,ZnO,Bacillus subtilis,non-pathogenic,green_synthesis,MBC,quasi-spherical,Bacteria,Bacillota,Bacilli,Bacillales,Bacillaceae,Bacillus,p,soil,81.3794,44.45,2,0.16,30,8,22.60496136,17.07,0.6865,4.082482905,0.6701080265714667,Klebsiella pneumoniae,0.17017637713999578,0.49993164943147095,4.678515003717581,1.4797092106520542
52,CuO,Bacillus subtilis,non-pathogenic,green_synthesis,MIC,quasi-hexagonal,Bacteria,Bacillota,Bacilli,Bacillales,Bacillaceae,Bacillus,p,soil,79.5454,1.4,2,0.16,30,17,20.67942236,17.07,0.6865,1.651411411,1.8300707857510554,Klebsiella pneumoniae,1.3807038593461038,0.44936692640495157,67.61931792824521,24.0272385018362
53,Ag,Bacillus subtilis,non-pathogenic,green_synthesis,MIC,spheroidal,Bacteria,Bacillota,Bacilli,Bacillales,Bacillaceae,Bacillus,p,soil,107.87,5.1,3,0.16,30,11,23.00188061,0.0,0.0,1.78376517,1.828524527462313,Klebsiella pneumoniae,1.4468739532763777,0.3816505741859353,67.37899477405782,27.981690799054128
54,Au,Bacillus subtilis,non-pathogenic,green_synthesis,MIC,nanoplates,Bacteria,Bacillota,Bacilli,Bacillales,Bacillaceae,Bacillus,p,soil,196.966569,4.0,3,0.16,30,11,23.00188061,0.0,0.0,2.46797672,2.020726613624173,Klebsiella pneumoniae,1.639762073615727,0.38096454000844604,104.88819544326404,43.62767543934315
55,ZnO,Bacillus subtilis,non-pathogenic,green_synthesis,MBEC,spheroidal,Bacteria,Bacillota,Bacilli,Bacillales,Bacillaceae,Bacillus,p,soil,81.3794,60.0,18,0.16,30,8,22.60496136,17.07,0.6865,4.082482905,1.5409908526532772,Klebsiella pneumoniae,1.168531794400674,0.3724590582526033,34.75288415245311,14.741164560766471
56,Cu,Bacillus subtilis,non-pathogenic,green_synthesis,MBEC,quasi-spherical,Bacteria,Bacillota,Bacilli,Bacillales,Bacillaceae,Bacillus,p,soil,63.55,8.7,3,0.16,30,11,17.96409803,0.0,0.0,1.243163121,2.2114226776419637,Klebsiella pneumoniae,1.8870167171748935,0.32440596046707015,162.71315932129977,77.0933143805171
57,ZnO,Bacillus subtilis,non-pathogenic,green_synthesis,MBC,triangular,Bacteria,Bacillota,Bacilli,Bacillales,Bacillaceae,Bacillus,p,soil,81.3794,8.0,0,0.16,30,8,22.60496136,17.07,0.6865,4.082482905,1.3159275459092927,Klebsiella pneumoniae,1.0053594087889484,0.31056813712034437,20.697960123788935,10.124169528769889
58,Ag,Bacillus subtilis,non-pathogenic,green_synthesis,MIC,tetragonal,Bacteria,Bacillota,Bacilli,Bacillales,Bacillaceae,Bacillus,p,soil,107.8682,28.0,18,0.16,30,11,23.00188061,0.0,0.0,1.78376517,-0.34365665647956867,Klebsiella pneumoniae,-0.6444559584761027,0.30079930199653404,0.45325577218871493,0.22674830094789683
59,ZnO,Bacillus subtilis,non-pathogenic,chemical_synthesis,MBC,spherical,Bacteria,Bacillota,Bacilli,Bacillales,Bacillaceae,Bacillus,p,soil,81.3794,5.1,18,0.16,30,8,22.60496136,17.07,0.6865,4.082482905,1.729722544311782,Klebsiella pneumoniae,1.435406568450184,0.2943159758615981,53.668881494469105,27.252513813716753
60,Ag,Bacillus subtilis,non-pathogenic,green_synthesis,MIC,triangular,Bacteria,Bacillota,Bacilli,Bacillales,Bacillaceae,Bacillus,p,soil,107.87,41.23,1,0.16,30,11,23.00188061,0.0,0.0,1.78376517,-1.0833257201078514,Klebsiella pneumoniae,-1.3771148030633031,0.2937890829554517,0.08254186548123432,0.04196480379613748
61,Cu,Bacillus subtilis,non-pathogenic,green_synthesis,MBEC,quasi-hexagonal,Bacteria,Bacillota,Bacilli,Bacillales,Bacillaceae,Bacillus,p,soil,63.55,8.0,18,0.16,30,11,17.96409803,0.0,0.0,1.243163121,1.5758116223100282,Klebsiella pneumoniae,1.3054958022670395,0.2703158200429887,37.65404370108133,20.206719008160928
62,Ag,Bacillus subtilis,non-pathogenic,green_synthesis,MBC,triangular,Bacteria,Bacillota,Bacilli,Bacillales,Bacillaceae,Bacillus,p,soil,107.87,18.5,18,0.16,30,11,23.00188061,0.0,0.0,1.78376517,0.16131569225977893,Klebsiella pneumoniae,-0.10594927331127169,0.2672649655710506,1.4498253606725082,0.7835211546649068
63,ZnO,Bacillus subtilis,non-pathogenic,chemical_synthesis,MBEC,tetragonal,Bacteria,Bacillota,Bacilli,Bacillales,Bacillaceae,Bacillus,p,soil,81.3794,9.0,1,0.16,30,8,22.60496136,17.07,0.6865,4.082482905,1.0025802457450466,Klebsiella pneumoniae,0.7703828338461045,0.23219741189894205,10.059589195323182,5.893629543076484
64,Ag,Bacillus subtilis,non-pathogenic,chemical_synthesis,MBEC,spherical,Bacteria,Bacillota,Bacilli,Bacillales,Bacillaceae,Bacillus,p,soil,107.87,5.1,0,0.16,30,11,23.00188061,0.0,0.0,1.78376517,1.9865892450639777,Klebsiella pneumoniae,1.7753421571340795,0.21124708792989821,96.959249461298,59.61316184289975
65,Cu,Bacillus subtilis,non-pathogenic,green_synthesis,MBEC,quasi-hexagonal,Bacteria,Bacillota,Bacilli,Bacillales,Bacillaceae,Bacillus,p,soil,63.55,13.0,0,0.16,30,11,17.96409803,0.0,0.0,1.243163121,1.5636511300834017,Klebsiella pneumoniae,1.3533237187034488,0.21032741137995292,36.61433325645156,22.559201255952676
66,ZnO,Bacillus subtilis,non-pathogenic,chemical_synthesis,MBC,nanoplates,Bacteria,Bacillota,Bacilli,Bacillales,Bacillaceae,Bacillus,p,soil,81.3794,13.0,4,0.16,30,8,22.60496136,17.07,0.6865,4.082482905,1.8795555504565404,Klebsiella pneumoniae,1.684241493518167,0.19531405693837334,75.7801656814047,48.33274861105416
67,CuO,Bacillus subtilis,non-pathogenic,green_synthesis,MBC,triangular,Bacteria,Bacillota,Bacilli,Bacillales,Bacillaceae,Bacillus,p,soil,79.5454,26.38,4,0.16,30,17,20.67942236,17.07,0.6865,1.651411411,1.7443560528316968,Klebsiella pneumoniae,1.5555398390303303,0.18881621380136648,55.50806048240652,35.936836109408226
68,TiO2,Bacillus subtilis,non-pathogenic,green_synthesis,MBEC,rod-shaped,Bacteria,Bacillota,Bacilli,Bacillales,Bacillaceae,Bacillus,p,soil,79.866,30.0,2,0.16,30,16,26.40611331,34.14,1.373,2.878049394,2.1256533717281183,Klebsiella pneumoniae,1.938971754441908,0.18668161728621024,133.55291503537254,86.89039158485947
69,ZnO,Bacillus subtilis,non-pathogenic,green_synthesis,MBEC,spheroidal,Bacteria,Bacillota,Bacilli,Bacillales,Bacillaceae,Bacillus,p,soil,81.3794,41.23,24,0.16,30,8,22.60496136,17.07,0.6865,4.082482905,2.1997095153816484,Klebsiella pneumoniae,2.0161534400894903,0.18355607529215812,158.38334664477605,103.7895048566139
70,Ag,Bacillus subtilis,non-pathogenic,green_synthesis,MIC,hexagonal,Bacteria,Bacillota,Bacilli,Bacillales,Bacillaceae,Bacillus,p,soil,107.8682,10.4,3,0.16,30,11,23.00188061,0.0,0.0,1.78376517,2.08414024008128,Klebsiella pneumoniae,1.9789317306297813,0.10520850945149851,121.37807348558125,95.26464000167539
71,Ag,Bacillus subtilis,non-pathogenic,green_synthesis,MBC,rod-shaped,Bacteria,Bacillota,Bacilli,Bacillales,Bacillaceae,Bacillus,p,soil,107.8682,26.06,3,0.16,30,11,23.00188061,0.0,0.0,1.78376517,1.080249400410175,Klebsiella pneumoniae,0.9873730070421844,0.09287639336799058,12.029550520844255,9.7134387735094
72,CuO,Bacillus subtilis,non-pathogenic,chemical_synthesis,MBC,quasi-spherical,Bacteria,Bacillota,Bacilli,Bacillales,Bacillaceae,Bacillus,p,soil,79.5454,1.4,1,0.16,30,17,20.67942236,17.07,0.6865,1.651411411,1.823876246422668,Klebsiella pneumoniae,1.7506106444837433,0.07326560193892484,66.66167875985963,56.31325674689873
73,Ag,Bacillus subtilis,non-pathogenic,green_synthesis,MBC,spherical,Bacteria,Bacillota,Bacilli,Bacillales,Bacillaceae,Bacillus,p,soil,107.8682,18.0,0,0.16,30,11,23.00188061,0.0,0.0,1.78376517,1.4542725707583293,Klebsiella pneumoniae,1.3819796924636099,0.07229287829471942,28.462469009716692,24.097927445516323
74,Ag,Bacillus subtilis,non-pathogenic,green_synthesis,MBC,triangular,Bacteria,Bacillota,Bacilli,Bacillales,Bacillaceae,Bacillus,p,soil,107.87,18.0,3,0.16,30,11,23.00188061,0.0,0.0,1.78376517,0.2876076345172329,Klebsiella pneumoniae,0.23701938873569084,0.050588245781542085,1.939133166580668,1.7259149423859068
75,Cu,Bacillus subtilis,non-pathogenic,green_synthesis,MBEC,quasi-spherical,Bacteria,Bacillota,Bacilli,Bacillales,Bacillaceae,Bacillus,p,soil,63.55,3.0,24,0.16,30,11,17.96409803,0.0,0.0,1.243163121,2.5017444377184215,Klebsiella pneumoniae,2.456305492341824,0.04543894537659732,317.5005176646336,285.9601342888588
76,Ag,Bacillus subtilis,non-pathogenic,chemical_synthesis,MBEC,rod-shaped,Bacteria,Bacillota,Bacilli,Bacillales,Bacillaceae,Bacillus,p,soil,107.87,26.06,2,0.16,30,11,23.00188061,0.0,0.0,1.78376517,1.0684789670676718,Klebsiella pneumoniae,1.025294901831249,0.04318406523642282,11.707898994560308,10.599732414448413
77,Ag,Bacillus subtilis,non-pathogenic,chemical_synthesis,MBEC,triangular,Bacteria,Bacillota,Bacilli,Bacillales,Bacillaceae,Bacillus,p,soil,107.8682,4.0,24,0.16,30,11,23.00188061,0.0,0.0,1.78376517,0.615527374429579,Klebsiella pneumoniae,0.6208325627222755,-0.005305188292696439,4.125982431703738,4.176693079696711
78,ZnO,Bacillus subtilis,non-pathogenic,green_synthesis,MIC,spheroidal,Bacteria,Bacillota,Bacilli,Bacillales,Bacillaceae,Bacillus,p,soil,81.3794,26.06,0,0.16,30,8,22.60496136,17.07,0.6865,4.082482905,1.298819544199158,Klebsiella pneumoniae,1.327104899653852,-0.028285355454694017,19.898463565029346,21.23757373214638
79,ZnO,Bacillus subtilis,non-pathogenic,chemical_synthesis,MBC,hexagonal,Bacteria,Bacillota,Bacilli,Bacillales,Bacillaceae,Bacillus,p,soil,81.3794,18.5,18,0.16,30,8,22.60496136,17.07,0.6865,4.082482905,1.606617027311888,Klebsiella pneumoniae,1.658922533651317,-0.052305506339428876,40.42192829273651,45.59555785968793
80,Ag,Bacillus subtilis,non-pathogenic,chemical_synthesis,MBC,rod-shaped,Bacteria,Bacillota,Bacilli,Bacillales,Bacillaceae,Bacillus,p,soil,107.87,44.45,3,0.16,30,11,23.00188061,0.0,0.0,1.78376517,0.9276196994211168,Klebsiella pneumoniae,0.9838847775642848,-0.05626507814316806,8.464858434805766,9.63573344581962
81,ZnO,Bacillus subtilis,non-pathogenic,chemical_synthesis,MIC,tetragonal,Bacteria,Bacillota,Bacilli,Bacillales,Bacillaceae,Bacillus,p,soil,81.3794,17.5,3,0.16,30,8,22.60496136,17.07,0.6865,4.082482905,0.11758031792546597,Klebsiella pneumoniae,0.22316595795094885,-0.10558564002548287,1.3109324623012863,1.671729314043339
82,Ag,Bacillus subtilis,non-pathogenic,green_synthesis,MBEC,nanoplates,Bacteria,Bacillota,Bacilli,Bacillales,Bacillaceae,Bacillus,p,soil,107.87,4.7,18,0.16,30,11,23.00188061,0.0,0.0,1.78376517,2.0332256525714745,Klebsiella pneumoniae,2.1634400499108817,-0.1302143973394072,107.95074716160046,145.6934575335518
83,CuO,Bacillus subtilis,non-pathogenic,green_synthesis,MIC,hexagonal,Bacteria,Bacillota,Bacilli,Bacillales,Bacillaceae,Bacillus,p,soil,79.5454,45.26,4,0.16,30,17,20.67942236,17.07,0.6865,1.651411411,2.1659195853044664,Klebsiella pneumoniae,2.352342452262289,-0.18642286695782273,146.52765027782334,225.08287420692514
84,Pd,Bacillus subtilis,non-pathogenic,green_synthesis,MBEC,tetragonal,Bacteria,Bacillota,Bacilli,Bacillales,Bacillaceae,Bacillus,p,soil,195.084,30.0,4,0.16,30,10,21.14774404,0.0,0.0,1.870828693,0.7697634671668031,Klebsiella pneumoniae,0.9785365955343354,-0.20877312836753226,5.8852303664629,9.51780045843605
85,CuO,Bacillus subtilis,non-pathogenic,chemical_synthesis,MIC,cubic,Bacteria,Bacillota,Bacilli,Bacillales,Bacillaceae,Bacillus,p,soil,79.5454,9.0,18,0.16,30,17,20.67942236,17.07,0.6865,1.651411411,2.759072860470675,Klebsiella pneumoniae,2.9949909992140578,-0.23591813874338285,574.2127883327727,988.5326070316854
86,Ag,Bacillus subtilis,non-pathogenic,green_synthesis,MIC,nanoplates,Bacteria,Bacillota,Bacilli,Bacillales,Bacillaceae,Bacillus,p,soil,107.8682,26.38,18,0.16,30,11,23.00188061,0.0,0.0,1.78376517,1.5882204328262475,Klebsiella pneumoniae,1.8493627510203978,-0.26114231819415035,38.74542533713189,70.69077631160422
87,ZnO,Bacillus subtilis,non-pathogenic,chemical_synthesis,MIC,quasi-hexagonal,Bacteria,Bacillota,Bacilli,Bacillales,Bacillaceae,Bacillus,p,soil,81.3794,22.5,24,0.16,30,8,22.60496136,17.07,0.6865,4.082482905,0.9940225924928617,Klebsiella pneumoniae,1.2753714776673928,-0.28134888517453105,9.863307943462832,18.852609748490345
