,np,bacteria,bac_type,np_synthesis,method,shape,kingdom,phylum,class,order,family,genus,gram,isolated_from,mol_weight (g/mol),np_size_avg (nm),time_set,"min_Incub_period, h","growth_temp, C",Valance_electron,labuteASA,tpsa,CrippenMR,chi0v,pred_MIC_norm,pathogenic_bacteria,pred_MIC_pathogen,Fitness,pred_norm_MIC_original,pred_path_MIC_original
0,ZnO,Bacillus subtilis,non-pathogenic,green_synthesis,MIC,quasi-spherical,Bacteria,Bacillota,Bacilli,Bacillales,Bacillaceae,Bacillus,p,soil,81.3794,1.9,4,0.16,30,8,22.60496136,17.07,0.6865,4.082482905,1.2428427730597595,Klebsiella pneumoniae,0.39448233681458755,0.848360436245172,17.492133090699184,2.480175064472805
1,CeO2,Bacillus subtilis,non-pathogenic,chemical_synthesis,MIC,quasi-hexagonal,Bacteria,Bacillota,Bacilli,Bacillales,Bacillaceae,Bacillus,p,soil,172.115,5.1,3,0.16,30,16,39.19032095,34.14,1.373,4.456551526,2.417363389206025,Klebsiella pneumoniae,1.673331563599384,0.7440318256066412,261.43479547780686,47.13370329308525
2,ZnO,Bacillus subtilis,non-pathogenic,chemical_synthesis,MIC,quasi-spherical,Bacteria,Bacillota,Bacilli,Bacillales,Bacillaceae,Bacillus,p,soil,81.3794,1.4,3,0.16,30,8,22.60496136,17.07,0.6865,4.082482905,1.2525151764544837,Klebsiella pneumoniae,0.5472987318392146,0.7052164446152691,17.886080310626014,3.52613334657451
3,Pd,Bacillus subtilis,non-pathogenic,green_synthesis,MIC,hexagonal,Bacteria,Bacillota,Bacilli,Bacillales,Bacillaceae,Bacillus,p,soil,195.084,1.4,2,0.16,30,10,21.14774404,0.0,0.0,1.870828693,1.288067484454788,Klebsiella pneumoniae,0.676927712574672,0.6111397718801159,19.411874927585632,4.752561139540455
4,ZnO,Bacillus subtilis,non-pathogenic,chemical_synthesis,MIC,spherical,Bacteria,Bacillota,Bacilli,Bacillales,Bacillaceae,Bacillus,p,soil,81.3794,0.8,4,0.16,30,8,22.60496136,17.07,0.6865,4.082482905,0.9302221136218963,Klebsiella pneumoniae,0.31948676637411744,0.6107353472477789,8.51573451756537,2.0868285340461434
5,Ag,Bacillus subtilis,non-pathogenic,chemical_synthesis,MIC,nanoplates,Bacteria,Bacillota,Bacilli,Bacillales,Bacillaceae,Bacillus,p,soil,107.87,6.0,3,0.16,30,11,23.00188061,0.0,0.0,1.78376517,2.0821300389386943,Klebsiella pneumoniae,1.5051318794072397,0.5769981595314546,120.8175539785232,31.9986664506194
6,ZnO,Bacillus subtilis,non-pathogenic,green_synthesis,MBEC,cubic,Bacteria,Bacillota,Bacilli,Bacillales,Bacillaceae,Bacillus,p,soil,81.3794,9.0,3,0.16,30,8,22.60496136,17.07,0.6865,4.082482905,2.637312634424795,Klebsiella pneumoniae,2.1135595967545724,0.5237530376702226,433.82306107330754,129.88517886134204
7,ZnO,Bacillus subtilis,non-pathogenic,chemical_synthesis,MBC,nanoplates,Bacteria,Bacillota,Bacilli,Bacillales,Bacillaceae,Bacillus,p,soil,81.3794,4.7,3,0.16,30,8,22.60496136,17.07,0.6865,4.082482905,1.7779575140136,Klebsiella pneumoniae,1.2693155931070692,0.5086419209065307,59.973240300462855,18.591549750414856
8,Au,Bacillus subtilis,non-pathogenic,green_synthesis,MIC,spherical,Bacteria,Bacillota,Bacilli,Bacillales,Bacillaceae,Bacillus,p,soil,196.966569,1.4,2,0.16,30,11,23.00188061,0.0,0.0,2.46797672,1.7154650577568242,Klebsiella pneumoniae,1.225447275270646,0.4900177824861782,51.93558857558844,16.805338911722675
9,TiO2,Bacillus subtilis,non-pathogenic,chemical_synthesis,MBEC,quasi-hexagonal,Bacteria,Bacillota,Bacilli,Bacillales,Bacillaceae,Bacillus,p,soil,79.866,0.8,3,0.16,30,16,26.40611331,34.14,1.373,2.878049394,1.8991526582611933,Klebsiella pneumoniae,1.4816277897481647,0.4175248685130286,79.27799505084141,30.31292114485911
10,ZnO,Bacillus subtilis,non-pathogenic,chemical_synthesis,MBEC,spherical,Bacteria,Bacillota,Bacilli,Bacillales,Bacillaceae,Bacillus,p,soil,81.3794,10.4,1,0.16,30,8,22.60496136,17.07,0.6865,4.082482905,2.119617825649085,Klebsiella pneumoniae,1.7035727456037433,0.4160450800453417,131.70971974421454,50.53272816582433
11,CuO,Bacillus subtilis,non-pathogenic,green_synthesis,MBEC,cubic,Bacteria,Bacillota,Bacilli,Bacillales,Bacillaceae,Bacillus,p,soil,79.5454,8.7,4,0.16,30,17,20.67942236,17.07,0.6865,1.651411411,3.6205088992561,Klebsiella pneumoniae,3.2067852861528268,0.4137236131032731,4173.58150586443,1609.8495337744332
12,ZnO,Bacillus subtilis,non-pathogenic,chemical_synthesis,MBEC,rod-shaped,Bacteria,Bacillota,Bacilli,Bacillales,Bacillaceae,Bacillus,p,soil,81.3794,9.0,0,0.16,30,8,22.60496136,17.07,0.6865,4.082482905,1.9472359491623574,Klebsiella pneumoniae,1.5342363422948844,0.41299960686747306,88.55966176193012,34.21655977742551
13,Pd,Bacillus subtilis,non-pathogenic,chemical_synthesis,MIC,hexagonal,Bacteria,Bacillota,Bacilli,Bacillales,Bacillaceae,Bacillus,p,soil,195.084,6.0,18,0.16,30,10,21.14774404,0.0,0.0,1.870828693,1.361663693745807,Klebsiella pneumoniae,0.9494398637633745,0.41222382998243257,22.99660331094641,8.901021780943207
14,Ag,Bacillus subtilis,non-pathogenic,chemical_synthesis,MIC,hexagonal,Bacteria,Bacillota,Bacilli,Bacillales,Bacillaceae,Bacillus,p,soil,107.8682,1.4,3,0.16,30,11,23.00188061,0.0,0.0,1.78376517,2.0589404845043986,Klebsiella pneumoniae,1.6489353076909312,0.4100051768134674,114.53559716886184,44.558986858892595
15,TiO2,Bacillus subtilis,non-pathogenic,chemical_synthesis,MBC,hexagonal,Bacteria,Bacillota,Bacilli,Bacillales,Bacillaceae,Bacillus,p,soil,79.866,1.4,3,0.16,30,16,26.40611331,34.14,1.373,2.878049394,2.2421811309180937,Klebsiella pneumoniae,1.846403527374369,0.3957776035437246,174.65504336955638,70.21073627890723
16,ZnO,Bacillus subtilis,non-pathogenic,green_synthesis,MBC,cubic,Bacteria,Bacillota,Bacilli,Bacillales,Bacillaceae,Bacillus,p,soil,81.3794,18.5,4,0.16,30,8,22.60496136,17.07,0.6865,4.082482905,2.0854240280994962,Klebsiella pneumoniae,1.6899418489074332,0.3954821791920631,121.73740168315207,48.97132434333367
17,ZnO,Bacillus subtilis,non-pathogenic,chemical_synthesis,MBEC,hexagonal,Bacteria,Bacillota,Bacilli,Bacillales,Bacillaceae,Bacillus,p,soil,81.3794,3.0,3,0.16,30,8,22.60496136,17.07,0.6865,4.082482905,1.9655953571685754,Klebsiella pneumoniae,1.5738131441582837,0.3917822130102917,92.38370111922566,37.48117042597656
18,ZnO,Bacillus subtilis,non-pathogenic,chemical_synthesis,MBEC,nanoplates,Bacteria,Bacillota,Bacilli,Bacillales,Bacillaceae,Bacillus,p,soil,81.3794,3.0,0,0.16,30,8,22.60496136,17.07,0.6865,4.082482905,2.009708274418398,Klebsiella pneumoniae,1.623049896884899,0.3866583775334991,102.26058536764617,41.98072136365909
19,Ag,Bacillus subtilis,non-pathogenic,chemical_synthesis,MIC,hexagonal,Bacteria,Bacillota,Bacilli,Bacillales,Bacillaceae,Bacillus,p,soil,107.87,5.1,18,0.16,30,11,23.00188061,0.0,0.0,1.78376517,1.8738982402810125,Klebsiella pneumoniae,1.4987284392971432,0.3751698009838693,74.79942171433989,31.530324420613674
20,ZnO,Bacillus subtilis,non-pathogenic,green_synthesis,MIC,hexagonal,Bacteria,Bacillota,Bacilli,Bacillales,Bacillaceae,Bacillus,p,soil,81.3794,12.0,0,0.16,30,8,22.60496136,17.07,0.6865,4.082482905,2.0077633788185025,Klebsiella pneumoniae,1.6331915113064752,0.3745718675120273,101.80365694670303,42.972588167565036
21,TiO2,Bacillus subtilis,non-pathogenic,chemical_synthesis,MBEC,rod-shaped,Bacteria,Bacillota,Bacilli,Bacillales,Bacillaceae,Bacillus,p,soil,79.866,12.0,3,0.16,30,16,26.40611331,34.14,1.373,2.878049394,2.7045194633513705,Klebsiella pneumoniae,2.3315849156563093,0.3729345476950612,506.4300451956966,214.57786292932713
22,Ag,Bacillus subtilis,non-pathogenic,chemical_synthesis,MIC,cubic,Bacteria,Bacillota,Bacilli,Bacillales,Bacillaceae,Bacillus,p,soil,107.87,20.0,0,0.16,30,11,23.00188061,0.0,0.0,1.78376517,1.6809533433618327,Klebsiella pneumoniae,1.3121899548031997,0.368763388558633,47.968191321865774,20.52059526928815
23,ZnO,Bacillus subtilis,non-pathogenic,green_synthesis,MBEC,spheroidal,Bacteria,Bacillota,Bacilli,Bacillales,Bacillaceae,Bacillus,p,soil,81.3794,22.5,18,0.16,30,8,22.60496136,17.07,0.6865,4.082482905,2.1491818246391823,Klebsiella pneumoniae,1.7840112814769928,0.36517054316218944,140.9878944246283,60.81507987397042
24,CuO,Bacillus subtilis,non-pathogenic,green_synthesis,MBEC,quasi-hexagonal,Bacteria,Bacillota,Bacilli,Bacillales,Bacillaceae,Bacillus,p,soil,79.5454,1.4,2,0.16,30,17,20.67942236,17.07,0.6865,1.651411411,2.545052105611515,Klebsiella pneumoniae,2.1798835682905313,0.36516853732098387,350.79395884669316,151.3155526258367
25,ZnO,Bacillus subtilis,non-pathogenic,chemical_synthesis,MBC,nanoplates,Bacteria,Bacillota,Bacilli,Bacillales,Bacillaceae,Bacillus,p,soil,81.3794,12.0,0,0.16,30,8,22.60496136,17.07,0.6865,4.082482905,2.057466884577936,Klebsiella pneumoniae,1.6923247996203301,0.3651420849576059,114.14762625057544,49.24076592399644
26,TiO2,Bacillus subtilis,non-pathogenic,green_synthesis,MBEC,cubic,Bacteria,Bacillota,Bacilli,Bacillales,Bacillaceae,Bacillus,p,soil,79.866,12.0,18,0.16,30,16,26.40611331,34.14,1.373,2.878049394,3.279898074307614,Klebsiella pneumoniae,2.9232339343072256,0.3566641400003885,1905.013572944348,837.9805418559126
27,Ag,Bacillus subtilis,non-pathogenic,chemical_synthesis,MIC,quasi-spherical,Bacteria,Bacillota,Bacilli,Bacillales,Bacillaceae,Bacillus,p,soil,107.87,18.0,1,0.16,30,11,23.00188061,0.0,0.0,1.78376517,0.9976091370892318,Klebsiella pneumoniae,0.6449684829856841,0.3526406541035477,9.945099603556143,4.415384034805006
28,Ag,Bacillus subtilis,non-pathogenic,chemical_synthesis,MBC,spheroidal,Bacteria,Bacillota,Bacilli,Bacillales,Bacillaceae,Bacillus,p,soil,107.87,1.9,18,0.16,30,11,23.00188061,0.0,0.0,1.78376517,1.0827108524218942,Klebsiella pneumoniae,0.7459451550769444,0.3367656973449499,12.097924014210548,5.571153891154432
29,Pd,Bacillus subtilis,non-pathogenic,chemical_synthesis,MIC,cubic,Bacteria,Bacillota,Bacilli,Bacillales,Bacillaceae,Bacillus,p,soil,195.084,50.0,4,0.16,30,10,21.14774404,0.0,0.0,1.870828693,1.531239192498119,Klebsiella pneumoniae,1.2025300372108307,0.3287091552872883,33.98123764925579,15.941531336854954
30,Ag,Bacillus subtilis,non-pathogenic,chemical_synthesis,MBEC,quasi-spherical,Bacteria,Bacillota,Bacilli,Bacillales,Bacillaceae,Bacillus,p,soil,107.87,5.1,4,0.16,30,11,23.00188061,0.0,0.0,1.78376517,1.7832683495931263,Klebsiella pneumoniae,1.4559648225912858,0.3273035270018405,60.71113464643759,28.57359090838326
31,Al2O3,Bacillus subtilis,non-pathogenic,green_synthesis,MBEC,quasi-spherical,Bacteria,Bacillota,Bacilli,Bacillales,Bacillaceae,Bacillus,p,soil,101.961276,4.0,3,0.16,30,24,51.55776403,85.5,13.5675,4.688846487,2.5167920410130993,Klebsiella pneumoniae,2.2010089960001835,0.31578304501291576,328.6942001832699,158.85796541847623
32,CuO,Bacillus subtilis,non-pathogenic,green_synthesis,MBC,cubic,Bacteria,Bacillota,Bacilli,Bacillales,Bacillaceae,Bacillus,p,soil,79.5454,17.5,1,0.16,30,17,20.67942236,17.07,0.6865,1.651411411,3.1298024279952257,Klebsiella pneumoniae,2.815120720296805,0.3146817076984205,1348.349343395318,653.3121277695326
33,Ag,Bacillus subtilis,non-pathogenic,chemical_synthesis,MIC,spheroidal,Bacteria,Bacillota,Bacilli,Bacillales,Bacillaceae,Bacillus,p,soil,107.87,13.0,0,0.16,30,11,23.00188061,0.0,0.0,1.78376517,1.2695778323435793,Klebsiella pneumoniae,0.9575571540814514,0.312020678262128,18.602779241632746,9.06895306090302
34,TiO2,Bacillus subtilis,non-pathogenic,green_synthesis,MBEC,spherical,Bacteria,Bacillota,Bacilli,Bacillales,Bacillaceae,Bacillus,p,soil,79.866,18.5,0,0.16,30,16,26.40611331,34.14,1.373,2.878049394,2.550019461481743,Klebsiella pneumoniae,2.2487371456477163,0.30128231583402654,354.82928938728116,177.31159873372968
35,Al2O3,Bacillus subtilis,non-pathogenic,green_synthesis,MBC,nanoplates,Bacteria,Bacillota,Bacilli,Bacillales,Bacillaceae,Bacillus,p,soil,101.961276,9.0,1,0.16,30,24,51.55776403,85.5,13.5675,4.688846487,2.967015721614052,Klebsiella pneumoniae,2.6674407831675975,0.29957493844645455,926.8633755544927,464.98697003566554
36,Ag,Bacillus subtilis,non-pathogenic,chemical_synthesis,MIC,cubic,Bacteria,Bacillota,Bacilli,Bacillales,Bacillaceae,Bacillus,p,soil,107.87,27.43,1,0.16,30,11,23.00188061,0.0,0.0,1.78376517,1.4330808200397471,Klebsiella pneumoniae,1.1360985791599711,0.296982240879776,27.10696031985077,13.68039317365246
37,ZnO,Bacillus subtilis,non-pathogenic,green_synthesis,MBEC,rod-shaped,Bacteria,Bacillota,Bacilli,Bacillales,Bacillaceae,Bacillus,p,soil,81.3794,10.0,18,0.16,30,8,22.60496136,17.07,0.6865,4.082482905,2.0495320216523814,Klebsiella pneumoniae,1.758450564579402,0.2910814570729794,112.0810063307099,57.33905942026011
38,Ag,Bacillus subtilis,non-pathogenic,green_synthesis,MBEC,quasi-spherical,Bacteria,Bacillota,Bacilli,Bacillales,Bacillaceae,Bacillus,p,soil,107.8682,5.1,2,0.16,30,11,23.00188061,0.0,0.0,1.78376517,2.0365828816964577,Klebsiella pneumoniae,1.7461609611402669,0.29042192055619087,108.7884732092221,55.73922951330803
39,Ag,Bacillus subtilis,non-pathogenic,green_synthesis,MIC,spheroidal,Bacteria,Bacillota,Bacilli,Bacillales,Bacillaceae,Bacillus,p,soil,107.87,26.06,24,0.16,30,11,23.00188061,0.0,0.0,1.78376517,1.3649237147029127,Klebsiella pneumoniae,1.076684426709249,0.2882392879936637,23.169876274956234,11.931208268230968
40,TiO2,Bacillus subtilis,non-pathogenic,green_synthesis,MBC,cubic,Bacteria,Bacillota,Bacilli,Bacillales,Bacillaceae,Bacillus,p,soil,79.866,35.0,4,0.16,30,16,26.40611331,34.14,1.373,2.878049394,2.525542147281972,Klebsiella pneumoniae,2.2394371246743243,0.2861050226076478,335.3838511036792,173.5549979066814
41,ZnO,Bacillus subtilis,non-pathogenic,chemical_synthesis,MBC,spheroidal,Bacteria,Bacillota,Bacilli,Bacillales,Bacillaceae,Bacillus,p,soil,81.3794,8.0,1,0.16,30,8,22.60496136,17.07,0.6865,4.082482905,1.8583983527501888,Klebsiella pneumoniae,1.573882813948926,0.2845155388012628,72.17692120413459,37.48718366093634
42,CuO,Bacillus subtilis,non-pathogenic,green_synthesis,MBC,spheroidal,Bacteria,Bacillota,Bacilli,Bacillales,Bacillaceae,Bacillus,p,soil,79.5454,44.45,4,0.16,30,17,20.67942236,17.07,0.6865,1.651411411,2.242904042122888,Klebsiella pneumoniae,1.9597830602010802,0.2831209819218079,174.94601006486548,91.15553833255846
43,Ag,Bacillus subtilis,non-pathogenic,chemical_synthesis,MIC,cubic,Bacteria,Bacillota,Bacilli,Bacillales,Bacillaceae,Bacillus,p,soil,107.87,13.0,3,0.16,30,11,23.00188061,0.0,0.0,1.78376517,1.946893078112711,Klebsiella pneumoniae,1.663886878868219,0.2830061992444919,88.48977240723032,46.11974303434965
44,ZnO,Bacillus subtilis,non-pathogenic,green_synthesis,MBEC,cubic,Bacteria,Bacillota,Bacilli,Bacillales,Bacillaceae,Bacillus,p,soil,81.3794,4.0,24,0.16,30,8,22.60496136,17.07,0.6865,4.082482905,2.7383473456425698,Klebsiella pneumoniae,2.4670012224229576,0.27134612321961216,547.4536373777099,293.09014949435146
45,Ag,Bacillus subtilis,non-pathogenic,chemical_synthesis,MIC,quasi-hexagonal,Bacteria,Bacillota,Bacilli,Bacillales,Bacillaceae,Bacillus,p,soil,107.87,12.5,1,0.16,30,11,23.00188061,0.0,0.0,1.78376517,0.8568323743542461,Klebsiella pneumoniae,0.5859640517887166,0.2708683225655295,7.191713442004175,3.854464514718625
46,CuO,Bacillus subtilis,non-pathogenic,green_synthesis,MBC,triangular,Bacteria,Bacillota,Bacilli,Bacillales,Bacillaceae,Bacillus,p,soil,79.5454,11.3,4,0.16,30,17,20.67942236,17.07,0.6865,1.651411411,2.1296814790643976,Klebsiella pneumoniae,1.8632865931477445,0.26639488591665317,134.79738868521815,72.993904185804
47,ZnO,Bacillus subtilis,non-pathogenic,green_synthesis,MBEC,rod-shaped,Bacteria,Bacillota,Bacilli,Bacillales,Bacillaceae,Bacillus,p,soil,81.3794,50.0,3,0.16,30,8,22.60496136,17.07,0.6865,4.082482905,1.5762674043679246,Klebsiella pneumoniae,1.3180485356024314,0.25821886876549316,37.693581496228404,20.7992912149178
48,TiO2,Bacillus subtilis,non-pathogenic,green_synthesis,MBEC,rod-shaped,Bacteria,Bacillota,Bacilli,Bacillales,Bacillaceae,Bacillus,p,soil,79.866,26.38,3,0.16,30,16,26.40611331,34.14,1.373,2.878049394,2.393515617490352,Klebsiella pneumoniae,2.143197971502869,0.25031764598748296,247.46604500095077,139.05863803171346
49,ZnO,Bacillus subtilis,non-pathogenic,green_synthesis,MBEC,rod-shaped,Bacteria,Bacillota,Bacilli,Bacillales,Bacillaceae,Bacillus,p,soil,81.3794,60.0,1,0.16,30,8,22.60496136,17.07,0.6865,4.082482905,1.4933862687917707,Klebsiella pneumoniae,1.2445681018862926,0.2488181669054781,31.144851809197913,17.56176259289462
50,Au,Bacillus subtilis,non-pathogenic,green_synthesis,MBC,quasi-hexagonal,Bacteria,Bacillota,Bacilli,Bacillales,Bacillaceae,Bacillus,p,soil,196.966569,8.7,4,0.16,30,11,23.00188061,0.0,0.0,2.46797672,0.9257806692999854,Klebsiella pneumoniae,0.6861153659542627,0.23966530334572267,8.429089579646964,4.854174292872507
51,Ag,Bacillus subtilis,non-pathogenic,green_synthesis,MBC,cubic,Bacteria,Bacillota,Bacilli,Bacillales,Bacillaceae,Bacillus,p,soil,107.8682,8.0,1,0.16,30,11,23.00188061,0.0,0.0,1.78376517,2.0358065946152317,Klebsiella pneumoniae,1.7961939773941087,0.23961261722112304,108.59419108490876,62.54519881877817
52,Au,Bacillus subtilis,non-pathogenic,chemical_synthesis,MIC,tetragonal,Bacteria,Bacillota,Bacilli,Bacillales,Bacillaceae,Bacillus,p,soil,196.966569,4.7,24,0.16,30,11,23.00188061,0.0,0.0,2.46797672,1.432718841303874,Klebsiella pneumoniae,1.1932206181971268,0.2394982231067473,27.08437643811073,15.603449445501855
53,ZnO,Bacillus subtilis,non-pathogenic,green_synthesis,MIC,spheroidal,Bacteria,Bacillota,Bacilli,Bacillales,Bacillaceae,Bacillus,p,soil,81.3794,22.5,18,0.16,30,8,22.60496136,17.07,0.6865,4.082482905,1.1746784966589203,Klebsiella pneumoniae,0.9362539831127982,0.23842451354612215,14.951284194832889,8.634833805249828
54,Al2O3,Bacillus subtilis,non-pathogenic,green_synthesis,MIC,cubic,Bacteria,Bacillota,Bacilli,Bacillales,Bacillaceae,Bacillus,p,soil,101.961276,8.7,0,0.16,30,24,51.55776403,85.5,13.5675,4.688846487,2.7540237837627153,Klebsiella pneumoniae,2.5239351164806894,0.23008866728202593,567.5756873504258,334.14511507531944
55,ZnO,Bacillus subtilis,non-pathogenic,chemical_synthesis,MBC,quasi-hexagonal,Bacteria,Bacillota,Bacilli,Bacillales,Bacillaceae,Bacillus,p,soil,81.3794,30.0,1,0.16,30,8,22.60496136,17.07,0.6865,4.082482905,0.3387887937490357,Klebsiella pneumoniae,0.1192934423928782,0.2194953513561575,2.1816686639096963,1.316113798443302
56,CeO2,Bacillus subtilis,non-pathogenic,chemical_synthesis,MIC,nanoplates,Bacteria,Bacillota,Bacilli,Bacillales,Bacillaceae,Bacillus,p,soil,172.115,37.86,1,0.16,30,16,39.19032095,34.14,1.373,4.456551526,2.3685622902937298,Klebsiella pneumoniae,2.1791647187769247,0.18939757151680503,233.6481196652048,151.06530044835483
57,ZnO,Bacillus subtilis,non-pathogenic,chemical_synthesis,MBC,triangular,Bacteria,Bacillota,Bacilli,Bacillales,Bacillaceae,Bacillus,p,soil,81.3794,9.0,0,0.16,30,8,22.60496136,17.07,0.6865,4.082482905,0.7028697881583481,Klebsiella pneumoniae,0.5253958697670611,0.177473918391287,5.045100107534382,3.3527090733558156
58,CuO,Bacillus subtilis,non-pathogenic,green_synthesis,MBEC,tetragonal,Bacteria,Bacillota,Bacilli,Bacillales,Bacillaceae,Bacillus,p,soil,79.5454,9.0,2,0.16,30,17,20.67942236,17.07,0.6865,1.651411411,2.2165923989442393,Klebsiella pneumoniae,2.0528864443215666,0.16370595462267268,164.6616257262784,112.95005437305629
59,ZnO,Bacillus subtilis,non-pathogenic,green_synthesis,MIC,spherical,Bacteria,Bacillota,Bacilli,Bacillales,Bacillaceae,Bacillus,p,soil,81.3794,10.0,18,0.16,30,8,22.60496136,17.07,0.6865,4.082482905,1.291995073208541,Klebsiella pneumoniae,1.1333605465007426,0.15863452670779843,19.588224517995943,13.594415716799931
60,Ag2O,Bacillus subtilis,non-pathogenic,green_synthesis,MIC,quasi-hexagonal,Bacteria,Bacillota,Bacilli,Bacillales,Bacillaceae,Bacillus,p,soil,231.7358,5.1,1,0.16,30,28,46.55109718,17.07,0.6865,3.975778631,1.7988456302655509,Klebsiella pneumoniae,1.6569314848504997,0.1419141454150512,62.928246499368846,45.38700075789221
61,Ag,Bacillus subtilis,non-pathogenic,green_synthesis,MIC,rod-shaped,Bacteria,Bacillota,Bacilli,Bacillales,Bacillaceae,Bacillus,p,soil,107.87,10.4,2,0.16,30,11,23.00188061,0.0,0.0,1.78376517,1.6797269121922445,Klebsiella pneumoniae,1.541150067089963,0.13857684510228152,47.83292205373189,34.76562706186074
62,Ag,Bacillus subtilis,non-pathogenic,green_synthesis,MBEC,tetragonal,Bacteria,Bacillota,Bacilli,Bacillales,Bacillaceae,Bacillus,p,soil,107.87,79.0,1,0.16,30,11,23.00188061,0.0,0.0,1.78376517,0.4829430662770844,Klebsiella pneumoniae,0.35216182875797064,0.13078123751911375,3.040486407768304,2.249892814810534
63,CeO2,Bacillus subtilis,non-pathogenic,chemical_synthesis,MBEC,spheroidal,Bacteria,Bacillota,Bacilli,Bacillales,Bacillaceae,Bacillus,p,soil,172.115,100.0,18,0.16,30,16,39.19032095,34.14,1.373,4.456551526,1.838871562234596,Klebsiella pneumoniae,1.7670675766728932,0.07180398556170275,69.00357032726886,58.4881085169287
64,ZnO,Bacillus subtilis,non-pathogenic,green_synthesis,MBEC,spherical,Bacteria,Bacillota,Bacilli,Bacillales,Bacillaceae,Bacillus,p,soil,81.3794,20.0,18,0.16,30,8,22.60496136,17.07,0.6865,4.082482905,2.090753316172369,Klebsiella pneumoniae,2.019119859329961,0.07163345684240818,123.2404615615179,104.50085874863653
65,Ag,Bacillus subtilis,non-pathogenic,green_synthesis,MBEC,hexagonal,Bacteria,Bacillota,Bacilli,Bacillales,Bacillaceae,Bacillus,p,soil,107.87,18.5,0,0.16,30,11,23.00188061,0.0,0.0,1.78376517,2.038479340028763,Klebsiella pneumoniae,1.9944747551533353,0.0440045848754278,109.2645647332997,98.73582405164781
66,ZnO,Bacillus subtilis,non-pathogenic,chemical_synthesis,MBC,spheroidal,Bacteria,Bacillota,Bacilli,Bacillales,Bacillaceae,Bacillus,p,soil,81.3794,18.0,0,0.16,30,8,22.60496136,17.07,0.6865,4.082482905,1.7122278979146839,Klebsiella pneumoniae,1.679983537381983,0.032244360532700966,51.54990840005709,47.86119494371791
67,Ag,Bacillus subtilis,non-pathogenic,chemical_synthesis,MBC,nanoplates,Bacteria,Bacillota,Bacilli,Bacillales,Bacillaceae,Bacillus,p,soil,107.87,5.1,3,0.16,30,11,23.00188061,0.0,0.0,1.78376517,1.9789281272491117,Klebsiella pneumoniae,1.947929586311092,0.030998540938019792,95.26384958560405,88.70121859792637
68,ZnO,Bacillus subtilis,non-pathogenic,green_synthesis,MBEC,tetragonal,Bacteria,Bacillota,Bacilli,Bacillales,Bacillaceae,Bacillus,p,soil,81.3794,22.5,4,0.16,30,8,22.60496136,17.07,0.6865,4.082482905,0.9789482059053045,Klebsiella pneumoniae,0.9679410716818228,0.011007134223481763,9.526825400329802,9.288403462352496
69,Pt,Bacillus subtilis,non-pathogenic,green_synthesis,MBEC,cubic,Bacteria,Bacillota,Bacilli,Bacillales,Bacillaceae,Bacillus,p,soil,195.084,30.0,1,0.16,30,10,21.75656585,0.0,0.0,2.588435821,1.611758998479953,Klebsiella pneumoniae,1.6015623121154032,0.010196686364549734,40.903361314438136,39.954188304503326
70,Au,Bacillus subtilis,non-pathogenic,green_synthesis,MIC,nanoplates,Bacteria,Bacillota,Bacilli,Bacillales,Bacillaceae,Bacillus,p,soil,196.966569,100.0,18,0.16,30,11,23.00188061,0.0,0.0,2.46797672,1.490843680956091,Klebsiella pneumoniae,1.4930607591203846,-0.0022170781642936177,30.96304621237268,31.1215170615034
71,Ag,Bacillus subtilis,non-pathogenic,green_synthesis,MIC,tetragonal,Bacteria,Bacillota,Bacilli,Bacillales,Bacillaceae,Bacillus,p,soil,107.8682,26.38,4,0.16,30,11,23.00188061,0.0,0.0,1.78376517,-0.32505107458493887,Klebsiella pneumoniae,-0.3188837810340459,-0.0061672935508929605,0.47309561795238847,0.4798618444334084
72,Ag,Bacillus subtilis,non-pathogenic,green_synthesis,MBEC,cubic,Bacteria,Bacillota,Bacilli,Bacillales,Bacillaceae,Bacillus,p,soil,107.87,25.0,2,0.16,30,11,23.00188061,0.0,0.0,1.78376517,2.0099658050377824,Klebsiella pneumoniae,2.0237130658894156,-0.013747260851633136,102.32124246264446,105.61195108418396
73,ZnO,Bacillus subtilis,non-pathogenic,chemical_synthesis,MBC,tetragonal,Bacteria,Bacillota,Bacilli,Bacillales,Bacillaceae,Bacillus,p,soil,81.3794,26.38,2,0.16,30,8,22.60496136,17.07,0.6865,4.082482905,0.8806607899969411,Klebsiella pneumoniae,0.9321500497587328,-0.05148925976179175,7.597326484369433,8.553621914741774
74,CuO,Bacillus subtilis,non-pathogenic,chemical_synthesis,MBC,triangular,Bacteria,Bacillota,Bacilli,Bacillales,Bacillaceae,Bacillus,p,soil,79.5454,1.4,1,0.16,30,17,20.67942236,17.07,0.6865,1.651411411,1.0950818658813792,Klebsiella pneumoniae,1.1501441378412234,-0.055062271959844145,12.44749228818324,14.130064290109672
75,Ag,Bacillus subtilis,non-pathogenic,green_synthesis,MIC,hexagonal,Bacteria,Bacillota,Bacilli,Bacillales,Bacillaceae,Bacillus,p,soil,107.8682,22.5,3,0.16,30,11,23.00188061,0.0,0.0,1.78376517,1.649049158713636,Klebsiella pneumoniae,1.7228955360262161,-0.07384637731258015,44.57066960286728,52.8318156326093
76,ZnO,Bacillus subtilis,non-pathogenic,chemical_synthesis,MBC,rod-shaped,Bacteria,Bacillota,Bacilli,Bacillales,Bacillaceae,Bacillus,p,soil,81.3794,45.26,18,0.16,30,8,22.60496136,17.07,0.6865,4.082482905,1.5574624431213364,Klebsiella pneumoniae,1.7301590178215738,-0.17269657470023736,36.096279692877324,53.72284676753251
77,TiO2,Bacillus subtilis,non-pathogenic,green_synthesis,MBC,hexagonal,Bacteria,Bacillota,Bacilli,Bacillales,Bacillaceae,Bacillus,p,soil,79.866,79.0,24,0.16,30,16,26.40611331,34.14,1.373,2.878049394,2.8673315898537153,Klebsiella pneumoniae,3.0515205056573924,-0.18418891580367713,736.7694164550402,1125.9536306901955
78,Au,Bacillus subtilis,non-pathogenic,green_synthesis,MBEC,spherical,Bacteria,Bacillota,Bacilli,Bacillales,Bacillaceae,Bacillus,p,soil,196.966569,38.0,24,0.16,30,11,23.00188061,0.0,0.0,2.46797672,1.8992100478490057,Klebsiella pneumoniae,2.099469506912048,-0.2002594590630422,79.28847188688744,125.73885663331285
79,Au,Bacillus subtilis,non-pathogenic,chemical_synthesis,MBC,triangular,Bacteria,Bacillota,Bacilli,Bacillales,Bacillaceae,Bacillus,p,soil,196.966569,12.0,4,0.16,30,11,23.00188061,0.0,0.0,2.46797672,0.7415959973807447,Klebsiella pneumoniae,0.9838936471935987,-0.24229764981285407,5.515641078176921,9.635930239147955
80,Ag,Bacillus subtilis,non-pathogenic,chemical_synthesis,MBC,quasi-spherical,Bacteria,Bacillota,Bacilli,Bacillales,Bacillaceae,Bacillus,p,soil,107.87,12.5,0,0.16,30,11,23.00188061,0.0,0.0,1.78376517,1.4454973764676475,Klebsiella pneumoniae,1.755488467315843,-0.30999109084819554,27.89313806305225,56.94931010454553
