,np,bacteria,bac_type,np_synthesis,method,shape,kingdom,phylum,class,order,family,genus,gram,isolated_from,mol_weight (g/mol),np_size_avg (nm),time_set,"min_Incub_period, h","growth_temp, C",Valance_electron,labuteASA,tpsa,CrippenMR,chi0v,pred_MIC_norm,pathogenic_bacteria,pred_MIC_pathogen,Fitness,pred_norm_MIC_original,pred_path_MIC_original
0,ZnO,Bacillus subtilis,non-pathogenic,green_synthesis,MIC,quasi-spherical,Bacteria,Bacillota,Bacilli,Bacillales,Bacillaceae,Bacillus,p,soil,81.3794,4.0,4,0.16,30,8,22.60496136,17.07,0.6865,4.082482905,1.1474770476767486,Klebsiella pneumoniae,0.2777402383449987,0.8697368093317499,14.043554618835977,1.8955717963859098
1,ZrO2,Bacillus subtilis,non-pathogenic,green_synthesis,MIC,rod-shaped,Bacteria,Bacillota,Bacilli,Bacillales,Bacillaceae,Bacillus,p,soil,123.2218,3.0,4,0.16,30,16,29.29254423,34.14,1.373,3.774536472,1.7615867349872851,Klebsiella pneumoniae,0.9369773600545158,0.8246093749327693,57.75462056574703,8.649228288265432
2,Ag,Bacillus subtilis,non-pathogenic,chemical_synthesis,MIC,spheroidal,Bacteria,Bacillota,Bacilli,Bacillales,Bacillaceae,Bacillus,p,soil,107.87,1.9,2,0.16,30,11,23.00188061,0.0,0.0,1.78376517,0.9975484790951428,Klebsiella pneumoniae,0.1853474042741312,0.8122010748210116,9.94371066657431,1.5323127112546697
3,ZnO,Bacillus subtilis,non-pathogenic,green_synthesis,MBC,nanoplates,Bacteria,Bacillota,Bacilli,Bacillales,Bacillaceae,Bacillus,p,soil,81.3794,6.0,3,0.16,30,8,22.60496136,17.07,0.6865,4.082482905,2.6076937614319373,Klebsiella pneumoniae,1.8629852659590864,0.7447084954728509,405.222695803396,72.94327628195154
4,CeO2,Bacillus subtilis,non-pathogenic,chemical_synthesis,MIC,quasi-hexagonal,Bacteria,Bacillota,Bacilli,Bacillales,Bacillaceae,Bacillus,p,soil,172.115,5.1,3,0.16,30,16,39.19032095,34.14,1.373,4.456551526,2.417363389206025,Klebsiella pneumoniae,1.673331563599384,0.7440318256066412,261.43479547780686,47.13370329308525
5,ZnO,Bacillus subtilis,non-pathogenic,green_synthesis,MIC,nanoplates,Bacteria,Bacillota,Bacilli,Bacillales,Bacillaceae,Bacillus,p,soil,81.3794,0.8,0,0.16,30,8,22.60496136,17.07,0.6865,4.082482905,1.5353673742390739,Klebsiella pneumoniae,0.7978078408633582,0.7375595333757157,34.30578600686078,6.277805278456908
6,Ag,Bacillus subtilis,non-pathogenic,chemical_synthesis,MIC,spherical,Bacteria,Bacillota,Bacilli,Bacillales,Bacillaceae,Bacillus,p,soil,107.87,4.0,24,0.16,30,11,23.00188061,0.0,0.0,1.78376517,1.5300901707447805,Klebsiella pneumoniae,0.8253566881359713,0.7047334826088092,33.89145162365519,6.688930571005569
7,ZnO,Bacillus subtilis,non-pathogenic,green_synthesis,MBC,quasi-spherical,Bacteria,Bacillota,Bacilli,Bacillales,Bacillaceae,Bacillus,p,soil,81.3794,10.0,3,0.16,30,8,22.60496136,17.07,0.6865,4.082482905,2.221544244437962,Klebsiella pneumoniae,1.524100628412362,0.6974436160256001,166.5498494438451,33.42724838207539
8,Ag,Bacillus subtilis,non-pathogenic,green_synthesis,MIC,quasi-hexagonal,Bacteria,Bacillota,Bacilli,Bacillales,Bacillaceae,Bacillus,p,soil,107.87,1.9,0,0.16,30,11,23.00188061,0.0,0.0,1.78376517,1.1217049246705302,Klebsiella pneumoniae,0.4304952624385845,0.6912096622319457,13.234420354174821,2.694605937708631
9,CeO2,Bacillus subtilis,non-pathogenic,green_synthesis,MIC,rod-shaped,Bacteria,Bacillota,Bacilli,Bacillales,Bacillaceae,Bacillus,p,soil,172.115,0.8,0,0.16,30,16,39.19032095,34.14,1.373,4.456551526,2.35477265890991,Klebsiella pneumoniae,1.6680526743348225,0.6867199845750873,226.34591394720206,46.56425665524596
10,Ag,Bacillus subtilis,non-pathogenic,chemical_synthesis,MIC,spheroidal,Bacteria,Bacillota,Bacilli,Bacillales,Bacillaceae,Bacillus,p,soil,107.87,12.0,18,0.16,30,11,23.00188061,0.0,0.0,1.78376517,1.1874357141306249,Klebsiella pneumoniae,0.5113789866068739,0.676056727523751,15.396985973310661,3.246227754942178
11,ZnO,Bacillus subtilis,non-pathogenic,chemical_synthesis,MIC,quasi-spherical,Bacteria,Bacillota,Bacilli,Bacillales,Bacillaceae,Bacillus,p,soil,81.3794,3.0,2,0.16,30,8,22.60496136,17.07,0.6865,4.082482905,1.1259860064005698,Klebsiella pneumoniae,0.4526468237044854,0.6733391826960844,13.365524501900646,2.8356121184001033
12,Ag,Bacillus subtilis,non-pathogenic,green_synthesis,MIC,quasi-hexagonal,Bacteria,Bacillota,Bacilli,Bacillales,Bacillaceae,Bacillus,p,soil,107.87,0.8,1,0.16,30,11,23.00188061,0.0,0.0,1.78376517,0.9343165208094547,Klebsiella pneumoniae,0.2869099394382595,0.6474065813711952,8.596398125856037,1.936020445677321
13,CuO,Bacillus subtilis,non-pathogenic,green_synthesis,MBC,quasi-hexagonal,Bacteria,Bacillota,Bacilli,Bacillales,Bacillaceae,Bacillus,p,soil,79.5454,6.0,3,0.16,30,17,20.67942236,17.07,0.6865,1.651411411,2.830362661062841,Klebsiella pneumoniae,2.1882293836508984,0.6421332774119426,676.6477796495712,154.2514956245999
14,TiO2,Bacillus subtilis,non-pathogenic,green_synthesis,MBEC,spherical,Bacteria,Bacillota,Bacilli,Bacillales,Bacillaceae,Bacillus,p,soil,79.866,6.0,1,0.16,30,16,26.40611331,34.14,1.373,2.878049394,2.9237411462313383,Klebsiella pneumoniae,2.283067979516786,0.6406731667145524,838.9597898904259,191.89690907503817
15,ZnO,Bacillus subtilis,non-pathogenic,green_synthesis,MBC,hexagonal,Bacteria,Bacillota,Bacilli,Bacillales,Bacillaceae,Bacillus,p,soil,81.3794,8.7,1,0.16,30,8,22.60496136,17.07,0.6865,4.082482905,2.463581798045191,Klebsiella pneumoniae,1.8257367208142483,0.6378450772309425,290.7915604931578,66.9478633209323
16,CeO2,Bacillus subtilis,non-pathogenic,green_synthesis,MIC,cubic,Bacteria,Bacillota,Bacilli,Bacillales,Bacillaceae,Bacillus,p,soil,172.115,1.9,3,0.16,30,16,39.19032095,34.14,1.373,4.456551526,2.729108018956929,Klebsiella pneumoniae,2.094095128244297,0.6350128907126318,535.9299389540352,124.19243099918296
17,ZnO,Bacillus subtilis,non-pathogenic,green_synthesis,MBEC,quasi-hexagonal,Bacteria,Bacillota,Bacilli,Bacillales,Bacillaceae,Bacillus,p,soil,81.3794,9.0,3,0.16,30,8,22.60496136,17.07,0.6865,4.082482905,1.4706778774348384,Klebsiella pneumoniae,0.8439043692015391,0.6267735082332992,29.558192789290526,6.980786715890898
18,Pd,Bacillus subtilis,non-pathogenic,green_synthesis,MIC,hexagonal,Bacteria,Bacillota,Bacilli,Bacillales,Bacillaceae,Bacillus,p,soil,195.084,4.0,4,0.16,30,10,21.14774404,0.0,0.0,1.870828693,1.082155444665399,Klebsiella pneumoniae,0.4576310330531026,0.6245244116122963,12.0824621872929,2.8683426663434104
19,Ag,Bacillus subtilis,non-pathogenic,green_synthesis,MIC,hexagonal,Bacteria,Bacillota,Bacilli,Bacillales,Bacillaceae,Bacillus,p,soil,107.87,1.9,4,0.16,30,11,23.00188061,0.0,0.0,1.78376517,1.8962583432165643,Klebsiella pneumoniae,1.2808334928192742,0.6154248503972901,78.7514108858501,19.0912116699753
20,ZnO,Bacillus subtilis,non-pathogenic,green_synthesis,MBC,quasi-hexagonal,Bacteria,Bacillota,Bacilli,Bacillales,Bacillaceae,Bacillus,p,soil,81.3794,4.7,18,0.16,30,8,22.60496136,17.07,0.6865,4.082482905,1.0980220404862306,Klebsiella pneumoniae,0.48451480401800495,0.6135072364682257,12.53204773588944,3.0515100457509825
21,Pd,Bacillus subtilis,non-pathogenic,green_synthesis,MIC,hexagonal,Bacteria,Bacillota,Bacilli,Bacillales,Bacillaceae,Bacillus,p,soil,195.084,1.4,2,0.16,30,10,21.14774404,0.0,0.0,1.870828693,1.288067484454788,Klebsiella pneumoniae,0.676927712574672,0.6111397718801159,19.411874927585632,4.752561139540455
22,ZnO,Bacillus subtilis,non-pathogenic,chemical_synthesis,MIC,spherical,Bacteria,Bacillota,Bacilli,Bacillales,Bacillaceae,Bacillus,p,soil,81.3794,0.8,4,0.16,30,8,22.60496136,17.07,0.6865,4.082482905,0.9302221136218963,Klebsiella pneumoniae,0.31948676637411744,0.6107353472477789,8.51573451756537,2.0868285340461434
23,TiO2,Bacillus subtilis,non-pathogenic,green_synthesis,MBC,cubic,Bacteria,Bacillota,Bacilli,Bacillales,Bacillaceae,Bacillus,p,soil,79.866,10.4,1,0.16,30,16,26.40611331,34.14,1.373,2.878049394,3.3487355805598558,Klebsiella pneumoniae,2.7514017377854483,0.5973338427744075,2232.2127301708224,564.159281854779
24,ZnO,Bacillus subtilis,non-pathogenic,green_synthesis,MBEC,quasi-hexagonal,Bacteria,Bacillota,Bacilli,Bacillales,Bacillaceae,Bacillus,p,soil,81.3794,3.0,1,0.16,30,8,22.60496136,17.07,0.6865,4.082482905,1.0862240869941542,Klebsiella pneumoniae,0.4953536545788966,0.5908704324152576,12.19618734709513,3.1286260320874972
25,Au,Bacillus subtilis,non-pathogenic,chemical_synthesis,MIC,nanoplates,Bacteria,Bacillota,Bacilli,Bacillales,Bacillaceae,Bacillus,p,soil,196.966569,4.0,4,0.16,30,11,23.00188061,0.0,0.0,2.46797672,1.9457487110755345,Klebsiella pneumoniae,1.3580638024864133,0.5876849085891211,88.25690857054865,22.806771031550337
26,TiO2,Bacillus subtilis,non-pathogenic,green_synthesis,MBEC,quasi-hexagonal,Bacteria,Bacillota,Bacilli,Bacillales,Bacillaceae,Bacillus,p,soil,79.866,11.3,1,0.16,30,16,26.40611331,34.14,1.373,2.878049394,2.2904703056989866,Klebsiella pneumoniae,1.7067385258676029,0.5837317798313837,195.19572670280655,50.90243123267722
27,ZnO,Bacillus subtilis,non-pathogenic,green_synthesis,MBC,spherical,Bacteria,Bacillota,Bacilli,Bacillales,Bacillaceae,Bacillus,p,soil,81.3794,1.9,2,0.16,30,8,22.60496136,17.07,0.6865,4.082482905,1.7933671650481469,Klebsiella pneumoniae,1.2117268317716623,0.5816403332764846,62.139415671740096,16.282715389264048
28,Ag,Bacillus subtilis,non-pathogenic,chemical_synthesis,MIC,nanoplates,Bacteria,Bacillota,Bacilli,Bacillales,Bacillaceae,Bacillus,p,soil,107.87,6.0,3,0.16,30,11,23.00188061,0.0,0.0,1.78376517,2.0821300389386943,Klebsiella pneumoniae,1.5051318794072397,0.5769981595314546,120.8175539785232,31.9986664506194
29,ZnO,Bacillus subtilis,non-pathogenic,green_synthesis,MBEC,quasi-hexagonal,Bacteria,Bacillota,Bacilli,Bacillales,Bacillaceae,Bacillus,p,soil,81.3794,1.4,3,0.16,30,8,22.60496136,17.07,0.6865,4.082482905,1.1521518862309992,Klebsiella pneumoniae,0.5771039135996103,0.5750479726313888,14.195538968483492,3.7766254339671135
30,TiO2,Bacillus subtilis,non-pathogenic,chemical_synthesis,MIC,quasi-hexagonal,Bacteria,Bacillota,Bacilli,Bacillales,Bacillaceae,Bacillus,p,soil,79.866,5.1,0,0.16,30,16,26.40611331,34.14,1.373,2.878049394,2.1232048725251955,Klebsiella pneumoniae,1.5516292237225242,0.5715756488026713,132.80207857617052,35.61469453028293
31,ZnO,Bacillus subtilis,non-pathogenic,green_synthesis,MBEC,hexagonal,Bacteria,Bacillota,Bacilli,Bacillales,Bacillaceae,Bacillus,p,soil,81.3794,3.0,4,0.16,30,8,22.60496136,17.07,0.6865,4.082482905,2.07107163226629,Klebsiella pneumoniae,1.5008884173721972,0.5701832148940926,117.78002231492839,31.68753215450276
32,Ag,Bacillus subtilis,non-pathogenic,green_synthesis,MIC,rod-shaped,Bacteria,Bacillota,Bacilli,Bacillales,Bacillaceae,Bacillus,p,soil,107.87,4.0,4,0.16,30,11,23.00188061,0.0,0.0,1.78376517,1.2986878663741726,Klebsiella pneumoniae,0.7394733990583189,0.5592144673158537,19.892431277416605,5.488749354761975
33,TiO2,Bacillus subtilis,non-pathogenic,green_synthesis,MBC,nanoplates,Bacteria,Bacillota,Bacilli,Bacillales,Bacillaceae,Bacillus,p,soil,79.866,11.3,1,0.16,30,16,26.40611331,34.14,1.373,2.878049394,3.3631933830825043,Klebsiella pneumoniae,2.809848919427864,0.5533444636546401,2307.7745681412507,645.4296605691586
34,ZnO,Bacillus subtilis,non-pathogenic,green_synthesis,MIC,spherical,Bacteria,Bacillota,Bacilli,Bacillales,Bacillaceae,Bacillus,p,soil,81.3794,4.7,4,0.16,30,8,22.60496136,17.07,0.6865,4.082482905,1.1351376276830023,Klebsiella pneumoniae,0.5821589984779421,0.5529786292050602,13.650156407626623,3.8208412911179757
35,Au,Bacillus subtilis,non-pathogenic,chemical_synthesis,MIC,nanoplates,Bacteria,Bacillota,Bacilli,Bacillales,Bacillaceae,Bacillus,p,soil,196.966569,1.9,0,0.16,30,11,23.00188061,0.0,0.0,2.46797672,2.190287292624978,Klebsiella pneumoniae,1.6376200980976723,0.5526671945273058,154.9841524404647,43.413029974220194
36,ZnO,Bacillus subtilis,non-pathogenic,green_synthesis,MIC,hexagonal,Bacteria,Bacillota,Bacilli,Bacillales,Bacillaceae,Bacillus,p,soil,81.3794,1.4,18,0.16,30,8,22.60496136,17.07,0.6865,4.082482905,1.4868626392738618,Klebsiella pneumoniae,0.9354724574554639,0.5513901818183978,30.68051456997228,8.619309141305186
37,Ag,Bacillus subtilis,non-pathogenic,green_synthesis,MIC,spheroidal,Bacteria,Bacillota,Bacilli,Bacillales,Bacillaceae,Bacillus,p,soil,107.87,8.7,18,0.16,30,11,23.00188061,0.0,0.0,1.78376517,1.6691782684645142,Klebsiella pneumoniae,1.1181068424008513,0.5510714260636629,46.685097318724075,13.125227579093183
38,ZnO,Bacillus subtilis,non-pathogenic,green_synthesis,MIC,hexagonal,Bacteria,Bacillota,Bacilli,Bacillales,Bacillaceae,Bacillus,p,soil,81.3794,3.0,24,0.16,30,8,22.60496136,17.07,0.6865,4.082482905,2.4154605193931955,Klebsiella pneumoniae,1.8651270863545728,0.5503334330386227,260.2918195945217,73.30390088694145
39,Au,Bacillus subtilis,non-pathogenic,chemical_synthesis,MIC,quasi-spherical,Bacteria,Bacillota,Bacilli,Bacillales,Bacillaceae,Bacillus,p,soil,196.966569,1.9,3,0.16,30,11,23.00188061,0.0,0.0,2.46797672,1.7129313307860659,Klebsiella pneumoniae,1.1705747392313606,0.5423565915547053,51.633472167071744,14.810671152717406
40,Ag,Bacillus subtilis,non-pathogenic,green_synthesis,MIC,spheroidal,Bacteria,Bacillota,Bacilli,Bacillales,Bacillaceae,Bacillus,p,soil,107.87,18.5,18,0.16,30,11,23.00188061,0.0,0.0,1.78376517,1.1535870846355913,Klebsiella pneumoniae,0.6153998787575503,0.538187205878041,14.242528088800771,4.124771346329697
41,ZnO,Bacillus subtilis,non-pathogenic,chemical_synthesis,MBC,quasi-hexagonal,Bacteria,Bacillota,Bacilli,Bacillales,Bacillaceae,Bacillus,p,soil,81.3794,9.0,1,0.16,30,8,22.60496136,17.07,0.6865,4.082482905,0.7808570012468764,Klebsiella pneumoniae,0.24856486301320624,0.5322921382336702,6.0374980188091865,1.772412739832101
42,Au,Bacillus subtilis,non-pathogenic,chemical_synthesis,MIC,nanoplates,Bacteria,Bacillota,Bacilli,Bacillales,Bacillaceae,Bacillus,p,soil,196.966569,0.8,1,0.16,30,11,23.00188061,0.0,0.0,2.46797672,1.9390247402914287,Klebsiella pneumoniae,1.4086885286391349,0.5303362116522938,86.90099324402948,25.626454753518644
43,TiO2,Bacillus subtilis,non-pathogenic,chemical_synthesis,MBC,quasi-spherical,Bacteria,Bacillota,Bacilli,Bacillales,Bacillaceae,Bacillus,p,soil,79.866,10.0,1,0.16,30,16,26.40611331,34.14,1.373,2.878049394,2.4548970635871132,Klebsiella pneumoniae,1.92797783631268,0.5269192272744332,285.0342599658765,84.71841780297582
44,Pd,Bacillus subtilis,non-pathogenic,green_synthesis,MIC,quasi-spherical,Bacteria,Bacillota,Bacilli,Bacillales,Bacillaceae,Bacillus,p,soil,195.084,6.0,2,0.16,30,10,21.14774404,0.0,0.0,1.870828693,1.470954006267118,Klebsiella pneumoniae,0.945989931718866,0.524964074548252,29.576992163560753,8.830594281491443
45,ZnO,Bacillus subtilis,non-pathogenic,chemical_synthesis,MBEC,hexagonal,Bacteria,Bacillota,Bacilli,Bacillales,Bacillaceae,Bacillus,p,soil,81.3794,5.1,0,0.16,30,8,22.60496136,17.07,0.6865,4.082482905,2.5197723926744207,Klebsiella pneumoniae,1.9988632624663196,0.520909130208101,330.95762601817125,99.73859875963231
46,Ag,Bacillus subtilis,non-pathogenic,chemical_synthesis,MIC,spherical,Bacteria,Bacillota,Bacilli,Bacillales,Bacillaceae,Bacillus,p,soil,107.87,5.1,1,0.16,30,11,23.00188061,0.0,0.0,1.78376517,1.3811693407054229,Klebsiella pneumoniae,0.8619765015154766,0.5191928391899463,24.053004952792538,7.277404274308956
47,ZnO,Bacillus subtilis,non-pathogenic,green_synthesis,MBEC,rod-shaped,Bacteria,Bacillota,Bacilli,Bacillales,Bacillaceae,Bacillus,p,soil,81.3794,1.4,0,0.16,30,8,22.60496136,17.07,0.6865,4.082482905,1.825814082172796,Klebsiella pneumoniae,1.308675533237815,0.5171385489349809,66.95978988041654,20.355207468264783
48,Ag,Bacillus subtilis,non-pathogenic,chemical_synthesis,MIC,quasi-hexagonal,Bacteria,Bacillota,Bacilli,Bacillales,Bacillaceae,Bacillus,p,soil,107.87,9.0,3,0.16,30,11,23.00188061,0.0,0.0,1.78376517,0.8794164724186568,Klebsiella pneumoniae,0.3650512059517681,0.5143652664668887,7.5755901800982395,2.3176679009525913
49,ZnO,Bacillus subtilis,non-pathogenic,green_synthesis,MBC,quasi-spherical,Bacteria,Bacillota,Bacilli,Bacillales,Bacillaceae,Bacillus,p,soil,81.3794,26.06,4,0.16,30,8,22.60496136,17.07,0.6865,4.082482905,1.8389384887958204,Klebsiella pneumoniae,1.329984369572294,0.5089541192235265,69.01420487991585,21.378851447978256
50,TiO2,Bacillus subtilis,non-pathogenic,chemical_synthesis,MIC,spheroidal,Bacteria,Bacillota,Bacilli,Bacillales,Bacillaceae,Bacillus,p,soil,79.866,3.0,0,0.16,30,16,26.40611331,34.14,1.373,2.878049394,2.1621302020730324,Klebsiella pneumoniae,1.6613311190098714,0.500799083063161,145.25470278796269,45.84913208865765
51,ZnO,Bacillus subtilis,non-pathogenic,green_synthesis,MBC,quasi-spherical,Bacteria,Bacillota,Bacilli,Bacillales,Bacillaceae,Bacillus,p,soil,81.3794,44.45,2,0.16,30,8,22.60496136,17.07,0.6865,4.082482905,0.6701080265714667,Klebsiella pneumoniae,0.17017637713999578,0.49993164943147095,4.678515003717581,1.4797092106520542
52,Ag,Bacillus subtilis,non-pathogenic,chemical_synthesis,MIC,quasi-hexagonal,Bacteria,Bacillota,Bacilli,Bacillales,Bacillaceae,Bacillus,p,soil,107.87,22.5,0,0.16,30,11,23.00188061,0.0,0.0,1.78376517,0.5163553993607113,Klebsiella pneumoniae,0.08814727227868624,0.42820812708202505,3.283638956083226,1.2250315455530327
53,Au,Bacillus subtilis,non-pathogenic,chemical_synthesis,MBEC,quasi-hexagonal,Bacteria,Bacillota,Bacilli,Bacillales,Bacillaceae,Bacillus,p,soil,196.966569,6.0,3,0.16,30,11,23.00188061,0.0,0.0,2.46797672,1.5004026844423468,Klebsiella pneumoniae,1.0903883128991352,0.41001437154321163,31.65211131832524,12.313692749430087
54,ZnO,Bacillus subtilis,non-pathogenic,chemical_synthesis,MBC,cubic,Bacteria,Bacillota,Bacilli,Bacillales,Bacillaceae,Bacillus,p,soil,81.3794,12.0,3,0.16,30,8,22.60496136,17.07,0.6865,4.082482905,2.0109301582676817,Klebsiella pneumoniae,1.62222917576064,0.38870098250704177,102.54869977278634,41.90146194157578
55,Ag,Bacillus subtilis,non-pathogenic,chemical_synthesis,MIC,hexagonal,Bacteria,Bacillota,Bacilli,Bacillales,Bacillaceae,Bacillus,p,soil,107.87,10.4,1,0.16,30,11,23.00188061,0.0,0.0,1.78376517,1.8889945550113658,Klebsiella pneumoniae,1.518135960674793,0.37085859433657276,77.44520880101372,32.97129162848955
56,ZnO,Bacillus subtilis,non-pathogenic,chemical_synthesis,MIC,quasi-hexagonal,Bacteria,Bacillota,Bacilli,Bacillales,Bacillaceae,Bacillus,p,soil,81.3794,11.3,1,0.16,30,8,22.60496136,17.07,0.6865,4.082482905,0.8309459496729523,Klebsiella pneumoniae,0.4636769141612389,0.3672690355117134,6.775571766612189,2.908552545855838
57,Ag,Bacillus subtilis,non-pathogenic,chemical_synthesis,MBEC,quasi-hexagonal,Bacteria,Bacillota,Bacilli,Bacillales,Bacillaceae,Bacillus,p,soil,107.87,9.0,4,0.16,30,11,23.00188061,0.0,0.0,1.78376517,1.1162126831535604,Klebsiella pneumoniae,0.811654742897964,0.30455794025559635,13.068107041752148,6.481189845588231
58,ZnO,Bacillus subtilis,non-pathogenic,chemical_synthesis,MIC,hexagonal,Bacteria,Bacillota,Bacilli,Bacillales,Bacillaceae,Bacillus,p,soil,81.3794,9.0,2,0.16,30,8,22.60496136,17.07,0.6865,4.082482905,2.041826988393278,Klebsiella pneumoniae,1.7913781106729232,0.2504488777203546,110.11005723759196,61.855469928849764
59,Ag,Bacillus subtilis,non-pathogenic,green_synthesis,MIC,hexagonal,Bacteria,Bacillota,Bacilli,Bacillales,Bacillaceae,Bacillus,p,soil,107.87,4.7,2,0.16,30,11,23.00188061,0.0,0.0,1.78376517,1.8990485468178442,Klebsiella pneumoniae,1.6746954334091526,0.22435311340869157,79.25899237501447,47.28195588050133
60,Ag,Bacillus subtilis,non-pathogenic,green_synthesis,MIC,rod-shaped,Bacteria,Bacillota,Bacilli,Bacillales,Bacillaceae,Bacillus,p,soil,107.87,41.23,3,0.16,30,11,23.00188061,0.0,0.0,1.78376517,0.7436396246316311,Klebsiella pneumoniae,0.5451497317507799,0.19848989288085128,5.541656782351963,3.5087282355898224
61,ZnO,Bacillus subtilis,non-pathogenic,chemical_synthesis,MBEC,tetragonal,Bacteria,Bacillota,Bacilli,Bacillales,Bacillaceae,Bacillus,p,soil,81.3794,3.0,0,0.16,30,8,22.60496136,17.07,0.6865,4.082482905,0.6769084946943988,Klebsiella pneumoniae,0.5008758083455909,0.17603268634880798,4.752350839538955,3.1686612172433897
62,ZnO,Bacillus subtilis,non-pathogenic,chemical_synthesis,MIC,quasi-spherical,Bacteria,Bacillota,Bacilli,Bacillales,Bacillaceae,Bacillus,p,soil,81.3794,10.0,18,0.16,30,8,22.60496136,17.07,0.6865,4.082482905,1.4163820573894674,Klebsiella pneumoniae,1.2845139621380366,0.13186809525143084,26.08447243242433,19.25368942789849
63,Au,Bacillus subtilis,non-pathogenic,chemical_synthesis,MIC,spherical,Bacteria,Bacillota,Bacilli,Bacillales,Bacillaceae,Bacillus,p,soil,196.966569,28.0,4,0.16,30,11,23.00188061,0.0,0.0,2.46797672,1.2882839901787992,Klebsiella pneumoniae,1.1632588853843067,0.12502510479449258,19.421554603419278,14.563269465735317
64,ZnO,Bacillus subtilis,non-pathogenic,green_synthesis,MBC,spheroidal,Bacteria,Bacillota,Bacilli,Bacillales,Bacillaceae,Bacillus,p,soil,81.3794,50.0,0,0.16,30,8,22.60496136,17.07,0.6865,4.082482905,1.7165494493439488,Klebsiella pneumoniae,1.6213588805609376,0.09519056878301124,52.06542878123287,41.81757847350203
65,Ag,Bacillus subtilis,non-pathogenic,chemical_synthesis,MBEC,quasi-hexagonal,Bacteria,Bacillota,Bacilli,Bacillales,Bacillaceae,Bacillus,p,soil,107.87,100.0,2,0.16,30,11,23.00188061,0.0,0.0,1.78376517,0.7371920298242238,Klebsiella pneumoniae,0.6454904546600564,0.09170157516416744,5.459992294801381,4.420694005443061
66,Ag,Bacillus subtilis,non-pathogenic,chemical_synthesis,MBEC,rod-shaped,Bacteria,Bacillota,Bacilli,Bacillales,Bacillaceae,Bacillus,p,soil,107.87,1.9,0,0.16,30,11,23.00188061,0.0,0.0,1.78376517,1.203750615411712,Klebsiella pneumoniae,1.1265811437844704,0.07716947162724153,15.986397792989292,13.383852563227267
67,ZnO,Bacillus subtilis,non-pathogenic,chemical_synthesis,MBEC,nanoplates,Bacteria,Bacillota,Bacilli,Bacillales,Bacillaceae,Bacillus,p,soil,81.3794,28.0,4,0.16,30,8,22.60496136,17.07,0.6865,4.082482905,2.099013667465158,Klebsiella pneumoniae,2.025514810432398,0.07349885703276016,125.60694922097593,106.05101035690785
68,Ag,Bacillus subtilis,non-pathogenic,green_synthesis,MBC,spherical,Bacteria,Bacillota,Bacilli,Bacillales,Bacillaceae,Bacillus,p,soil,107.87,27.43,3,0.16,30,11,23.00188061,0.0,0.0,1.78376517,1.238035850442252,Klebsiella pneumoniae,1.1739015382803077,0.0641343121619442,17.299591591901475,14.924560068353497
69,ZnO,Bacillus subtilis,non-pathogenic,chemical_synthesis,MBEC,cubic,Bacteria,Bacillota,Bacilli,Bacillales,Bacillaceae,Bacillus,p,soil,81.3794,38.0,1,0.16,30,8,22.60496136,17.07,0.6865,4.082482905,2.0719319617592,Klebsiella pneumoniae,2.021951793215531,0.049980168543668935,118.01357365735524,105.18451123007236
70,Ag,Bacillus subtilis,non-pathogenic,green_synthesis,MBC,nanoplates,Bacteria,Bacillota,Bacilli,Bacillales,Bacillaceae,Bacillus,p,soil,107.87,22.5,0,0.16,30,11,23.00188061,0.0,0.0,1.78376517,1.6532540265235713,Klebsiella pneumoniae,1.6065058299589947,0.04674819656457663,45.00430160417038,40.411579931814266
71,Au,Bacillus subtilis,non-pathogenic,green_synthesis,MBEC,tetragonal,Bacteria,Bacillota,Bacilli,Bacillales,Bacillaceae,Bacillus,p,soil,196.966569,37.86,0,0.16,30,11,23.00188061,0.0,0.0,2.46797672,0.7089434894290909,Klebsiella pneumoniae,0.6716710748478609,0.037272414581229985,5.11615259627666,4.695383558102948
72,ZnO,Bacillus subtilis,non-pathogenic,chemical_synthesis,MBEC,hexagonal,Bacteria,Bacillota,Bacilli,Bacillales,Bacillaceae,Bacillus,p,soil,81.3794,44.45,4,0.16,30,8,22.60496136,17.07,0.6865,4.082482905,2.1058681790537115,Klebsiella pneumoniae,2.079103067586314,0.026765111467397684,127.60514314783308,119.97840043700168
73,Au,Bacillus subtilis,non-pathogenic,green_synthesis,MBEC,tetragonal,Bacteria,Bacillota,Bacilli,Bacillales,Bacillaceae,Bacillus,p,soil,196.966569,60.0,0,0.16,30,11,23.00188061,0.0,0.0,2.46797672,0.8663129584063078,Klebsiella pneumoniae,0.8498566780025764,0.016456280403731482,7.350433594207426,7.077121929667982
74,Ag,Bacillus subtilis,non-pathogenic,green_synthesis,MBEC,spherical,Bacteria,Bacillota,Bacilli,Bacillales,Bacillaceae,Bacillus,p,soil,107.8682,1.9,4,0.16,30,11,23.00188061,0.0,0.0,1.78376517,1.6094671546113521,Klebsiella pneumoniae,1.599239528319523,0.01022762629182905,40.68807605375024,39.741067466967145
75,ZnO,Bacillus subtilis,non-pathogenic,chemical_synthesis,MIC,quasi-hexagonal,Bacteria,Bacillota,Bacilli,Bacillales,Bacillaceae,Bacillus,p,soil,81.3794,60.0,3,0.16,30,8,22.60496136,17.07,0.6865,4.082482905,0.24883842306067505,Klebsiella pneumoniae,0.2692129960789029,-0.02037457301822787,1.7735295259563764,1.8587158231421175
76,ZnO,Bacillus subtilis,non-pathogenic,chemical_synthesis,MIC,rod-shaped,Bacteria,Bacillota,Bacilli,Bacillales,Bacillaceae,Bacillus,p,soil,81.3794,26.06,1,0.16,30,8,22.60496136,17.07,0.6865,4.082482905,1.09923695312463,Klebsiella pneumoniae,1.1362324613495924,-0.03699550822496245,12.56715446571589,13.684611148806804
77,Ag,Bacillus subtilis,non-pathogenic,chemical_synthesis,MIC,quasi-spherical,Bacteria,Bacillota,Bacilli,Bacillales,Bacillaceae,Bacillus,p,soil,107.8682,50.0,4,0.16,30,11,23.00188061,0.0,0.0,1.78376517,0.9984179117340957,Klebsiella pneumoniae,1.056421117389386,-0.05800320565529038,9.963637344273733,11.387309309241385
78,Au,Bacillus subtilis,non-pathogenic,green_synthesis,MBC,hexagonal,Bacteria,Bacillota,Bacilli,Bacillales,Bacillaceae,Bacillus,p,soil,196.966569,10.4,18,0.16,30,11,23.00188061,0.0,0.0,2.46797672,1.983565434333612,Klebsiella pneumoniae,2.1059853054501914,-0.12241987111657937,96.28650751167092,127.63956206587923
79,Ag2O,Bacillus subtilis,non-pathogenic,green_synthesis,MBC,triangular,Bacteria,Bacillota,Bacilli,Bacillales,Bacillaceae,Bacillus,p,soil,231.7358,18.5,18,0.16,30,28,46.55109718,17.07,0.6865,3.975778631,0.6908345465597883,Klebsiella pneumoniae,0.8307491789924617,-0.13991463243267344,4.907208902925214,6.772502577532527
80,ZnO,Bacillus subtilis,non-pathogenic,chemical_synthesis,MBC,spheroidal,Bacteria,Bacillota,Bacilli,Bacillales,Bacillaceae,Bacillus,p,soil,81.3794,40.0,0,0.16,30,8,22.60496136,17.07,0.6865,4.082482905,2.0798327096258378,Klebsiella pneumoniae,2.249794004448708,-0.16996129482287037,120.18014111544916,177.7436132493145
81,Ag,Bacillus subtilis,non-pathogenic,chemical_synthesis,MBEC,nanoplates,Bacteria,Bacillota,Bacilli,Bacillales,Bacillaceae,Bacillus,p,soil,107.8682,35.0,2,0.16,30,11,23.00188061,0.0,0.0,1.78376517,2.4564673824743046,Klebsiella pneumoniae,2.640224317035388,-0.18375693456108344,286.06675031890063,436.74135486035715
82,Cu,Bacillus subtilis,non-pathogenic,green_synthesis,MIC,hexagonal,Bacteria,Bacillota,Bacilli,Bacillales,Bacillaceae,Bacillus,p,soil,63.55,41.23,2,0.16,30,11,17.96409803,0.0,0.0,1.243163121,0.8519593105841504,Klebsiella pneumoniae,1.100138648847142,-0.24817933826299166,7.1114688258153365,12.5932738886181
83,Ag2O,Bacillus subtilis,non-pathogenic,chemical_synthesis,MBC,rod-shaped,Bacteria,Bacillota,Bacilli,Bacillales,Bacillaceae,Bacillus,p,soil,231.7358,25.0,4,0.16,30,28,46.55109718,17.07,0.6865,3.975778631,1.4769413820930064,Klebsiella pneumoniae,1.7814104538974405,-0.30446907180443405,29.98757741185857,60.45196940767641
84,Ag,Bacillus subtilis,non-pathogenic,chemical_synthesis,MBC,rod-shaped,Bacteria,Bacillota,Bacilli,Bacillales,Bacillaceae,Bacillus,p,soil,107.8682,1.4,2,0.16,30,11,23.00188061,0.0,0.0,1.78376517,0.86815106064792,Klebsiella pneumoniae,1.1823163255721627,-0.3141652649242427,7.381609399976518,15.216554491229976
85,ZnO,Bacillus subtilis,non-pathogenic,chemical_synthesis,MBC,cubic,Bacteria,Bacillota,Bacilli,Bacillales,Bacillaceae,Bacillus,p,soil,81.3794,38.0,24,0.16,30,8,22.60496136,17.07,0.6865,4.082482905,2.176169970042916,Klebsiella pneumoniae,2.523513247116534,-0.3473432770736178,150.0271882755893,333.8206874139542
