,np,bacteria,bac_type,np_synthesis,method,shape,kingdom,phylum,class,order,family,genus,gram,isolated_from,mol_weight (g/mol),np_size_avg (nm),time_set,"min_Incub_period, h","growth_temp, C",Valance_electron,labuteASA,tpsa,CrippenMR,chi0v,pred_MIC_norm,pathogenic_bacteria,pred_MIC_pathogen,Fitness,pred_norm_MIC_original,pred_path_MIC_original
0,ZnO,Bacillus subtilis,non-pathogenic,green_synthesis,MIC,quasi-spherical,Bacteria,Bacillota,Bacilli,Bacillales,Bacillaceae,Bacillus,p,soil,81.3794,4.0,4,0.16,30,8,22.60496136,17.07,0.6865,4.082482905,1.1474770476767486,Klebsiella pneumoniae,0.2777402383449987,0.8697368093317499,14.043554618835977,1.8955717963859098
1,ZrO2,Bacillus subtilis,non-pathogenic,green_synthesis,MIC,rod-shaped,Bacteria,Bacillota,Bacilli,Bacillales,Bacillaceae,Bacillus,p,soil,123.2218,3.0,4,0.16,30,16,29.29254423,34.14,1.373,3.774536472,1.7615867349872851,Klebsiella pneumoniae,0.9369773600545158,0.8246093749327693,57.75462056574703,8.649228288265432
2,Ag,Bacillus subtilis,non-pathogenic,chemical_synthesis,MIC,spheroidal,Bacteria,Bacillota,Bacilli,Bacillales,Bacillaceae,Bacillus,p,soil,107.87,1.9,2,0.16,30,11,23.00188061,0.0,0.0,1.78376517,0.9975484790951428,Klebsiella pneumoniae,0.1853474042741312,0.8122010748210116,9.94371066657431,1.5323127112546697
3,Ag,Bacillus subtilis,non-pathogenic,chemical_synthesis,MIC,rod-shaped,Bacteria,Bacillota,Bacilli,Bacillales,Bacillaceae,Bacillus,p,soil,107.87,3.0,4,0.16,30,11,23.00188061,0.0,0.0,1.78376517,0.8409744512650397,Klebsiella pneumoniae,0.06840972988916372,0.772564721375876,6.933850142686264,1.1706032617451327
4,ZnO,Bacillus subtilis,non-pathogenic,green_synthesis,MIC,nanoplates,Bacteria,Bacillota,Bacilli,Bacillales,Bacillaceae,Bacillus,p,soil,81.3794,1.4,0,0.16,30,8,22.60496136,17.07,0.6865,4.082482905,1.6703364019586153,Klebsiella pneumoniae,0.901288887788353,0.7690475141702623,46.80975865403098,7.9668912281234086
5,TiO2,Bacillus subtilis,non-pathogenic,green_synthesis,MBEC,quasi-spherical,Bacteria,Bacillota,Bacilli,Bacillales,Bacillaceae,Bacillus,p,soil,79.866,6.0,0,0.16,30,16,26.40611331,34.14,1.373,2.878049394,3.0898472973318154,Klebsiella pneumoniae,2.3431268623324364,0.746720434999379,1229.8362709583928,220.35700567965267
6,CeO2,Bacillus subtilis,non-pathogenic,chemical_synthesis,MIC,quasi-hexagonal,Bacteria,Bacillota,Bacilli,Bacillales,Bacillaceae,Bacillus,p,soil,172.115,5.1,3,0.16,30,16,39.19032095,34.14,1.373,4.456551526,2.417363389206025,Klebsiella pneumoniae,1.673331563599384,0.7440318256066412,261.43479547780686,47.13370329308525
7,ZnO,Bacillus subtilis,non-pathogenic,green_synthesis,MIC,nanoplates,Bacteria,Bacillota,Bacilli,Bacillales,Bacillaceae,Bacillus,p,soil,81.3794,0.8,0,0.16,30,8,22.60496136,17.07,0.6865,4.082482905,1.5353673742390739,Klebsiella pneumoniae,0.7978078408633582,0.7375595333757157,34.30578600686078,6.277805278456908
8,CeO2,Bacillus subtilis,non-pathogenic,chemical_synthesis,MIC,rod-shaped,Bacteria,Bacillota,Bacilli,Bacillales,Bacillaceae,Bacillus,p,soil,172.115,4.0,1,0.16,30,16,39.19032095,34.14,1.373,4.456551526,2.031815056613473,Klebsiella pneumoniae,1.316577339962362,0.715237716651111,107.6006900788183,20.72895171710997
9,ZnO,Bacillus subtilis,non-pathogenic,green_synthesis,MIC,quasi-spherical,Bacteria,Bacillota,Bacilli,Bacillales,Bacillaceae,Bacillus,p,soil,81.3794,6.0,4,0.16,30,8,22.60496136,17.07,0.6865,4.082482905,1.580497335539137,Klebsiella pneumoniae,0.866233332471878,0.714264003067259,38.06250224032492,7.349086048898026
10,CeO2,Bacillus subtilis,non-pathogenic,green_synthesis,MIC,quasi-spherical,Bacteria,Bacillota,Bacilli,Bacillales,Bacillaceae,Bacillus,p,soil,172.115,4.0,1,0.16,30,16,39.19032095,34.14,1.373,4.456551526,2.3311183635096695,Klebsiella pneumoniae,1.6235516063518631,0.7075667571578064,214.34747085169687,42.02924672303768
11,Ag,Bacillus subtilis,non-pathogenic,chemical_synthesis,MIC,spherical,Bacteria,Bacillota,Bacilli,Bacillales,Bacillaceae,Bacillus,p,soil,107.87,4.0,24,0.16,30,11,23.00188061,0.0,0.0,1.78376517,1.5300901707447805,Klebsiella pneumoniae,0.8253566881359713,0.7047334826088092,33.89145162365519,6.688930571005569
12,ZnO,Bacillus subtilis,non-pathogenic,green_synthesis,MBC,quasi-spherical,Bacteria,Bacillota,Bacilli,Bacillales,Bacillaceae,Bacillus,p,soil,81.3794,10.0,3,0.16,30,8,22.60496136,17.07,0.6865,4.082482905,2.221544244437962,Klebsiella pneumoniae,1.524100628412362,0.6974436160256001,166.5498494438451,33.42724838207539
13,Ag,Bacillus subtilis,non-pathogenic,green_synthesis,MIC,quasi-hexagonal,Bacteria,Bacillota,Bacilli,Bacillales,Bacillaceae,Bacillus,p,soil,107.87,1.9,0,0.16,30,11,23.00188061,0.0,0.0,1.78376517,1.1217049246705302,Klebsiella pneumoniae,0.4304952624385845,0.6912096622319457,13.234420354174821,2.694605937708631
14,CeO2,Bacillus subtilis,non-pathogenic,green_synthesis,MIC,rod-shaped,Bacteria,Bacillota,Bacilli,Bacillales,Bacillaceae,Bacillus,p,soil,172.115,0.8,0,0.16,30,16,39.19032095,34.14,1.373,4.456551526,2.35477265890991,Klebsiella pneumoniae,1.6680526743348225,0.6867199845750873,226.34591394720206,46.56425665524596
15,ZnO,Bacillus subtilis,non-pathogenic,chemical_synthesis,MIC,quasi-hexagonal,Bacteria,Bacillota,Bacilli,Bacillales,Bacillaceae,Bacillus,p,soil,81.3794,1.9,2,0.16,30,8,22.60496136,17.07,0.6865,4.082482905,0.6534435276324071,Klebsiella pneumoniae,-0.02619741583757018,0.6796409434699773,4.502394317533057,0.9414615421132607
16,Ag,Bacillus subtilis,non-pathogenic,chemical_synthesis,MIC,spheroidal,Bacteria,Bacillota,Bacilli,Bacillales,Bacillaceae,Bacillus,p,soil,107.87,12.0,18,0.16,30,11,23.00188061,0.0,0.0,1.78376517,1.1874357141306249,Klebsiella pneumoniae,0.5113789866068739,0.676056727523751,15.396985973310661,3.246227754942178
17,ZnO,Bacillus subtilis,non-pathogenic,chemical_synthesis,MIC,quasi-spherical,Bacteria,Bacillota,Bacilli,Bacillales,Bacillaceae,Bacillus,p,soil,81.3794,3.0,2,0.16,30,8,22.60496136,17.07,0.6865,4.082482905,1.1259860064005698,Klebsiella pneumoniae,0.4526468237044854,0.6733391826960844,13.365524501900646,2.8356121184001033
18,ZnO,Bacillus subtilis,non-pathogenic,chemical_synthesis,MIC,rod-shaped,Bacteria,Bacillota,Bacilli,Bacillales,Bacillaceae,Bacillus,p,soil,81.3794,1.9,0,0.16,30,8,22.60496136,17.07,0.6865,4.082482905,1.0903658072469327,Klebsiella pneumoniae,0.42369601644303834,0.6666697908038943,12.313054655884171,2.6527481262337167
19,Ag,Bacillus subtilis,non-pathogenic,green_synthesis,MIC,quasi-hexagonal,Bacteria,Bacillota,Bacilli,Bacillales,Bacillaceae,Bacillus,p,soil,107.87,0.8,1,0.16,30,11,23.00188061,0.0,0.0,1.78376517,0.9343165208094547,Klebsiella pneumoniae,0.2869099394382595,0.6474065813711952,8.596398125856037,1.936020445677321
20,CuO,Bacillus subtilis,non-pathogenic,green_synthesis,MBC,quasi-hexagonal,Bacteria,Bacillota,Bacilli,Bacillales,Bacillaceae,Bacillus,p,soil,79.5454,6.0,3,0.16,30,17,20.67942236,17.07,0.6865,1.651411411,2.830362661062841,Klebsiella pneumoniae,2.1882293836508984,0.6421332774119426,676.6477796495712,154.2514956245999
21,TiO2,Bacillus subtilis,non-pathogenic,green_synthesis,MBEC,spherical,Bacteria,Bacillota,Bacilli,Bacillales,Bacillaceae,Bacillus,p,soil,79.866,6.0,1,0.16,30,16,26.40611331,34.14,1.373,2.878049394,2.9237411462313383,Klebsiella pneumoniae,2.283067979516786,0.6406731667145524,838.9597898904259,191.89690907503817
22,ZnO,Bacillus subtilis,non-pathogenic,green_synthesis,MBC,hexagonal,Bacteria,Bacillota,Bacilli,Bacillales,Bacillaceae,Bacillus,p,soil,81.3794,8.7,1,0.16,30,8,22.60496136,17.07,0.6865,4.082482905,2.463581798045191,Klebsiella pneumoniae,1.8257367208142483,0.6378450772309425,290.7915604931578,66.9478633209323
23,CeO2,Bacillus subtilis,non-pathogenic,green_synthesis,MIC,cubic,Bacteria,Bacillota,Bacilli,Bacillales,Bacillaceae,Bacillus,p,soil,172.115,1.9,3,0.16,30,16,39.19032095,34.14,1.373,4.456551526,2.729108018956929,Klebsiella pneumoniae,2.094095128244297,0.6350128907126318,535.9299389540352,124.19243099918296
24,ZnO,Bacillus subtilis,non-pathogenic,green_synthesis,MBEC,quasi-hexagonal,Bacteria,Bacillota,Bacilli,Bacillales,Bacillaceae,Bacillus,p,soil,81.3794,9.0,3,0.16,30,8,22.60496136,17.07,0.6865,4.082482905,1.4706778774348384,Klebsiella pneumoniae,0.8439043692015391,0.6267735082332992,29.558192789290526,6.980786715890898
25,Pd,Bacillus subtilis,non-pathogenic,green_synthesis,MIC,hexagonal,Bacteria,Bacillota,Bacilli,Bacillales,Bacillaceae,Bacillus,p,soil,195.084,4.0,4,0.16,30,10,21.14774404,0.0,0.0,1.870828693,1.082155444665399,Klebsiella pneumoniae,0.4576310330531026,0.6245244116122963,12.0824621872929,2.8683426663434104
26,CeO2,Bacillus subtilis,non-pathogenic,chemical_synthesis,MIC,quasi-spherical,Bacteria,Bacillota,Bacilli,Bacillales,Bacillaceae,Bacillus,p,soil,172.115,1.4,24,0.16,30,16,39.19032095,34.14,1.373,4.456551526,3.8546521157059197,Klebsiella pneumoniae,3.2309461979651424,0.6237059177407773,7155.699852696497,1701.9476516540992
27,Ag,Bacillus subtilis,non-pathogenic,green_synthesis,MIC,hexagonal,Bacteria,Bacillota,Bacilli,Bacillales,Bacillaceae,Bacillus,p,soil,107.87,1.9,4,0.16,30,11,23.00188061,0.0,0.0,1.78376517,1.8962583432165643,Klebsiella pneumoniae,1.2808334928192742,0.6154248503972901,78.7514108858501,19.0912116699753
28,ZnO,Bacillus subtilis,non-pathogenic,green_synthesis,MBC,quasi-hexagonal,Bacteria,Bacillota,Bacilli,Bacillales,Bacillaceae,Bacillus,p,soil,81.3794,4.7,18,0.16,30,8,22.60496136,17.07,0.6865,4.082482905,1.0980220404862306,Klebsiella pneumoniae,0.48451480401800495,0.6135072364682257,12.53204773588944,3.0515100457509825
29,Pd,Bacillus subtilis,non-pathogenic,green_synthesis,MIC,hexagonal,Bacteria,Bacillota,Bacilli,Bacillales,Bacillaceae,Bacillus,p,soil,195.084,1.4,2,0.16,30,10,21.14774404,0.0,0.0,1.870828693,1.288067484454788,Klebsiella pneumoniae,0.676927712574672,0.6111397718801159,19.411874927585632,4.752561139540455
30,ZnO,Bacillus subtilis,non-pathogenic,chemical_synthesis,MIC,spherical,Bacteria,Bacillota,Bacilli,Bacillales,Bacillaceae,Bacillus,p,soil,81.3794,0.8,4,0.16,30,8,22.60496136,17.07,0.6865,4.082482905,0.9302221136218963,Klebsiella pneumoniae,0.31948676637411744,0.6107353472477789,8.51573451756537,2.0868285340461434
31,TiO2,Bacillus subtilis,non-pathogenic,green_synthesis,MBC,cubic,Bacteria,Bacillota,Bacilli,Bacillales,Bacillaceae,Bacillus,p,soil,79.866,10.4,1,0.16,30,16,26.40611331,34.14,1.373,2.878049394,3.3487355805598558,Klebsiella pneumoniae,2.7514017377854483,0.5973338427744075,2232.2127301708224,564.159281854779
32,ZnO,Bacillus subtilis,non-pathogenic,green_synthesis,MBEC,quasi-spherical,Bacteria,Bacillota,Bacilli,Bacillales,Bacillaceae,Bacillus,p,soil,81.3794,10.4,3,0.16,30,8,22.60496136,17.07,0.6865,4.082482905,2.350711957614944,Klebsiella pneumoniae,1.7587520635952067,0.591959894019737,224.23941802406537,57.37887957196986
33,Au,Bacillus subtilis,non-pathogenic,chemical_synthesis,MIC,nanoplates,Bacteria,Bacillota,Bacilli,Bacillales,Bacillaceae,Bacillus,p,soil,196.966569,4.0,4,0.16,30,11,23.00188061,0.0,0.0,2.46797672,1.9457487110755345,Klebsiella pneumoniae,1.3580638024864133,0.5876849085891211,88.25690857054865,22.806771031550337
34,TiO2,Bacillus subtilis,non-pathogenic,green_synthesis,MBEC,quasi-hexagonal,Bacteria,Bacillota,Bacilli,Bacillales,Bacillaceae,Bacillus,p,soil,79.866,11.3,1,0.16,30,16,26.40611331,34.14,1.373,2.878049394,2.2904703056989866,Klebsiella pneumoniae,1.7067385258676029,0.5837317798313837,195.19572670280655,50.90243123267722
35,ZnO,Bacillus subtilis,non-pathogenic,green_synthesis,MBC,spherical,Bacteria,Bacillota,Bacilli,Bacillales,Bacillaceae,Bacillus,p,soil,81.3794,1.9,2,0.16,30,8,22.60496136,17.07,0.6865,4.082482905,1.7933671650481469,Klebsiella pneumoniae,1.2117268317716623,0.5816403332764846,62.139415671740096,16.282715389264048
36,Ag,Bacillus subtilis,non-pathogenic,chemical_synthesis,MIC,nanoplates,Bacteria,Bacillota,Bacilli,Bacillales,Bacillaceae,Bacillus,p,soil,107.87,6.0,3,0.16,30,11,23.00188061,0.0,0.0,1.78376517,2.0821300389386943,Klebsiella pneumoniae,1.5051318794072397,0.5769981595314546,120.8175539785232,31.9986664506194
37,ZnO,Bacillus subtilis,non-pathogenic,green_synthesis,MBEC,quasi-hexagonal,Bacteria,Bacillota,Bacilli,Bacillales,Bacillaceae,Bacillus,p,soil,81.3794,1.4,3,0.16,30,8,22.60496136,17.07,0.6865,4.082482905,1.1521518862309992,Klebsiella pneumoniae,0.5771039135996103,0.5750479726313888,14.195538968483492,3.7766254339671135
38,TiO2,Bacillus subtilis,non-pathogenic,chemical_synthesis,MIC,quasi-hexagonal,Bacteria,Bacillota,Bacilli,Bacillales,Bacillaceae,Bacillus,p,soil,79.866,5.1,0,0.16,30,16,26.40611331,34.14,1.373,2.878049394,2.1232048725251955,Klebsiella pneumoniae,1.5516292237225242,0.5715756488026713,132.80207857617052,35.61469453028293
39,ZnO,Bacillus subtilis,non-pathogenic,green_synthesis,MBEC,hexagonal,Bacteria,Bacillota,Bacilli,Bacillales,Bacillaceae,Bacillus,p,soil,81.3794,3.0,4,0.16,30,8,22.60496136,17.07,0.6865,4.082482905,2.07107163226629,Klebsiella pneumoniae,1.5008884173721972,0.5701832148940926,117.78002231492839,31.68753215450276
40,Ag,Bacillus subtilis,non-pathogenic,green_synthesis,MIC,rod-shaped,Bacteria,Bacillota,Bacilli,Bacillales,Bacillaceae,Bacillus,p,soil,107.87,4.0,4,0.16,30,11,23.00188061,0.0,0.0,1.78376517,1.2986878663741726,Klebsiella pneumoniae,0.7394733990583189,0.5592144673158537,19.892431277416605,5.488749354761975
41,TiO2,Bacillus subtilis,non-pathogenic,green_synthesis,MBC,nanoplates,Bacteria,Bacillota,Bacilli,Bacillales,Bacillaceae,Bacillus,p,soil,79.866,11.3,1,0.16,30,16,26.40611331,34.14,1.373,2.878049394,3.3631933830825043,Klebsiella pneumoniae,2.809848919427864,0.5533444636546401,2307.7745681412507,645.4296605691586
42,ZnO,Bacillus subtilis,non-pathogenic,green_synthesis,MIC,spherical,Bacteria,Bacillota,Bacilli,Bacillales,Bacillaceae,Bacillus,p,soil,81.3794,4.7,4,0.16,30,8,22.60496136,17.07,0.6865,4.082482905,1.1351376276830023,Klebsiella pneumoniae,0.5821589984779421,0.5529786292050602,13.650156407626623,3.8208412911179757
43,Au,Bacillus subtilis,non-pathogenic,chemical_synthesis,MIC,nanoplates,Bacteria,Bacillota,Bacilli,Bacillales,Bacillaceae,Bacillus,p,soil,196.966569,1.9,0,0.16,30,11,23.00188061,0.0,0.0,2.46797672,2.190287292624978,Klebsiella pneumoniae,1.6376200980976723,0.5526671945273058,154.9841524404647,43.413029974220194
44,ZnO,Bacillus subtilis,non-pathogenic,green_synthesis,MIC,hexagonal,Bacteria,Bacillota,Bacilli,Bacillales,Bacillaceae,Bacillus,p,soil,81.3794,1.4,18,0.16,30,8,22.60496136,17.07,0.6865,4.082482905,1.4868626392738618,Klebsiella pneumoniae,0.9354724574554639,0.5513901818183978,30.68051456997228,8.619309141305186
45,Ag,Bacillus subtilis,non-pathogenic,green_synthesis,MIC,spheroidal,Bacteria,Bacillota,Bacilli,Bacillales,Bacillaceae,Bacillus,p,soil,107.87,8.7,18,0.16,30,11,23.00188061,0.0,0.0,1.78376517,1.6691782684645142,Klebsiella pneumoniae,1.1181068424008513,0.5510714260636629,46.685097318724075,13.125227579093183
46,ZnO,Bacillus subtilis,non-pathogenic,green_synthesis,MBC,quasi-hexagonal,Bacteria,Bacillota,Bacilli,Bacillales,Bacillaceae,Bacillus,p,soil,81.3794,20.0,4,0.16,30,8,22.60496136,17.07,0.6865,4.082482905,0.9508327923999251,Klebsiella pneumoniae,0.40005357291840693,0.5507792194815182,8.92961618632499,2.5121963073950853
47,Au,Bacillus subtilis,non-pathogenic,chemical_synthesis,MIC,quasi-spherical,Bacteria,Bacillota,Bacilli,Bacillales,Bacillaceae,Bacillus,p,soil,196.966569,1.9,3,0.16,30,11,23.00188061,0.0,0.0,2.46797672,1.7129313307860659,Klebsiella pneumoniae,1.1705747392313606,0.5423565915547053,51.633472167071744,14.810671152717406
48,Ag,Bacillus subtilis,non-pathogenic,green_synthesis,MIC,spheroidal,Bacteria,Bacillota,Bacilli,Bacillales,Bacillaceae,Bacillus,p,soil,107.87,18.5,18,0.16,30,11,23.00188061,0.0,0.0,1.78376517,1.1535870846355913,Klebsiella pneumoniae,0.6153998787575503,0.538187205878041,14.242528088800771,4.124771346329697
49,ZnO,Bacillus subtilis,non-pathogenic,chemical_synthesis,MBC,spherical,Bacteria,Bacillota,Bacilli,Bacillales,Bacillaceae,Bacillus,p,soil,81.3794,5.1,4,0.16,30,8,22.60496136,17.07,0.6865,4.082482905,1.777956680470831,Klebsiella pneumoniae,1.2415553581898853,0.5364013222809458,59.97312519374406,17.440356501905228
50,Au,Bacillus subtilis,non-pathogenic,chemical_synthesis,MIC,nanoplates,Bacteria,Bacillota,Bacilli,Bacillales,Bacillaceae,Bacillus,p,soil,196.966569,0.8,1,0.16,30,11,23.00188061,0.0,0.0,2.46797672,1.9390247402914287,Klebsiella pneumoniae,1.4086885286391349,0.5303362116522938,86.90099324402948,25.626454753518644
51,CeO2,Bacillus subtilis,non-pathogenic,chemical_synthesis,MIC,triangular,Bacteria,Bacillota,Bacilli,Bacillales,Bacillaceae,Bacillus,p,soil,172.115,4.0,4,0.16,30,16,39.19032095,34.14,1.373,4.456551526,0.3555283223155379,Klebsiella pneumoniae,-0.17313736671264457,0.5286656890281825,2.267400939836539,0.6712165145397606
52,CuO,Bacillus subtilis,non-pathogenic,green_synthesis,MBC,hexagonal,Bacteria,Bacillota,Bacilli,Bacillales,Bacillaceae,Bacillus,p,soil,79.5454,9.0,4,0.16,30,17,20.67942236,17.07,0.6865,1.651411411,3.4868714240724836,Klebsiella pneumoniae,3.0422933042078815,0.44457811986460216,3068.1135173915627,1102.2834940798944
53,ZnO,Bacillus subtilis,non-pathogenic,green_synthesis,MBEC,quasi-spherical,Bacteria,Bacillota,Bacilli,Bacillales,Bacillaceae,Bacillus,p,soil,81.3794,8.0,18,0.16,30,8,22.60496136,17.07,0.6865,4.082482905,2.2371675807983054,Klebsiella pneumoniae,1.8031896892839363,0.43397789151436905,172.65039679154515,63.56084895861751
54,TiO2,Bacillus subtilis,non-pathogenic,green_synthesis,MBC,quasi-hexagonal,Bacteria,Bacillota,Bacilli,Bacillales,Bacillaceae,Bacillus,p,soil,79.866,35.0,2,0.16,30,16,26.40611331,34.14,1.373,2.878049394,1.297766275596533,Klebsiella pneumoniae,0.9402256221021903,0.3575406534943426,19.85026347567731,8.714161853668692
55,ZnO,Bacillus subtilis,non-pathogenic,green_synthesis,MBC,tetragonal,Bacteria,Bacillota,Bacilli,Bacillales,Bacillaceae,Bacillus,p,soil,81.3794,10.0,0,0.16,30,8,22.60496136,17.07,0.6865,4.082482905,1.7780151495625391,Klebsiella pneumoniae,1.4627990175621386,0.31521613200040055,59.9811999226638,29.02679044205589
56,Ag,Bacillus subtilis,non-pathogenic,chemical_synthesis,MIC,hexagonal,Bacteria,Bacillota,Bacilli,Bacillales,Bacillaceae,Bacillus,p,soil,107.87,26.06,2,0.16,30,11,23.00188061,0.0,0.0,1.78376517,1.5492005813154808,Klebsiella pneumoniae,1.2739974618622554,0.2752031194532254,35.41608744805192,18.79305833585182
57,ZnO,Bacillus subtilis,non-pathogenic,chemical_synthesis,MBC,quasi-spherical,Bacteria,Bacillota,Bacilli,Bacillales,Bacillaceae,Bacillus,p,soil,81.3794,79.0,1,0.16,30,8,22.60496136,17.07,0.6865,4.082482905,1.2207148739773206,Klebsiella pneumoniae,0.9572984494826455,0.26341642449467506,16.62320933580369,9.063552390845036
58,Au,Bacillus subtilis,non-pathogenic,green_synthesis,MBC,spherical,Bacteria,Bacillota,Bacilli,Bacillales,Bacillaceae,Bacillus,p,soil,196.966569,40.0,3,0.16,30,11,23.00188061,0.0,0.0,2.46797672,1.2276550490483031,Klebsiella pneumoniae,0.9782536068641435,0.2494014421841596,16.89098783137815,9.511600627512893
59,Au,Bacillus subtilis,non-pathogenic,chemical_synthesis,MBEC,spheroidal,Bacteria,Bacillota,Bacilli,Bacillales,Bacillaceae,Bacillus,p,soil,196.966569,11.3,18,0.16,30,11,23.00188061,0.0,0.0,2.46797672,2.1211338060197047,Klebsiella pneumoniae,1.9023233789463578,0.21881042707334686,132.1702787755023,79.85891014051717
60,Ag,Bacillus subtilis,non-pathogenic,green_synthesis,MBC,triangular,Bacteria,Bacillota,Bacilli,Bacillales,Bacillaceae,Bacillus,p,soil,107.8682,5.1,3,0.16,30,11,23.00188061,0.0,0.0,1.78376517,0.6807104274612759,Klebsiella pneumoniae,0.46469068250806767,0.2160197449532082,4.794136855819541,2.9153498751964166
61,Pd,Bacillus subtilis,non-pathogenic,chemical_synthesis,MBEC,cubic,Bacteria,Bacillota,Bacilli,Bacillales,Bacillaceae,Bacillus,p,soil,195.084,10.0,2,0.16,30,10,21.14774404,0.0,0.0,1.870828693,1.8963681553116647,Klebsiella pneumoniae,1.707291349376631,0.18907680593503362,78.77132583109288,50.96726737380923
62,ZnO,Bacillus subtilis,non-pathogenic,green_synthesis,MBEC,nanoplates,Bacteria,Bacillota,Bacilli,Bacillales,Bacillaceae,Bacillus,p,soil,81.3794,100.0,3,0.16,30,8,22.60496136,17.07,0.6865,4.082482905,1.7529101722122415,Klebsiella pneumoniae,1.5693163990506758,0.18359377316156578,56.61221824092275,37.095087433154994
63,Ag,Bacillus subtilis,non-pathogenic,green_synthesis,MBEC,nanoplates,Bacteria,Bacillota,Bacilli,Bacillales,Bacillaceae,Bacillus,p,soil,107.87,5.1,2,0.16,30,11,23.00188061,0.0,0.0,1.78376517,2.48685289393417,Klebsiella pneumoniae,2.308867447555127,0.17798544637904312,306.79826123090567,203.64204402751673
64,ZnO,Bacillus subtilis,non-pathogenic,chemical_synthesis,MBC,cubic,Bacteria,Bacillota,Bacilli,Bacillales,Bacillaceae,Bacillus,p,soil,81.3794,37.86,4,0.16,30,8,22.60496136,17.07,0.6865,4.082482905,1.8156861993649136,Klebsiella pneumoniae,1.6499678323903517,0.16571836697456188,65.41633358012564,44.66505081217993
65,Ag,Bacillus subtilis,non-pathogenic,green_synthesis,MBC,cubic,Bacteria,Bacillota,Bacilli,Bacillales,Bacillaceae,Bacillus,p,soil,107.8682,1.9,0,0.16,30,11,23.00188061,0.0,0.0,1.78376517,1.444974292463804,Klebsiella pneumoniae,1.2854309571536273,0.15954333531017673,27.85956252440507,19.29438575394294
66,ZnO,Bacillus subtilis,non-pathogenic,chemical_synthesis,MBC,cubic,Bacteria,Bacillota,Bacilli,Bacillales,Bacillaceae,Bacillus,p,soil,81.3794,37.86,1,0.16,30,8,22.60496136,17.07,0.6865,4.082482905,1.8228676947930504,Klebsiella pneumoniae,1.6662954960967689,0.15657219869628158,66.50705155963638,46.376235859572745
67,Au,Bacillus subtilis,non-pathogenic,green_synthesis,MIC,quasi-hexagonal,Bacteria,Bacillota,Bacilli,Bacillales,Bacillaceae,Bacillus,p,soil,196.966569,22.5,0,0.16,30,11,23.00188061,0.0,0.0,2.46797672,0.951210908836144,Klebsiella pneumoniae,0.8064829781774242,0.1447279306587198,8.937394099826129,6.404466792854303
68,ZnO,Bacillus subtilis,non-pathogenic,green_synthesis,MBC,nanoplates,Bacteria,Bacillota,Bacilli,Bacillales,Bacillaceae,Bacillus,p,soil,81.3794,26.06,18,0.16,30,8,22.60496136,17.07,0.6865,4.082482905,2.137080307534558,Klebsiella pneumoniae,1.9985980049604077,0.13848230257415017,137.11352861124152,99.67769921980398
69,Pd,Bacillus subtilis,non-pathogenic,green_synthesis,MIC,rod-shaped,Bacteria,Bacillota,Bacilli,Bacillales,Bacillaceae,Bacillus,p,soil,195.084,13.0,1,0.16,30,10,21.14774404,0.0,0.0,1.870828693,1.165141580665623,Klebsiella pneumoniae,1.0417761889509483,0.12336539171467464,14.626539241592408,11.009717841317515
70,Au,Bacillus subtilis,non-pathogenic,chemical_synthesis,MBEC,spheroidal,Bacteria,Bacillota,Bacilli,Bacillales,Bacillaceae,Bacillus,p,soil,196.966569,20.0,24,0.16,30,11,23.00188061,0.0,0.0,2.46797672,1.8891108429443337,Klebsiella pneumoniae,1.7783092580696083,0.11080158487472547,77.46594852822935,60.021833540102335
71,Ag,Bacillus subtilis,non-pathogenic,green_synthesis,MIC,cubic,Bacteria,Bacillota,Bacilli,Bacillales,Bacillaceae,Bacillus,p,soil,107.87,26.38,1,0.16,30,11,23.00188061,0.0,0.0,1.78376517,1.7700031259016316,Klebsiella pneumoniae,1.6739370372166673,0.09606608868496425,58.88478936640271,47.19946078623061
72,Ag,Bacillus subtilis,non-pathogenic,green_synthesis,MBEC,cubic,Bacteria,Bacillota,Bacilli,Bacillales,Bacillaceae,Bacillus,p,soil,107.87,12.0,3,0.16,30,11,23.00188061,0.0,0.0,1.78376517,2.5183632589282605,Klebsiella pneumoniae,2.440809481544995,0.0775537773832653,329.8855244763415,275.93670978394374
73,TiO2,Bacillus subtilis,non-pathogenic,chemical_synthesis,MIC,triangular,Bacteria,Bacillota,Bacilli,Bacillales,Bacillaceae,Bacillus,p,soil,79.866,18.0,0,0.16,30,16,26.40611331,34.14,1.373,2.878049394,0.5624281187044429,Klebsiella pneumoniae,0.486854358669764,0.07557376003467886,3.651136912642918,3.067992959645021
74,Ag,Bacillus subtilis,non-pathogenic,chemical_synthesis,MBEC,spherical,Bacteria,Bacillota,Bacilli,Bacillales,Bacillaceae,Bacillus,p,soil,107.87,26.38,0,0.16,30,11,23.00188061,0.0,0.0,1.78376517,1.4216040270765837,Klebsiella pneumoniae,1.359639010439556,0.0619650166370278,26.40000609139348,22.889642537142148
75,ZnO,Bacillus subtilis,non-pathogenic,chemical_synthesis,MBEC,cubic,Bacteria,Bacillota,Bacilli,Bacillales,Bacillaceae,Bacillus,p,soil,81.3794,4.7,24,0.16,30,8,22.60496136,17.07,0.6865,4.082482905,2.772174524002934,Klebsiella pneumoniae,2.7114265389141208,0.060747985088813294,591.7994047565625,514.5487635223958
76,Ag,Bacillus subtilis,non-pathogenic,chemical_synthesis,MBC,hexagonal,Bacteria,Bacillota,Bacilli,Bacillales,Bacillaceae,Bacillus,p,soil,107.87,6.0,1,0.16,30,11,23.00188061,0.0,0.0,1.78376517,2.032338340218501,Klebsiella pneumoniae,1.986576013999033,0.045762326219468186,107.73041682986037,96.95629557945406
77,Ag,Bacillus subtilis,non-pathogenic,chemical_synthesis,MBEC,cubic,Bacteria,Bacillota,Bacilli,Bacillales,Bacillaceae,Bacillus,p,soil,107.87,37.86,4,0.16,30,11,23.00188061,0.0,0.0,1.78376517,1.7219353376143494,Klebsiella pneumoniae,1.6894760426676072,0.03245929494674216,52.715136767218404,48.9188278907457
78,Ag,Bacillus subtilis,non-pathogenic,green_synthesis,MBC,rod-shaped,Bacteria,Bacillota,Bacilli,Bacillales,Bacillaceae,Bacillus,p,soil,107.87,0.8,4,0.16,30,11,23.00188061,0.0,0.0,1.78376517,0.9215748608870544,Klebsiella pneumoniae,0.9172513342180296,0.004323526669024802,8.347854308148943,8.26516131310296
79,CuO,Bacillus subtilis,non-pathogenic,green_synthesis,MIC,spheroidal,Bacteria,Bacillota,Bacilli,Bacillales,Bacillaceae,Bacillus,p,soil,79.5454,11.3,3,0.16,30,17,20.67942236,17.07,0.6865,1.651411411,2.5043451984778384,Klebsiella pneumoniae,2.528497794992716,-0.024152596514877445,319.4075653805485,337.6741341928586
80,ZnO,Bacillus subtilis,non-pathogenic,green_synthesis,MBC,triangular,Bacteria,Bacillota,Bacilli,Bacillales,Bacillaceae,Bacillus,p,soil,81.3794,40.0,1,0.16,30,8,22.60496136,17.07,0.6865,4.082482905,0.44674653505698125,Klebsiella pneumoniae,0.47152971484387973,-0.02478317978689848,2.7973482418815157,2.9616225955131594
81,Ag,Bacillus subtilis,non-pathogenic,chemical_synthesis,MIC,spheroidal,Bacteria,Bacillota,Bacilli,Bacillales,Bacillaceae,Bacillus,p,soil,107.8682,13.0,3,0.16,30,11,23.00188061,0.0,0.0,1.78376517,1.8117252263792798,Klebsiella pneumoniae,1.8897442968719145,-0.07801907049263468,64.82241790555969,77.57902137605248
82,CeO2,Bacillus subtilis,non-pathogenic,chemical_synthesis,MBC,spheroidal,Bacteria,Bacillota,Bacilli,Bacillales,Bacillaceae,Bacillus,p,soil,172.115,27.43,1,0.16,30,16,39.19032095,34.14,1.373,4.456551526,2.2443343525412676,Klebsiella pneumoniae,2.361620173859259,-0.11728582131799126,175.5231290806856,229.9429897721485
83,Ag,Bacillus subtilis,non-pathogenic,green_synthesis,MBC,quasi-spherical,Bacteria,Bacillota,Bacilli,Bacillales,Bacillaceae,Bacillus,p,soil,107.87,8.0,24,0.16,30,11,23.00188061,0.0,0.0,1.78376517,1.6770482132112814,Klebsiella pneumoniae,1.7960970863601942,-0.11904887314891277,47.538799822237564,62.53124655071477
84,ZnO,Bacillus subtilis,non-pathogenic,chemical_synthesis,MBEC,rod-shaped,Bacteria,Bacillota,Bacilli,Bacillales,Bacillaceae,Bacillus,p,soil,81.3794,10.4,24,0.16,30,8,22.60496136,17.07,0.6865,4.082482905,2.246360853634619,Klebsiella pneumoniae,2.3912201377881086,-0.14485928415348948,176.34406740052657,246.16150461434322
85,Ag,Bacillus subtilis,non-pathogenic,green_synthesis,MBEC,hexagonal,Bacteria,Bacillota,Bacilli,Bacillales,Bacillaceae,Bacillus,p,soil,107.87,12.5,1,0.16,30,11,23.00188061,0.0,0.0,1.78376517,2.443866031529626,Klebsiella pneumoniae,2.6077027261391614,-0.16383669460953554,277.885593127657,405.23106049710776
86,CuO,Bacillus subtilis,non-pathogenic,chemical_synthesis,MBEC,spherical,Bacteria,Bacillota,Bacilli,Bacillales,Bacillaceae,Bacillus,p,soil,79.5454,100.0,1,0.16,30,17,20.67942236,17.07,0.6865,1.651411411,2.3863035175780656,Klebsiella pneumoniae,2.568371032042197,-0.18206751446413127,243.39044098886498,370.14427114727425
87,ZnO,Bacillus subtilis,non-pathogenic,chemical_synthesis,MBEC,hexagonal,Bacteria,Bacillota,Bacilli,Bacillales,Bacillaceae,Bacillus,p,soil,81.3794,44.45,18,0.16,30,8,22.60496136,17.07,0.6865,4.082482905,2.0608541175998907,Klebsiella pneumoniae,2.2680717174628677,-0.20721759986297705,115.04138923696966,185.38377326731685
88,CeO2,Bacillus subtilis,non-pathogenic,chemical_synthesis,MBC,spherical,Bacteria,Bacillota,Bacilli,Bacillales,Bacillaceae,Bacillus,p,soil,172.115,41.23,18,0.16,30,16,39.19032095,34.14,1.373,4.456551526,2.176683972916723,Klebsiella pneumoniae,2.4739266780039513,-0.2972427050872284,150.20485587432546,297.80136085448936
89,Au,Bacillus subtilis,non-pathogenic,chemical_synthesis,MBC,hexagonal,Bacteria,Bacillota,Bacilli,Bacillales,Bacillaceae,Bacillus,p,soil,196.966569,10.4,24,0.16,30,11,23.00188061,0.0,0.0,2.46797672,2.456175522772773,Klebsiella pneumoniae,2.762791438231508,-0.3066159154587349,285.8745689495664,579.1505034814306
90,Ni,Bacillus subtilis,non-pathogenic,chemical_synthesis,MIC,spheroidal,Bacteria,Bacillota,Bacilli,Bacillales,Bacillaceae,Bacillus,p,soil,58.6934,26.06,2,0.16,30,10,17.41523038,0.0,0.0,1.303840481,2.0198069248968196,Klebsiella pneumoniae,2.372805762151361,-0.3529988372545416,104.66631276345596,235.94227472889133
91,ZnO,Bacillus subtilis,non-pathogenic,chemical_synthesis,MBC,nanoplates,Bacteria,Bacillota,Bacilli,Bacillales,Bacillaceae,Bacillus,p,soil,81.3794,50.0,24,0.16,30,8,22.60496136,17.07,0.6865,4.082482905,2.3365510436346733,Klebsiella pneumoniae,2.7553244745062355,-0.41877343087156227,217.0456287323943,569.2780968331028
