,np,bacteria,bac_type,np_synthesis,method,shape,kingdom,phylum,class,order,family,genus,gram,isolated_from,mol_weight (g/mol),np_size_avg (nm),time_set,"min_Incub_period, h","growth_temp, C",Valance_electron,labuteASA,tpsa,CrippenMR,chi0v,pred_MIC_norm,pathogenic_bacteria,pred_MIC_pathogen,Fitness,pred_norm_MIC_original,pred_path_MIC_original
0,ZnO,Bacillus subtilis,non-pathogenic,green_synthesis,MIC,cubic,Bacteria,Bacillota,Bacilli,Bacillales,Bacillaceae,Bacillus,p,soil,81.3794,4.0,4,0.16,30,8,22.60496136,17.07,0.6865,4.082482905,1.407865834984728,Klebsiella pneumoniae,0.5801545684598743,0.8277112665248536,25.57795594347584,3.8032473248215104
1,Ag,Bacillus subtilis,non-pathogenic,chemical_synthesis,MIC,spheroidal,Bacteria,Bacillota,Bacilli,Bacillales,Bacillaceae,Bacillus,p,soil,107.87,1.4,2,0.16,30,11,23.00188061,0.0,0.0,1.78376517,0.9975484790951428,Klebsiella pneumoniae,0.1853474042741312,0.8122010748210116,9.94371066657431,1.5323127112546697
2,CeO2,Bacillus subtilis,non-pathogenic,chemical_synthesis,MIC,hexagonal,Bacteria,Bacillota,Bacilli,Bacillales,Bacillaceae,Bacillus,p,soil,172.115,4.0,0,0.16,30,16,39.19032095,34.14,1.373,4.456551526,2.5209043813544194,Klebsiella pneumoniae,1.7249881013753425,0.7959162799790769,331.82139237102484,53.086989947283485
3,ZrO2,Bacillus subtilis,non-pathogenic,chemical_synthesis,MIC,spheroidal,Bacteria,Bacillota,Bacilli,Bacillales,Bacillaceae,Bacillus,p,soil,123.2218,3.0,0,0.16,30,16,29.29254423,34.14,1.373,3.774536472,1.628522552137037,Klebsiella pneumoniae,0.8336479100437901,0.7948746420932469,42.513078251392365,6.817857346819985
4,ZnO,Bacillus subtilis,non-pathogenic,green_synthesis,MBC,quasi-spherical,Bacteria,Bacillota,Bacilli,Bacillales,Bacillaceae,Bacillus,p,soil,81.3794,4.7,2,0.16,30,8,22.60496136,17.07,0.6865,4.082482905,2.078970087582796,Klebsiella pneumoniae,1.2906475961127268,0.7883224914700693,119.94166894172588,19.527542699179868
5,Ag,Bacillus subtilis,non-pathogenic,chemical_synthesis,MIC,spherical,Bacteria,Bacillota,Bacilli,Bacillales,Bacillaceae,Bacillus,p,soil,107.87,1.4,0,0.16,30,11,23.00188061,0.0,0.0,1.78376517,1.1200656812414822,Klebsiella pneumoniae,0.33711836998513567,0.7829473112563465,13.184561223628144,2.1732934444084475
6,ZnO,Bacillus subtilis,non-pathogenic,green_synthesis,MIC,rod-shaped,Bacteria,Bacillota,Bacilli,Bacillales,Bacillaceae,Bacillus,p,soil,81.3794,4.0,1,0.16,30,8,22.60496136,17.07,0.6865,4.082482905,0.965332509076222,Klebsiella pneumoniae,0.1824141271985935,0.7829183818776285,9.23278046394574,1.5219981592935627
7,TiO2,Bacillus subtilis,non-pathogenic,green_synthesis,MIC,quasi-hexagonal,Bacteria,Bacillota,Bacilli,Bacillales,Bacillaceae,Bacillus,p,soil,79.866,4.0,0,0.16,30,16,26.40611331,34.14,1.373,2.878049394,1.544971540491587,Klebsiella pneumoniae,0.7999660779583038,0.7450054625332831,35.07288897810878,6.309080633440734
8,ZnO,Bacillus subtilis,non-pathogenic,green_synthesis,MBC,quasi-spherical,Bacteria,Bacillota,Bacilli,Bacillales,Bacillaceae,Bacillus,p,soil,81.3794,8.0,0,0.16,30,8,22.60496136,17.07,0.6865,4.082482905,2.2656557745582644,Klebsiella pneumoniae,1.5222637466839957,0.7433920278742687,184.35536239061463,33.28616385257893
9,Ag,Bacillus subtilis,non-pathogenic,chemical_synthesis,MIC,quasi-spherical,Bacteria,Bacillota,Bacilli,Bacillales,Bacillaceae,Bacillus,p,soil,107.87,4.0,2,0.16,30,11,23.00188061,0.0,0.0,1.78376517,1.041893744708151,Klebsiella pneumoniae,0.29952818918048196,0.7423655555276691,11.012698378609882,1.9930958698066377
10,ZnO,Bacillus subtilis,non-pathogenic,chemical_synthesis,MIC,quasi-hexagonal,Bacteria,Bacillota,Bacilli,Bacillales,Bacillaceae,Bacillus,p,soil,81.3794,1.9,0,0.16,30,8,22.60496136,17.07,0.6865,4.082482905,0.7296726406440353,Klebsiella pneumoniae,0.024354329094733895,0.7053183115493014,5.366271489491252,1.0576800898009506
11,TiO2,Bacillus subtilis,non-pathogenic,green_synthesis,MIC,spherical,Bacteria,Bacillota,Bacilli,Bacillales,Bacillaceae,Bacillus,p,soil,79.866,4.0,0,0.16,30,16,26.40611331,34.14,1.373,2.878049394,2.068776663719629,Klebsiella pneumoniae,1.3695003355055557,0.6992763282140735,117.15927181247103,23.41533284073527
12,ZnO,Bacillus subtilis,non-pathogenic,green_synthesis,MBC,nanoplates,Bacteria,Bacillota,Bacilli,Bacillales,Bacillaceae,Bacillus,p,soil,81.3794,8.7,4,0.16,30,8,22.60496136,17.07,0.6865,4.082482905,2.470561703464321,Klebsiella pneumoniae,1.7863675923283253,0.6841941111359957,295.5028701678419,61.14593528483552
13,TiO2,Bacillus subtilis,non-pathogenic,chemical_synthesis,MIC,quasi-hexagonal,Bacteria,Bacillota,Bacilli,Bacillales,Bacillaceae,Bacillus,p,soil,79.866,3.0,4,0.16,30,16,26.40611331,34.14,1.373,2.878049394,1.5861788077391659,Klebsiella pneumoniae,0.9233664400208836,0.6628123677182822,38.56370995049273,8.382362534873572
14,Ag,Bacillus subtilis,non-pathogenic,chemical_synthesis,MIC,spheroidal,Bacteria,Bacillota,Bacilli,Bacillales,Bacillaceae,Bacillus,p,soil,107.87,41.23,18,0.16,30,11,23.00188061,0.0,0.0,1.78376517,0.7531246744322511,Klebsiella pneumoniae,0.10389778861699539,0.6492268858152557,5.664018646611268,1.2702751102616308
15,ZnO,Bacillus subtilis,non-pathogenic,chemical_synthesis,MBC,quasi-spherical,Bacteria,Bacillota,Bacilli,Bacillales,Bacillaceae,Bacillus,p,soil,81.3794,6.0,3,0.16,30,8,22.60496136,17.07,0.6865,4.082482905,1.6770247488278622,Klebsiella pneumoniae,1.0305485390807532,0.6464762097471091,47.53623143019102,10.728735512376144
16,Ag,Bacillus subtilis,non-pathogenic,chemical_synthesis,MIC,spheroidal,Bacteria,Bacillota,Bacilli,Bacillales,Bacillaceae,Bacillus,p,soil,107.87,60.0,18,0.16,30,11,23.00188061,0.0,0.0,1.78376517,0.5492343338446153,Klebsiella pneumoniae,-0.08530498946060638,0.6345393233052217,3.541884002499187,0.821665421089512
17,ZnO,Bacillus subtilis,non-pathogenic,green_synthesis,MBEC,quasi-spherical,Bacteria,Bacillota,Bacilli,Bacillales,Bacillaceae,Bacillus,p,soil,81.3794,10.4,4,0.16,30,8,22.60496136,17.07,0.6865,4.082482905,2.278680176844711,Klebsiella pneumoniae,1.6456043253022448,0.6330758515424662,189.96788031644218,44.21853249424601
18,TiO2,Bacillus subtilis,non-pathogenic,green_synthesis,MBC,quasi-hexagonal,Bacteria,Bacillota,Bacilli,Bacillales,Bacillaceae,Bacillus,p,soil,79.866,1.9,0,0.16,30,16,26.40611331,34.14,1.373,2.878049394,1.9430947304502757,Klebsiella pneumoniae,1.3127226813999266,0.630372049050349,87.7192137744618,20.545782267642505
19,Ag,Bacillus subtilis,non-pathogenic,green_synthesis,MIC,quasi-hexagonal,Bacteria,Bacillota,Bacilli,Bacillales,Bacillaceae,Bacillus,p,soil,107.87,1.4,24,0.16,30,11,23.00188061,0.0,0.0,1.78376517,1.9276572388719064,Klebsiella pneumoniae,1.2991716698503402,0.6284855690215663,84.65590149998549,19.914603767214828
20,ZnO,Bacillus subtilis,non-pathogenic,green_synthesis,MBEC,quasi-hexagonal,Bacteria,Bacillota,Bacilli,Bacillales,Bacillaceae,Bacillus,p,soil,81.3794,3.0,4,0.16,30,8,22.60496136,17.07,0.6865,4.082482905,1.069853824562839,Klebsiella pneumoniae,0.4442756293832104,0.6255781951796286,11.74502172838971,2.78147800082832
21,CuO,Bacillus subtilis,non-pathogenic,green_synthesis,MBC,quasi-spherical,Bacteria,Bacillota,Bacilli,Bacillales,Bacillaceae,Bacillus,p,soil,79.5454,4.7,4,0.16,30,17,20.67942236,17.07,0.6865,1.651411411,3.1499206008747507,Klebsiella pneumoniae,2.530986192669522,0.6189344082052286,1412.2793235342506,339.6144752074556
22,Ag,Bacillus subtilis,non-pathogenic,chemical_synthesis,MIC,cubic,Bacteria,Bacillota,Bacilli,Bacillales,Bacillaceae,Bacillus,p,soil,107.87,1.9,18,0.16,30,11,23.00188061,0.0,0.0,1.78376517,1.474302441882568,Klebsiella pneumoniae,0.860594022233451,0.613708419649117,29.805913852347032,7.2542751193606465
23,ZnO,Bacillus subtilis,non-pathogenic,green_synthesis,MBC,hexagonal,Bacteria,Bacillota,Bacilli,Bacillales,Bacillaceae,Bacillus,p,soil,81.3794,10.0,3,0.16,30,8,22.60496136,17.07,0.6865,4.082482905,2.526813970243419,Klebsiella pneumoniae,1.9197383429186665,0.6070756273247526,336.36745573307604,83.12627945967168
24,Ag,Bacillus subtilis,non-pathogenic,chemical_synthesis,MIC,spheroidal,Bacteria,Bacillota,Bacilli,Bacillales,Bacillaceae,Bacillus,p,soil,107.87,5.1,24,0.16,30,11,23.00188061,0.0,0.0,1.78376517,1.5653888591139729,Klebsiella pneumoniae,0.961877205550228,0.6035116535637448,36.761130543515314,9.159614702822529
25,ZnO,Bacillus subtilis,non-pathogenic,chemical_synthesis,MBC,quasi-spherical,Bacteria,Bacillota,Bacilli,Bacillales,Bacillaceae,Bacillus,p,soil,81.3794,5.1,2,0.16,30,8,22.60496136,17.07,0.6865,4.082482905,1.6293462592194556,Klebsiella pneumoniae,1.034160618937701,0.5951856402817546,42.59378743598383,10.8183398147083
26,TiO2,Bacillus subtilis,non-pathogenic,green_synthesis,MIC,triangular,Bacteria,Bacillota,Bacilli,Bacillales,Bacillaceae,Bacillus,p,soil,79.866,4.0,24,0.16,30,16,26.40611331,34.14,1.373,2.878049394,1.1718680471798315,Klebsiella pneumoniae,0.5794546284611479,0.5924134187186836,14.854842351818531,3.797122676640026
27,CeO2,Bacillus subtilis,non-pathogenic,green_synthesis,MIC,nanoplates,Bacteria,Bacillota,Bacilli,Bacillales,Bacillaceae,Bacillus,p,soil,172.115,0.8,1,0.16,30,16,39.19032095,34.14,1.373,4.456551526,2.6030164138305487,Klebsiella pneumoniae,2.014292331767415,0.5887240820631336,400.8818683671579,103.34568108672589
28,ZnO,Bacillus subtilis,non-pathogenic,green_synthesis,MBEC,spheroidal,Bacteria,Bacillota,Bacilli,Bacillales,Bacillaceae,Bacillus,p,soil,81.3794,12.0,18,0.16,30,8,22.60496136,17.07,0.6865,4.082482905,2.488432144493925,Klebsiella pneumoniae,1.9007251070656275,0.5877070374282973,307.9159206608079,79.56555693679364
29,Ag,Bacillus subtilis,non-pathogenic,chemical_synthesis,MIC,cubic,Bacteria,Bacillota,Bacilli,Bacillales,Bacillaceae,Bacillus,p,soil,107.87,6.0,1,0.16,30,11,23.00188061,0.0,0.0,1.78376517,1.9822120315407743,Klebsiella pneumoniae,1.3952588193381676,0.5869532122026067,95.98691450899815,24.84613378327578
30,ZnO,Bacillus subtilis,non-pathogenic,green_synthesis,MBC,rod-shaped,Bacteria,Bacillota,Bacilli,Bacillales,Bacillaceae,Bacillus,p,soil,81.3794,11.3,3,0.16,30,8,22.60496136,17.07,0.6865,4.082482905,2.1835505249220097,Klebsiella pneumoniae,1.5973589438517957,0.5861915810702141,152.5985914527081,39.56935251650152
31,Ag,Bacillus subtilis,non-pathogenic,green_synthesis,MIC,nanoplates,Bacteria,Bacillota,Bacilli,Bacillales,Bacillaceae,Bacillus,p,soil,107.87,1.4,2,0.16,30,11,23.00188061,0.0,0.0,1.78376517,1.955426415523102,Klebsiella pneumoniae,1.3701925171110507,0.5852338984120513,90.24567871841742,23.452682119077195
32,ZnO,Bacillus subtilis,non-pathogenic,green_synthesis,MBEC,quasi-hexagonal,Bacteria,Bacillota,Bacilli,Bacillales,Bacillaceae,Bacillus,p,soil,81.3794,3.0,3,0.16,30,8,22.60496136,17.07,0.6865,4.082482905,1.1418856053330717,Klebsiella pneumoniae,0.5574233676761724,0.5844622376568993,13.863906006989104,3.6093032092908
33,TiO2,Bacillus subtilis,non-pathogenic,green_synthesis,MBC,hexagonal,Bacteria,Bacillota,Bacilli,Bacillales,Bacillaceae,Bacillus,p,soil,79.866,10.0,1,0.16,30,16,26.40611331,34.14,1.373,2.878049394,3.3597449834007063,Klebsiella pneumoniae,2.7834743397345494,0.5762706436661569,2289.5228560617256,607.3993736449293
34,ZnO,Bacillus subtilis,non-pathogenic,green_synthesis,MBEC,rod-shaped,Bacteria,Bacillota,Bacilli,Bacillales,Bacillaceae,Bacillus,p,soil,81.3794,8.7,4,0.16,30,8,22.60496136,17.07,0.6865,4.082482905,2.1052615215088823,Klebsiella pneumoniae,1.5326990659031872,0.5725624556056952,127.4270184348938,34.095657195026526
35,TiO2,Bacillus subtilis,non-pathogenic,green_synthesis,MBEC,quasi-spherical,Bacteria,Bacillota,Bacilli,Bacillales,Bacillaceae,Bacillus,p,soil,79.866,9.0,3,0.16,30,16,26.40611331,34.14,1.373,2.878049394,2.9715231038708616,Klebsiella pneumoniae,2.4008517206634643,0.5706713832073973,936.5330408425515,251.68174746531437
36,ZnO,Bacillus subtilis,non-pathogenic,green_synthesis,MIC,nanoplates,Bacteria,Bacillota,Bacilli,Bacillales,Bacillaceae,Bacillus,p,soil,81.3794,0.8,24,0.16,30,8,22.60496136,17.07,0.6865,4.082482905,2.59540079037857,Klebsiella pneumoniae,2.0304164329078582,0.5649843574707116,393.9134323347493,107.25472480715939
37,Ag,Bacillus subtilis,non-pathogenic,chemical_synthesis,MIC,nanoplates,Bacteria,Bacillota,Bacilli,Bacillales,Bacillaceae,Bacillus,p,soil,107.87,6.0,2,0.16,30,11,23.00188061,0.0,0.0,1.78376517,2.0548525738439096,Klebsiella pneumoniae,1.489967771513404,0.5648848023305055,113.4625588848615,30.900661138053618
38,ZnO,Bacillus subtilis,non-pathogenic,green_synthesis,MBC,spherical,Bacteria,Bacillota,Bacilli,Bacillales,Bacillaceae,Bacillus,p,soil,81.3794,0.8,0,0.16,30,8,22.60496136,17.07,0.6865,4.082482905,1.762375217186713,Klebsiella pneumoniae,1.19798780523046,0.5643874119562531,57.85957205792966,15.77566971794225
39,Ag,Bacillus subtilis,non-pathogenic,green_synthesis,MIC,rod-shaped,Bacteria,Bacillota,Bacilli,Bacillales,Bacillaceae,Bacillus,p,soil,107.87,4.0,0,0.16,30,11,23.00188061,0.0,0.0,1.78376517,1.4088466341424362,Klebsiella pneumoniae,0.850078760293486,0.5587678738489502,25.63578579799533,7.0807418360701835
40,CeO2,Bacillus subtilis,non-pathogenic,chemical_synthesis,MIC,rod-shaped,Bacteria,Bacillota,Bacilli,Bacillales,Bacillaceae,Bacillus,p,soil,172.115,1.9,18,0.16,30,16,39.19032095,34.14,1.373,4.456551526,2.191550838824417,Klebsiella pneumoniae,1.6374538206953855,0.5540970181290314,155.43572342979718,43.396411701503226
41,Ag,Bacillus subtilis,non-pathogenic,chemical_synthesis,MBEC,spheroidal,Bacteria,Bacillota,Bacilli,Bacillales,Bacillaceae,Bacillus,p,soil,107.87,20.0,18,0.16,30,11,23.00188061,0.0,0.0,1.78376517,1.3867878025612626,Klebsiella pneumoniae,0.8616881531778238,0.5250996493834388,24.3661998846527,7.272574070277768
42,ZnO,Bacillus subtilis,non-pathogenic,chemical_synthesis,MBC,spheroidal,Bacteria,Bacillota,Bacilli,Bacillales,Bacillaceae,Bacillus,p,soil,81.3794,1.9,24,0.16,30,8,22.60496136,17.07,0.6865,4.082482905,2.1096349563903827,Klebsiella pneumoniae,1.6519002159118756,0.45773474047850704,128.71671762515143,44.864229742860495
43,ZnO,Bacillus subtilis,non-pathogenic,chemical_synthesis,MBC,spheroidal,Bacteria,Bacillota,Bacilli,Bacillales,Bacillaceae,Bacillus,p,soil,81.3794,1.9,24,0.16,30,8,22.60496136,17.07,0.6865,4.082482905,2.1096349563903827,Klebsiella pneumoniae,1.6519002159118756,0.45773474047850704,128.71671762515143,44.864229742860495
44,ZnO,Bacillus subtilis,non-pathogenic,green_synthesis,MBC,nanoplates,Bacteria,Bacillota,Bacilli,Bacillales,Bacillaceae,Bacillus,p,soil,81.3794,44.45,4,0.16,30,8,22.60496136,17.07,0.6865,4.082482905,1.1858676174843417,Klebsiella pneumoniae,0.78889101714999,0.39697660033435167,15.34149269058767,6.15022518187092
45,ZnO,Bacillus subtilis,non-pathogenic,chemical_synthesis,MBC,spheroidal,Bacteria,Bacillota,Bacilli,Bacillales,Bacillaceae,Bacillus,p,soil,81.3794,4.7,0,0.16,30,8,22.60496136,17.07,0.6865,4.082482905,1.7983566536305018,Klebsiella pneumoniae,1.4351313155923606,0.36322533803814117,62.8574348090884,27.23524683018768
46,Ag,Bacillus subtilis,non-pathogenic,chemical_synthesis,MIC,spherical,Bacteria,Bacillota,Bacilli,Bacillales,Bacillaceae,Bacillus,p,soil,107.87,20.0,2,0.16,30,11,23.00188061,0.0,0.0,1.78376517,0.9324221400079749,Klebsiella pneumoniae,0.6374620046610278,0.2949601353469471,8.558982531616621,4.339722948322393
47,CuO,Bacillus subtilis,non-pathogenic,green_synthesis,MBEC,quasi-hexagonal,Bacteria,Bacillota,Bacilli,Bacillales,Bacillaceae,Bacillus,p,soil,79.5454,44.45,18,0.16,30,17,20.67942236,17.07,0.6865,1.651411411,1.6252014351431727,Klebsiella pneumoniae,1.3836500312397335,0.2415514039034392,42.18921407246432,24.190788878551132
48,ZnO,Bacillus subtilis,non-pathogenic,chemical_synthesis,MIC,rod-shaped,Bacteria,Bacillota,Bacilli,Bacillales,Bacillaceae,Bacillus,p,soil,81.3794,11.3,2,0.16,30,8,22.60496136,17.07,0.6865,4.082482905,1.2985770523511657,Klebsiella pneumoniae,1.059638311843384,0.23893874050778163,19.887356197667447,11.471978168330837
49,ZrO2,Bacillus subtilis,non-pathogenic,green_synthesis,MBEC,spheroidal,Bacteria,Bacillota,Bacilli,Bacillales,Bacillaceae,Bacillus,p,soil,123.2218,1.9,3,0.16,30,16,29.29254423,34.14,1.373,3.774536472,2.4072708915965797,Klebsiella pneumoniae,2.176151187976273,0.23111970362030654,255.4294049216163,150.0207001440676
50,Ag,Bacillus subtilis,non-pathogenic,green_synthesis,MBEC,quasi-spherical,Bacteria,Bacillota,Bacilli,Bacillales,Bacillaceae,Bacillus,p,soil,107.87,4.0,0,0.16,30,11,23.00188061,0.0,0.0,1.78376517,1.7895262508056038,Klebsiella pneumoniae,1.6420684272526334,0.14745782355297044,61.5922757264907,43.859979792753045
51,ZnO,Bacillus subtilis,non-pathogenic,chemical_synthesis,MBEC,spheroidal,Bacteria,Bacillota,Bacilli,Bacillales,Bacillaceae,Bacillus,p,soil,81.3794,0.8,4,0.16,30,8,22.60496136,17.07,0.6865,4.082482905,1.668235816467134,Klebsiella pneumoniae,1.5589391271766844,0.10929668929044967,46.58389695915479,36.21922282373375
52,Au,Bacillus subtilis,non-pathogenic,green_synthesis,MIC,spherical,Bacteria,Bacillota,Bacilli,Bacillales,Bacillaceae,Bacillus,p,soil,196.966569,17.5,3,0.16,30,11,23.00188061,0.0,0.0,2.46797672,1.5340405880647991,Klebsiella pneumoniae,1.4421423678198348,0.0918982202449643,34.201140454173235,27.678488363613287
53,Ag,Bacillus subtilis,non-pathogenic,green_synthesis,MIC,hexagonal,Bacteria,Bacillota,Bacilli,Bacillales,Bacillaceae,Bacillus,p,soil,107.87,45.26,1,0.16,30,11,23.00188061,0.0,0.0,1.78376517,1.3008842042657778,Klebsiella pneumoniae,1.2153047155680383,0.08557948869773946,19.99328718479554,16.417412699015856
54,CuO,Bacillus subtilis,non-pathogenic,green_synthesis,MIC,rod-shaped,Bacteria,Bacillota,Bacilli,Bacillales,Bacillaceae,Bacillus,p,soil,79.5454,12.0,4,0.16,30,17,20.67942236,17.07,0.6865,1.651411411,2.399882952359423,Klebsiella pneumoniae,2.327409801194303,0.07247315116511999,251.12095388104356,212.52489055280182
55,Ag,Bacillus subtilis,non-pathogenic,green_synthesis,MBC,hexagonal,Bacteria,Bacillota,Bacilli,Bacillales,Bacillaceae,Bacillus,p,soil,107.87,60.0,2,0.16,30,11,23.00188061,0.0,0.0,1.78376517,1.5293394684566082,Klebsiella pneumoniae,1.457666309527366,0.07167315892924209,33.83291895812488,28.685756629161457
56,Pd,Bacillus subtilis,non-pathogenic,chemical_synthesis,MBEC,tetragonal,Bacteria,Bacillota,Bacilli,Bacillales,Bacillaceae,Bacillus,p,soil,195.084,27.43,18,0.16,30,10,21.14774404,0.0,0.0,1.870828693,0.5303112747435081,Klebsiella pneumoniae,0.4648990380326439,0.06541223671086427,3.3908710519709766,2.9167488682994938
57,ZnO,Bacillus subtilis,non-pathogenic,green_synthesis,MBEC,triangular,Bacteria,Bacillota,Bacilli,Bacillales,Bacillaceae,Bacillus,p,soil,81.3794,22.5,2,0.16,30,8,22.60496136,17.07,0.6865,4.082482905,0.4852136486385259,Klebsiella pneumoniae,0.4526219086206027,0.0325917400179232,3.056424333567534,2.8354494465490396
58,Ag,Bacillus subtilis,non-pathogenic,chemical_synthesis,MIC,triangular,Bacteria,Bacillota,Bacilli,Bacillales,Bacillaceae,Bacillus,p,soil,107.8682,40.0,1,0.16,30,11,23.00188061,0.0,0.0,1.78376517,-0.8173485816352284,Klebsiella pneumoniae,-0.835613724992978,0.018265143357749647,0.15228299805948434,0.14601123522041948
59,ZnO,Bacillus subtilis,non-pathogenic,chemical_synthesis,MBC,tetragonal,Bacteria,Bacillota,Bacilli,Bacillales,Bacillaceae,Bacillus,p,soil,81.3794,18.0,0,0.16,30,8,22.60496136,17.07,0.6865,4.082482905,1.0373826300195246,Klebsiella pneumoniae,1.030536020796827,0.006846609222697531,10.898899050733272,10.728426267319414
60,ZnO,Bacillus subtilis,non-pathogenic,green_synthesis,MBEC,hexagonal,Bacteria,Bacillota,Bacilli,Bacillales,Bacillaceae,Bacillus,p,soil,81.3794,40.0,18,0.16,30,8,22.60496136,17.07,0.6865,4.082482905,1.5723517520901604,Klebsiella pneumoniae,1.6109331951621795,-0.03858144307201905,37.35525901591472,40.82565819139251
61,Ag,Bacillus subtilis,non-pathogenic,chemical_synthesis,MBEC,triangular,Bacteria,Bacillota,Bacilli,Bacillales,Bacillaceae,Bacillus,p,soil,107.8682,100.0,1,0.16,30,11,23.00188061,0.0,0.0,1.78376517,0.16624641497990678,Klebsiella pneumoniae,0.23496826115770375,-0.06872184617779697,1.4663796162330265,1.7177828446205778
62,CeO2,Bacillus subtilis,non-pathogenic,chemical_synthesis,MBEC,nanoplates,Bacteria,Bacillota,Bacilli,Bacillales,Bacillaceae,Bacillus,p,soil,172.115,12.0,24,0.16,30,16,39.19032095,34.14,1.373,4.456551526,3.4761779948004508,Klebsiella pneumoniae,3.609505980419592,-0.1333279856191414,2993.4912621540216,4069.171371925359
63,Ag,Bacillus subtilis,non-pathogenic,chemical_synthesis,MBC,rod-shaped,Bacteria,Bacillota,Bacilli,Bacillales,Bacillaceae,Bacillus,p,soil,107.87,41.23,3,0.16,30,11,23.00188061,0.0,0.0,1.78376517,0.9683957829249367,Klebsiella pneumoniae,1.1259626340932078,-0.15756685116827118,9.2981336189185,13.364805232478261
64,ZnO,Bacillus subtilis,non-pathogenic,green_synthesis,MBC,nanoplates,Bacteria,Bacillota,Bacilli,Bacillales,Bacillaceae,Bacillus,p,soil,81.3794,37.86,24,0.16,30,8,22.60496136,17.07,0.6865,4.082482905,1.571880857958349,Klebsiella pneumoniae,1.7373320467768012,-0.16545118881845222,37.314777637377205,54.61752885284819
65,Ag,Bacillus subtilis,non-pathogenic,chemical_synthesis,MBEC,spherical,Bacteria,Bacillota,Bacilli,Bacillales,Bacillaceae,Bacillus,p,soil,107.8682,44.45,4,0.16,30,11,23.00188061,0.0,0.0,1.78376517,1.982524794780764,Klebsiella pneumoniae,2.192740387165191,-0.2102155923844271,96.05606572392468,155.86205111194823
66,Ag2O,Bacillus subtilis,non-pathogenic,green_synthesis,MBC,hexagonal,Bacteria,Bacillota,Bacilli,Bacillales,Bacillaceae,Bacillus,p,soil,231.7358,35.0,18,0.16,30,28,46.55109718,17.07,0.6865,3.975778631,2.0591381740901515,Klebsiella pneumoniae,2.2842449169781114,-0.22510674288795984,114.58774530770062,192.41765473162033
67,ZnO,Bacillus subtilis,non-pathogenic,green_synthesis,MBEC,spherical,Bacteria,Bacillota,Bacilli,Bacillales,Bacillaceae,Bacillus,p,soil,81.3794,20.0,24,0.16,30,8,22.60496136,17.07,0.6865,4.082482905,2.2299664631582874,Klebsiella pneumoniae,2.4721312004663494,-0.24216473730806198,169.8112516718677,296.5727201098409
68,Ag,Bacillus subtilis,non-pathogenic,green_synthesis,MBEC,nanoplates,Bacteria,Bacillota,Bacilli,Bacillales,Bacillaceae,Bacillus,p,soil,107.87,37.86,24,0.16,30,11,23.00188061,0.0,0.0,1.78376517,1.5877247471873004,Klebsiella pneumoniae,1.839651850940311,-0.25192710375301064,38.701228149106456,69.1276591814789
69,Au,Bacillus subtilis,non-pathogenic,chemical_synthesis,MBEC,quasi-spherical,Bacteria,Bacillota,Bacilli,Bacillales,Bacillaceae,Bacillus,p,soil,196.966569,10.4,24,0.16,30,11,23.00188061,0.0,0.0,2.46797672,2.561637776413895,Klebsiella pneumoniae,2.8317300581056677,-0.2700922816917726,364.4498505000265,678.7815951422342
70,Ag,Bacillus subtilis,non-pathogenic,chemical_synthesis,MBEC,cubic,Bacteria,Bacillota,Bacilli,Bacillales,Bacillaceae,Bacillus,p,soil,107.8682,26.38,24,0.16,30,11,23.00188061,0.0,0.0,1.78376517,2.726753738125996,Klebsiella pneumoniae,3.1021036956860395,-0.37534995756004363,533.032559570673,1265.0383622718648
