,np,bacteria,bac_type,np_synthesis,method,shape,kingdom,phylum,class,order,family,genus,gram,isolated_from,mol_weight (g/mol),np_size_avg (nm),time_set,"min_Incub_period, h","growth_temp, C",Valance_electron,labuteASA,tpsa,CrippenMR,chi0v,pred_MIC_norm,pathogenic_bacteria,pred_MIC_pathogen,Fitness,pred_norm_MIC_original,pred_path_MIC_original
0,ZrO2,Bacillus subtilis,non-pathogenic,chemical_synthesis,MIC,quasi-spherical,Bacteria,Bacillota,Bacilli,Bacillales,Bacillaceae,Bacillus,p,soil,123.2218,1.9,1,0.16,30,16,29.29254423,34.14,1.373,3.774536472,1.6710285211257854,Klebsiella pneumoniae,0.7109335729395725,0.9600949481862129,46.8844171218265,5.139650325834571
1,Ag,Bacillus subtilis,non-pathogenic,chemical_synthesis,MIC,spherical,Bacteria,Bacillota,Bacilli,Bacillales,Bacillaceae,Bacillus,p,soil,107.87,1.4,3,0.16,30,11,23.00188061,0.0,0.0,1.78376517,1.0942443810233717,Klebsiella pneumoniae,0.30617806283149385,0.7880663181918779,12.423511920205717,2.023848796357345
2,ZnO,Bacillus subtilis,non-pathogenic,green_synthesis,MIC,spheroidal,Bacteria,Bacillota,Bacilli,Bacillales,Bacillaceae,Bacillus,p,soil,81.3794,1.4,18,0.16,30,8,22.60496136,17.07,0.6865,4.082482905,1.202936838690488,Klebsiella pneumoniae,0.4374536186081637,0.7654832200823243,15.956470685629567,2.7381271946010424
3,CeO2,Bacillus subtilis,non-pathogenic,chemical_synthesis,MIC,cubic,Bacteria,Bacillota,Bacilli,Bacillales,Bacillaceae,Bacillus,p,soil,172.115,0.8,24,0.16,30,16,39.19032095,34.14,1.373,4.456551526,3.7498765484985888,Klebsiella pneumoniae,3.0344509922312177,0.715425556267371,5621.814981193653,1082.55754750667
4,TiO2,Bacillus subtilis,non-pathogenic,green_synthesis,MIC,spherical,Bacteria,Bacillota,Bacilli,Bacillales,Bacillaceae,Bacillus,p,soil,79.866,4.0,1,0.16,30,16,26.40611331,34.14,1.373,2.878049394,1.969652616575274,Klebsiella pneumoniae,1.2693895615939765,0.7002630549812974,93.25081079166821,18.59471650932722
5,Ag,Bacillus subtilis,non-pathogenic,green_synthesis,MIC,quasi-spherical,Bacteria,Bacillota,Bacilli,Bacillales,Bacillaceae,Bacillus,p,soil,107.87,1.4,4,0.16,30,11,23.00188061,0.0,0.0,1.78376517,1.6277563073315462,Klebsiella pneumoniae,0.941909701698185,0.6858466056333612,42.43813669330438,8.74801867929356
6,ZnO,Bacillus subtilis,non-pathogenic,green_synthesis,MIC,quasi-spherical,Bacteria,Bacillota,Bacilli,Bacillales,Bacillaceae,Bacillus,p,soil,81.3794,6.0,1,0.16,30,8,22.60496136,17.07,0.6865,4.082482905,1.5829354021551167,Klebsiella pneumoniae,0.9033791618522293,0.6795562403028874,38.276780542021484,8.00532857159759
7,ZnO,Bacillus subtilis,non-pathogenic,chemical_synthesis,MIC,spherical,Bacteria,Bacillota,Bacilli,Bacillales,Bacillaceae,Bacillus,p,soil,81.3794,4.0,1,0.16,30,8,22.60496136,17.07,0.6865,4.082482905,0.9414973136479684,Klebsiella pneumoniae,0.2718690946010043,0.6696282190469641,8.739715865753018,1.8701183627919113
8,Ag,Bacillus subtilis,non-pathogenic,chemical_synthesis,MIC,spheroidal,Bacteria,Bacillota,Bacilli,Bacillales,Bacillaceae,Bacillus,p,soil,107.87,40.0,18,0.16,30,11,23.00188061,0.0,0.0,1.78376517,0.7531246744322511,Klebsiella pneumoniae,0.10389778861699539,0.6492268858152557,5.664018646611268,1.2702751102616308
9,ZnO,Bacillus subtilis,non-pathogenic,green_synthesis,MIC,cubic,Bacteria,Bacillota,Bacilli,Bacillales,Bacillaceae,Bacillus,p,soil,81.3794,5.1,1,0.16,30,8,22.60496136,17.07,0.6865,4.082482905,1.8634535905686842,Klebsiella pneumoniae,1.2203624088120835,0.6430911817566007,73.02197762029773,16.609723727433558
10,Ag,Bacillus subtilis,non-pathogenic,chemical_synthesis,MIC,quasi-spherical,Bacteria,Bacillota,Bacilli,Bacillales,Bacillaceae,Bacillus,p,soil,107.87,6.0,4,0.16,30,11,23.00188061,0.0,0.0,1.78376517,1.4842746236198834,Klebsiella pneumoniae,0.8673271763779327,0.6169474472419507,30.498229180023927,7.367619291449549
11,ZnO,Bacillus subtilis,non-pathogenic,green_synthesis,MBC,rod-shaped,Bacteria,Bacillota,Bacilli,Bacillales,Bacillaceae,Bacillus,p,soil,81.3794,1.9,2,0.16,30,8,22.60496136,17.07,0.6865,4.082482905,1.523639920326643,Klebsiella pneumoniae,0.9328785265966154,0.5907613937300277,33.3918069046372,8.567981628258499
12,CeO2,Bacillus subtilis,non-pathogenic,green_synthesis,MIC,cubic,Bacteria,Bacillota,Bacilli,Bacillales,Bacillaceae,Bacillus,p,soil,172.115,4.0,1,0.16,30,16,39.19032095,34.14,1.373,4.456551526,2.4887928434497457,Klebsiella pneumoniae,1.9119226368168376,0.5768702066329081,308.1717633905884,81.64369221580588
13,ZnO,Bacillus subtilis,non-pathogenic,green_synthesis,MBC,hexagonal,Bacteria,Bacillota,Bacilli,Bacillales,Bacillaceae,Bacillus,p,soil,81.3794,12.0,0,0.16,30,8,22.60496136,17.07,0.6865,4.082482905,2.558162524915083,Klebsiella pneumoniae,1.9871644789673528,0.57099804594773,361.5451374399175,97.08775950084018
14,Ag,Bacillus subtilis,non-pathogenic,green_synthesis,MIC,spheroidal,Bacteria,Bacillota,Bacilli,Bacillales,Bacillaceae,Bacillus,p,soil,107.8682,4.0,24,0.16,30,11,23.00188061,0.0,0.0,1.78376517,1.6623655269869508,Klebsiella pneumoniae,1.0947299113106448,0.567635615676306,45.95846627452107,12.437408860247729
15,Ag,Bacillus subtilis,non-pathogenic,green_synthesis,MIC,tetragonal,Bacteria,Bacillota,Bacilli,Bacillales,Bacillaceae,Bacillus,p,soil,107.87,3.0,1,0.16,30,11,23.00188061,0.0,0.0,1.78376517,0.19089590327607553,Klebsiella pneumoniae,-0.373006019297355,0.5639019225734305,1.5520149604769289,0.4236370944222935
16,CuO,Bacillus subtilis,non-pathogenic,green_synthesis,MBC,spheroidal,Bacteria,Bacillota,Bacilli,Bacillales,Bacillaceae,Bacillus,p,soil,79.5454,6.0,1,0.16,30,17,20.67942236,17.07,0.6865,1.651411411,3.570644404396461,Klebsiella pneumoniae,3.0131208242411516,0.5575235801553093,3720.8692076576035,1030.6728220824032
17,ZnO,Bacillus subtilis,non-pathogenic,green_synthesis,MBEC,cubic,Bacteria,Bacillota,Bacilli,Bacillales,Bacillaceae,Bacillus,p,soil,81.3794,12.0,4,0.16,30,8,22.60496136,17.07,0.6865,4.082482905,2.572793000046256,Klebsiella pneumoniae,2.0291983471756643,0.5435946528705919,373.93231655756136,106.9543240124253
18,Ag,Bacillus subtilis,non-pathogenic,chemical_synthesis,MIC,rod-shaped,Bacteria,Bacillota,Bacilli,Bacillales,Bacillaceae,Bacillus,p,soil,107.87,6.0,4,0.16,30,11,23.00188061,0.0,0.0,1.78376517,1.2793576451304354,Klebsiella pneumoniae,0.7576106311408825,0.5217470139895529,19.026444785533783,5.7228271802099355
19,ZnO,Bacillus subtilis,non-pathogenic,green_synthesis,MBEC,nanoplates,Bacteria,Bacillota,Bacilli,Bacillales,Bacillaceae,Bacillus,p,soil,81.3794,1.9,0,0.16,30,8,22.60496136,17.07,0.6865,4.082482905,2.201946319087506,Klebsiella pneumoniae,1.6950390579761296,0.5069072611113765,159.20119344627344,49.549475078132794
20,TiO2,Bacillus subtilis,non-pathogenic,green_synthesis,MBC,spheroidal,Bacteria,Bacillota,Bacilli,Bacillales,Bacillaceae,Bacillus,p,soil,79.866,3.0,1,0.16,30,16,26.40611331,34.14,1.373,2.878049394,2.754765225857857,Klebsiella pneumoniae,2.2479513507901117,0.5068138750677456,568.5454991985963,176.9910683684
21,ZnO,Bacillus subtilis,non-pathogenic,green_synthesis,MBEC,spherical,Bacteria,Bacillota,Bacilli,Bacillales,Bacillaceae,Bacillus,p,soil,81.3794,12.0,0,0.16,30,8,22.60496136,17.07,0.6865,4.082482905,2.492354339222796,Klebsiella pneumoniae,1.9906512134390386,0.5017031257837572,310.7093620150076,97.87036622802415
22,Ag,Bacillus subtilis,non-pathogenic,chemical_synthesis,MIC,tetragonal,Bacteria,Bacillota,Bacilli,Bacillales,Bacillaceae,Bacillus,p,soil,107.8682,0.8,24,0.16,30,11,23.00188061,0.0,0.0,1.78376517,1.620629336070373,Klebsiella pneumoniae,1.1203831932375428,0.5002461428328302,41.74739067346121,13.19420395956294
23,ZnO,Bacillus subtilis,non-pathogenic,chemical_synthesis,MBEC,quasi-hexagonal,Bacteria,Bacillota,Bacilli,Bacillales,Bacillaceae,Bacillus,p,soil,81.3794,4.0,4,0.16,30,8,22.60496136,17.07,0.6865,4.082482905,0.8808837748209407,Klebsiella pneumoniae,0.3836224833218811,0.4972612914990596,7.601228268899831,2.418925447100628
24,TiO2,Bacillus subtilis,non-pathogenic,chemical_synthesis,MBEC,quasi-spherical,Bacteria,Bacillota,Bacilli,Bacillales,Bacillaceae,Bacillus,p,soil,79.866,1.4,4,0.16,30,16,26.40611331,34.14,1.373,2.878049394,2.3069492299057983,Klebsiella pneumoniae,1.8122557725048667,0.4946934574009316,202.744569227386,64.90165514971471
25,ZnO,Bacillus subtilis,non-pathogenic,chemical_synthesis,MBC,quasi-spherical,Bacteria,Bacillota,Bacilli,Bacillales,Bacillaceae,Bacillus,p,soil,81.3794,0.8,4,0.16,30,8,22.60496136,17.07,0.6865,4.082482905,0.8190320968565439,Klebsiella pneumoniae,0.3343900017535495,0.4846420951029944,6.592226137813535,2.1596829602993153
26,Au,Bacillus subtilis,non-pathogenic,green_synthesis,MIC,quasi-hexagonal,Bacteria,Bacillota,Bacilli,Bacillales,Bacillaceae,Bacillus,p,soil,196.966569,1.9,2,0.16,30,11,23.00188061,0.0,0.0,2.46797672,1.2329905987012277,Klebsiella pneumoniae,0.7556610774559867,0.4773295212452411,17.099782982928183,5.697194908002612
27,ZnO,Bacillus subtilis,non-pathogenic,green_synthesis,MBEC,nanoplates,Bacteria,Bacillota,Bacilli,Bacillales,Bacillaceae,Bacillus,p,soil,81.3794,0.8,0,0.16,30,8,22.60496136,17.07,0.6865,4.082482905,2.1006723525129556,Klebsiella pneumoniae,1.6252530721961247,0.4754192803168309,126.08759252053366,42.194230613749056
28,TiO2,Bacillus subtilis,non-pathogenic,chemical_synthesis,MBC,quasi-hexagonal,Bacteria,Bacillota,Bacilli,Bacillales,Bacillaceae,Bacillus,p,soil,79.866,1.9,3,0.16,30,16,26.40611331,34.14,1.373,2.878049394,1.4619715230929047,Klebsiella pneumoniae,0.9886189567741259,0.47335256631877876,28.971536136568854,9.741345721341773
29,ZnO,Bacillus subtilis,non-pathogenic,chemical_synthesis,MBEC,quasi-spherical,Bacteria,Bacillota,Bacilli,Bacillales,Bacillaceae,Bacillus,p,soil,81.3794,10.0,3,0.16,30,8,22.60496136,17.07,0.6865,4.082482905,2.097734427127141,Klebsiella pneumoniae,1.6291639398441733,0.4685704872829679,125.23751081776251,42.575910066525275
30,CuO,Bacillus subtilis,non-pathogenic,green_synthesis,MBEC,quasi-hexagonal,Bacteria,Bacillota,Bacilli,Bacillales,Bacillaceae,Bacillus,p,soil,79.5454,9.0,4,0.16,30,17,20.67942236,17.07,0.6865,1.651411411,2.835235294343917,Klebsiella pneumoniae,2.368721108591176,0.4665141857527413,684.2822809162401,233.73357868881195
31,TiO2,Bacillus subtilis,non-pathogenic,green_synthesis,MBC,tetragonal,Bacteria,Bacillota,Bacilli,Bacillales,Bacillaceae,Bacillus,p,soil,79.866,8.0,0,0.16,30,16,26.40611331,34.14,1.373,2.878049394,2.2292017458951743,Klebsiella pneumoniae,1.7709909824630214,0.45821076343215283,169.512506604286,59.01888255726411
32,ZnO,Bacillus subtilis,non-pathogenic,chemical_synthesis,MBC,spheroidal,Bacteria,Bacillota,Bacilli,Bacillales,Bacillaceae,Bacillus,p,soil,81.3794,1.4,24,0.16,30,8,22.60496136,17.07,0.6865,4.082482905,2.1096349563903827,Klebsiella pneumoniae,1.6519002159118756,0.45773474047850704,128.71671762515143,44.864229742860495
33,CuO,Bacillus subtilis,non-pathogenic,green_synthesis,MBEC,quasi-spherical,Bacteria,Bacillota,Bacilli,Bacillales,Bacillaceae,Bacillus,p,soil,79.5454,5.1,18,0.16,30,17,20.67942236,17.07,0.6865,1.651411411,3.499385956348429,Klebsiella pneumoniae,3.0468483396864077,0.4525376166620214,3157.809713827149,1113.9054778667191
34,ZrO2,Bacillus subtilis,non-pathogenic,green_synthesis,MIC,spheroidal,Bacteria,Bacillota,Bacilli,Bacillales,Bacillaceae,Bacillus,p,soil,123.2218,6.0,3,0.16,30,16,29.29254423,34.14,1.373,3.774536472,2.371221952861307,Klebsiella pneumoniae,1.9200828859711314,0.4511390668901756,235.08339436677625,83.19225300324469
35,CuO,Bacillus subtilis,non-pathogenic,green_synthesis,MBC,cubic,Bacteria,Bacillota,Bacilli,Bacillales,Bacillaceae,Bacillus,p,soil,79.5454,8.0,2,0.16,30,17,20.67942236,17.07,0.6865,1.651411411,3.5175517618750374,Klebsiella pneumoniae,3.06703846164411,0.45051330023092717,3292.6969537283985,1166.912955706429
36,CuO,Bacillus subtilis,non-pathogenic,green_synthesis,MIC,cubic,Bacteria,Bacillota,Bacilli,Bacillales,Bacillaceae,Bacillus,p,soil,79.5454,1.4,4,0.16,30,17,20.67942236,17.07,0.6865,1.651411411,2.3783211387944627,Klebsiella pneumoniae,1.9304476973611138,0.44787344143334895,238.95776015069484,85.20158958382541
37,ZnO,Bacillus subtilis,non-pathogenic,chemical_synthesis,MBEC,quasi-hexagonal,Bacteria,Bacillota,Bacilli,Bacillales,Bacillaceae,Bacillus,p,soil,81.3794,1.9,2,0.16,30,8,22.60496136,17.07,0.6865,4.082482905,0.9488468169632694,Klebsiella pneumoniae,0.519917837148121,0.42892897981514844,8.888875368337498,3.310684817185404
38,Ag,Bacillus subtilis,non-pathogenic,chemical_synthesis,MIC,spheroidal,Bacteria,Bacillota,Bacilli,Bacillales,Bacillaceae,Bacillus,p,soil,107.87,10.4,4,0.16,30,11,23.00188061,0.0,0.0,1.78376517,1.1673152678476737,Klebsiella pneumoniae,0.7408103625569714,0.4265049052907023,14.699930039716481,5.505672352307445
39,CuO,Bacillus subtilis,non-pathogenic,green_synthesis,MBC,nanoplates,Bacteria,Bacillota,Bacilli,Bacillales,Bacillaceae,Bacillus,p,soil,79.5454,8.0,0,0.16,30,17,20.67942236,17.07,0.6865,1.651411411,3.5781675990428305,Klebsiella pneumoniae,3.153791074590605,0.42437652445222573,3785.886580790605,1424.9219435837326
40,TiO2,Bacillus subtilis,non-pathogenic,green_synthesis,MBC,tetragonal,Bacteria,Bacillota,Bacilli,Bacillales,Bacillaceae,Bacillus,p,soil,79.866,10.0,3,0.16,30,16,26.40611331,34.14,1.373,2.878049394,2.214537955538513,Klebsiella pneumoniae,1.7938072149550848,0.4207307405834284,163.88452833143523,62.20241049049766
41,Ag,Bacillus subtilis,non-pathogenic,green_synthesis,MBEC,tetragonal,Bacteria,Bacillota,Bacilli,Bacillales,Bacillaceae,Bacillus,p,soil,107.87,8.7,18,0.16,30,11,23.00188061,0.0,0.0,1.78376517,0.9498988560438287,Klebsiella pneumoniae,0.5294079602042321,0.42049089583959665,8.910433965844375,3.3838255103481045
42,ZnO,Bacillus subtilis,non-pathogenic,green_synthesis,MBC,triangular,Bacteria,Bacillota,Bacilli,Bacillales,Bacillaceae,Bacillus,p,soil,81.3794,6.0,4,0.16,30,8,22.60496136,17.07,0.6865,4.082482905,1.2566938581220586,Klebsiella pneumoniae,0.8370760224082624,0.4196178357137962,18.05900665833322,6.871887205416207
43,ZnO,Bacillus subtilis,non-pathogenic,green_synthesis,MBC,quasi-hexagonal,Bacteria,Bacillota,Bacilli,Bacillales,Bacillaceae,Bacillus,p,soil,81.3794,0.8,18,0.16,30,8,22.60496136,17.07,0.6865,4.082482905,0.6430123872290578,Klebsiella pneumoniae,0.22392681101914502,0.4190855762099128,4.395541525078246,1.674660631977003
44,Ag,Bacillus subtilis,non-pathogenic,chemical_synthesis,MIC,cubic,Bacteria,Bacillota,Bacilli,Bacillales,Bacillaceae,Bacillus,p,soil,107.87,17.5,4,0.16,30,11,23.00188061,0.0,0.0,1.78376517,1.555554355473267,Klebsiella pneumoniae,1.1401118137204123,0.41544254175285467,35.93803733063282,13.80739704925882
45,ZnO,Bacillus subtilis,non-pathogenic,chemical_synthesis,MBC,spheroidal,Bacteria,Bacillota,Bacilli,Bacillales,Bacillaceae,Bacillus,p,soil,81.3794,3.0,24,0.16,30,8,22.60496136,17.07,0.6865,4.082482905,2.1195991608305853,Klebsiella pneumoniae,1.7114955292095804,0.40810363162100494,131.70405933338628,51.46305091868176
46,Ag,Bacillus subtilis,non-pathogenic,chemical_synthesis,MIC,cubic,Bacteria,Bacillota,Bacilli,Bacillales,Bacillaceae,Bacillus,p,soil,107.87,11.3,3,0.16,30,11,23.00188061,0.0,0.0,1.78376517,1.9525503420657524,Klebsiella pneumoniae,1.5473161295881879,0.4052342124775645,89.65000994307168,35.26274605591497
47,Au,Bacillus subtilis,non-pathogenic,green_synthesis,MBC,quasi-hexagonal,Bacteria,Bacillota,Bacilli,Bacillales,Bacillaceae,Bacillus,p,soil,196.966569,79.0,4,0.16,30,11,23.00188061,0.0,0.0,2.46797672,0.34706473717448905,Klebsiella pneumoniae,-0.05034385649624307,0.3974085936707321,2.2236413282685805,0.8905455616036015
48,Ag,Bacillus subtilis,non-pathogenic,green_synthesis,MIC,spheroidal,Bacteria,Bacillota,Bacilli,Bacillales,Bacillaceae,Bacillus,p,soil,107.87,79.0,24,0.16,30,11,23.00188061,0.0,0.0,1.78376517,0.9705692838709252,Klebsiella pneumoniae,0.5745475409059779,0.3960217429649473,9.344784355881073,3.754460511685819
49,ZnO,Bacillus subtilis,non-pathogenic,green_synthesis,MBC,spherical,Bacteria,Bacillota,Bacilli,Bacillales,Bacillaceae,Bacillus,p,soil,81.3794,20.0,1,0.16,30,8,22.60496136,17.07,0.6865,4.082482905,2.1008480589631278,Klebsiella pneumoniae,1.7064497309096733,0.39439832805345443,126.13861523996502,50.868593642068994
50,Pd,Bacillus subtilis,non-pathogenic,chemical_synthesis,MIC,quasi-hexagonal,Bacteria,Bacillota,Bacilli,Bacillales,Bacillaceae,Bacillus,p,soil,195.084,40.0,3,0.16,30,10,21.14774404,0.0,0.0,1.870828693,0.3359465700951263,Klebsiella pneumoniae,-0.037742654127356445,0.37368922422248274,2.167437435302279,0.9167635673284341
51,Au,Bacillus subtilis,non-pathogenic,chemical_synthesis,MIC,hexagonal,Bacteria,Bacillota,Bacilli,Bacillales,Bacillaceae,Bacillus,p,soil,196.966569,44.45,3,0.16,30,11,23.00188061,0.0,0.0,2.46797672,1.7037605757585386,Klebsiella pneumoniae,1.3843980757575411,0.3193625000009974,50.554588040570735,24.232491873010435
52,ZnO,Bacillus subtilis,non-pathogenic,chemical_synthesis,MBEC,quasi-hexagonal,Bacteria,Bacillota,Bacilli,Bacillales,Bacillaceae,Bacillus,p,soil,81.3794,18.0,1,0.16,30,8,22.60496136,17.07,0.6865,4.082482905,1.0278480930468223,Klebsiella pneumoniae,0.7143962540490987,0.31345183899772366,10.662231138793917,5.1807931642656255
53,Ag,Bacillus subtilis,non-pathogenic,chemical_synthesis,MIC,nanoplates,Bacteria,Bacillota,Bacilli,Bacillales,Bacillaceae,Bacillus,p,soil,107.8682,5.1,0,0.16,30,11,23.00188061,0.0,0.0,1.78376517,2.446854648658839,Klebsiella pneumoniae,2.1395048052472365,0.30734984341160265,279.8044702586314,137.88112087281928
54,CeO2,Bacillus subtilis,non-pathogenic,green_synthesis,MBEC,quasi-spherical,Bacteria,Bacillota,Bacilli,Bacillales,Bacillaceae,Bacillus,p,soil,172.115,12.0,3,0.16,30,16,39.19032095,34.14,1.373,4.456551526,2.979328116015391,Klebsiella pneumoniae,2.701372035789847,0.27795608022554363,953.5162878591054,502.77310269162456
55,TiO2,Bacillus subtilis,non-pathogenic,chemical_synthesis,MBC,nanoplates,Bacteria,Bacillota,Bacilli,Bacillales,Bacillaceae,Bacillus,p,soil,79.866,13.0,4,0.16,30,16,26.40611331,34.14,1.373,2.878049394,2.8882443351375615,Klebsiella pneumoniae,2.645586536913788,0.24265779822377365,773.1154193903733,442.1672137216826
56,ZnO,Bacillus subtilis,non-pathogenic,chemical_synthesis,MIC,hexagonal,Bacteria,Bacillota,Bacilli,Bacillales,Bacillaceae,Bacillus,p,soil,81.3794,12.0,1,0.16,30,8,22.60496136,17.07,0.6865,4.082482905,1.9984381728293452,Klebsiella pneumoniae,1.7578942631151169,0.24054390971422834,99.64102187652495,57.2656590356935
57,Ag,Bacillus subtilis,non-pathogenic,green_synthesis,MBC,hexagonal,Bacteria,Bacillota,Bacilli,Bacillales,Bacillaceae,Bacillus,p,soil,107.8682,4.7,2,0.16,30,11,23.00188061,0.0,0.0,1.78376517,1.801145100958289,Klebsiella pneumoniae,1.5878478101480162,0.21329729081027282,63.26231800958752,38.71219619674738
58,CeO2,Bacillus subtilis,non-pathogenic,chemical_synthesis,MIC,triangular,Bacteria,Bacillota,Bacilli,Bacillales,Bacillaceae,Bacillus,p,soil,172.115,28.0,4,0.16,30,16,39.19032095,34.14,1.373,4.456551526,0.12176786822173558,Klebsiella pneumoniae,-0.062244535527627765,0.18401240374936334,1.323633859587248,0.8664738582628401
59,Ag,Bacillus subtilis,non-pathogenic,green_synthesis,MBEC,quasi-spherical,Bacteria,Bacillota,Bacilli,Bacillales,Bacillaceae,Bacillus,p,soil,107.87,41.23,2,0.16,30,11,23.00188061,0.0,0.0,1.78376517,0.7594026520221487,Klebsiella pneumoniae,0.5992745725480249,0.16012807947412389,5.746489956848818,3.9744274395212056
60,Au,Bacillus subtilis,non-pathogenic,green_synthesis,MBEC,quasi-spherical,Bacteria,Bacillota,Bacilli,Bacillales,Bacillaceae,Bacillus,p,soil,196.966569,26.06,0,0.16,30,11,23.00188061,0.0,0.0,2.46797672,1.5507641067731603,Klebsiella pneumoniae,1.4053377244580845,0.14542638231507587,35.54382048094942,25.42949434283654
61,Ag,Bacillus subtilis,non-pathogenic,green_synthesis,MIC,spherical,Bacteria,Bacillota,Bacilli,Bacillales,Bacillaceae,Bacillus,p,soil,107.87,38.0,1,0.16,30,11,23.00188061,0.0,0.0,1.78376517,0.8692454283802709,Klebsiella pneumoniae,0.7488551581880337,0.12039027019223714,7.400233587139789,5.608608917860192
62,CuO,Bacillus subtilis,non-pathogenic,green_synthesis,MIC,cubic,Bacteria,Bacillota,Bacilli,Bacillales,Bacillaceae,Bacillus,p,soil,79.5454,10.0,2,0.16,30,17,20.67942236,17.07,0.6865,1.651411411,2.765061392666681,Klebsiella pneumoniae,2.6662433277017135,0.0988180649649677,582.1855107687004,463.70665380117174
63,ZnO,Bacillus subtilis,non-pathogenic,green_synthesis,MIC,cubic,Bacteria,Bacillota,Bacilli,Bacillales,Bacillaceae,Bacillus,p,soil,81.3794,37.86,0,0.16,30,8,22.60496136,17.07,0.6865,4.082482905,1.2001363040352007,Klebsiella pneumoniae,1.1064745779663963,0.09366172606880441,15.85390691854524,12.778344075565848
64,Au,Bacillus subtilis,non-pathogenic,chemical_synthesis,MBC,hexagonal,Bacteria,Bacillota,Bacilli,Bacillales,Bacillaceae,Bacillus,p,soil,196.966569,10.0,2,0.16,30,11,23.00188061,0.0,0.0,2.46797672,1.9660519015672033,Klebsiella pneumoniae,1.905454851336955,0.06059705023024842,92.48086891630687,80.43681231904816
65,Ag,Bacillus subtilis,non-pathogenic,green_synthesis,MBC,triangular,Bacteria,Bacillota,Bacilli,Bacillales,Bacillaceae,Bacillus,p,soil,107.87,27.43,0,0.16,30,11,23.00188061,0.0,0.0,1.78376517,0.12264832172115492,Klebsiella pneumoniae,0.07714381442138696,0.04550450729976796,1.3263200097176766,1.1943835530586688
66,Pd,Bacillus subtilis,non-pathogenic,chemical_synthesis,MBC,rod-shaped,Bacteria,Bacillota,Bacilli,Bacillales,Bacillaceae,Bacillus,p,soil,195.084,37.86,3,0.16,30,10,21.14774404,0.0,0.0,1.870828693,1.4519018847412573,Klebsiella pneumoniae,1.413751093827343,0.03815079091391427,28.307524035600483,25.926929921967563
67,ZnO,Bacillus subtilis,non-pathogenic,green_synthesis,MBEC,spherical,Bacteria,Bacillota,Bacilli,Bacillales,Bacillaceae,Bacillus,p,soil,81.3794,38.0,18,0.16,30,8,22.60496136,17.07,0.6865,4.082482905,1.501118213683809,Klebsiella pneumoniae,1.4646282302315714,0.03648998345223764,31.704303274370723,29.149306731257028
68,Ag,Bacillus subtilis,non-pathogenic,green_synthesis,MBEC,hexagonal,Bacteria,Bacillota,Bacilli,Bacillales,Bacillaceae,Bacillus,p,soil,107.87,27.43,3,0.16,30,11,23.00188061,0.0,0.0,1.78376517,1.9115143394524807,Klebsiella pneumoniae,1.8818968581087034,0.029617481343777285,81.56697183155742,76.18980430993251
69,ZnO,Bacillus subtilis,non-pathogenic,chemical_synthesis,MBC,rod-shaped,Bacteria,Bacillota,Bacilli,Bacillales,Bacillaceae,Bacillus,p,soil,81.3794,40.0,2,0.16,30,8,22.60496136,17.07,0.6865,4.082482905,1.6188214675000117,Klebsiella pneumoniae,1.5932391100777596,0.02558235742225201,41.573967048916835,39.195761832758734
70,Pd,Bacillus subtilis,non-pathogenic,chemical_synthesis,MBEC,nanoplates,Bacteria,Bacillota,Bacilli,Bacillales,Bacillaceae,Bacillus,p,soil,195.084,4.0,18,0.16,30,10,21.14774404,0.0,0.0,1.870828693,1.192419254128158,Klebsiella pneumoniae,1.1800725449442018,0.012346709183956195,15.574684367740721,15.138140961974566
71,Au,Bacillus subtilis,non-pathogenic,chemical_synthesis,MBEC,quasi-hexagonal,Bacteria,Bacillota,Bacilli,Bacillales,Bacillaceae,Bacillus,p,soil,196.966569,0.8,18,0.16,30,11,23.00188061,0.0,0.0,2.46797672,0.8318824320155824,Klebsiella pneumoniae,0.8332432205129348,-0.0013607884973523277,6.790197900911161,6.811507207711437
72,ZnO,Bacillus subtilis,non-pathogenic,chemical_synthesis,MBEC,nanoplates,Bacteria,Bacillota,Bacilli,Bacillales,Bacillaceae,Bacillus,p,soil,81.3794,60.0,0,0.16,30,8,22.60496136,17.07,0.6865,4.082482905,2.37007581780109,Klebsiella pneumoniae,2.3758792128516735,-0.005803395050583582,234.46380993345514,237.61793253358312
73,Al2O3,Bacillus subtilis,non-pathogenic,chemical_synthesis,MBEC,spherical,Bacteria,Bacillota,Bacilli,Bacillales,Bacillaceae,Bacillus,p,soil,101.961276,44.45,0,0.16,30,24,51.55776403,85.5,13.5675,4.688846487,2.5476381713644,Klebsiella pneumoniae,2.5882686287778096,-0.04063045741340954,352.8890408765677,387.4972536013599
74,ZnO,Bacillus subtilis,non-pathogenic,chemical_synthesis,MIC,quasi-hexagonal,Bacteria,Bacillota,Bacilli,Bacillales,Bacillaceae,Bacillus,p,soil,81.3794,30.0,0,0.16,30,8,22.60496136,17.07,0.6865,4.082482905,0.8138617459499881,Klebsiella pneumoniae,0.9116510614660546,-0.09778931551606651,6.514209865755718,8.159265430435475
75,CuO,Bacillus subtilis,non-pathogenic,chemical_synthesis,MIC,quasi-hexagonal,Bacteria,Bacillota,Bacilli,Bacillales,Bacillaceae,Bacillus,p,soil,79.5454,18.0,0,0.16,30,17,20.67942236,17.07,0.6865,1.651411411,2.0630594456398903,Klebsiella pneumoniae,2.1620435994070197,-0.09898415376712943,115.62705000992334,145.22574043433804
76,CeO2,Bacillus subtilis,non-pathogenic,chemical_synthesis,MIC,hexagonal,Bacteria,Bacillota,Bacilli,Bacillales,Bacillaceae,Bacillus,p,soil,172.115,41.23,24,0.16,30,16,39.19032095,34.14,1.373,4.456551526,2.717907863064295,Klebsiella pneumoniae,2.8193741212185945,-0.10146625815429955,522.285372765506,659.7419825738635
77,ZnO,Bacillus subtilis,non-pathogenic,green_synthesis,MIC,hexagonal,Bacteria,Bacillota,Bacilli,Bacillales,Bacillaceae,Bacillus,p,soil,81.3794,27.43,18,0.16,30,8,22.60496136,17.07,0.6865,4.082482905,1.5857531902118094,Klebsiella pneumoniae,1.7060716784785388,-0.12031848826672942,38.52593523436173,50.82433190618818
78,Ag,Bacillus subtilis,non-pathogenic,chemical_synthesis,MBEC,rod-shaped,Bacteria,Bacillota,Bacilli,Bacillales,Bacillaceae,Bacillus,p,soil,107.8682,18.0,0,0.16,30,11,23.00188061,0.0,0.0,1.78376517,1.9387542999318674,Klebsiella pneumoniae,2.0906008860722998,-0.15184658614043234,86.84689580320703,123.19721381062827
79,Au,Bacillus subtilis,non-pathogenic,green_synthesis,MBEC,tetragonal,Bacteria,Bacillota,Bacilli,Bacillales,Bacillaceae,Bacillus,p,soil,196.966569,22.5,3,0.16,30,11,23.00188061,0.0,0.0,2.46797672,0.6847498330107666,Klebsiella pneumoniae,0.8748204844358242,-0.19007065142505752,4.8389354970901275,7.495843047184171
80,Ag,Bacillus subtilis,non-pathogenic,chemical_synthesis,MBC,quasi-hexagonal,Bacteria,Bacillota,Bacilli,Bacillales,Bacillaceae,Bacillus,p,soil,107.8682,0.8,24,0.16,30,11,23.00188061,0.0,0.0,1.78376517,0.8487275973091339,Klebsiella pneumoniae,1.0673680732190087,-0.2186404759098748,7.058746693482905,11.677989306116038
