,np,bacteria,bac_type,np_synthesis,method,shape,kingdom,phylum,class,order,family,genus,gram,isolated_from,mol_weight (g/mol),np_size_avg (nm),time_set,"min_Incub_period, h","growth_temp, C",Valance_electron,labuteASA,tpsa,CrippenMR,chi0v,pred_MIC_norm,pathogenic_bacteria,pred_MIC_pathogen,Fitness,pred_norm_MIC_original,pred_path_MIC_original
0,Ag,Bacillus subtilis,non-pathogenic,chemical_synthesis,MIC,tetragonal,Bacteria,Bacillota,Bacilli,Bacillales,Bacillaceae,Bacillus,p,soil,107.87,0.8,18,0.16,30,11,23.00188061,0.0,0.0,1.78376517,0.024305854092371737,Klebsiella pneumoniae,-0.9937386157262282,1.0180444698186,1.0575620404457016,0.10145218016430127
1,ZnO,Bacillus subtilis,non-pathogenic,green_synthesis,MIC,cubic,Bacteria,Bacillota,Bacilli,Bacillales,Bacillaceae,Bacillus,p,soil,81.3794,4.0,4,0.16,30,8,22.60496136,17.07,0.6865,4.082482905,1.407865834984728,Klebsiella pneumoniae,0.5801545684598743,0.8277112665248536,25.57795594347584,3.8032473248215104
2,Ag,Bacillus subtilis,non-pathogenic,chemical_synthesis,MIC,spheroidal,Bacteria,Bacillota,Bacilli,Bacillales,Bacillaceae,Bacillus,p,soil,107.87,1.4,2,0.16,30,11,23.00188061,0.0,0.0,1.78376517,0.9975484790951428,Klebsiella pneumoniae,0.1853474042741312,0.8122010748210116,9.94371066657431,1.5323127112546697
3,CeO2,Bacillus subtilis,non-pathogenic,chemical_synthesis,MIC,hexagonal,Bacteria,Bacillota,Bacilli,Bacillales,Bacillaceae,Bacillus,p,soil,172.115,4.0,0,0.16,30,16,39.19032095,34.14,1.373,4.456551526,2.5209043813544194,Klebsiella pneumoniae,1.7249881013753425,0.7959162799790769,331.82139237102484,53.086989947283485
4,ZrO2,Bacillus subtilis,non-pathogenic,chemical_synthesis,MIC,spheroidal,Bacteria,Bacillota,Bacilli,Bacillales,Bacillaceae,Bacillus,p,soil,123.2218,3.0,0,0.16,30,16,29.29254423,34.14,1.373,3.774536472,1.628522552137037,Klebsiella pneumoniae,0.8336479100437901,0.7948746420932469,42.513078251392365,6.817857346819985
5,ZnO,Bacillus subtilis,non-pathogenic,green_synthesis,MBC,quasi-spherical,Bacteria,Bacillota,Bacilli,Bacillales,Bacillaceae,Bacillus,p,soil,81.3794,4.7,2,0.16,30,8,22.60496136,17.07,0.6865,4.082482905,2.078970087582796,Klebsiella pneumoniae,1.2906475961127268,0.7883224914700693,119.94166894172588,19.527542699179868
6,Ag,Bacillus subtilis,non-pathogenic,chemical_synthesis,MIC,spherical,Bacteria,Bacillota,Bacilli,Bacillales,Bacillaceae,Bacillus,p,soil,107.87,1.4,0,0.16,30,11,23.00188061,0.0,0.0,1.78376517,1.1200656812414822,Klebsiella pneumoniae,0.33711836998513567,0.7829473112563465,13.184561223628144,2.1732934444084475
7,ZnO,Bacillus subtilis,non-pathogenic,green_synthesis,MIC,spherical,Bacteria,Bacillota,Bacilli,Bacillales,Bacillaceae,Bacillus,p,soil,81.3794,4.0,4,0.16,30,8,22.60496136,17.07,0.6865,4.082482905,1.0088831221286227,Klebsiella pneumoniae,0.23036540658385185,0.7785177155447709,10.206647641715245,1.6996731215651986
8,TiO2,Bacillus subtilis,non-pathogenic,green_synthesis,MIC,quasi-hexagonal,Bacteria,Bacillota,Bacilli,Bacillales,Bacillaceae,Bacillus,p,soil,79.866,4.0,0,0.16,30,16,26.40611331,34.14,1.373,2.878049394,1.544971540491587,Klebsiella pneumoniae,0.7999660779583038,0.7450054625332831,35.07288897810878,6.309080633440734
9,ZnO,Bacillus subtilis,non-pathogenic,green_synthesis,MBC,quasi-spherical,Bacteria,Bacillota,Bacilli,Bacillales,Bacillaceae,Bacillus,p,soil,81.3794,8.0,0,0.16,30,8,22.60496136,17.07,0.6865,4.082482905,2.2656557745582644,Klebsiella pneumoniae,1.5222637466839957,0.7433920278742687,184.35536239061463,33.28616385257893
10,Ag,Bacillus subtilis,non-pathogenic,chemical_synthesis,MIC,quasi-spherical,Bacteria,Bacillota,Bacilli,Bacillales,Bacillaceae,Bacillus,p,soil,107.87,4.0,2,0.16,30,11,23.00188061,0.0,0.0,1.78376517,1.041893744708151,Klebsiella pneumoniae,0.29952818918048196,0.7423655555276691,11.012698378609882,1.9930958698066377
11,ZnO,Bacillus subtilis,non-pathogenic,chemical_synthesis,MIC,quasi-hexagonal,Bacteria,Bacillota,Bacilli,Bacillales,Bacillaceae,Bacillus,p,soil,81.3794,1.9,0,0.16,30,8,22.60496136,17.07,0.6865,4.082482905,0.7296726406440353,Klebsiella pneumoniae,0.024354329094733895,0.7053183115493014,5.366271489491252,1.0576800898009506
12,TiO2,Bacillus subtilis,non-pathogenic,green_synthesis,MIC,spherical,Bacteria,Bacillota,Bacilli,Bacillales,Bacillaceae,Bacillus,p,soil,79.866,4.0,0,0.16,30,16,26.40611331,34.14,1.373,2.878049394,2.068776663719629,Klebsiella pneumoniae,1.3695003355055557,0.6992763282140735,117.15927181247103,23.41533284073527
13,ZnO,Bacillus subtilis,non-pathogenic,green_synthesis,MBC,nanoplates,Bacteria,Bacillota,Bacilli,Bacillales,Bacillaceae,Bacillus,p,soil,81.3794,8.7,4,0.16,30,8,22.60496136,17.07,0.6865,4.082482905,2.470561703464321,Klebsiella pneumoniae,1.7863675923283253,0.6841941111359957,295.5028701678419,61.14593528483552
14,Ag,Bacillus subtilis,non-pathogenic,chemical_synthesis,MIC,spheroidal,Bacteria,Bacillota,Bacilli,Bacillales,Bacillaceae,Bacillus,p,soil,107.87,41.23,18,0.16,30,11,23.00188061,0.0,0.0,1.78376517,0.7531246744322511,Klebsiella pneumoniae,0.10389778861699539,0.6492268858152557,5.664018646611268,1.2702751102616308
15,ZnO,Bacillus subtilis,non-pathogenic,chemical_synthesis,MBC,quasi-spherical,Bacteria,Bacillota,Bacilli,Bacillales,Bacillaceae,Bacillus,p,soil,81.3794,6.0,3,0.16,30,8,22.60496136,17.07,0.6865,4.082482905,1.6770247488278622,Klebsiella pneumoniae,1.0305485390807532,0.6464762097471091,47.53623143019102,10.728735512376144
16,Ag,Bacillus subtilis,non-pathogenic,chemical_synthesis,MIC,spheroidal,Bacteria,Bacillota,Bacilli,Bacillales,Bacillaceae,Bacillus,p,soil,107.87,60.0,18,0.16,30,11,23.00188061,0.0,0.0,1.78376517,0.5492343338446153,Klebsiella pneumoniae,-0.08530498946060638,0.6345393233052217,3.541884002499187,0.821665421089512
17,ZnO,Bacillus subtilis,non-pathogenic,green_synthesis,MBEC,quasi-spherical,Bacteria,Bacillota,Bacilli,Bacillales,Bacillaceae,Bacillus,p,soil,81.3794,10.4,4,0.16,30,8,22.60496136,17.07,0.6865,4.082482905,2.278680176844711,Klebsiella pneumoniae,1.6456043253022448,0.6330758515424662,189.96788031644218,44.21853249424601
18,TiO2,Bacillus subtilis,non-pathogenic,green_synthesis,MBC,quasi-hexagonal,Bacteria,Bacillota,Bacilli,Bacillales,Bacillaceae,Bacillus,p,soil,79.866,1.9,0,0.16,30,16,26.40611331,34.14,1.373,2.878049394,1.9430947304502757,Klebsiella pneumoniae,1.3127226813999266,0.630372049050349,87.7192137744618,20.545782267642505
19,Ag,Bacillus subtilis,non-pathogenic,green_synthesis,MIC,quasi-hexagonal,Bacteria,Bacillota,Bacilli,Bacillales,Bacillaceae,Bacillus,p,soil,107.87,1.4,24,0.16,30,11,23.00188061,0.0,0.0,1.78376517,1.9276572388719064,Klebsiella pneumoniae,1.2991716698503402,0.6284855690215663,84.65590149998549,19.914603767214828
20,ZnO,Bacillus subtilis,non-pathogenic,green_synthesis,MBEC,quasi-hexagonal,Bacteria,Bacillota,Bacilli,Bacillales,Bacillaceae,Bacillus,p,soil,81.3794,3.0,4,0.16,30,8,22.60496136,17.07,0.6865,4.082482905,1.069853824562839,Klebsiella pneumoniae,0.4442756293832104,0.6255781951796286,11.74502172838971,2.78147800082832
21,CuO,Bacillus subtilis,non-pathogenic,green_synthesis,MBC,quasi-spherical,Bacteria,Bacillota,Bacilli,Bacillales,Bacillaceae,Bacillus,p,soil,79.5454,4.7,4,0.16,30,17,20.67942236,17.07,0.6865,1.651411411,3.1499206008747507,Klebsiella pneumoniae,2.530986192669522,0.6189344082052286,1412.2793235342506,339.6144752074556
22,ZnO,Bacillus subtilis,non-pathogenic,green_synthesis,MBC,hexagonal,Bacteria,Bacillota,Bacilli,Bacillales,Bacillaceae,Bacillus,p,soil,81.3794,10.0,3,0.16,30,8,22.60496136,17.07,0.6865,4.082482905,2.526813970243419,Klebsiella pneumoniae,1.9197383429186665,0.6070756273247526,336.36745573307604,83.12627945967168
23,Ag,Bacillus subtilis,non-pathogenic,chemical_synthesis,MIC,spheroidal,Bacteria,Bacillota,Bacilli,Bacillales,Bacillaceae,Bacillus,p,soil,107.87,5.1,24,0.16,30,11,23.00188061,0.0,0.0,1.78376517,1.5653888591139729,Klebsiella pneumoniae,0.961877205550228,0.6035116535637448,36.761130543515314,9.159614702822529
24,ZnO,Bacillus subtilis,non-pathogenic,chemical_synthesis,MBC,quasi-spherical,Bacteria,Bacillota,Bacilli,Bacillales,Bacillaceae,Bacillus,p,soil,81.3794,5.1,2,0.16,30,8,22.60496136,17.07,0.6865,4.082482905,1.6293462592194556,Klebsiella pneumoniae,1.034160618937701,0.5951856402817546,42.59378743598383,10.8183398147083
25,CeO2,Bacillus subtilis,non-pathogenic,green_synthesis,MIC,nanoplates,Bacteria,Bacillota,Bacilli,Bacillales,Bacillaceae,Bacillus,p,soil,172.115,0.8,1,0.16,30,16,39.19032095,34.14,1.373,4.456551526,2.6030164138305487,Klebsiella pneumoniae,2.014292331767415,0.5887240820631336,400.8818683671579,103.34568108672589
26,ZnO,Bacillus subtilis,non-pathogenic,green_synthesis,MBEC,spheroidal,Bacteria,Bacillota,Bacilli,Bacillales,Bacillaceae,Bacillus,p,soil,81.3794,12.0,18,0.16,30,8,22.60496136,17.07,0.6865,4.082482905,2.488432144493925,Klebsiella pneumoniae,1.9007251070656275,0.5877070374282973,307.9159206608079,79.56555693679364
27,Ag,Bacillus subtilis,non-pathogenic,chemical_synthesis,MIC,cubic,Bacteria,Bacillota,Bacilli,Bacillales,Bacillaceae,Bacillus,p,soil,107.87,6.0,1,0.16,30,11,23.00188061,0.0,0.0,1.78376517,1.9822120315407743,Klebsiella pneumoniae,1.3952588193381676,0.5869532122026067,95.98691450899815,24.84613378327578
28,ZnO,Bacillus subtilis,non-pathogenic,green_synthesis,MBC,rod-shaped,Bacteria,Bacillota,Bacilli,Bacillales,Bacillaceae,Bacillus,p,soil,81.3794,11.3,3,0.16,30,8,22.60496136,17.07,0.6865,4.082482905,2.1835505249220097,Klebsiella pneumoniae,1.5973589438517957,0.5861915810702141,152.5985914527081,39.56935251650152
29,Ag,Bacillus subtilis,non-pathogenic,green_synthesis,MIC,nanoplates,Bacteria,Bacillota,Bacilli,Bacillales,Bacillaceae,Bacillus,p,soil,107.87,1.4,2,0.16,30,11,23.00188061,0.0,0.0,1.78376517,1.955426415523102,Klebsiella pneumoniae,1.3701925171110507,0.5852338984120513,90.24567871841742,23.452682119077195
30,ZnO,Bacillus subtilis,non-pathogenic,green_synthesis,MBC,hexagonal,Bacteria,Bacillota,Bacilli,Bacillales,Bacillaceae,Bacillus,p,soil,81.3794,11.3,2,0.16,30,8,22.60496136,17.07,0.6865,4.082482905,2.5034176029762,Klebsiella pneumoniae,1.9280851736494773,0.5753324293267226,318.7260811577343,84.7393588315968
31,TiO2,Bacillus subtilis,non-pathogenic,green_synthesis,MBEC,quasi-spherical,Bacteria,Bacillota,Bacilli,Bacillales,Bacillaceae,Bacillus,p,soil,79.866,9.0,3,0.16,30,16,26.40611331,34.14,1.373,2.878049394,2.9715231038708616,Klebsiella pneumoniae,2.4008517206634643,0.5706713832073973,936.5330408425515,251.68174746531437
32,ZnO,Bacillus subtilis,non-pathogenic,green_synthesis,MIC,nanoplates,Bacteria,Bacillota,Bacilli,Bacillales,Bacillaceae,Bacillus,p,soil,81.3794,0.8,24,0.16,30,8,22.60496136,17.07,0.6865,4.082482905,2.59540079037857,Klebsiella pneumoniae,2.0304164329078582,0.5649843574707116,393.9134323347493,107.25472480715939
33,Ag,Bacillus subtilis,non-pathogenic,chemical_synthesis,MIC,nanoplates,Bacteria,Bacillota,Bacilli,Bacillales,Bacillaceae,Bacillus,p,soil,107.87,6.0,2,0.16,30,11,23.00188061,0.0,0.0,1.78376517,2.0548525738439096,Klebsiella pneumoniae,1.489967771513404,0.5648848023305055,113.4625588848615,30.900661138053618
34,ZnO,Bacillus subtilis,non-pathogenic,green_synthesis,MBC,spherical,Bacteria,Bacillota,Bacilli,Bacillales,Bacillaceae,Bacillus,p,soil,81.3794,0.8,0,0.16,30,8,22.60496136,17.07,0.6865,4.082482905,1.762375217186713,Klebsiella pneumoniae,1.19798780523046,0.5643874119562531,57.85957205792966,15.77566971794225
35,CeO2,Bacillus subtilis,non-pathogenic,chemical_synthesis,MIC,rod-shaped,Bacteria,Bacillota,Bacilli,Bacillales,Bacillaceae,Bacillus,p,soil,172.115,1.9,18,0.16,30,16,39.19032095,34.14,1.373,4.456551526,2.191550838824417,Klebsiella pneumoniae,1.6374538206953855,0.5540970181290314,155.43572342979718,43.396411701503226
36,ZnO,Bacillus subtilis,non-pathogenic,chemical_synthesis,MBC,hexagonal,Bacteria,Bacillota,Bacilli,Bacillales,Bacillaceae,Bacillus,p,soil,81.3794,4.7,4,0.16,30,8,22.60496136,17.07,0.6865,4.082482905,1.711848701085248,Klebsiella pneumoniae,1.1586976968311338,0.5531510042541141,51.50491811970574,14.411118749343911
37,Au,Bacillus subtilis,non-pathogenic,chemical_synthesis,MIC,cubic,Bacteria,Bacillota,Bacilli,Bacillales,Bacillaceae,Bacillus,p,soil,196.966569,4.0,1,0.16,30,11,23.00188061,0.0,0.0,2.46797672,1.9355646654986545,Klebsiella pneumoniae,1.3878635707787517,0.5477010947199028,86.21139360292912,24.426630942372192
38,ZnO,Bacillus subtilis,non-pathogenic,chemical_synthesis,MBEC,quasi-spherical,Bacteria,Bacillota,Bacilli,Bacillales,Bacillaceae,Bacillus,p,soil,81.3794,4.7,1,0.16,30,8,22.60496136,17.07,0.6865,4.082482905,1.841127388729277,Klebsiella pneumoniae,1.3016206724684634,0.5395067162608136,69.3629233857657,20.02722017875893
39,Ag,Bacillus subtilis,non-pathogenic,chemical_synthesis,MIC,spherical,Bacteria,Bacillota,Bacilli,Bacillales,Bacillaceae,Bacillus,p,soil,107.87,6.0,4,0.16,30,11,23.00188061,0.0,0.0,1.78376517,1.3432691832880086,Klebsiella pneumoniae,0.8112328426546854,0.5320363406333232,22.042922985045884,6.474896678331604
40,TiO2,Bacillus subtilis,non-pathogenic,green_synthesis,MIC,hexagonal,Bacteria,Bacillota,Bacilli,Bacillales,Bacillaceae,Bacillus,p,soil,79.866,4.0,24,0.16,30,16,26.40611331,34.14,1.373,2.878049394,3.4057061687521513,Klebsiella pneumoniae,2.8777017111604026,0.5280044575917486,2545.107722718184,754.5737816303656
41,Ag,Bacillus subtilis,non-pathogenic,chemical_synthesis,MIC,rod-shaped,Bacteria,Bacillota,Bacilli,Bacillales,Bacillaceae,Bacillus,p,soil,107.87,6.0,3,0.16,30,11,23.00188061,0.0,0.0,1.78376517,1.366703103743351,Klebsiella pneumoniae,0.8595077242998003,0.5071953794435508,23.265002511027017,7.236152722839698
42,ZnO,Bacillus subtilis,non-pathogenic,chemical_synthesis,MIC,nanoplates,Bacteria,Bacillota,Bacilli,Bacillales,Bacillaceae,Bacillus,p,soil,81.3794,6.0,1,0.16,30,8,22.60496136,17.07,0.6865,4.082482905,2.088084462150303,Klebsiella pneumoniae,1.6323657884399347,0.45571867371036845,122.48543873618583,42.89096212984271
43,ZnO,Bacillus subtilis,non-pathogenic,chemical_synthesis,MBC,nanoplates,Bacteria,Bacillota,Bacilli,Bacillales,Bacillaceae,Bacillus,p,soil,81.3794,8.7,1,0.16,30,8,22.60496136,17.07,0.6865,4.082482905,1.9656729789760623,Klebsiella pneumoniae,1.5336838627352445,0.4319891162408178,92.40021440925965,34.17305949913421
44,ZnO,Bacillus subtilis,non-pathogenic,green_synthesis,MBC,cubic,Bacteria,Bacillota,Bacilli,Bacillales,Bacillaceae,Bacillus,p,soil,81.3794,28.0,3,0.16,30,8,22.60496136,17.07,0.6865,4.082482905,2.1770821715211537,Klebsiella pneumoniae,1.8132124537101293,0.3638697178110244,150.34263978586443,65.04478068753033
45,ZnO,Bacillus subtilis,non-pathogenic,green_synthesis,MBEC,quasi-spherical,Bacteria,Bacillota,Bacilli,Bacillales,Bacillaceae,Bacillus,p,soil,81.3794,40.0,3,0.16,30,8,22.60496136,17.07,0.6865,4.082482905,1.1120844823429568,Klebsiella pneumoniae,0.8061095315938684,0.3059749507490883,12.944476229869139,6.398962006761417
46,Ag,Bacillus subtilis,non-pathogenic,chemical_synthesis,MIC,hexagonal,Bacteria,Bacillota,Bacilli,Bacillales,Bacillaceae,Bacillus,p,soil,107.87,13.0,4,0.16,30,11,23.00188061,0.0,0.0,1.78376517,1.8892063535532528,Klebsiella pneumoniae,1.583818597414332,0.3053877561389209,77.48298681414242,38.35470064045918
47,ZrO2,Bacillus subtilis,non-pathogenic,green_synthesis,MBEC,spherical,Bacteria,Bacillota,Bacilli,Bacillales,Bacillaceae,Bacillus,p,soil,123.2218,6.0,18,0.16,30,16,29.29254423,34.14,1.373,3.774536472,2.7779733640571322,Klebsiella pneumoniae,2.5091224964447636,0.26885086761236865,599.7542912821809,322.940487431873
48,ZnO,Bacillus subtilis,non-pathogenic,chemical_synthesis,MBEC,quasi-hexagonal,Bacteria,Bacillota,Bacilli,Bacillales,Bacillaceae,Bacillus,p,soil,81.3794,27.43,4,0.16,30,8,22.60496136,17.07,0.6865,4.082482905,0.8267052880042355,Klebsiella pneumoniae,0.5972716946711345,0.22943359333310098,6.709733762374623,3.956140388495588
49,Ag,Bacillus subtilis,non-pathogenic,chemical_synthesis,MIC,cubic,Bacteria,Bacillota,Bacilli,Bacillales,Bacillaceae,Bacillus,p,soil,107.8682,8.0,0,0.16,30,11,23.00188061,0.0,0.0,1.78376517,2.4585926491044656,Klebsiella pneumoniae,2.2481414443301433,0.21045120477432233,287.4700795159315,177.06855547566101
50,Pd,Bacillus subtilis,non-pathogenic,chemical_synthesis,MIC,spherical,Bacteria,Bacillota,Bacilli,Bacillales,Bacillaceae,Bacillus,p,soil,195.084,40.0,4,0.16,30,10,21.14774404,0.0,0.0,1.870828693,0.9602291912278452,Klebsiella pneumoniae,0.7724001668196456,0.1878290244081996,9.124922639585419,5.921069610026291
51,ZnO,Bacillus subtilis,non-pathogenic,chemical_synthesis,MBEC,spherical,Bacteria,Bacillota,Bacilli,Bacillales,Bacillaceae,Bacillus,p,soil,81.3794,22.5,1,0.16,30,8,22.60496136,17.07,0.6865,4.082482905,1.783087418795543,Klebsiella pneumoniae,1.6461202896785472,0.13696712911699582,60.68584713607806,44.27109762383582
52,Ag,Bacillus subtilis,non-pathogenic,chemical_synthesis,MBC,triangular,Bacteria,Bacillota,Bacilli,Bacillales,Bacillaceae,Bacillus,p,soil,107.8682,8.7,18,0.16,30,11,23.00188061,0.0,0.0,1.78376517,0.5337772470956328,Klebsiella pneumoniae,0.4043673623976707,0.1294098846979621,3.4180408366225916,2.5372739603884282
53,Au,Bacillus subtilis,non-pathogenic,green_synthesis,MBEC,rod-shaped,Bacteria,Bacillota,Bacilli,Bacillales,Bacillaceae,Bacillus,p,soil,196.966569,11.3,4,0.16,30,11,23.00188061,0.0,0.0,2.46797672,1.7280475595427827,Klebsiella pneumoniae,1.6084683698714153,0.11957918967136738,53.46229026889106,40.59460966893319
54,ZnO,Bacillus subtilis,non-pathogenic,chemical_synthesis,MIC,spheroidal,Bacteria,Bacillota,Bacilli,Bacillales,Bacillaceae,Bacillus,p,soil,81.3794,13.0,24,0.16,30,8,22.60496136,17.07,0.6865,4.082482905,1.7085677645162687,Klebsiella pneumoniae,1.6186875465154895,0.08988021800077917,51.11728329345375,41.56114909131253
55,Ag,Bacillus subtilis,non-pathogenic,chemical_synthesis,MBEC,spherical,Bacteria,Bacillota,Bacilli,Bacillales,Bacillaceae,Bacillus,p,soil,107.87,10.4,3,0.16,30,11,23.00188061,0.0,0.0,1.78376517,1.8610173395305583,Klebsiella pneumoniae,1.7923073593209353,0.06870998020962293,72.61349483348893,61.98796216940584
56,Au,Bacillus subtilis,non-pathogenic,chemical_synthesis,MBEC,triangular,Bacteria,Bacillota,Bacilli,Bacillales,Bacillaceae,Bacillus,p,soil,196.966569,18.0,24,0.16,30,11,23.00188061,0.0,0.0,2.46797672,0.33327492116182467,Klebsiella pneumoniae,0.26587001090958395,0.06740491025224071,2.1541449402164607,1.8444632685131328
57,Ag,Bacillus subtilis,non-pathogenic,chemical_synthesis,MBEC,spheroidal,Bacteria,Bacillota,Bacilli,Bacillales,Bacillaceae,Bacillus,p,soil,107.87,30.0,2,0.16,30,11,23.00188061,0.0,0.0,1.78376517,1.4481593158115023,Klebsiella pneumoniae,1.418909159319147,0.029250156492355295,28.064629670002205,26.236696971994892
58,Ag,Bacillus subtilis,non-pathogenic,chemical_synthesis,MIC,rod-shaped,Bacteria,Bacillota,Bacilli,Bacillales,Bacillaceae,Bacillus,p,soil,107.87,26.06,18,0.16,30,11,23.00188061,0.0,0.0,1.78376517,0.7021928535009279,Klebsiella pneumoniae,0.6785547988256111,0.023638054675316766,5.037242437221836,4.770400027328031
59,ZnO,Bacillus subtilis,non-pathogenic,chemical_synthesis,MIC,quasi-spherical,Bacteria,Bacillota,Bacilli,Bacillales,Bacillaceae,Bacillus,p,soil,81.3794,28.0,1,0.16,30,8,22.60496136,17.07,0.6865,4.082482905,1.2911368656083597,Klebsiella pneumoniae,1.272439174093006,0.01869769151535361,19.5495545257452,18.725747977666014
60,CeO2,Bacillus subtilis,non-pathogenic,chemical_synthesis,MBEC,tetragonal,Bacteria,Bacillota,Bacilli,Bacillales,Bacillaceae,Bacillus,p,soil,172.115,50.0,4,0.16,30,16,39.19032095,34.14,1.373,4.456551526,1.116192326396777,Klebsiella pneumoniae,1.1322137858057146,-0.01602145940893762,13.06749451257402,13.558566821254452
61,ZnO,Bacillus subtilis,non-pathogenic,chemical_synthesis,MIC,rod-shaped,Bacteria,Bacillota,Bacilli,Bacillales,Bacillaceae,Bacillus,p,soil,81.3794,26.38,4,0.16,30,8,22.60496136,17.07,0.6865,4.082482905,1.0675114576818974,Klebsiella pneumoniae,1.1144873767854633,-0.04697591910356591,11.681845488354492,13.016294818335648
62,Ag,Bacillus subtilis,non-pathogenic,green_synthesis,MIC,hexagonal,Bacteria,Bacillota,Bacilli,Bacillales,Bacillaceae,Bacillus,p,soil,107.8682,44.45,18,0.16,30,11,23.00188061,0.0,0.0,1.78376517,0.9195095293854042,Klebsiella pneumoniae,0.992774669085157,-0.07326513969975279,8.308249486463612,9.835006903155058
63,Ag,Bacillus subtilis,non-pathogenic,chemical_synthesis,MBC,hexagonal,Bacteria,Bacillota,Bacilli,Bacillales,Bacillaceae,Bacillus,p,soil,107.87,35.0,2,0.16,30,11,23.00188061,0.0,0.0,1.78376517,1.5972893959180117,Klebsiella pneumoniae,1.71121626227312,-0.11392686635510829,39.56301638632926,51.4299689677774
64,Ag2O,Bacillus subtilis,non-pathogenic,chemical_synthesis,MBC,nanoplates,Bacteria,Bacillota,Bacilli,Bacillales,Bacillaceae,Bacillus,p,soil,231.7358,3.0,2,0.16,30,28,46.55109718,17.07,0.6865,3.975778631,2.0062363661793388,Klebsiella pneumoniae,2.1259536494212763,-0.11971728324193753,101.44633604878858,133.64528744626432
65,ZnO,Bacillus subtilis,non-pathogenic,chemical_synthesis,MIC,spherical,Bacteria,Bacillota,Bacilli,Bacillales,Bacillaceae,Bacillus,p,soil,81.3794,40.0,2,0.16,30,8,22.60496136,17.07,0.6865,4.082482905,1.0441502565601337,Klebsiella pneumoniae,1.1651260101248804,-0.12097575356474666,11.070067182713506,14.626014853067703
66,Ag,Bacillus subtilis,non-pathogenic,chemical_synthesis,MIC,quasi-spherical,Bacteria,Bacillota,Bacilli,Bacillales,Bacillaceae,Bacillus,p,soil,107.8682,28.0,3,0.16,30,11,23.00188061,0.0,0.0,1.78376517,1.7389480289794799,Klebsiella pneumoniae,1.8814784902406552,-0.1425304612611753,54.821135780468374,76.11644390807976
67,Ag,Bacillus subtilis,non-pathogenic,green_synthesis,MBEC,rod-shaped,Bacteria,Bacillota,Bacilli,Bacillales,Bacillaceae,Bacillus,p,soil,107.87,37.86,24,0.16,30,11,23.00188061,0.0,0.0,1.78376517,1.1098936105981743,Klebsiella pneumoniae,1.2755655070838698,-0.16567189648569558,12.87934007013367,18.86103439645373
68,Cu,Bacillus subtilis,non-pathogenic,green_synthesis,MBEC,quasi-spherical,Bacteria,Bacillota,Bacilli,Bacillales,Bacillaceae,Bacillus,p,soil,63.55,27.43,24,0.16,30,11,17.96409803,0.0,0.0,1.243163121,2.3355912845671454,Klebsiella pneumoniae,2.5263790604920238,-0.1907877759248784,216.56650336522824,336.03078034639833
69,Ag2O,Bacillus subtilis,non-pathogenic,chemical_synthesis,MBC,spheroidal,Bacteria,Bacillota,Bacilli,Bacillales,Bacillaceae,Bacillus,p,soil,231.7358,8.0,4,0.16,30,28,46.55109718,17.07,0.6865,3.975778631,2.0928656019560092,Klebsiella pneumoniae,2.2927569925025257,-0.1998913905465165,123.84132842177688,196.22619948417656
70,Al2O3,Bacillus subtilis,non-pathogenic,chemical_synthesis,MBEC,cubic,Bacteria,Bacillota,Bacilli,Bacillales,Bacillaceae,Bacillus,p,soil,101.961276,26.38,18,0.16,30,24,51.55776403,85.5,13.5675,4.688846487,3.001126513464029,Klebsiella pneumoniae,3.251951660133858,-0.250825146669829,1002.5972601606888,1786.2887379617198
