,np,bacteria,bac_type,np_synthesis,method,shape,kingdom,phylum,class,order,family,genus,gram,isolated_from,mol_weight (g/mol),np_size_avg (nm),time_set,"min_Incub_period, h","growth_temp, C",Valance_electron,labuteASA,tpsa,CrippenMR,chi0v,pred_MIC_norm,pathogenic_bacteria,pred_MIC_pathogen,Fitness,pred_norm_MIC_original,pred_path_MIC_original
0,Ag,Bacillus subtilis,non-pathogenic,green_synthesis,MIC,tetragonal,Bacteria,Bacillota,Bacilli,Bacillales,Bacillaceae,Bacillus,p,soil,107.87,1.4,24,0.16,30,11,23.00188061,0.0,0.0,1.78376517,1.6287460546919423,Klebsiella pneumoniae,0.8282746268741629,0.8004714278177795,42.53496254278879,6.734023488278553
1,CeO2,Bacillus subtilis,non-pathogenic,chemical_synthesis,MIC,hexagonal,Bacteria,Bacillota,Bacilli,Bacillales,Bacillaceae,Bacillus,p,soil,172.115,4.0,0,0.16,30,16,39.19032095,34.14,1.373,4.456551526,2.5209043813544194,Klebsiella pneumoniae,1.7249881013753425,0.7959162799790769,331.82139237102484,53.086989947283485
2,ZnO,Bacillus subtilis,non-pathogenic,green_synthesis,MBC,quasi-spherical,Bacteria,Bacillota,Bacilli,Bacillales,Bacillaceae,Bacillus,p,soil,81.3794,4.7,2,0.16,30,8,22.60496136,17.07,0.6865,4.082482905,2.078970087582796,Klebsiella pneumoniae,1.2906475961127268,0.7883224914700693,119.94166894172588,19.527542699179868
3,CeO2,Bacillus subtilis,non-pathogenic,green_synthesis,MIC,nanoplates,Bacteria,Bacillota,Bacilli,Bacillales,Bacillaceae,Bacillus,p,soil,172.115,0.8,1,0.16,30,16,39.19032095,34.14,1.373,4.456551526,2.6030164138305487,Klebsiella pneumoniae,2.014292331767415,0.5887240820631336,400.8818683671579,103.34568108672589
4,ZnO,Bacillus subtilis,non-pathogenic,green_synthesis,MBEC,nanoplates,Bacteria,Bacillota,Bacilli,Bacillales,Bacillaceae,Bacillus,p,soil,81.3794,3.0,1,0.16,30,8,22.60496136,17.07,0.6865,4.082482905,2.085558875672529,Klebsiella pneumoniae,1.5685109463331983,0.5170479293393306,121.77520677319775,37.02635377245058
5,Ag,Bacillus subtilis,non-pathogenic,chemical_synthesis,MIC,spheroidal,Bacteria,Bacillota,Bacilli,Bacillales,Bacillaceae,Bacillus,p,soil,107.8682,4.0,24,0.16,30,11,23.00188061,0.0,0.0,1.78376517,2.036508633295609,Klebsiella pneumoniae,1.53388419530576,0.5026244379898488,108.76987596685385,34.18882657964212
6,ZnO,Bacillus subtilis,non-pathogenic,chemical_synthesis,MBC,hexagonal,Bacteria,Bacillota,Bacilli,Bacillales,Bacillaceae,Bacillus,p,soil,81.3794,4.7,2,0.16,30,8,22.60496136,17.07,0.6865,4.082482905,1.7496623193582417,Klebsiella pneumoniae,1.2497406298278049,0.4999216895304368,56.190425315158116,17.772176997149227
7,Ag,Bacillus subtilis,non-pathogenic,green_synthesis,MBC,spheroidal,Bacteria,Bacillota,Bacilli,Bacillales,Bacillaceae,Bacillus,p,soil,107.87,1.9,18,0.16,30,11,23.00188061,0.0,0.0,1.78376517,1.2912487121181058,Klebsiella pneumoniae,0.8100524396644709,0.48119627245363483,19.554589890258924,6.457321944170029
8,CeO2,Bacillus subtilis,non-pathogenic,chemical_synthesis,MIC,quasi-spherical,Bacteria,Bacillota,Bacilli,Bacillales,Bacillaceae,Bacillus,p,soil,172.115,4.7,3,0.16,30,16,39.19032095,34.14,1.373,4.456551526,2.322852581753558,Klebsiella pneumoniae,1.8436225799651043,0.47923000178845365,210.30644479689113,69.76258745574239
9,Ag,Bacillus subtilis,non-pathogenic,chemical_synthesis,MBEC,spheroidal,Bacteria,Bacillota,Bacilli,Bacillales,Bacillaceae,Bacillus,p,soil,107.87,28.0,18,0.16,30,11,23.00188061,0.0,0.0,1.78376517,1.2316621972270183,Klebsiella pneumoniae,0.7580636333774907,0.4735985638495276,17.04755880590535,5.728799639345244
10,Ni,Bacillus subtilis,non-pathogenic,green_synthesis,MBEC,hexagonal,Bacteria,Bacillota,Bacilli,Bacillales,Bacillaceae,Bacillus,p,soil,58.6934,6.0,1,0.16,30,10,17.41523038,0.0,0.0,1.303840481,2.864594133761366,Klebsiella pneumoniae,2.391596298418161,0.4729978353432047,732.1399980762696,246.3748077597018
11,ZnO,Bacillus subtilis,non-pathogenic,green_synthesis,MIC,quasi-spherical,Bacteria,Bacillota,Bacilli,Bacillales,Bacillaceae,Bacillus,p,soil,81.3794,10.0,0,0.16,30,8,22.60496136,17.07,0.6865,4.082482905,1.602988127537907,Klebsiella pneumoniae,1.1321361748576584,0.4708519526802486,40.08557591416317,13.556144043049182
12,Au,Bacillus subtilis,non-pathogenic,green_synthesis,MIC,spherical,Bacteria,Bacillota,Bacilli,Bacillales,Bacillaceae,Bacillus,p,soil,196.966569,44.45,4,0.16,30,11,23.00188061,0.0,0.0,2.46797672,0.930073192914959,Klebsiella pneumoniae,0.4601070716755613,0.46996612123939774,8.512814950651968,2.8847426246517522
13,Pd,Bacillus subtilis,non-pathogenic,green_synthesis,MIC,spherical,Bacteria,Bacillota,Bacilli,Bacillales,Bacillaceae,Bacillus,p,soil,195.084,5.1,1,0.16,30,10,21.14774404,0.0,0.0,1.870828693,1.3228316366527868,Klebsiella pneumoniae,0.8674332838107114,0.4553983528420754,21.029630240815468,7.369419578373074
14,ZnO,Bacillus subtilis,non-pathogenic,green_synthesis,MBC,quasi-spherical,Bacteria,Bacillota,Bacilli,Bacillales,Bacillaceae,Bacillus,p,soil,81.3794,60.0,3,0.16,30,8,22.60496136,17.07,0.6865,4.082482905,0.8559262450106994,Klebsiella pneumoniae,0.40389333241080894,0.4520329125998904,7.17672400671017,2.5345060509702293
15,CeO2,Bacillus subtilis,non-pathogenic,chemical_synthesis,MIC,spheroidal,Bacteria,Bacillota,Bacilli,Bacillales,Bacillaceae,Bacillus,p,soil,172.115,9.0,18,0.16,30,16,39.19032095,34.14,1.373,4.456551526,2.5668364775330863,Klebsiella pneumoniae,2.117334291470509,0.4495021860625772,368.8386956550054,131.01900335055308
16,ZnO,Bacillus subtilis,non-pathogenic,chemical_synthesis,MBC,tetragonal,Bacteria,Bacillota,Bacilli,Bacillales,Bacillaceae,Bacillus,p,soil,81.3794,12.0,18,0.16,30,8,22.60496136,17.07,0.6865,4.082482905,1.0944534687931209,Klebsiella pneumoniae,0.649062247545716,0.44539122124740493,12.429494565408222,4.457201290061912
17,CuO,Bacillus subtilis,non-pathogenic,green_synthesis,MBC,cubic,Bacteria,Bacillota,Bacilli,Bacillales,Bacillaceae,Bacillus,p,soil,79.5454,10.4,1,0.16,30,17,20.67942236,17.07,0.6865,1.651411411,3.4657260145653384,Klebsiella pneumoniae,3.057450851766693,0.4082751627986454,2922.308185650779,1141.4341235046563
18,ZnO,Bacillus subtilis,non-pathogenic,green_synthesis,MIC,cubic,Bacteria,Bacillota,Bacilli,Bacillales,Bacillaceae,Bacillus,p,soil,81.3794,10.0,2,0.16,30,8,22.60496136,17.07,0.6865,4.082482905,1.9280101311746258,Klebsiella pneumoniae,1.520719894040702,0.40729023713392376,84.724717840046,33.168046532885256
19,ZnO,Bacillus subtilis,non-pathogenic,green_synthesis,MIC,spherical,Bacteria,Bacillota,Bacilli,Bacillales,Bacillaceae,Bacillus,p,soil,81.3794,10.0,0,0.16,30,8,22.60496136,17.07,0.6865,4.082482905,1.4573048309596932,Klebsiella pneumoniae,1.061160786976291,0.3961440439834023,28.661890399017878,11.512265236961069
20,CuO,Bacillus subtilis,non-pathogenic,green_synthesis,MIC,spherical,Bacteria,Bacillota,Bacilli,Bacillales,Bacillaceae,Bacillus,p,soil,79.5454,1.4,3,0.16,30,17,20.67942236,17.07,0.6865,1.651411411,2.244957052366541,Klebsiella pneumoniae,1.849937183247431,0.39501986911911025,175.7749780467279,70.7843393861059
21,Pd,Bacillus subtilis,non-pathogenic,chemical_synthesis,MIC,quasi-hexagonal,Bacteria,Bacillota,Bacilli,Bacillales,Bacillaceae,Bacillus,p,soil,195.084,25.0,2,0.16,30,10,21.14774404,0.0,0.0,1.870828693,0.7087455423311229,Klebsiella pneumoniae,0.3171530295290592,0.39159251280206364,5.113821236241293,2.0756447700956544
22,Ag,Bacillus subtilis,non-pathogenic,green_synthesis,MBC,spheroidal,Bacteria,Bacillota,Bacilli,Bacillales,Bacillaceae,Bacillus,p,soil,107.8682,40.0,18,0.16,30,11,23.00188061,0.0,0.0,1.78376517,1.0498440653949286,Klebsiella pneumoniae,0.6653539554556556,0.384490109939273,11.216156628657316,4.627580213462302
23,ZnO,Bacillus subtilis,non-pathogenic,green_synthesis,MBC,hexagonal,Bacteria,Bacillota,Bacilli,Bacillales,Bacillaceae,Bacillus,p,soil,81.3794,27.43,4,0.16,30,8,22.60496136,17.07,0.6865,4.082482905,2.119414730228221,Klebsiella pneumoniae,1.7383756042052751,0.38103912602294576,131.64814081933406,54.74892601104475
24,Au,Bacillus subtilis,non-pathogenic,green_synthesis,MIC,quasi-hexagonal,Bacteria,Bacillota,Bacilli,Bacillales,Bacillaceae,Bacillus,p,soil,196.966569,37.86,4,0.16,30,11,23.00188061,0.0,0.0,2.46797672,0.2543681508040112,Klebsiella pneumoniae,-0.10943231569045109,0.3638004664944623,1.7962556649551469,0.7772624448379569
25,Ag,Bacillus subtilis,non-pathogenic,chemical_synthesis,MIC,quasi-spherical,Bacteria,Bacillota,Bacilli,Bacillales,Bacillaceae,Bacillus,p,soil,107.87,20.0,3,0.16,30,11,23.00188061,0.0,0.0,1.78376517,1.1043379625721048,Klebsiella pneumoniae,0.7430341286255291,0.3613038339465757,12.715632350116914,5.533935954249873
26,Al2O3,Bacillus subtilis,non-pathogenic,chemical_synthesis,MIC,cubic,Bacteria,Bacillota,Bacilli,Bacillales,Bacillaceae,Bacillus,p,soil,101.961276,1.4,2,0.16,30,24,51.55776403,85.5,13.5675,4.688846487,2.697334577352068,Klebsiella pneumoniae,2.3366219414305016,0.36071263592156644,498.12068579979393,217.08106393458374
27,ZnO,Bacillus subtilis,non-pathogenic,green_synthesis,MBC,hexagonal,Bacteria,Bacillota,Bacilli,Bacillales,Bacillaceae,Bacillus,p,soil,81.3794,22.5,0,0.16,30,8,22.60496136,17.07,0.6865,4.082482905,2.297456001049005,Klebsiella pneumoniae,1.9413640706359847,0.3560919304130201,198.36086846248983,87.37034902730404
28,TiO2,Bacillus subtilis,non-pathogenic,green_synthesis,MBC,spheroidal,Bacteria,Bacillota,Bacilli,Bacillales,Bacillaceae,Bacillus,p,soil,79.866,18.0,0,0.16,30,16,26.40611331,34.14,1.373,2.878049394,2.848994164231692,Klebsiella pneumoniae,2.514310557069842,0.3346836071618502,706.3080632883431,326.82145345116777
29,ZnO,Bacillus subtilis,non-pathogenic,chemical_synthesis,MIC,spherical,Bacteria,Bacillota,Bacilli,Bacillales,Bacillaceae,Bacillus,p,soil,81.3794,8.0,1,0.16,30,8,22.60496136,17.07,0.6865,4.082482905,1.3244401070310228,Klebsiella pneumoniae,0.9932140782883171,0.3312260287427057,21.107660828186376,9.844962773441745
30,ZnO,Bacillus subtilis,non-pathogenic,green_synthesis,MBEC,cubic,Bacteria,Bacillota,Bacilli,Bacillales,Bacillaceae,Bacillus,p,soil,81.3794,10.4,18,0.16,30,8,22.60496136,17.07,0.6865,4.082482905,2.5194017697547846,Klebsiella pneumoniae,2.2037174094701397,0.31568436028464486,330.6753103016216,159.85175527637813
31,ZnO,Bacillus subtilis,non-pathogenic,green_synthesis,MBEC,spherical,Bacteria,Bacillota,Bacilli,Bacillales,Bacillaceae,Bacillus,p,soil,81.3794,20.0,3,0.16,30,8,22.60496136,17.07,0.6865,4.082482905,2.220903156971025,Klebsiella pneumoniae,1.9176195460220473,0.3032836109489776,166.304176847579,82.72171810763133
32,ZnO,Bacillus subtilis,non-pathogenic,green_synthesis,MBEC,spherical,Bacteria,Bacillota,Bacilli,Bacillales,Bacillaceae,Bacillus,p,soil,81.3794,18.0,2,0.16,30,8,22.60496136,17.07,0.6865,4.082482905,2.150512701197703,Klebsiella pneumoniae,1.855834407963897,0.2946782932338059,141.42060837545426,71.75206558332381
33,Pt,Bacillus subtilis,non-pathogenic,green_synthesis,MBC,quasi-spherical,Bacteria,Bacillota,Bacilli,Bacillales,Bacillaceae,Bacillus,p,soil,195.084,30.0,1,0.16,30,10,21.75656585,0.0,0.0,2.588435821,1.1252321394628284,Klebsiella pneumoniae,0.8327977058301569,0.2924344336326715,13.342344177307353,6.804523304812271
34,ZnO,Bacillus subtilis,non-pathogenic,green_synthesis,MBEC,rod-shaped,Bacteria,Bacillota,Bacilli,Bacillales,Bacillaceae,Bacillus,p,soil,81.3794,27.43,2,0.16,30,8,22.60496136,17.07,0.6865,4.082482905,1.7653890211925907,Klebsiella pneumoniae,1.4823841535130442,0.28300486767954647,58.262487289136814,30.36575988210003
35,Ni,Bacillus subtilis,non-pathogenic,green_synthesis,MBEC,hexagonal,Bacteria,Bacillota,Bacilli,Bacillales,Bacillaceae,Bacillus,p,soil,58.6934,0.8,1,0.16,30,10,17.41523038,0.0,0.0,1.303840481,2.0164801191813226,Klebsiella pneumoniae,1.7379606904559604,0.2785194287253623,103.86760535731716,54.696645276696145
36,Ag,Bacillus subtilis,non-pathogenic,green_synthesis,MIC,spheroidal,Bacteria,Bacillota,Bacilli,Bacillales,Bacillaceae,Bacillus,p,soil,107.87,28.0,3,0.16,30,11,23.00188061,0.0,0.0,1.78376517,1.1427635754593461,Klebsiella pneumoniae,0.8670686807250173,0.27569489473432884,13.891961641288063,7.363235328574983
37,Pd,Bacillus subtilis,non-pathogenic,chemical_synthesis,MIC,cubic,Bacteria,Bacillota,Bacilli,Bacillales,Bacillaceae,Bacillus,p,soil,195.084,60.0,3,0.16,30,10,21.14774404,0.0,0.0,1.870828693,1.6350968176814502,Klebsiella pneumoniae,1.3625796310391443,0.27251718664230595,43.161528650918456,23.045154869271325
38,ZnO,Bacillus subtilis,non-pathogenic,green_synthesis,MIC,quasi-spherical,Bacteria,Bacillota,Bacilli,Bacillales,Bacillaceae,Bacillus,p,soil,81.3794,13.0,4,0.16,30,8,22.60496136,17.07,0.6865,4.082482905,1.4809494056988333,Klebsiella pneumoniae,1.2159749320322744,0.2649744736665589,30.265608202377,16.44276810962154
39,Pd,Bacillus subtilis,non-pathogenic,green_synthesis,MBC,spheroidal,Bacteria,Bacillota,Bacilli,Bacillales,Bacillaceae,Bacillus,p,soil,195.084,37.86,24,0.16,30,10,21.14774404,0.0,0.0,1.870828693,1.8491297827403617,Klebsiella pneumoniae,1.5873622371245244,0.26176754561583726,70.65286587778868,38.66893731526017
40,ZnO,Bacillus subtilis,non-pathogenic,green_synthesis,MIC,quasi-hexagonal,Bacteria,Bacillota,Bacilli,Bacillales,Bacillaceae,Bacillus,p,soil,81.3794,79.0,4,0.16,30,8,22.60496136,17.07,0.6865,4.082482905,-0.08932469438815183,Klebsiella pneumoniae,-0.3419628013890592,0.2526381070009074,0.8140954090325991,0.45502703289640656
41,CuO,Bacillus subtilis,non-pathogenic,green_synthesis,MBEC,cubic,Bacteria,Bacillota,Bacilli,Bacillales,Bacillaceae,Bacillus,p,soil,79.5454,9.0,18,0.16,30,17,20.67942236,17.07,0.6865,1.651411411,3.634995924505982,Klebsiella pneumoniae,3.383534640324019,0.2514612841819628,4315.1502739762545,2418.4362302584395
42,Au,Bacillus subtilis,non-pathogenic,green_synthesis,MIC,hexagonal,Bacteria,Bacillota,Bacilli,Bacillales,Bacillaceae,Bacillus,p,soil,196.966569,41.23,0,0.16,30,11,23.00188061,0.0,0.0,2.46797672,1.538254673562317,Klebsiella pneumoniae,1.2898905512997145,0.24836412226260252,34.53461935843549,19.49353271690674
43,ZnO,Bacillus subtilis,non-pathogenic,chemical_synthesis,MBC,cubic,Bacteria,Bacillota,Bacilli,Bacillales,Bacillaceae,Bacillus,p,soil,81.3794,20.0,4,0.16,30,8,22.60496136,17.07,0.6865,4.082482905,1.7533533508904322,Klebsiella pneumoniae,1.5351213305443632,0.21823202034606903,56.67001803976055,34.286356029844406
44,Ag,Bacillus subtilis,non-pathogenic,green_synthesis,MBC,quasi-hexagonal,Bacteria,Bacillota,Bacilli,Bacillales,Bacillaceae,Bacillus,p,soil,107.87,3.0,0,0.16,30,11,23.00188061,0.0,0.0,1.78376517,0.7723137177607681,Klebsiella pneumoniae,0.5911566103601389,0.18115710740062918,5.919891101031874,3.9008262849870134
45,ZnO,Bacillus subtilis,non-pathogenic,chemical_synthesis,MBEC,triangular,Bacteria,Bacillota,Bacilli,Bacillales,Bacillaceae,Bacillus,p,soil,81.3794,50.0,18,0.16,30,8,22.60496136,17.07,0.6865,4.082482905,0.2529177492184862,Klebsiella pneumoniae,0.08233751120295318,0.17058023801553301,1.7902667643360752,1.2087528503625173
46,Ag,Bacillus subtilis,non-pathogenic,chemical_synthesis,MBEC,quasi-hexagonal,Bacteria,Bacillota,Bacilli,Bacillales,Bacillaceae,Bacillus,p,soil,107.8682,18.5,0,0.16,30,11,23.00188061,0.0,0.0,1.78376517,1.393872683695653,Klebsiella pneumoniae,1.2362183439201195,0.15765433977553345,24.766958913908688,17.22734471454778
47,ZnO,Bacillus subtilis,non-pathogenic,chemical_synthesis,MBEC,quasi-spherical,Bacteria,Bacillota,Bacilli,Bacillales,Bacillaceae,Bacillus,p,soil,81.3794,44.45,3,0.16,30,8,22.60496136,17.07,0.6865,4.082482905,1.4651105784115743,Klebsiella pneumoniae,1.331189980239296,0.13392059817227842,29.18169932762933,21.43828204388593
48,Ag,Bacillus subtilis,non-pathogenic,green_synthesis,MBC,nanoplates,Bacteria,Bacillota,Bacilli,Bacillales,Bacillaceae,Bacillus,p,soil,107.8682,18.0,1,0.16,30,11,23.00188061,0.0,0.0,1.78376517,1.6878741205517933,Klebsiella pneumoniae,1.5586239324929934,0.12925018805879995,48.73872013539971,36.192945803721834
49,ZnO,Bacillus subtilis,non-pathogenic,chemical_synthesis,MBEC,triangular,Bacteria,Bacillota,Bacilli,Bacillales,Bacillaceae,Bacillus,p,soil,81.3794,26.38,24,0.16,30,8,22.60496136,17.07,0.6865,4.082482905,0.5945873072990022,Klebsiella pneumoniae,0.4961912901730663,0.09839601712593593,3.9317627816739344,3.134666121285721
50,CuO,Bacillus subtilis,non-pathogenic,green_synthesis,MIC,hexagonal,Bacteria,Bacillota,Bacilli,Bacillales,Bacillaceae,Bacillus,p,soil,79.5454,10.0,1,0.16,30,17,20.67942236,17.07,0.6865,1.651411411,2.724317770319632,Klebsiella pneumoniae,2.6484223374463474,0.07589543287328482,530.051136851216,445.0638674183841
51,ZrO2,Bacillus subtilis,non-pathogenic,green_synthesis,MBC,spheroidal,Bacteria,Bacillota,Bacilli,Bacillales,Bacillaceae,Bacillus,p,soil,123.2218,27.43,24,0.16,30,16,29.29254423,34.14,1.373,3.774536472,2.5815816657442703,Klebsiella pneumoniae,2.52244718535858,0.059134480385690136,381.57654007350413,333.00226337239866
52,Ag,Bacillus subtilis,non-pathogenic,green_synthesis,MBEC,nanoplates,Bacteria,Bacillota,Bacilli,Bacillales,Bacillaceae,Bacillus,p,soil,107.87,37.86,2,0.16,30,11,23.00188061,0.0,0.0,1.78376517,1.4147018311495523,Klebsiella pneumoniae,1.3752189319955068,0.03948289915404546,25.983750124950003,23.725694391564947
53,Ag,Bacillus subtilis,non-pathogenic,chemical_synthesis,MBC,quasi-hexagonal,Bacteria,Bacillota,Bacilli,Bacillales,Bacillaceae,Bacillus,p,soil,107.87,45.26,3,0.16,30,11,23.00188061,0.0,0.0,1.78376517,0.11262217450946377,Klebsiella pneumoniae,0.07551118681378788,0.03711098769567589,1.2960512477510517,1.1899019789632999
54,CeO2,Bacillus subtilis,non-pathogenic,chemical_synthesis,MBEC,spheroidal,Bacteria,Bacillota,Bacilli,Bacillales,Bacillaceae,Bacillus,p,soil,172.115,38.0,4,0.16,30,16,39.19032095,34.14,1.373,4.456551526,2.215812724895995,Klebsiella pneumoniae,2.2262051321635368,-0.01039240726754187,164.36627952610468,168.34690334126003
55,Al2O3,Bacillus subtilis,non-pathogenic,chemical_synthesis,MIC,triangular,Bacteria,Bacillota,Bacilli,Bacillales,Bacillaceae,Bacillus,p,soil,101.961276,20.0,4,0.16,30,24,51.55776403,85.5,13.5675,4.688846487,0.6688008925878166,Klebsiella pneumoniae,0.6833383357224145,-0.014537443134597927,4.664454838692602,4.823234037986241
56,Ag,Bacillus subtilis,non-pathogenic,green_synthesis,MBEC,nanoplates,Bacteria,Bacillota,Bacilli,Bacillales,Bacillaceae,Bacillus,p,soil,107.87,13.0,1,0.16,30,11,23.00188061,0.0,0.0,1.78376517,2.4070029582114727,Klebsiella pneumoniae,2.4230919323113302,-0.016088974099857545,255.27186905312593,264.90608376754636
57,Au,Bacillus subtilis,non-pathogenic,chemical_synthesis,MBC,hexagonal,Bacteria,Bacillota,Bacilli,Bacillales,Bacillaceae,Bacillus,p,soil,196.966569,50.0,18,0.16,30,11,23.00188061,0.0,0.0,2.46797672,1.7389752398647575,Klebsiella pneumoniae,1.7565567511962334,-0.017581511331475896,54.824570727105176,57.089567278070135
58,Ag,Bacillus subtilis,non-pathogenic,chemical_synthesis,MBEC,cubic,Bacteria,Bacillota,Bacilli,Bacillales,Bacillaceae,Bacillus,p,soil,107.87,45.26,1,0.16,30,11,23.00188061,0.0,0.0,1.78376517,1.775478095598626,Klebsiella pneumoniae,1.8008278576741668,-0.025349762075540738,59.631824272265625,63.216123047529074
59,Ag2O,Bacillus subtilis,non-pathogenic,green_synthesis,MBC,spheroidal,Bacteria,Bacillota,Bacilli,Bacillales,Bacillaceae,Bacillus,p,soil,231.7358,10.4,0,0.16,30,28,46.55109718,17.07,0.6865,3.975778631,2.338422337879109,Klebsiella pneumoniae,2.3869022455680167,-0.04847990768890753,217.9828557449444,243.72621584069432
60,ZnO,Bacillus subtilis,non-pathogenic,green_synthesis,MIC,nanoplates,Bacteria,Bacillota,Bacilli,Bacillales,Bacillaceae,Bacillus,p,soil,81.3794,30.0,1,0.16,30,8,22.60496136,17.07,0.6865,4.082482905,1.4869903999664627,Klebsiella pneumoniae,1.540661711621542,-0.05367131165507932,30.689541487348635,34.726555780343645
61,CuO,Bacillus subtilis,non-pathogenic,green_synthesis,MIC,quasi-spherical,Bacteria,Bacillota,Bacilli,Bacillales,Bacillaceae,Bacillus,p,soil,79.5454,40.0,2,0.16,30,17,20.67942236,17.07,0.6865,1.651411411,1.546557567556389,Klebsiella pneumoniae,1.6003581257055386,-0.053800558149149635,35.20120801110453,39.84355910541189
62,ZnO,Bacillus subtilis,non-pathogenic,green_synthesis,MIC,triangular,Bacteria,Bacillota,Bacilli,Bacillales,Bacillaceae,Bacillus,p,soil,81.3794,37.86,0,0.16,30,8,22.60496136,17.07,0.6865,4.082482905,-0.7271035283112335,Klebsiella pneumoniae,-0.6627463382069738,-0.06435719010425967,0.187454759499787,0.21739705762032058
63,Pd,Bacillus subtilis,non-pathogenic,chemical_synthesis,MBC,spheroidal,Bacteria,Bacillota,Bacilli,Bacillales,Bacillaceae,Bacillus,p,soil,195.084,8.7,2,0.16,30,10,21.14774404,0.0,0.0,1.870828693,1.5702465967171582,Klebsiella pneumoniae,1.686217825780631,-0.1159712290634729,37.17462503920307,48.55319636756662
64,Ag,Bacillus subtilis,non-pathogenic,chemical_synthesis,MIC,hexagonal,Bacteria,Bacillota,Bacilli,Bacillales,Bacillaceae,Bacillus,p,soil,107.87,30.0,18,0.16,30,11,23.00188061,0.0,0.0,1.78376517,1.7247006562671248,Klebsiella pneumoniae,1.847669295595302,-0.12296863932817725,53.051865055280636,70.41566670438465
65,ZnO,Bacillus subtilis,non-pathogenic,chemical_synthesis,MBC,spheroidal,Bacteria,Bacillota,Bacilli,Bacillales,Bacillaceae,Bacillus,p,soil,81.3794,30.0,2,0.16,30,8,22.60496136,17.07,0.6865,4.082482905,1.4766651256300893,Klebsiella pneumoniae,1.6099370244042683,-0.133271898774179,29.96850825914134,40.732120923021014
66,Ag,Bacillus subtilis,non-pathogenic,chemical_synthesis,MBC,spherical,Bacteria,Bacillota,Bacilli,Bacillales,Bacillaceae,Bacillus,p,soil,107.87,0.8,3,0.16,30,11,23.00188061,0.0,0.0,1.78376517,1.0657135812969751,Klebsiella pneumoniae,1.2000596500464584,-0.1343460687494833,11.633585374038539,15.851108913940465
67,Au,Bacillus subtilis,non-pathogenic,green_synthesis,MIC,spherical,Bacteria,Bacillota,Bacilli,Bacillales,Bacillaceae,Bacillus,p,soil,196.966569,17.5,24,0.16,30,11,23.00188061,0.0,0.0,2.46797672,1.6600888994470697,Klebsiella pneumoniae,1.973155196355585,-0.3130662969085152,45.71817644776632,94.00591833438219
