,np,bacteria,bac_type,np_synthesis,method,shape,kingdom,phylum,class,order,family,genus,gram,isolated_from,mol_weight (g/mol),np_size_avg (nm),time_set,"min_Incub_period, h","growth_temp, C",Valance_electron,labuteASA,tpsa,CrippenMR,chi0v,pred_MIC_norm,pathogenic_bacteria,pred_MIC_pathogen,Fitness,pred_norm_MIC_original,pred_path_MIC_original
0,ZnO,Bacillus subtilis,non-pathogenic,green_synthesis,MIC,quasi-spherical,Bacteria,Bacillota,Bacilli,Bacillales,Bacillaceae,Bacillus,p,soil,81.3794,4.0,4,0.16,30,8,22.60496136,17.07,0.6865,4.082482905,1.1474770476767486,Klebsiella pneumoniae,0.2777402383449987,0.8697368093317499,14.043554618835977,1.8955717963859098
1,ZrO2,Bacillus subtilis,non-pathogenic,green_synthesis,MIC,rod-shaped,Bacteria,Bacillota,Bacilli,Bacillales,Bacillaceae,Bacillus,p,soil,123.2218,3.0,4,0.16,30,16,29.29254423,34.14,1.373,3.774536472,1.7615867349872851,Klebsiella pneumoniae,0.9369773600545158,0.8246093749327693,57.75462056574703,8.649228288265432
2,Ag,Bacillus subtilis,non-pathogenic,chemical_synthesis,MIC,spheroidal,Bacteria,Bacillota,Bacilli,Bacillales,Bacillaceae,Bacillus,p,soil,107.87,1.9,2,0.16,30,11,23.00188061,0.0,0.0,1.78376517,0.9975484790951428,Klebsiella pneumoniae,0.1853474042741312,0.8122010748210116,9.94371066657431,1.5323127112546697
3,ZnO,Bacillus subtilis,non-pathogenic,green_synthesis,MIC,cubic,Bacteria,Bacillota,Bacilli,Bacillales,Bacillaceae,Bacillus,p,soil,81.3794,1.4,0,0.16,30,8,22.60496136,17.07,0.6865,4.082482905,1.6539329824895304,Klebsiella pneumoniae,0.8680458186043668,0.7858871638851636,45.07471427959444,7.37982084043754
4,ZnO,Bacillus subtilis,non-pathogenic,green_synthesis,MBC,cubic,Bacteria,Bacillota,Bacilli,Bacillales,Bacillaceae,Bacillus,p,soil,81.3794,5.1,4,0.16,30,8,22.60496136,17.07,0.6865,4.082482905,2.4127880552371423,Klebsiella pneumoniae,1.6285452790062807,0.7842427762308617,258.6950121442284,42.51530304238528
5,TiO2,Bacillus subtilis,non-pathogenic,green_synthesis,MBEC,quasi-spherical,Bacteria,Bacillota,Bacilli,Bacillales,Bacillaceae,Bacillus,p,soil,79.866,6.0,0,0.16,30,16,26.40611331,34.14,1.373,2.878049394,3.0898472973318154,Klebsiella pneumoniae,2.3431268623324364,0.746720434999379,1229.8362709583928,220.35700567965267
6,CeO2,Bacillus subtilis,non-pathogenic,chemical_synthesis,MIC,quasi-hexagonal,Bacteria,Bacillota,Bacilli,Bacillales,Bacillaceae,Bacillus,p,soil,172.115,5.1,3,0.16,30,16,39.19032095,34.14,1.373,4.456551526,2.417363389206025,Klebsiella pneumoniae,1.673331563599384,0.7440318256066412,261.43479547780686,47.13370329308525
7,ZnO,Bacillus subtilis,non-pathogenic,green_synthesis,MIC,nanoplates,Bacteria,Bacillota,Bacilli,Bacillales,Bacillaceae,Bacillus,p,soil,81.3794,0.8,0,0.16,30,8,22.60496136,17.07,0.6865,4.082482905,1.5353673742390739,Klebsiella pneumoniae,0.7978078408633582,0.7375595333757157,34.30578600686078,6.277805278456908
8,CeO2,Bacillus subtilis,non-pathogenic,chemical_synthesis,MIC,rod-shaped,Bacteria,Bacillota,Bacilli,Bacillales,Bacillaceae,Bacillus,p,soil,172.115,4.0,1,0.16,30,16,39.19032095,34.14,1.373,4.456551526,2.031815056613473,Klebsiella pneumoniae,1.316577339962362,0.715237716651111,107.6006900788183,20.72895171710997
9,ZnO,Bacillus subtilis,non-pathogenic,green_synthesis,MIC,quasi-spherical,Bacteria,Bacillota,Bacilli,Bacillales,Bacillaceae,Bacillus,p,soil,81.3794,6.0,4,0.16,30,8,22.60496136,17.07,0.6865,4.082482905,1.580497335539137,Klebsiella pneumoniae,0.866233332471878,0.714264003067259,38.06250224032492,7.349086048898026
10,CeO2,Bacillus subtilis,non-pathogenic,green_synthesis,MIC,quasi-spherical,Bacteria,Bacillota,Bacilli,Bacillales,Bacillaceae,Bacillus,p,soil,172.115,4.0,1,0.16,30,16,39.19032095,34.14,1.373,4.456551526,2.3311183635096695,Klebsiella pneumoniae,1.6235516063518631,0.7075667571578064,214.34747085169687,42.02924672303768
11,Ag,Bacillus subtilis,non-pathogenic,chemical_synthesis,MIC,spherical,Bacteria,Bacillota,Bacilli,Bacillales,Bacillaceae,Bacillus,p,soil,107.87,4.0,24,0.16,30,11,23.00188061,0.0,0.0,1.78376517,1.5300901707447805,Klebsiella pneumoniae,0.8253566881359713,0.7047334826088092,33.89145162365519,6.688930571005569
12,ZnO,Bacillus subtilis,non-pathogenic,green_synthesis,MBC,quasi-spherical,Bacteria,Bacillota,Bacilli,Bacillales,Bacillaceae,Bacillus,p,soil,81.3794,10.0,3,0.16,30,8,22.60496136,17.07,0.6865,4.082482905,2.221544244437962,Klebsiella pneumoniae,1.524100628412362,0.6974436160256001,166.5498494438451,33.42724838207539
13,Ag,Bacillus subtilis,non-pathogenic,green_synthesis,MIC,quasi-hexagonal,Bacteria,Bacillota,Bacilli,Bacillales,Bacillaceae,Bacillus,p,soil,107.87,1.9,0,0.16,30,11,23.00188061,0.0,0.0,1.78376517,1.1217049246705302,Klebsiella pneumoniae,0.4304952624385845,0.6912096622319457,13.234420354174821,2.694605937708631
14,TiO2,Bacillus subtilis,non-pathogenic,green_synthesis,MIC,hexagonal,Bacteria,Bacillota,Bacilli,Bacillales,Bacillaceae,Bacillus,p,soil,79.866,1.4,4,0.16,30,16,26.40611331,34.14,1.373,2.878049394,2.3475724703136454,Klebsiella pneumoniae,1.6596397552964899,0.6879327150171555,222.62425048023067,45.67091948743412
15,CeO2,Bacillus subtilis,non-pathogenic,green_synthesis,MIC,rod-shaped,Bacteria,Bacillota,Bacilli,Bacillales,Bacillaceae,Bacillus,p,soil,172.115,0.8,0,0.16,30,16,39.19032095,34.14,1.373,4.456551526,2.35477265890991,Klebsiella pneumoniae,1.6680526743348225,0.6867199845750873,226.34591394720206,46.56425665524596
16,Ag,Bacillus subtilis,non-pathogenic,green_synthesis,MIC,quasi-spherical,Bacteria,Bacillota,Bacilli,Bacillales,Bacillaceae,Bacillus,p,soil,107.87,1.9,4,0.16,30,11,23.00188061,0.0,0.0,1.78376517,1.6277563073315462,Klebsiella pneumoniae,0.941909701698185,0.6858466056333612,42.43813669330438,8.74801867929356
17,ZnO,Bacillus subtilis,non-pathogenic,chemical_synthesis,MIC,quasi-hexagonal,Bacteria,Bacillota,Bacilli,Bacillales,Bacillaceae,Bacillus,p,soil,81.3794,1.9,2,0.16,30,8,22.60496136,17.07,0.6865,4.082482905,0.6534435276324071,Klebsiella pneumoniae,-0.02619741583757018,0.6796409434699773,4.502394317533057,0.9414615421132607
18,Ag,Bacillus subtilis,non-pathogenic,chemical_synthesis,MIC,spheroidal,Bacteria,Bacillota,Bacilli,Bacillales,Bacillaceae,Bacillus,p,soil,107.87,12.0,18,0.16,30,11,23.00188061,0.0,0.0,1.78376517,1.1874357141306249,Klebsiella pneumoniae,0.5113789866068739,0.676056727523751,15.396985973310661,3.246227754942178
19,ZnO,Bacillus subtilis,non-pathogenic,chemical_synthesis,MIC,quasi-spherical,Bacteria,Bacillota,Bacilli,Bacillales,Bacillaceae,Bacillus,p,soil,81.3794,3.0,2,0.16,30,8,22.60496136,17.07,0.6865,4.082482905,1.1259860064005698,Klebsiella pneumoniae,0.4526468237044854,0.6733391826960844,13.365524501900646,2.8356121184001033
20,Ag,Bacillus subtilis,non-pathogenic,green_synthesis,MIC,quasi-hexagonal,Bacteria,Bacillota,Bacilli,Bacillales,Bacillaceae,Bacillus,p,soil,107.87,3.0,1,0.16,30,11,23.00188061,0.0,0.0,1.78376517,0.8874587600603095,Klebsiella pneumoniae,0.2152865993441544,0.6721721607161552,7.717182309228049,1.6416727874931767
21,ZnO,Bacillus subtilis,non-pathogenic,chemical_synthesis,MIC,spherical,Bacteria,Bacillota,Bacilli,Bacillales,Bacillaceae,Bacillus,p,soil,81.3794,4.0,0,0.16,30,8,22.60496136,17.07,0.6865,4.082482905,1.0410689978196819,Klebsiella pneumoniae,0.37242750553994086,0.668641492279741,10.991804560436494,2.3573686601474555
22,TiO2,Bacillus subtilis,non-pathogenic,green_synthesis,MBEC,rod-shaped,Bacteria,Bacillota,Bacilli,Bacillales,Bacillaceae,Bacillus,p,soil,79.866,6.0,4,0.16,30,16,26.40611331,34.14,1.373,2.878049394,2.845786224979097,Klebsiella pneumoniae,2.1962762219106344,0.6495100030684626,701.1101024132055,157.13619111729338
23,TiO2,Bacillus subtilis,non-pathogenic,green_synthesis,MIC,quasi-hexagonal,Bacteria,Bacillota,Bacilli,Bacillales,Bacillaceae,Bacillus,p,soil,79.866,6.0,0,0.16,30,16,26.40611331,34.14,1.373,2.878049394,1.9373548903260618,Klebsiella pneumoniae,1.292725324835287,0.6446295654907748,86.56750293096258,19.62118916822182
24,CuO,Bacillus subtilis,non-pathogenic,green_synthesis,MBC,quasi-hexagonal,Bacteria,Bacillota,Bacilli,Bacillales,Bacillaceae,Bacillus,p,soil,79.5454,6.0,3,0.16,30,17,20.67942236,17.07,0.6865,1.651411411,2.830362661062841,Klebsiella pneumoniae,2.1882293836508984,0.6421332774119426,676.6477796495712,154.2514956245999
25,TiO2,Bacillus subtilis,non-pathogenic,green_synthesis,MBEC,spherical,Bacteria,Bacillota,Bacilli,Bacillales,Bacillaceae,Bacillus,p,soil,79.866,6.0,1,0.16,30,16,26.40611331,34.14,1.373,2.878049394,2.9237411462313383,Klebsiella pneumoniae,2.283067979516786,0.6406731667145524,838.9597898904259,191.89690907503817
26,ZnO,Bacillus subtilis,non-pathogenic,chemical_synthesis,MIC,hexagonal,Bacteria,Bacillota,Bacilli,Bacillales,Bacillaceae,Bacillus,p,soil,81.3794,1.9,3,0.16,30,8,22.60496136,17.07,0.6865,4.082482905,1.6635550816694542,Klebsiella pneumoniae,1.0235274484080357,0.6400276332614185,46.08452140888217,10.556682217620773
27,ZnO,Bacillus subtilis,non-pathogenic,green_synthesis,MBC,hexagonal,Bacteria,Bacillota,Bacilli,Bacillales,Bacillaceae,Bacillus,p,soil,81.3794,8.7,1,0.16,30,8,22.60496136,17.07,0.6865,4.082482905,2.463581798045191,Klebsiella pneumoniae,1.8257367208142483,0.6378450772309425,290.7915604931578,66.9478633209323
28,CeO2,Bacillus subtilis,non-pathogenic,green_synthesis,MIC,cubic,Bacteria,Bacillota,Bacilli,Bacillales,Bacillaceae,Bacillus,p,soil,172.115,1.9,3,0.16,30,16,39.19032095,34.14,1.373,4.456551526,2.729108018956929,Klebsiella pneumoniae,2.094095128244297,0.6350128907126318,535.9299389540352,124.19243099918296
29,ZnO,Bacillus subtilis,non-pathogenic,green_synthesis,MBEC,quasi-hexagonal,Bacteria,Bacillota,Bacilli,Bacillales,Bacillaceae,Bacillus,p,soil,81.3794,9.0,3,0.16,30,8,22.60496136,17.07,0.6865,4.082482905,1.4706778774348384,Klebsiella pneumoniae,0.8439043692015391,0.6267735082332992,29.558192789290526,6.980786715890898
30,Pd,Bacillus subtilis,non-pathogenic,green_synthesis,MIC,hexagonal,Bacteria,Bacillota,Bacilli,Bacillales,Bacillaceae,Bacillus,p,soil,195.084,4.0,4,0.16,30,10,21.14774404,0.0,0.0,1.870828693,1.082155444665399,Klebsiella pneumoniae,0.4576310330531026,0.6245244116122963,12.0824621872929,2.8683426663434104
31,ZnO,Bacillus subtilis,non-pathogenic,chemical_synthesis,MIC,nanoplates,Bacteria,Bacillota,Bacilli,Bacillales,Bacillaceae,Bacillus,p,soil,81.3794,1.4,2,0.16,30,8,22.60496136,17.07,0.6865,4.082482905,1.6511228637507138,Klebsiella pneumoniae,1.0266017135150987,0.6245211502356152,44.78399820868189,10.631675522383034
32,CeO2,Bacillus subtilis,non-pathogenic,chemical_synthesis,MIC,quasi-spherical,Bacteria,Bacillota,Bacilli,Bacillales,Bacillaceae,Bacillus,p,soil,172.115,1.4,24,0.16,30,16,39.19032095,34.14,1.373,4.456551526,3.8546521157059197,Klebsiella pneumoniae,3.2309461979651424,0.6237059177407773,7155.699852696497,1701.9476516540992
33,Ag,Bacillus subtilis,non-pathogenic,green_synthesis,MIC,hexagonal,Bacteria,Bacillota,Bacilli,Bacillales,Bacillaceae,Bacillus,p,soil,107.87,1.9,4,0.16,30,11,23.00188061,0.0,0.0,1.78376517,1.8962583432165643,Klebsiella pneumoniae,1.2808334928192742,0.6154248503972901,78.7514108858501,19.0912116699753
34,ZnO,Bacillus subtilis,non-pathogenic,green_synthesis,MBC,quasi-hexagonal,Bacteria,Bacillota,Bacilli,Bacillales,Bacillaceae,Bacillus,p,soil,81.3794,4.7,18,0.16,30,8,22.60496136,17.07,0.6865,4.082482905,1.0980220404862306,Klebsiella pneumoniae,0.48451480401800495,0.6135072364682257,12.53204773588944,3.0515100457509825
35,Pd,Bacillus subtilis,non-pathogenic,green_synthesis,MIC,hexagonal,Bacteria,Bacillota,Bacilli,Bacillales,Bacillaceae,Bacillus,p,soil,195.084,1.4,2,0.16,30,10,21.14774404,0.0,0.0,1.870828693,1.288067484454788,Klebsiella pneumoniae,0.676927712574672,0.6111397718801159,19.411874927585632,4.752561139540455
36,ZnO,Bacillus subtilis,non-pathogenic,chemical_synthesis,MIC,spherical,Bacteria,Bacillota,Bacilli,Bacillales,Bacillaceae,Bacillus,p,soil,81.3794,0.8,4,0.16,30,8,22.60496136,17.07,0.6865,4.082482905,0.9302221136218963,Klebsiella pneumoniae,0.31948676637411744,0.6107353472477789,8.51573451756537,2.0868285340461434
37,TiO2,Bacillus subtilis,non-pathogenic,green_synthesis,MBC,cubic,Bacteria,Bacillota,Bacilli,Bacillales,Bacillaceae,Bacillus,p,soil,79.866,10.4,1,0.16,30,16,26.40611331,34.14,1.373,2.878049394,3.3487355805598558,Klebsiella pneumoniae,2.7514017377854483,0.5973338427744075,2232.2127301708224,564.159281854779
38,ZnO,Bacillus subtilis,non-pathogenic,green_synthesis,MBEC,quasi-spherical,Bacteria,Bacillota,Bacilli,Bacillales,Bacillaceae,Bacillus,p,soil,81.3794,10.4,3,0.16,30,8,22.60496136,17.07,0.6865,4.082482905,2.350711957614944,Klebsiella pneumoniae,1.7587520635952067,0.591959894019737,224.23941802406537,57.37887957196986
39,Au,Bacillus subtilis,non-pathogenic,chemical_synthesis,MIC,nanoplates,Bacteria,Bacillota,Bacilli,Bacillales,Bacillaceae,Bacillus,p,soil,196.966569,4.0,4,0.16,30,11,23.00188061,0.0,0.0,2.46797672,1.9457487110755345,Klebsiella pneumoniae,1.3580638024864133,0.5876849085891211,88.25690857054865,22.806771031550337
40,TiO2,Bacillus subtilis,non-pathogenic,green_synthesis,MBEC,quasi-hexagonal,Bacteria,Bacillota,Bacilli,Bacillales,Bacillaceae,Bacillus,p,soil,79.866,11.3,1,0.16,30,16,26.40611331,34.14,1.373,2.878049394,2.2904703056989866,Klebsiella pneumoniae,1.7067385258676029,0.5837317798313837,195.19572670280655,50.90243123267722
41,ZnO,Bacillus subtilis,non-pathogenic,green_synthesis,MBC,spherical,Bacteria,Bacillota,Bacilli,Bacillales,Bacillaceae,Bacillus,p,soil,81.3794,1.9,2,0.16,30,8,22.60496136,17.07,0.6865,4.082482905,1.7933671650481469,Klebsiella pneumoniae,1.2117268317716623,0.5816403332764846,62.139415671740096,16.282715389264048
42,Ag,Bacillus subtilis,non-pathogenic,chemical_synthesis,MIC,nanoplates,Bacteria,Bacillota,Bacilli,Bacillales,Bacillaceae,Bacillus,p,soil,107.87,6.0,3,0.16,30,11,23.00188061,0.0,0.0,1.78376517,2.0821300389386943,Klebsiella pneumoniae,1.5051318794072397,0.5769981595314546,120.8175539785232,31.9986664506194
43,ZnO,Bacillus subtilis,non-pathogenic,green_synthesis,MBEC,quasi-hexagonal,Bacteria,Bacillota,Bacilli,Bacillales,Bacillaceae,Bacillus,p,soil,81.3794,1.4,3,0.16,30,8,22.60496136,17.07,0.6865,4.082482905,1.1521518862309992,Klebsiella pneumoniae,0.5771039135996103,0.5750479726313888,14.195538968483492,3.7766254339671135
44,TiO2,Bacillus subtilis,non-pathogenic,chemical_synthesis,MIC,quasi-hexagonal,Bacteria,Bacillota,Bacilli,Bacillales,Bacillaceae,Bacillus,p,soil,79.866,5.1,0,0.16,30,16,26.40611331,34.14,1.373,2.878049394,2.1232048725251955,Klebsiella pneumoniae,1.5516292237225242,0.5715756488026713,132.80207857617052,35.61469453028293
45,ZnO,Bacillus subtilis,non-pathogenic,green_synthesis,MBEC,hexagonal,Bacteria,Bacillota,Bacilli,Bacillales,Bacillaceae,Bacillus,p,soil,81.3794,3.0,4,0.16,30,8,22.60496136,17.07,0.6865,4.082482905,2.07107163226629,Klebsiella pneumoniae,1.5008884173721972,0.5701832148940926,117.78002231492839,31.68753215450276
46,Ag,Bacillus subtilis,non-pathogenic,green_synthesis,MIC,rod-shaped,Bacteria,Bacillota,Bacilli,Bacillales,Bacillaceae,Bacillus,p,soil,107.87,4.0,4,0.16,30,11,23.00188061,0.0,0.0,1.78376517,1.2986878663741726,Klebsiella pneumoniae,0.7394733990583189,0.5592144673158537,19.892431277416605,5.488749354761975
47,TiO2,Bacillus subtilis,non-pathogenic,green_synthesis,MBC,nanoplates,Bacteria,Bacillota,Bacilli,Bacillales,Bacillaceae,Bacillus,p,soil,79.866,11.3,1,0.16,30,16,26.40611331,34.14,1.373,2.878049394,3.3631933830825043,Klebsiella pneumoniae,2.809848919427864,0.5533444636546401,2307.7745681412507,645.4296605691586
48,ZnO,Bacillus subtilis,non-pathogenic,green_synthesis,MIC,spherical,Bacteria,Bacillota,Bacilli,Bacillales,Bacillaceae,Bacillus,p,soil,81.3794,4.7,4,0.16,30,8,22.60496136,17.07,0.6865,4.082482905,1.1351376276830023,Klebsiella pneumoniae,0.5821589984779421,0.5529786292050602,13.650156407626623,3.8208412911179757
49,Au,Bacillus subtilis,non-pathogenic,chemical_synthesis,MIC,nanoplates,Bacteria,Bacillota,Bacilli,Bacillales,Bacillaceae,Bacillus,p,soil,196.966569,1.9,0,0.16,30,11,23.00188061,0.0,0.0,2.46797672,2.190287292624978,Klebsiella pneumoniae,1.6376200980976723,0.5526671945273058,154.9841524404647,43.413029974220194
50,ZnO,Bacillus subtilis,non-pathogenic,green_synthesis,MIC,hexagonal,Bacteria,Bacillota,Bacilli,Bacillales,Bacillaceae,Bacillus,p,soil,81.3794,1.4,18,0.16,30,8,22.60496136,17.07,0.6865,4.082482905,1.4868626392738618,Klebsiella pneumoniae,0.9354724574554639,0.5513901818183978,30.68051456997228,8.619309141305186
51,Ag,Bacillus subtilis,non-pathogenic,green_synthesis,MIC,spheroidal,Bacteria,Bacillota,Bacilli,Bacillales,Bacillaceae,Bacillus,p,soil,107.87,8.7,18,0.16,30,11,23.00188061,0.0,0.0,1.78376517,1.6691782684645142,Klebsiella pneumoniae,1.1181068424008513,0.5510714260636629,46.685097318724075,13.125227579093183
52,ZnO,Bacillus subtilis,non-pathogenic,green_synthesis,MBC,quasi-hexagonal,Bacteria,Bacillota,Bacilli,Bacillales,Bacillaceae,Bacillus,p,soil,81.3794,20.0,4,0.16,30,8,22.60496136,17.07,0.6865,4.082482905,0.9508327923999251,Klebsiella pneumoniae,0.40005357291840693,0.5507792194815182,8.92961618632499,2.5121963073950853
53,Au,Bacillus subtilis,non-pathogenic,chemical_synthesis,MIC,quasi-spherical,Bacteria,Bacillota,Bacilli,Bacillales,Bacillaceae,Bacillus,p,soil,196.966569,1.9,3,0.16,30,11,23.00188061,0.0,0.0,2.46797672,1.7129313307860659,Klebsiella pneumoniae,1.1705747392313606,0.5423565915547053,51.633472167071744,14.810671152717406
54,CuO,Bacillus subtilis,non-pathogenic,green_synthesis,MBC,spheroidal,Bacteria,Bacillota,Bacilli,Bacillales,Bacillaceae,Bacillus,p,soil,79.5454,9.0,3,0.16,30,17,20.67942236,17.07,0.6865,1.651411411,3.597639974743855,Klebsiella pneumoniae,3.156235170514952,0.44140480422890294,3959.496603361045,1432.9636392084642
55,Au,Bacillus subtilis,non-pathogenic,green_synthesis,MIC,tetragonal,Bacteria,Bacillota,Bacilli,Bacillales,Bacillaceae,Bacillus,p,soil,196.966569,1.4,18,0.16,30,11,23.00188061,0.0,0.0,2.46797672,0.7938261414498757,Klebsiella pneumoniae,0.37544613061174115,0.4183800108381346,6.220512132220351,2.373810959690465
56,Au,Bacillus subtilis,non-pathogenic,green_synthesis,MIC,tetragonal,Bacteria,Bacillota,Bacilli,Bacillales,Bacillaceae,Bacillus,p,soil,196.966569,1.4,18,0.16,30,11,23.00188061,0.0,0.0,2.46797672,0.7938261414498757,Klebsiella pneumoniae,0.37544613061174115,0.4183800108381346,6.220512132220351,2.373810959690465
57,ZnO,Bacillus subtilis,non-pathogenic,chemical_synthesis,MIC,spheroidal,Bacteria,Bacillota,Bacilli,Bacillales,Bacillaceae,Bacillus,p,soil,81.3794,1.4,2,0.16,30,8,22.60496136,17.07,0.6865,4.082482905,1.1548138775638437,Klebsiella pneumoniae,0.7527803984043849,0.40203347915945875,14.28281718992017,5.659530417481696
58,Au,Bacillus subtilis,non-pathogenic,chemical_synthesis,MIC,nanoplates,Bacteria,Bacillota,Bacilli,Bacillales,Bacillaceae,Bacillus,p,soil,196.966569,12.0,4,0.16,30,11,23.00188061,0.0,0.0,2.46797672,2.561920210237755,Klebsiella pneumoniae,2.2138619092457175,0.3480583009920375,364.68693949498083,163.62961526307845
59,ZnO,Bacillus subtilis,non-pathogenic,green_synthesis,MBEC,spherical,Bacteria,Bacillota,Bacilli,Bacillales,Bacillaceae,Bacillus,p,soil,81.3794,8.7,18,0.16,30,8,22.60496136,17.07,0.6865,4.082482905,2.3267546300713366,Klebsiella pneumoniae,2.0053985813385324,0.3213560487328042,212.20451992453013,101.25082751101151
60,Ag,Bacillus subtilis,non-pathogenic,green_synthesis,MIC,spherical,Bacteria,Bacillota,Bacilli,Bacillales,Bacillaceae,Bacillus,p,soil,107.87,44.45,1,0.16,30,11,23.00188061,0.0,0.0,1.78376517,0.5675488524802239,Klebsiella pneumoniae,0.2608742494492955,0.3066746030309284,3.694441996880231,1.8233676673189605
61,ZnO,Bacillus subtilis,non-pathogenic,green_synthesis,MBC,tetragonal,Bacteria,Bacillota,Bacilli,Bacillales,Bacillaceae,Bacillus,p,soil,81.3794,38.0,18,0.16,30,8,22.60496136,17.07,0.6865,4.082482905,0.8910597201184921,Klebsiella pneumoniae,0.5961004883528855,0.29495923176560657,7.781435467115877,3.945485833427049
62,ZnO,Bacillus subtilis,non-pathogenic,green_synthesis,MIC,quasi-hexagonal,Bacteria,Bacillota,Bacilli,Bacillales,Bacillaceae,Bacillus,p,soil,81.3794,37.86,1,0.16,30,8,22.60496136,17.07,0.6865,4.082482905,-0.32576517033963004,Klebsiella pneumoniae,-0.549949803360863,0.22418463302123293,0.47231836198262067,0.28187087045198134
63,ZnO,Bacillus subtilis,non-pathogenic,green_synthesis,MIC,cubic,Bacteria,Bacillota,Bacilli,Bacillales,Bacillaceae,Bacillus,p,soil,81.3794,13.0,4,0.16,30,8,22.60496136,17.07,0.6865,4.082482905,1.8745585298096015,Klebsiella pneumoniae,1.6622289415046512,0.2123295883049503,74.91323121699884,45.94401462351285
64,Au,Bacillus subtilis,non-pathogenic,green_synthesis,MBC,quasi-hexagonal,Bacteria,Bacillota,Bacilli,Bacillales,Bacillaceae,Bacillus,p,soil,196.966569,26.38,1,0.16,30,11,23.00188061,0.0,0.0,2.46797672,0.5118640266690155,Klebsiella pneumoniae,0.32801252054492647,0.18385150612408907,3.249855316816183,2.1282004003073425
65,Ag,Bacillus subtilis,non-pathogenic,green_synthesis,MIC,quasi-spherical,Bacteria,Bacillota,Bacilli,Bacillales,Bacillaceae,Bacillus,p,soil,107.87,18.0,3,0.16,30,11,23.00188061,0.0,0.0,1.78376517,1.4512104685614693,Klebsiella pneumoniae,1.270087286221846,0.18112318233962332,28.262493050321492,18.62461423908488
66,ZnO,Bacillus subtilis,non-pathogenic,green_synthesis,MBC,spheroidal,Bacteria,Bacillota,Bacilli,Bacillales,Bacillaceae,Bacillus,p,soil,81.3794,27.43,4,0.16,30,8,22.60496136,17.07,0.6865,4.082482905,2.098320872163909,Klebsiella pneumoniae,1.934579692829831,0.16374117933407772,125.40673821948182,86.01608915204672
67,ZnO,Bacillus subtilis,non-pathogenic,green_synthesis,MIC,tetragonal,Bacteria,Bacillota,Bacilli,Bacillales,Bacillaceae,Bacillus,p,soil,81.3794,25.0,18,0.16,30,8,22.60496136,17.07,0.6865,4.082482905,-0.039737226130877934,Klebsiella pneumoniae,-0.19813425930490558,0.15839703317402765,0.9125628268748917,0.6336737848585245
68,Ag,Bacillus subtilis,non-pathogenic,green_synthesis,MBEC,tetragonal,Bacteria,Bacillota,Bacilli,Bacillales,Bacillaceae,Bacillus,p,soil,107.8682,100.0,0,0.16,30,11,23.00188061,0.0,0.0,1.78376517,0.4179002190930514,Klebsiella pneumoniae,0.2678872645420569,0.1500129545509945,2.6175815392220443,1.853050540586537
69,ZnO,Bacillus subtilis,non-pathogenic,chemical_synthesis,MBC,nanoplates,Bacteria,Bacillota,Bacilli,Bacillales,Bacillaceae,Bacillus,p,soil,81.3794,100.0,0,0.16,30,8,22.60496136,17.07,0.6865,4.082482905,1.9180211133059242,Klebsiella pneumoniae,1.7833605376302706,0.1346605756756536,82.7982415250948,60.724023215447836
70,CuO,Bacillus subtilis,non-pathogenic,chemical_synthesis,MIC,tetragonal,Bacteria,Bacillota,Bacilli,Bacillales,Bacillaceae,Bacillus,p,soil,79.5454,4.0,0,0.16,30,17,20.67942236,17.07,0.6865,1.651411411,1.012751351406926,Klebsiella pneumoniae,0.8993678105849693,0.11338354082195667,10.297963576401033,7.931727961766046
71,Ag,Bacillus subtilis,non-pathogenic,green_synthesis,MBC,nanoplates,Bacteria,Bacillota,Bacilli,Bacillales,Bacillaceae,Bacillus,p,soil,107.87,1.4,0,0.16,30,11,23.00188061,0.0,0.0,1.78376517,1.425961614902769,Klebsiella pneumoniae,1.3378082043430015,0.08815341055976744,26.666229647609285,21.767482518194594
72,CeO2,Bacillus subtilis,non-pathogenic,green_synthesis,MBC,tetragonal,Bacteria,Bacillota,Bacilli,Bacillales,Bacillaceae,Bacillus,p,soil,172.115,40.0,4,0.16,30,16,39.19032095,34.14,1.373,4.456551526,1.355072451988831,Klebsiella pneumoniae,1.3125728401536128,0.04249961183521833,22.650221426289328,20.53869473897903
73,ZnO,Bacillus subtilis,non-pathogenic,chemical_synthesis,MIC,quasi-spherical,Bacteria,Bacillota,Bacilli,Bacillales,Bacillaceae,Bacillus,p,soil,81.3794,28.0,4,0.16,30,8,22.60496136,17.07,0.6865,4.082482905,1.269245751745257,Klebsiella pneumoniae,1.2305411024648212,0.03870464928043571,18.588560178117316,17.003608714497506
74,CuO,Bacillus subtilis,non-pathogenic,chemical_synthesis,MBC,cubic,Bacteria,Bacillota,Bacilli,Bacillales,Bacillaceae,Bacillus,p,soil,79.5454,26.06,4,0.16,30,17,20.67942236,17.07,0.6865,1.651411411,2.6400692346578336,Klebsiella pneumoniae,2.6282281577231545,0.011841076934679062,436.5854265699337,424.84269753320297
75,Al2O3,Bacillus subtilis,non-pathogenic,green_synthesis,MBEC,cubic,Bacteria,Bacillota,Bacilli,Bacillales,Bacillaceae,Bacillus,p,soil,101.961276,26.06,18,0.16,30,24,51.55776403,85.5,13.5675,4.688846487,2.7164515183124305,Klebsiella pneumoniae,2.7053367728739013,0.011114745438529194,520.5368963527433,507.3840057776439
76,Ag,Bacillus subtilis,non-pathogenic,green_synthesis,MIC,hexagonal,Bacteria,Bacillota,Bacilli,Bacillales,Bacillaceae,Bacillus,p,soil,107.8682,79.0,3,0.16,30,11,23.00188061,0.0,0.0,1.78376517,1.3947757398740972,Klebsiella pneumoniae,1.3860055725408542,0.008770167333242984,24.81851200934272,24.32235217490514
77,CuO,Bacillus subtilis,non-pathogenic,green_synthesis,MIC,quasi-hexagonal,Bacteria,Bacillota,Bacilli,Bacillales,Bacillaceae,Bacillus,p,soil,79.5454,8.0,24,0.16,30,17,20.67942236,17.07,0.6865,1.651411411,1.8425980530698738,Klebsiella pneumoniae,1.8508273652191922,-0.008229312149318435,69.5982072689452,70.92957624027726
78,Ag,Bacillus subtilis,non-pathogenic,chemical_synthesis,MBC,nanoplates,Bacteria,Bacillota,Bacilli,Bacillales,Bacillaceae,Bacillus,p,soil,107.87,44.45,2,0.16,30,11,23.00188061,0.0,0.0,1.78376517,1.3391053309632632,Klebsiella pneumoniae,1.3536667598319776,-0.014561428868714366,21.832593611828308,22.57702738851006
79,CuO,Bacillus subtilis,non-pathogenic,chemical_synthesis,MBC,rod-shaped,Bacteria,Bacillota,Bacilli,Bacillales,Bacillaceae,Bacillus,p,soil,79.5454,26.06,3,0.16,30,17,20.67942236,17.07,0.6865,1.651411411,2.3160540664722737,Klebsiella pneumoniae,2.334395704271201,-0.01834163779892739,207.03990822224475,215.97113182720088
80,Ag,Bacillus subtilis,non-pathogenic,green_synthesis,MIC,hexagonal,Bacteria,Bacillota,Bacilli,Bacillales,Bacillaceae,Bacillus,p,soil,107.87,8.7,24,0.16,30,11,23.00188061,0.0,0.0,1.78376517,2.4447133185438443,Klebsiella pneumoniae,2.469838791278872,-0.025125472735027632,278.4282633394009,295.0113950544906
81,Au,Bacillus subtilis,non-pathogenic,chemical_synthesis,MBEC,spheroidal,Bacteria,Bacillota,Bacilli,Bacillales,Bacillaceae,Bacillus,p,soil,196.966569,41.23,1,0.16,30,11,23.00188061,0.0,0.0,2.46797672,1.7918432205644752,Klebsiella pneumoniae,1.8791603303699163,-0.08731710980544105,61.921749845084136,75.71123498707412
82,Ag,Bacillus subtilis,non-pathogenic,chemical_synthesis,MBC,triangular,Bacteria,Bacillota,Bacilli,Bacillales,Bacillaceae,Bacillus,p,soil,107.87,20.0,24,0.16,30,11,23.00188061,0.0,0.0,1.78376517,-0.07594549320959287,Klebsiella pneumoniae,0.04275537399681406,-0.11870086720640693,0.8395653508353683,1.1034568982374908
83,Ag,Bacillus subtilis,non-pathogenic,chemical_synthesis,MBC,quasi-hexagonal,Bacteria,Bacillota,Bacilli,Bacillales,Bacillaceae,Bacillus,p,soil,107.87,10.4,18,0.16,30,11,23.00188061,0.0,0.0,1.78376517,0.7922436417225286,Klebsiella pneumoniae,0.9406525399837538,-0.14840889826122516,6.19788682607424,8.72273221501058
84,ZnO,Bacillus subtilis,non-pathogenic,green_synthesis,MBC,nanoplates,Bacteria,Bacillota,Bacilli,Bacillales,Bacillaceae,Bacillus,p,soil,81.3794,28.0,24,0.16,30,8,22.60496136,17.07,0.6865,4.082482905,2.468939502055569,Klebsiella pneumoniae,2.627329107916295,-0.15838960586072615,294.4011499529556,423.96412392915306
85,ZnO,Bacillus subtilis,non-pathogenic,chemical_synthesis,MBC,cubic,Bacteria,Bacillota,Bacilli,Bacillales,Bacillaceae,Bacillus,p,soil,81.3794,18.0,24,0.16,30,8,22.60496136,17.07,0.6865,4.082482905,1.8749448273101257,Klebsiella pneumoniae,2.156814071417411,-0.2818692441072852,74.97989489632066,143.48750083422345
