,np,bacteria,bac_type,np_synthesis,method,shape,kingdom,phylum,class,order,family,genus,gram,isolated_from,mol_weight (g/mol),np_size_avg (nm),time_set,"min_Incub_period, h","growth_temp, C",Valance_electron,labuteASA,tpsa,CrippenMR,chi0v,pred_MIC_norm,pathogenic_bacteria,pred_MIC_pathogen,Fitness,pred_norm_MIC_original,pred_path_MIC_original
0,ZrO2,Bacillus subtilis,non-pathogenic,chemical_synthesis,MIC,quasi-spherical,Bacteria,Bacillota,Bacilli,Bacillales,Bacillaceae,Bacillus,p,soil,123.2218,1.9,1,0.16,30,16,29.29254423,34.14,1.373,3.774536472,1.6710285211257854,Klebsiella pneumoniae,0.7109335729395725,0.9600949481862129,46.8844171218265,5.139650325834571
1,ZnO,Bacillus subtilis,non-pathogenic,green_synthesis,MIC,tetragonal,Bacteria,Bacillota,Bacilli,Bacillales,Bacillaceae,Bacillus,p,soil,81.3794,0.8,24,0.16,30,8,22.60496136,17.07,0.6865,4.082482905,1.6684140271886874,Klebsiella pneumoniae,0.8747316948607098,0.7936823323279776,46.60301636720876,7.494310712059034
2,Ag,Bacillus subtilis,non-pathogenic,chemical_synthesis,MIC,spherical,Bacteria,Bacillota,Bacilli,Bacillales,Bacillaceae,Bacillus,p,soil,107.87,1.4,3,0.16,30,11,23.00188061,0.0,0.0,1.78376517,1.0942443810233717,Klebsiella pneumoniae,0.30617806283149385,0.7880663181918779,12.423511920205717,2.023848796357345
3,ZnO,Bacillus subtilis,non-pathogenic,green_synthesis,MIC,cubic,Bacteria,Bacillota,Bacilli,Bacillales,Bacillaceae,Bacillus,p,soil,81.3794,4.0,1,0.16,30,8,22.60496136,17.07,0.6865,4.082482905,1.4095169418889744,Klebsiella pneumoniae,0.6315478350940276,0.7779691067949468,25.67538366186213,4.281025700792488
4,CeO2,Bacillus subtilis,non-pathogenic,chemical_synthesis,MIC,cubic,Bacteria,Bacillota,Bacilli,Bacillales,Bacillaceae,Bacillus,p,soil,172.115,0.8,24,0.16,30,16,39.19032095,34.14,1.373,4.456551526,3.7498765484985888,Klebsiella pneumoniae,3.0344509922312177,0.715425556267371,5621.814981193653,1082.55754750667
5,ZnO,Bacillus subtilis,non-pathogenic,green_synthesis,MBC,rod-shaped,Bacteria,Bacillota,Bacilli,Bacillales,Bacillaceae,Bacillus,p,soil,81.3794,4.7,1,0.16,30,8,22.60496136,17.07,0.6865,4.082482905,1.9848265092859412,Klebsiella pneumoniae,1.2702980565811355,0.7145284527048057,96.56650408272348,18.63365526887433
6,ZnO,Bacillus subtilis,non-pathogenic,green_synthesis,MBC,spherical,Bacteria,Bacillota,Bacilli,Bacillales,Bacillaceae,Bacillus,p,soil,81.3794,5.1,1,0.16,30,8,22.60496136,17.07,0.6865,4.082482905,2.4469982370013117,Klebsiella pneumoniae,1.7346865447970505,0.7123116922042612,279.89699573201153,54.28583780767324
7,Ag,Bacillus subtilis,non-pathogenic,chemical_synthesis,MIC,spheroidal,Bacteria,Bacillota,Bacilli,Bacillales,Bacillaceae,Bacillus,p,soil,107.87,17.5,18,0.16,30,11,23.00188061,0.0,0.0,1.78376517,0.892219940832902,Klebsiella pneumoniae,0.18087513829942936,0.7113448025334727,7.802251418424932,1.5166142710559736
8,TiO2,Bacillus subtilis,non-pathogenic,green_synthesis,MIC,spherical,Bacteria,Bacillota,Bacilli,Bacillales,Bacillaceae,Bacillus,p,soil,79.866,4.0,1,0.16,30,16,26.40611331,34.14,1.373,2.878049394,1.969652616575274,Klebsiella pneumoniae,1.2693895615939765,0.7002630549812974,93.25081079166821,18.59471650932722
9,ZnO,Bacillus subtilis,non-pathogenic,green_synthesis,MBC,spherical,Bacteria,Bacillota,Bacilli,Bacillales,Bacillaceae,Bacillus,p,soil,81.3794,5.1,2,0.16,30,8,22.60496136,17.07,0.6865,4.082482905,2.5002239169187166,Klebsiella pneumoniae,1.8057403801074974,0.6944835368112192,316.3908512208403,63.9352518270214
10,Ag,Bacillus subtilis,non-pathogenic,green_synthesis,MIC,quasi-spherical,Bacteria,Bacillota,Bacilli,Bacillales,Bacillaceae,Bacillus,p,soil,107.87,1.4,4,0.16,30,11,23.00188061,0.0,0.0,1.78376517,1.6277563073315462,Klebsiella pneumoniae,0.941909701698185,0.6858466056333612,42.43813669330438,8.74801867929356
11,ZnO,Bacillus subtilis,non-pathogenic,green_synthesis,MIC,quasi-spherical,Bacteria,Bacillota,Bacilli,Bacillales,Bacillaceae,Bacillus,p,soil,81.3794,6.0,1,0.16,30,8,22.60496136,17.07,0.6865,4.082482905,1.5829354021551167,Klebsiella pneumoniae,0.9033791618522293,0.6795562403028874,38.276780542021484,8.00532857159759
12,TiO2,Bacillus subtilis,non-pathogenic,chemical_synthesis,MBEC,quasi-spherical,Bacteria,Bacillota,Bacilli,Bacillales,Bacillaceae,Bacillus,p,soil,79.866,6.0,3,0.16,30,16,26.40611331,34.14,1.373,2.878049394,2.8882079780214305,Klebsiella pneumoniae,2.2192934892057026,0.6689144888157279,773.0507004686657,165.68892842701536
13,Ag,Bacillus subtilis,non-pathogenic,green_synthesis,MIC,quasi-spherical,Bacteria,Bacillota,Bacilli,Bacillales,Bacillaceae,Bacillus,p,soil,107.87,3.0,24,0.16,30,11,23.00188061,0.0,0.0,1.78376517,2.1749727306766795,Klebsiella pneumoniae,1.5112441492147144,0.6637285814619651,149.61417105007408,32.45220040221544
14,ZnO,Bacillus subtilis,non-pathogenic,green_synthesis,MIC,cubic,Bacteria,Bacillota,Bacilli,Bacillales,Bacillaceae,Bacillus,p,soil,81.3794,5.1,1,0.16,30,8,22.60496136,17.07,0.6865,4.082482905,1.8634535905686842,Klebsiella pneumoniae,1.2203624088120835,0.6430911817566007,73.02197762029773,16.609723727433558
15,Ag,Bacillus subtilis,non-pathogenic,green_synthesis,MIC,cubic,Bacteria,Bacillota,Bacilli,Bacillales,Bacillaceae,Bacillus,p,soil,107.87,1.9,0,0.16,30,11,23.00188061,0.0,0.0,1.78376517,2.012224135231781,Klebsiella pneumoniae,1.3913006361619435,0.6209234990698376,102.85469844430024,24.620713595025794
16,ZnO,Bacillus subtilis,non-pathogenic,green_synthesis,MIC,spherical,Bacteria,Bacillota,Bacilli,Bacillales,Bacillaceae,Bacillus,p,soil,81.3794,5.1,2,0.16,30,8,22.60496136,17.07,0.6865,4.082482905,1.5064877196779383,Klebsiella pneumoniae,0.9025909114037699,0.6038968082741684,32.098720390240054,7.990811968212003
17,TiO2,Bacillus subtilis,non-pathogenic,green_synthesis,MBEC,quasi-hexagonal,Bacteria,Bacillota,Bacilli,Bacillales,Bacillaceae,Bacillus,p,soil,79.866,4.0,4,0.16,30,16,26.40611331,34.14,1.373,2.878049394,1.9382831481541902,Klebsiella pneumoniae,1.3512433578054297,0.5870397903487605,86.75272955486888,22.451396399790568
18,ZnO,Bacillus subtilis,non-pathogenic,green_synthesis,MBEC,rod-shaped,Bacteria,Bacillota,Bacilli,Bacillales,Bacillaceae,Bacillus,p,soil,81.3794,4.7,1,0.16,30,8,22.60496136,17.07,0.6865,4.082482905,1.9316694537322379,Klebsiella pneumoniae,1.3465772294635716,0.5850922242686662,85.44161598847431,22.211466290893792
19,Ag,Bacillus subtilis,non-pathogenic,green_synthesis,MIC,nanoplates,Bacteria,Bacillota,Bacilli,Bacillales,Bacillaceae,Bacillus,p,soil,107.87,3.0,1,0.16,30,11,23.00188061,0.0,0.0,1.78376517,1.7873611205522284,Klebsiella pneumoniae,1.2090270022104137,0.5783341183418147,61.285977944042585,16.181806447144332
20,CeO2,Bacillus subtilis,non-pathogenic,green_synthesis,MIC,cubic,Bacteria,Bacillota,Bacilli,Bacillales,Bacillaceae,Bacillus,p,soil,172.115,4.0,1,0.16,30,16,39.19032095,34.14,1.373,4.456551526,2.4887928434497457,Klebsiella pneumoniae,1.9119226368168376,0.5768702066329081,308.1717633905884,81.64369221580588
21,Ag,Bacillus subtilis,non-pathogenic,chemical_synthesis,MBEC,tetragonal,Bacteria,Bacillota,Bacilli,Bacillales,Bacillaceae,Bacillus,p,soil,107.87,5.1,18,0.16,30,11,23.00188061,0.0,0.0,1.78376517,0.6898058411178372,Klebsiella pneumoniae,0.11468773999306037,0.5751181011247768,4.895599041892521,1.3022301314811449
22,ZnO,Bacillus subtilis,non-pathogenic,green_synthesis,MBC,hexagonal,Bacteria,Bacillota,Bacilli,Bacillales,Bacillaceae,Bacillus,p,soil,81.3794,12.0,0,0.16,30,8,22.60496136,17.07,0.6865,4.082482905,2.558162524915083,Klebsiella pneumoniae,1.9871644789673528,0.57099804594773,361.5451374399175,97.08775950084018
23,Ag,Bacillus subtilis,non-pathogenic,green_synthesis,MIC,spheroidal,Bacteria,Bacillota,Bacilli,Bacillales,Bacillaceae,Bacillus,p,soil,107.8682,4.0,24,0.16,30,11,23.00188061,0.0,0.0,1.78376517,1.6623655269869508,Klebsiella pneumoniae,1.0947299113106448,0.567635615676306,45.95846627452107,12.437408860247729
24,CuO,Bacillus subtilis,non-pathogenic,green_synthesis,MBC,spheroidal,Bacteria,Bacillota,Bacilli,Bacillales,Bacillaceae,Bacillus,p,soil,79.5454,6.0,1,0.16,30,17,20.67942236,17.07,0.6865,1.651411411,3.570644404396461,Klebsiella pneumoniae,3.0131208242411516,0.5575235801553093,3720.8692076576035,1030.6728220824032
25,ZnO,Bacillus subtilis,non-pathogenic,green_synthesis,MBEC,cubic,Bacteria,Bacillota,Bacilli,Bacillales,Bacillaceae,Bacillus,p,soil,81.3794,12.0,4,0.16,30,8,22.60496136,17.07,0.6865,4.082482905,2.572793000046256,Klebsiella pneumoniae,2.0291983471756643,0.5435946528705919,373.93231655756136,106.9543240124253
26,TiO2,Bacillus subtilis,non-pathogenic,chemical_synthesis,MBEC,quasi-hexagonal,Bacteria,Bacillota,Bacilli,Bacillales,Bacillaceae,Bacillus,p,soil,79.866,12.0,4,0.16,30,16,26.40611331,34.14,1.373,2.878049394,2.2536572520124674,Klebsiella pneumoniae,1.7102538015814888,0.5434034504309786,179.33177703308266,51.31611876439139
27,ZnO,Bacillus subtilis,non-pathogenic,green_synthesis,MBEC,rod-shaped,Bacteria,Bacillota,Bacilli,Bacillales,Bacillaceae,Bacillus,p,soil,81.3794,4.0,4,0.16,30,8,22.60496136,17.07,0.6865,4.082482905,1.7134123888783603,Klebsiella pneumoniae,1.1757240456600142,0.5376883432183461,51.69069707405549,14.987322259162227
28,ZnO,Bacillus subtilis,non-pathogenic,green_synthesis,MBC,quasi-hexagonal,Bacteria,Bacillota,Bacilli,Bacillales,Bacillaceae,Bacillus,p,soil,81.3794,22.5,4,0.16,30,8,22.60496136,17.07,0.6865,4.082482905,0.9361532289021983,Klebsiella pneumoniae,0.4062393273700746,0.5299139015321237,8.632830798096036,2.5482341252772662
29,TiO2,Bacillus subtilis,non-pathogenic,green_synthesis,MIC,tetragonal,Bacteria,Bacillota,Bacilli,Bacillales,Bacillaceae,Bacillus,p,soil,79.866,4.0,3,0.16,30,16,26.40611331,34.14,1.373,2.878049394,0.7941531475162131,Klebsiella pneumoniae,0.2667219243857861,0.527431223130427,6.225197688436853,1.8480849246585225
30,Ag,Bacillus subtilis,non-pathogenic,chemical_synthesis,MIC,tetragonal,Bacteria,Bacillota,Bacilli,Bacillales,Bacillaceae,Bacillus,p,soil,107.8682,1.4,18,0.16,30,11,23.00188061,0.0,0.0,1.78376517,0.5467068798583121,Klebsiella pneumoniae,0.02172841631028377,0.5249784635480284,3.521331241775553,1.0513042408379305
31,CuO,Bacillus subtilis,non-pathogenic,green_synthesis,MBC,quasi-spherical,Bacteria,Bacillota,Bacilli,Bacillales,Bacillaceae,Bacillus,p,soil,79.5454,8.0,0,0.16,30,17,20.67942236,17.07,0.6865,1.651411411,3.3787673597486414,Klebsiella pneumoniae,2.856636495681258,0.5221308640673832,2392.0340627567953,718.8470514197945
32,ZnO,Bacillus subtilis,non-pathogenic,green_synthesis,MIC,quasi-hexagonal,Bacteria,Bacillota,Bacilli,Bacillales,Bacillaceae,Bacillus,p,soil,81.3794,10.4,0,0.16,30,8,22.60496136,17.07,0.6865,4.082482905,0.8356853799008127,Klebsiella pneumoniae,0.32436759485268185,0.5113177850481309,6.8499181150314525,2.1104136872065165
33,CuO,Bacillus subtilis,non-pathogenic,green_synthesis,MBC,cubic,Bacteria,Bacillota,Bacilli,Bacillales,Bacillaceae,Bacillus,p,soil,79.5454,8.0,4,0.16,30,17,20.67942236,17.07,0.6865,1.651411411,3.4862799164383365,Klebsiella pneumoniae,2.978420859250509,0.5078590571878276,3063.9376014632976,951.5264372586327
34,TiO2,Bacillus subtilis,non-pathogenic,green_synthesis,MBC,spheroidal,Bacteria,Bacillota,Bacilli,Bacillales,Bacillaceae,Bacillus,p,soil,79.866,3.0,1,0.16,30,16,26.40611331,34.14,1.373,2.878049394,2.754765225857857,Klebsiella pneumoniae,2.2479513507901117,0.5068138750677456,568.5454991985963,176.9910683684
35,ZnO,Bacillus subtilis,non-pathogenic,green_synthesis,MBEC,spherical,Bacteria,Bacillota,Bacilli,Bacillales,Bacillaceae,Bacillus,p,soil,81.3794,12.0,0,0.16,30,8,22.60496136,17.07,0.6865,4.082482905,2.492354339222796,Klebsiella pneumoniae,1.9906512134390386,0.5017031257837572,310.7093620150076,97.87036622802415
36,Ag,Bacillus subtilis,non-pathogenic,chemical_synthesis,MIC,tetragonal,Bacteria,Bacillota,Bacilli,Bacillales,Bacillaceae,Bacillus,p,soil,107.8682,0.8,24,0.16,30,11,23.00188061,0.0,0.0,1.78376517,1.620629336070373,Klebsiella pneumoniae,1.1203831932375428,0.5002461428328302,41.74739067346121,13.19420395956294
37,ZnO,Bacillus subtilis,non-pathogenic,green_synthesis,MBEC,tetragonal,Bacteria,Bacillota,Bacilli,Bacillales,Bacillaceae,Bacillus,p,soil,81.3794,12.0,18,0.16,30,8,22.60496136,17.07,0.6865,4.082482905,1.2560465636654115,Klebsiella pneumoniae,0.7579734448687658,0.4980731187966456,18.032110650190393,5.727610081858979
38,TiO2,Bacillus subtilis,non-pathogenic,chemical_synthesis,MBEC,quasi-spherical,Bacteria,Bacillota,Bacilli,Bacillales,Bacillaceae,Bacillus,p,soil,79.866,1.4,4,0.16,30,16,26.40611331,34.14,1.373,2.878049394,2.3069492299057983,Klebsiella pneumoniae,1.8122557725048667,0.4946934574009316,202.744569227386,64.90165514971471
39,ZnO,Bacillus subtilis,non-pathogenic,green_synthesis,MBEC,cubic,Bacteria,Bacillota,Bacilli,Bacillales,Bacillaceae,Bacillus,p,soil,81.3794,11.3,2,0.16,30,8,22.60496136,17.07,0.6865,4.082482905,2.6146065986666462,Klebsiella pneumoniae,2.123366407170728,0.49124019149591813,411.7243936832649,132.8514831336985
40,Ag,Bacillus subtilis,non-pathogenic,chemical_synthesis,MIC,quasi-hexagonal,Bacteria,Bacillota,Bacilli,Bacillales,Bacillaceae,Bacillus,p,soil,107.87,12.0,3,0.16,30,11,23.00188061,0.0,0.0,1.78376517,0.8576969909987672,Klebsiella pneumoniae,0.3716581327628803,0.4860388582358869,7.206045350770126,2.3531961694209675
41,Ag,Bacillus subtilis,non-pathogenic,chemical_synthesis,MBEC,spheroidal,Bacteria,Bacillota,Bacilli,Bacillales,Bacillaceae,Bacillus,p,soil,107.87,11.3,18,0.16,30,11,23.00188061,0.0,0.0,1.78376517,1.7993986544796896,Klebsiella pneumoniae,1.3172387258081495,0.4821599286715401,63.008429445200086,20.76054382907911
42,Au,Bacillus subtilis,non-pathogenic,green_synthesis,MIC,quasi-hexagonal,Bacteria,Bacillota,Bacilli,Bacillales,Bacillaceae,Bacillus,p,soil,196.966569,1.9,2,0.16,30,11,23.00188061,0.0,0.0,2.46797672,1.2329905987012277,Klebsiella pneumoniae,0.7556610774559867,0.4773295212452411,17.099782982928183,5.697194908002612
43,ZnO,Bacillus subtilis,non-pathogenic,green_synthesis,MBEC,nanoplates,Bacteria,Bacillota,Bacilli,Bacillales,Bacillaceae,Bacillus,p,soil,81.3794,0.8,0,0.16,30,8,22.60496136,17.07,0.6865,4.082482905,2.1006723525129556,Klebsiella pneumoniae,1.6252530721961247,0.4754192803168309,126.08759252053366,42.194230613749056
44,TiO2,Bacillus subtilis,non-pathogenic,chemical_synthesis,MBC,quasi-hexagonal,Bacteria,Bacillota,Bacilli,Bacillales,Bacillaceae,Bacillus,p,soil,79.866,1.9,3,0.16,30,16,26.40611331,34.14,1.373,2.878049394,1.4619715230929047,Klebsiella pneumoniae,0.9886189567741259,0.47335256631877876,28.971536136568854,9.741345721341773
45,ZnO,Bacillus subtilis,non-pathogenic,chemical_synthesis,MBC,cubic,Bacteria,Bacillota,Bacilli,Bacillales,Bacillaceae,Bacillus,p,soil,81.3794,3.0,4,0.16,30,8,22.60496136,17.07,0.6865,4.082482905,1.4365849096125782,Klebsiella pneumoniae,0.965752218539911,0.47083269107266723,27.326556575564933,9.241707490595791
46,CuO,Bacillus subtilis,non-pathogenic,green_synthesis,MBEC,quasi-hexagonal,Bacteria,Bacillota,Bacilli,Bacillales,Bacillaceae,Bacillus,p,soil,79.5454,9.0,4,0.16,30,17,20.67942236,17.07,0.6865,1.651411411,2.835235294343917,Klebsiella pneumoniae,2.368721108591176,0.4665141857527413,684.2822809162401,233.73357868881195
47,Ag,Bacillus subtilis,non-pathogenic,chemical_synthesis,MIC,quasi-hexagonal,Bacteria,Bacillota,Bacilli,Bacillales,Bacillaceae,Bacillus,p,soil,107.87,17.5,2,0.16,30,11,23.00188061,0.0,0.0,1.78376517,0.5077862892932847,Klebsiella pneumoniae,0.041587394671407596,0.46619889462187714,3.21948413484977,1.100493279313753
48,TiO2,Bacillus subtilis,non-pathogenic,green_synthesis,MBC,tetragonal,Bacteria,Bacillota,Bacilli,Bacillales,Bacillaceae,Bacillus,p,soil,79.866,8.0,0,0.16,30,16,26.40611331,34.14,1.373,2.878049394,2.2292017458951743,Klebsiella pneumoniae,1.7709909824630214,0.45821076343215283,169.512506604286,59.01888255726411
49,ZnO,Bacillus subtilis,non-pathogenic,chemical_synthesis,MBC,cubic,Bacteria,Bacillota,Bacilli,Bacillales,Bacillaceae,Bacillus,p,soil,81.3794,8.7,2,0.16,30,8,22.60496136,17.07,0.6865,4.082482905,1.9891765511442492,Klebsiella pneumoniae,1.5455973295780014,0.44357922156624774,97.53860750121311,35.1234630761592
50,CuO,Bacillus subtilis,non-pathogenic,green_synthesis,MBC,nanoplates,Bacteria,Bacillota,Bacilli,Bacillales,Bacillaceae,Bacillus,p,soil,79.5454,11.3,3,0.16,30,17,20.67942236,17.07,0.6865,1.651411411,3.5491463572079534,Klebsiella pneumoniae,3.172016891326612,0.37712946588134155,3541.1665826474245,1485.9934369710638
51,CuO,Bacillus subtilis,non-pathogenic,green_synthesis,MBC,spherical,Bacteria,Bacillota,Bacilli,Bacillales,Bacillaceae,Bacillus,p,soil,79.5454,11.3,0,0.16,30,17,20.67942236,17.07,0.6865,1.651411411,3.4276716125365976,Klebsiella pneumoniae,3.0801475593076626,0.347524053228935,2677.1432639843583,1202.6729948379955
52,ZnO,Bacillus subtilis,non-pathogenic,green_synthesis,MBEC,spherical,Bacteria,Bacillota,Bacilli,Bacillales,Bacillaceae,Bacillus,p,soil,81.3794,17.5,1,0.16,30,8,22.60496136,17.07,0.6865,4.082482905,2.088891938413625,Klebsiella pneumoniae,1.7801886897260444,0.3087032486875805,122.71338564974228,60.28214395187346
53,Ag,Bacillus subtilis,non-pathogenic,green_synthesis,MIC,spheroidal,Bacteria,Bacillota,Bacilli,Bacillales,Bacillaceae,Bacillus,p,soil,107.87,20.0,0,0.16,30,11,23.00188061,0.0,0.0,1.78376517,1.3605375535478692,Klebsiella pneumoniae,1.0619772008892352,0.298560352658634,22.937049590898887,11.533927066987065
54,Au,Bacillus subtilis,non-pathogenic,green_synthesis,MIC,spherical,Bacteria,Bacillota,Bacilli,Bacillales,Bacillaceae,Bacillus,p,soil,196.966569,38.0,1,0.16,30,11,23.00188061,0.0,0.0,2.46797672,1.2136677948237817,Klebsiella pneumoniae,0.9354470084492862,0.27822078637449554,16.355649489863843,8.618804077497158
55,Au,Bacillus subtilis,non-pathogenic,green_synthesis,MIC,spherical,Bacteria,Bacillota,Bacilli,Bacillales,Bacillaceae,Bacillus,p,soil,196.966569,38.0,1,0.16,30,11,23.00188061,0.0,0.0,2.46797672,1.2136677948237817,Klebsiella pneumoniae,0.9354470084492862,0.27822078637449554,16.355649489863843,8.618804077497158
56,Ag,Bacillus subtilis,non-pathogenic,green_synthesis,MBC,spheroidal,Bacteria,Bacillota,Bacilli,Bacillales,Bacillaceae,Bacillus,p,soil,107.87,4.7,1,0.16,30,11,23.00188061,0.0,0.0,1.78376517,1.6574549703062147,Klebsiella pneumoniae,1.385378487219716,0.2720764830864988,45.441741863233666,24.287258052122382
57,ZnO,Bacillus subtilis,non-pathogenic,chemical_synthesis,MBEC,quasi-spherical,Bacteria,Bacillota,Bacilli,Bacillales,Bacillaceae,Bacillus,p,soil,81.3794,9.0,18,0.16,30,8,22.60496136,17.07,0.6865,4.082482905,1.9764117910150327,Klebsiella pneumoniae,1.7053031384176074,0.27110865259742534,94.71347936559411,50.73447123372196
58,Au,Bacillus subtilis,non-pathogenic,chemical_synthesis,MBEC,quasi-hexagonal,Bacteria,Bacillota,Bacilli,Bacillales,Bacillaceae,Bacillus,p,soil,196.966569,4.0,3,0.16,30,11,23.00188061,0.0,0.0,2.46797672,1.0290309474341264,Klebsiella pneumoniae,0.7863391891500479,0.24269175828407852,10.69131061826041,6.114193642649759
59,Ag,Bacillus subtilis,non-pathogenic,chemical_synthesis,MBEC,spheroidal,Bacteria,Bacillota,Bacilli,Bacillales,Bacillaceae,Bacillus,p,soil,107.87,22.5,2,0.16,30,11,23.00188061,0.0,0.0,1.78376517,1.350839157803107,Klebsiella pneumoniae,1.1590031864786354,0.1918359713244715,22.430510495965013,14.421259325633278
60,ZnO,Bacillus subtilis,non-pathogenic,chemical_synthesis,MBEC,cubic,Bacteria,Bacillota,Bacilli,Bacillales,Bacillaceae,Bacillus,p,soil,81.3794,1.4,24,0.16,30,8,22.60496136,17.07,0.6865,4.082482905,2.770020581525943,Klebsiella pneumoniae,2.590101098005987,0.179919483519956,588.8715617385845,389.1357200956011
61,Ag,Bacillus subtilis,non-pathogenic,chemical_synthesis,MBEC,triangular,Bacteria,Bacillota,Bacilli,Bacillales,Bacillaceae,Bacillus,p,soil,107.87,11.3,4,0.16,30,11,23.00188061,0.0,0.0,1.78376517,0.009634708633697642,Klebsiella pneumoniae,-0.15171604785525905,0.1613507564889567,1.0224326476284917,0.7051539648470492
62,CeO2,Bacillus subtilis,non-pathogenic,chemical_synthesis,MBEC,nanoplates,Bacteria,Bacillota,Bacilli,Bacillales,Bacillaceae,Bacillus,p,soil,172.115,18.0,0,0.16,30,16,39.19032095,34.14,1.373,4.456551526,2.944229982618495,Klebsiella pneumoniae,2.785199894405086,0.15903008821340903,879.4881304763717,609.8175157269592
63,ZnO,Bacillus subtilis,non-pathogenic,green_synthesis,MBEC,hexagonal,Bacteria,Bacillota,Bacilli,Bacillales,Bacillaceae,Bacillus,p,soil,81.3794,35.0,2,0.16,30,8,22.60496136,17.07,0.6865,4.082482905,1.9151374042965945,Klebsiella pneumoniae,1.76004318091597,0.1550942233806245,82.25028364151964,57.549715487030014
64,Ag,Bacillus subtilis,non-pathogenic,green_synthesis,MBEC,triangular,Bacteria,Bacillota,Bacilli,Bacillales,Bacillaceae,Bacillus,p,soil,107.87,26.06,1,0.16,30,11,23.00188061,0.0,0.0,1.78376517,-0.12008340344219848,Klebsiella pneumoniae,-0.22354886996039025,0.10346546651819177,0.758431909106972,0.5976557883469837
65,ZnO,Bacillus subtilis,non-pathogenic,chemical_synthesis,MBEC,spherical,Bacteria,Bacillota,Bacilli,Bacillales,Bacillaceae,Bacillus,p,soil,81.3794,37.86,0,0.16,30,8,22.60496136,17.07,0.6865,4.082482905,2.0471980552878994,Klebsiella pneumoniae,1.9439214122984723,0.10327664298942718,111.48028114160708,87.88634678163783
66,Ag,Bacillus subtilis,non-pathogenic,green_synthesis,MBEC,nanoplates,Bacteria,Bacillota,Bacilli,Bacillales,Bacillaceae,Bacillus,p,soil,107.87,3.0,3,0.16,30,11,23.00188061,0.0,0.0,1.78376517,2.032549060796235,Klebsiella pneumoniae,1.9468128710023545,0.08573618979388065,107.78270053320152,88.47343129796032
67,TiO2,Bacillus subtilis,non-pathogenic,green_synthesis,MIC,quasi-hexagonal,Bacteria,Bacillota,Bacilli,Bacillales,Bacillaceae,Bacillus,p,soil,79.866,12.5,18,0.16,30,16,26.40611331,34.14,1.373,2.878049394,1.8722934408266536,Klebsiella pneumoniae,1.806619412363138,0.06567402846351555,74.52353388363794,64.06479080630145
68,CuO,Bacillus subtilis,non-pathogenic,green_synthesis,MBEC,hexagonal,Bacteria,Bacillota,Bacilli,Bacillales,Bacillaceae,Bacillus,p,soil,79.5454,40.0,2,0.16,30,17,20.67942236,17.07,0.6865,1.651411411,2.7453468507792183,Klebsiella pneumoniae,2.696295128792385,0.049051721986833385,556.3484094525171,496.9298999994061
69,ZnO,Bacillus subtilis,non-pathogenic,chemical_synthesis,MIC,nanoplates,Bacteria,Bacillota,Bacilli,Bacillales,Bacillaceae,Bacillus,p,soil,81.3794,12.5,3,0.16,30,8,22.60496136,17.07,0.6865,4.082482905,2.15753159666686,Klebsiella pneumoniae,2.139640656217714,0.017890940449146076,143.72476150859552,137.92425799479275
70,Ag,Bacillus subtilis,non-pathogenic,green_synthesis,MIC,cubic,Bacteria,Bacillota,Bacilli,Bacillales,Bacillaceae,Bacillus,p,soil,107.87,40.0,18,0.16,30,11,23.00188061,0.0,0.0,1.78376517,1.0215522897802816,Klebsiella pneumoniae,1.049669178376011,-0.028116888595729472,10.508779747104404,11.211640878679615
71,CeO2,Bacillus subtilis,non-pathogenic,green_synthesis,MBEC,cubic,Bacteria,Bacillota,Bacilli,Bacillales,Bacillaceae,Bacillus,p,soil,172.115,4.7,18,0.16,30,16,39.19032095,34.14,1.373,4.456551526,2.905866920800092,Klebsiella pneumoniae,2.938745193783567,-0.03287827298347512,805.1316899657984,868.4507484426192
72,ZnO,Bacillus subtilis,non-pathogenic,green_synthesis,MIC,triangular,Bacteria,Bacillota,Bacilli,Bacillales,Bacillaceae,Bacillus,p,soil,81.3794,17.5,2,0.16,30,8,22.60496136,17.07,0.6865,4.082482905,-0.4838965386557956,Klebsiella pneumoniae,-0.4419977249293727,-0.0418988137264229,0.32817346408959663,0.3614117559059356
73,Ag,Bacillus subtilis,non-pathogenic,chemical_synthesis,MBC,cubic,Bacteria,Bacillota,Bacilli,Bacillales,Bacillaceae,Bacillus,p,soil,107.87,45.26,1,0.16,30,11,23.00188061,0.0,0.0,1.78376517,1.401131337657159,Klebsiella pneumoniae,1.4567823860296172,-0.055651048372458156,25.18438429015102,28.627431623376246
74,Au,Bacillus subtilis,non-pathogenic,green_synthesis,MIC,spherical,Bacteria,Bacillota,Bacilli,Bacillales,Bacillaceae,Bacillus,p,soil,196.966569,60.0,24,0.16,30,11,23.00188061,0.0,0.0,2.46797672,1.4887199190180622,Klebsiella pneumoniae,1.5594911095227526,-0.07077119050469038,30.812002116278343,36.265286227300614
75,Ag,Bacillus subtilis,non-pathogenic,chemical_synthesis,MIC,rod-shaped,Bacteria,Bacillota,Bacilli,Bacillales,Bacillaceae,Bacillus,p,soil,107.8682,17.5,3,0.16,30,11,23.00188061,0.0,0.0,1.78376517,1.7198285967521723,Klebsiella pneumoniae,1.8191443260869697,-0.09931572933479749,52.46003750616933,65.9392990357413
76,ZnO,Bacillus subtilis,non-pathogenic,chemical_synthesis,MIC,nanoplates,Bacteria,Bacillota,Bacilli,Bacillales,Bacillaceae,Bacillus,p,soil,81.3794,100.0,1,0.16,30,8,22.60496136,17.07,0.6865,4.082482905,1.3656154350800052,Klebsiella pneumoniae,1.5098335099698266,-0.1442180748898214,23.20680938491726,32.34696286618147
77,Cu,Bacillus subtilis,non-pathogenic,chemical_synthesis,MBC,hexagonal,Bacteria,Bacillota,Bacilli,Bacillales,Bacillaceae,Bacillus,p,soil,63.55,1.9,4,0.16,30,11,17.96409803,0.0,0.0,1.243163121,0.7946080039265356,Klebsiella pneumoniae,0.9434832337980605,-0.1488752298715249,6.231721037285871,8.779771916001476
78,Au,Bacillus subtilis,non-pathogenic,green_synthesis,MBEC,spheroidal,Bacteria,Bacillota,Bacilli,Bacillales,Bacillaceae,Bacillus,p,soil,196.966569,13.0,4,0.16,30,11,23.00188061,0.0,0.0,2.46797672,2.1231550862541546,Klebsiella pneumoniae,2.285054789850988,-0.16189970359683326,132.7868554002048,192.77681017856878
79,ZnO,Bacillus subtilis,non-pathogenic,chemical_synthesis,MBC,spheroidal,Bacteria,Bacillota,Bacilli,Bacillales,Bacillaceae,Bacillus,p,soil,81.3794,40.0,0,0.16,30,8,22.60496136,17.07,0.6865,4.082482905,2.0798327096258378,Klebsiella pneumoniae,2.249794004448708,-0.16996129482287037,120.18014111544916,177.7436132493145
80,CeO2,Bacillus subtilis,non-pathogenic,chemical_synthesis,MIC,quasi-spherical,Bacteria,Bacillota,Bacilli,Bacillales,Bacillaceae,Bacillus,p,soil,172.115,28.0,24,0.16,30,16,39.19032095,34.14,1.373,4.456551526,2.612408091721225,Klebsiella pneumoniae,2.788231381766705,-0.17582329004547992,409.6454087613108,614.089090081581
