,np,bacteria,bac_type,np_synthesis,method,shape,kingdom,phylum,class,order,family,genus,gram,isolated_from,mol_weight (g/mol),np_size_avg (nm),time_set,"min_Incub_period, h","growth_temp, C",Valance_electron,labuteASA,tpsa,CrippenMR,chi0v,pred_MIC_norm,pathogenic_bacteria,pred_MIC_pathogen,Fitness,pred_norm_MIC_original,pred_path_MIC_original
0,Ag,Bacillus subtilis,non-pathogenic,chemical_synthesis,MIC,spheroidal,Bacteria,Bacillota,Bacilli,Bacillales,Bacillaceae,Bacillus,p,soil,107.87,4.0,24,0.16,30,11,23.00188061,0.0,0.0,1.78376517,1.576650266999707,Klebsiella pneumoniae,0.6041259074956504,0.9725243595040565,37.72682582118388,4.019073120035886
1,ZrO2,Bacillus subtilis,non-pathogenic,chemical_synthesis,MIC,quasi-spherical,Bacteria,Bacillota,Bacilli,Bacillales,Bacillaceae,Bacillus,p,soil,123.2218,1.9,1,0.16,30,16,29.29254423,34.14,1.373,3.774536472,1.6710285211257854,Klebsiella pneumoniae,0.7109335729395725,0.9600949481862129,46.8844171218265,5.139650325834571
2,Ag,Bacillus subtilis,non-pathogenic,green_synthesis,MIC,spheroidal,Bacteria,Bacillota,Bacilli,Bacillales,Bacillaceae,Bacillus,p,soil,107.87,3.0,18,0.16,30,11,23.00188061,0.0,0.0,1.78376517,1.352005576687519,Klebsiella pneumoniae,0.4528028530056989,0.8992027236818201,22.49083485676072,2.8366310538987634
3,ZnO,Bacillus subtilis,non-pathogenic,green_synthesis,MIC,quasi-spherical,Bacteria,Bacillota,Bacilli,Bacillales,Bacillaceae,Bacillus,p,soil,81.3794,1.4,0,0.16,30,8,22.60496136,17.07,0.6865,4.082482905,1.3729146173064786,Klebsiella pneumoniae,0.5305546723383985,0.8423599449680801,23.600142066101814,3.3927719768311673
4,Ag,Bacillus subtilis,non-pathogenic,chemical_synthesis,MIC,spherical,Bacteria,Bacillota,Bacilli,Bacillales,Bacillaceae,Bacillus,p,soil,107.87,1.4,24,0.16,30,11,23.00188061,0.0,0.0,1.78376517,2.0246453217009397,Klebsiella pneumoniae,1.2362243982017884,0.7884209234991513,105.83890102051275,17.227584873998683
5,ZnO,Bacillus subtilis,non-pathogenic,green_synthesis,MIC,cubic,Bacteria,Bacillota,Bacilli,Bacillales,Bacillaceae,Bacillus,p,soil,81.3794,4.0,1,0.16,30,8,22.60496136,17.07,0.6865,4.082482905,1.4095169418889744,Klebsiella pneumoniae,0.6315478350940276,0.7779691067949468,25.67538366186213,4.281025700792488
6,Ag,Bacillus subtilis,non-pathogenic,chemical_synthesis,MIC,cubic,Bacteria,Bacillota,Bacilli,Bacillales,Bacillaceae,Bacillus,p,soil,107.87,4.0,1,0.16,30,11,23.00188061,0.0,0.0,1.78376517,1.358161458814387,Klebsiella pneumoniae,0.6112415852528972,0.7469198735614899,22.81189998444443,4.085465855898142
7,ZnO,Bacillus subtilis,non-pathogenic,green_synthesis,MIC,nanoplates,Bacteria,Bacillota,Bacilli,Bacillales,Bacillaceae,Bacillus,p,soil,81.3794,0.8,3,0.16,30,8,22.60496136,17.07,0.6865,4.082482905,1.532573356492053,Klebsiella pneumoniae,0.7856612177067139,0.746912138785339,34.08578940968702,6.104656301058899
8,CeO2,Bacillus subtilis,non-pathogenic,chemical_synthesis,MIC,cubic,Bacteria,Bacillota,Bacilli,Bacillales,Bacillaceae,Bacillus,p,soil,172.115,0.8,24,0.16,30,16,39.19032095,34.14,1.373,4.456551526,3.7498765484985888,Klebsiella pneumoniae,3.0344509922312177,0.715425556267371,5621.814981193653,1082.55754750667
9,ZnO,Bacillus subtilis,non-pathogenic,green_synthesis,MBC,rod-shaped,Bacteria,Bacillota,Bacilli,Bacillales,Bacillaceae,Bacillus,p,soil,81.3794,4.7,1,0.16,30,8,22.60496136,17.07,0.6865,4.082482905,1.9848265092859412,Klebsiella pneumoniae,1.2702980565811355,0.7145284527048057,96.56650408272348,18.63365526887433
10,Ag,Bacillus subtilis,non-pathogenic,chemical_synthesis,MIC,spheroidal,Bacteria,Bacillota,Bacilli,Bacillales,Bacillaceae,Bacillus,p,soil,107.87,17.5,18,0.16,30,11,23.00188061,0.0,0.0,1.78376517,0.892219940832902,Klebsiella pneumoniae,0.18087513829942936,0.7113448025334727,7.802251418424932,1.5166142710559736
11,ZnO,Bacillus subtilis,non-pathogenic,green_synthesis,MBEC,spherical,Bacteria,Bacillota,Bacilli,Bacillales,Bacillaceae,Bacillus,p,soil,81.3794,6.0,4,0.16,30,8,22.60496136,17.07,0.6865,4.082482905,2.453535218440064,Klebsiella pneumoniae,1.748710636699842,0.7048245817402219,284.1418596092014,56.067428346166274
12,TiO2,Bacillus subtilis,non-pathogenic,green_synthesis,MIC,spherical,Bacteria,Bacillota,Bacilli,Bacillales,Bacillaceae,Bacillus,p,soil,79.866,4.0,1,0.16,30,16,26.40611331,34.14,1.373,2.878049394,1.969652616575274,Klebsiella pneumoniae,1.2693895615939765,0.7002630549812974,93.25081079166821,18.59471650932722
13,ZnO,Bacillus subtilis,non-pathogenic,green_synthesis,MBC,spherical,Bacteria,Bacillota,Bacilli,Bacillales,Bacillaceae,Bacillus,p,soil,81.3794,5.1,2,0.16,30,8,22.60496136,17.07,0.6865,4.082482905,2.5002239169187166,Klebsiella pneumoniae,1.8057403801074974,0.6944835368112192,316.3908512208403,63.9352518270214
14,Ag,Bacillus subtilis,non-pathogenic,green_synthesis,MIC,quasi-spherical,Bacteria,Bacillota,Bacilli,Bacillales,Bacillaceae,Bacillus,p,soil,107.87,1.4,4,0.16,30,11,23.00188061,0.0,0.0,1.78376517,1.6277563073315462,Klebsiella pneumoniae,0.941909701698185,0.6858466056333612,42.43813669330438,8.74801867929356
15,ZnO,Bacillus subtilis,non-pathogenic,green_synthesis,MBC,quasi-hexagonal,Bacteria,Bacillota,Bacilli,Bacillales,Bacillaceae,Bacillus,p,soil,81.3794,3.0,3,0.16,30,8,22.60496136,17.07,0.6865,4.082482905,1.0521131448303405,Klebsiella pneumoniae,0.3704987940431477,0.6816143507871928,11.274911582255411,2.346922745699456
16,TiO2,Bacillus subtilis,non-pathogenic,chemical_synthesis,MBEC,quasi-spherical,Bacteria,Bacillota,Bacilli,Bacillales,Bacillaceae,Bacillus,p,soil,79.866,6.0,3,0.16,30,16,26.40611331,34.14,1.373,2.878049394,2.8882079780214305,Klebsiella pneumoniae,2.2192934892057026,0.6689144888157279,773.0507004686657,165.68892842701536
17,Ag,Bacillus subtilis,non-pathogenic,green_synthesis,MIC,quasi-spherical,Bacteria,Bacillota,Bacilli,Bacillales,Bacillaceae,Bacillus,p,soil,107.87,3.0,24,0.16,30,11,23.00188061,0.0,0.0,1.78376517,2.1749727306766795,Klebsiella pneumoniae,1.5112441492147144,0.6637285814619651,149.61417105007408,32.45220040221544
18,ZnO,Bacillus subtilis,non-pathogenic,green_synthesis,MIC,cubic,Bacteria,Bacillota,Bacilli,Bacillales,Bacillaceae,Bacillus,p,soil,81.3794,5.1,1,0.16,30,8,22.60496136,17.07,0.6865,4.082482905,1.8634535905686842,Klebsiella pneumoniae,1.2203624088120835,0.6430911817566007,73.02197762029773,16.609723727433558
19,Ag,Bacillus subtilis,non-pathogenic,green_synthesis,MIC,rod-shaped,Bacteria,Bacillota,Bacilli,Bacillales,Bacillaceae,Bacillus,p,soil,107.87,1.9,0,0.16,30,11,23.00188061,0.0,0.0,1.78376517,1.551284734999151,Klebsiella pneumoniae,0.9179149742770354,0.6333697607221156,35.586455635869754,8.277800859209735
20,ZnO,Bacillus subtilis,non-pathogenic,green_synthesis,MIC,spherical,Bacteria,Bacillota,Bacilli,Bacillales,Bacillaceae,Bacillus,p,soil,81.3794,5.1,2,0.16,30,8,22.60496136,17.07,0.6865,4.082482905,1.5064877196779383,Klebsiella pneumoniae,0.9025909114037699,0.6038968082741684,32.098720390240054,7.990811968212003
21,TiO2,Bacillus subtilis,non-pathogenic,green_synthesis,MIC,quasi-spherical,Bacteria,Bacillota,Bacilli,Bacillales,Bacillaceae,Bacillus,p,soil,79.866,6.0,3,0.16,30,16,26.40611331,34.14,1.373,2.878049394,2.547454619154597,Klebsiella pneumoniae,1.9447249942694003,0.6027296248851968,352.7399257489364,88.04911482330964
22,Ag,Bacillus subtilis,non-pathogenic,green_synthesis,MIC,nanoplates,Bacteria,Bacillota,Bacilli,Bacillales,Bacillaceae,Bacillus,p,soil,107.87,1.9,0,0.16,30,11,23.00188061,0.0,0.0,1.78376517,2.021607285162448,Klebsiella pneumoniae,1.4242356653048422,0.5973716198576056,105.1011057440312,26.560464464973652
23,TiO2,Bacillus subtilis,non-pathogenic,chemical_synthesis,MBC,cubic,Bacteria,Bacillota,Bacilli,Bacillales,Bacillaceae,Bacillus,p,soil,79.866,5.1,4,0.16,30,16,26.40611331,34.14,1.373,2.878049394,2.8947763448077897,Klebsiella pneumoniae,2.3023641976554674,0.5924121471523223,784.8313540573535,200.61536747875277
24,ZnO,Bacillus subtilis,non-pathogenic,green_synthesis,MBC,hexagonal,Bacteria,Bacillota,Bacilli,Bacillales,Bacillaceae,Bacillus,p,soil,81.3794,11.3,3,0.16,30,8,22.60496136,17.07,0.6865,4.082482905,2.5297381491069157,Klebsiella pneumoniae,1.9422923625792448,0.587445786527671,338.63991706682503,87.55730036162082
25,ZnO,Bacillus subtilis,non-pathogenic,chemical_synthesis,MIC,quasi-hexagonal,Bacteria,Bacillota,Bacilli,Bacillales,Bacillaceae,Bacillus,p,soil,81.3794,6.0,0,0.16,30,8,22.60496136,17.07,0.6865,4.082482905,1.0195328028573927,Klebsiella pneumoniae,0.43442616589674654,0.5851066369606461,10.460026934964509,2.7191061734491635
26,Ag,Bacillus subtilis,non-pathogenic,green_synthesis,MIC,nanoplates,Bacteria,Bacillota,Bacilli,Bacillales,Bacillaceae,Bacillus,p,soil,107.87,3.0,1,0.16,30,11,23.00188061,0.0,0.0,1.78376517,1.7873611205522284,Klebsiella pneumoniae,1.2090270022104137,0.5783341183418147,61.285977944042585,16.181806447144332
27,CeO2,Bacillus subtilis,non-pathogenic,green_synthesis,MIC,cubic,Bacteria,Bacillota,Bacilli,Bacillales,Bacillaceae,Bacillus,p,soil,172.115,4.0,1,0.16,30,16,39.19032095,34.14,1.373,4.456551526,2.4887928434497457,Klebsiella pneumoniae,1.9119226368168376,0.5768702066329081,308.1717633905884,81.64369221580588
28,Ag,Bacillus subtilis,non-pathogenic,chemical_synthesis,MBEC,tetragonal,Bacteria,Bacillota,Bacilli,Bacillales,Bacillaceae,Bacillus,p,soil,107.87,5.1,18,0.16,30,11,23.00188061,0.0,0.0,1.78376517,0.6898058411178372,Klebsiella pneumoniae,0.11468773999306037,0.5751181011247768,4.895599041892521,1.3022301314811449
29,ZnO,Bacillus subtilis,non-pathogenic,green_synthesis,MBC,hexagonal,Bacteria,Bacillota,Bacilli,Bacillales,Bacillaceae,Bacillus,p,soil,81.3794,12.0,0,0.16,30,8,22.60496136,17.07,0.6865,4.082482905,2.558162524915083,Klebsiella pneumoniae,1.9871644789673528,0.57099804594773,361.5451374399175,97.08775950084018
30,Ag,Bacillus subtilis,non-pathogenic,green_synthesis,MIC,spheroidal,Bacteria,Bacillota,Bacilli,Bacillales,Bacillaceae,Bacillus,p,soil,107.8682,4.0,24,0.16,30,11,23.00188061,0.0,0.0,1.78376517,1.6623655269869508,Klebsiella pneumoniae,1.0947299113106448,0.567635615676306,45.95846627452107,12.437408860247729
31,ZnO,Bacillus subtilis,non-pathogenic,green_synthesis,MBC,nanoplates,Bacteria,Bacillota,Bacilli,Bacillales,Bacillaceae,Bacillus,p,soil,81.3794,12.0,0,0.16,30,8,22.60496136,17.07,0.6865,4.082482905,2.560137173439725,Klebsiella pneumoniae,1.9925322533168495,0.5676049201228754,363.1927523636806,98.29518701994506
32,ZnO,Bacillus subtilis,non-pathogenic,green_synthesis,MBC,nanoplates,Bacteria,Bacillota,Bacilli,Bacillales,Bacillaceae,Bacillus,p,soil,81.3794,12.0,1,0.16,30,8,22.60496136,17.07,0.6865,4.082482905,2.4599259024567015,Klebsiella pneumoniae,1.8924655473107688,0.5674603551459327,288.35394834744136,78.06665072132421
33,CuO,Bacillus subtilis,non-pathogenic,green_synthesis,MBC,spheroidal,Bacteria,Bacillota,Bacilli,Bacillales,Bacillaceae,Bacillus,p,soil,79.5454,6.0,1,0.16,30,17,20.67942236,17.07,0.6865,1.651411411,3.570644404396461,Klebsiella pneumoniae,3.0131208242411516,0.5575235801553093,3720.8692076576035,1030.6728220824032
34,TiO2,Bacillus subtilis,non-pathogenic,chemical_synthesis,MBC,quasi-hexagonal,Bacteria,Bacillota,Bacilli,Bacillales,Bacillaceae,Bacillus,p,soil,79.866,10.0,0,0.16,30,16,26.40611331,34.14,1.373,2.878049394,2.0938057346742696,Klebsiella pneumoniae,1.5461418493928927,0.5476638852813769,124.10970252668112,35.16752860584011
35,ZnO,Bacillus subtilis,non-pathogenic,green_synthesis,MBEC,cubic,Bacteria,Bacillota,Bacilli,Bacillales,Bacillaceae,Bacillus,p,soil,81.3794,12.0,4,0.16,30,8,22.60496136,17.07,0.6865,4.082482905,2.572793000046256,Klebsiella pneumoniae,2.0291983471756643,0.5435946528705919,373.93231655756136,106.9543240124253
36,TiO2,Bacillus subtilis,non-pathogenic,chemical_synthesis,MBEC,quasi-hexagonal,Bacteria,Bacillota,Bacilli,Bacillales,Bacillaceae,Bacillus,p,soil,79.866,12.0,4,0.16,30,16,26.40611331,34.14,1.373,2.878049394,2.2536572520124674,Klebsiella pneumoniae,1.7102538015814888,0.5434034504309786,179.33177703308266,51.31611876439139
37,ZnO,Bacillus subtilis,non-pathogenic,green_synthesis,MBC,spheroidal,Bacteria,Bacillota,Bacilli,Bacillales,Bacillaceae,Bacillus,p,soil,81.3794,5.1,0,0.16,30,8,22.60496136,17.07,0.6865,4.082482905,2.637963569973498,Klebsiella pneumoniae,2.0950853872608217,0.5428781827126761,434.4737775765603,124.47593216293043
38,Pd,Bacillus subtilis,non-pathogenic,chemical_synthesis,MIC,quasi-hexagonal,Bacteria,Bacillota,Bacilli,Bacillales,Bacillaceae,Bacillus,p,soil,195.084,10.4,3,0.16,30,10,21.14774404,0.0,0.0,1.870828693,0.541554107492972,Klebsiella pneumoniae,0.01391401268229453,0.5276400948106774,3.4797985875234847,1.0325569463540987
39,TiO2,Bacillus subtilis,non-pathogenic,green_synthesis,MIC,tetragonal,Bacteria,Bacillota,Bacilli,Bacillales,Bacillaceae,Bacillus,p,soil,79.866,4.0,3,0.16,30,16,26.40611331,34.14,1.373,2.878049394,0.7941531475162131,Klebsiella pneumoniae,0.2667219243857861,0.527431223130427,6.225197688436853,1.8480849246585225
40,Ag,Bacillus subtilis,non-pathogenic,green_synthesis,MIC,hexagonal,Bacteria,Bacillota,Bacilli,Bacillales,Bacillaceae,Bacillus,p,soil,107.87,4.0,1,0.16,30,11,23.00188061,0.0,0.0,1.78376517,1.7411772476355196,Klebsiella pneumoniae,1.2151419181657959,0.5260353294697238,55.10325421983388,16.411259705198766
41,CuO,Bacillus subtilis,non-pathogenic,green_synthesis,MBC,quasi-spherical,Bacteria,Bacillota,Bacilli,Bacillales,Bacillaceae,Bacillus,p,soil,79.5454,8.0,0,0.16,30,17,20.67942236,17.07,0.6865,1.651411411,3.3787673597486414,Klebsiella pneumoniae,2.856636495681258,0.5221308640673832,2392.0340627567953,718.8470514197945
42,ZnO,Bacillus subtilis,non-pathogenic,chemical_synthesis,MBC,quasi-spherical,Bacteria,Bacillota,Bacilli,Bacillales,Bacillaceae,Bacillus,p,soil,81.3794,1.4,0,0.16,30,8,22.60496136,17.07,0.6865,4.082482905,0.9674177914833393,Klebsiella pneumoniae,0.4465392948241427,0.5208784966591966,9.277218630811502,2.7960136985506754
43,Ag,Bacillus subtilis,non-pathogenic,chemical_synthesis,MIC,spherical,Bacteria,Bacillota,Bacilli,Bacillales,Bacillaceae,Bacillus,p,soil,107.87,5.1,2,0.16,30,11,23.00188061,0.0,0.0,1.78376517,1.4418822387311652,Klebsiella pneumoniae,0.9304101530090798,0.5114720857220854,27.661914761137403,8.51942243044075
44,TiO2,Bacillus subtilis,non-pathogenic,chemical_synthesis,MBEC,quasi-spherical,Bacteria,Bacillota,Bacilli,Bacillales,Bacillaceae,Bacillus,p,soil,79.866,4.0,1,0.16,30,16,26.40611331,34.14,1.373,2.878049394,2.3325719724111544,Klebsiella pneumoniae,1.824283829035396,0.5082881433757584,215.066106295432,66.72426968795637
45,CuO,Bacillus subtilis,non-pathogenic,green_synthesis,MBC,cubic,Bacteria,Bacillota,Bacilli,Bacillales,Bacillaceae,Bacillus,p,soil,79.5454,8.0,4,0.16,30,17,20.67942236,17.07,0.6865,1.651411411,3.4862799164383365,Klebsiella pneumoniae,2.978420859250509,0.5078590571878276,3063.9376014632976,951.5264372586327
46,TiO2,Bacillus subtilis,non-pathogenic,green_synthesis,MBC,spheroidal,Bacteria,Bacillota,Bacilli,Bacillales,Bacillaceae,Bacillus,p,soil,79.866,3.0,1,0.16,30,16,26.40611331,34.14,1.373,2.878049394,2.754765225857857,Klebsiella pneumoniae,2.2479513507901117,0.5068138750677456,568.5454991985963,176.9910683684
47,CeO2,Bacillus subtilis,non-pathogenic,green_synthesis,MIC,tetragonal,Bacteria,Bacillota,Bacilli,Bacillales,Bacillaceae,Bacillus,p,soil,172.115,3.0,2,0.16,30,16,39.19032095,34.14,1.373,4.456551526,1.14753538012803,Klebsiella pneumoniae,0.6447257862229996,0.5028095939050303,14.045441011635065,4.412917275288728
48,Au,Bacillus subtilis,non-pathogenic,green_synthesis,MIC,quasi-spherical,Bacteria,Bacillota,Bacilli,Bacillales,Bacillaceae,Bacillus,p,soil,196.966569,100.0,4,0.16,30,11,23.00188061,0.0,0.0,2.46797672,0.9900225925381512,Klebsiella pneumoniae,0.57643000188183,0.41359259065632115,9.772880593716705,3.770769641214474
49,ZnO,Bacillus subtilis,non-pathogenic,green_synthesis,MBC,hexagonal,Bacteria,Bacillota,Bacilli,Bacillales,Bacillaceae,Bacillus,p,soil,81.3794,17.5,2,0.16,30,8,22.60496136,17.07,0.6865,4.082482905,2.1990380039694797,Klebsiella pneumoniae,1.8679730036429276,0.33106500032655206,158.13864161877194,73.78583623877999
50,TiO2,Bacillus subtilis,non-pathogenic,chemical_synthesis,MBEC,triangular,Bacteria,Bacillota,Bacilli,Bacillales,Bacillaceae,Bacillus,p,soil,79.866,12.0,1,0.16,30,16,26.40611331,34.14,1.373,2.878049394,1.0029209724857713,Klebsiella pneumoniae,0.6737797896229507,0.32914118286282057,10.067484566064744,4.718237408943725
51,Ag,Bacillus subtilis,non-pathogenic,green_synthesis,MIC,spherical,Bacteria,Bacillota,Bacilli,Bacillales,Bacillaceae,Bacillus,p,soil,107.8682,3.0,3,0.16,30,11,23.00188061,0.0,0.0,1.78376517,1.2060684927279406,Klebsiella pneumoniae,0.9134774081826612,0.2925910845452794,16.071947042405593,8.193649990470279
52,ZnO,Bacillus subtilis,non-pathogenic,green_synthesis,MBC,quasi-spherical,Bacteria,Bacillota,Bacilli,Bacillales,Bacillaceae,Bacillus,p,soil,81.3794,20.0,18,0.16,30,8,22.60496136,17.07,0.6865,4.082482905,1.8151571399232547,Klebsiella pneumoniae,1.532226966576002,0.2829301733472527,65.3366916357267,34.05861368699165
53,Al2O3,Bacillus subtilis,non-pathogenic,green_synthesis,MBC,hexagonal,Bacteria,Bacillota,Bacilli,Bacillales,Bacillaceae,Bacillus,p,soil,101.961276,1.4,1,0.16,30,24,51.55776403,85.5,13.5675,4.688846487,2.2998654986992157,Klebsiella pneumoniae,2.0556111042977148,0.24425439440150098,199.4644476530289,113.6609035869492
54,ZnO,Bacillus subtilis,non-pathogenic,chemical_synthesis,MBC,quasi-spherical,Bacteria,Bacillota,Bacilli,Bacillales,Bacillaceae,Bacillus,p,soil,81.3794,100.0,2,0.16,30,8,22.60496136,17.07,0.6865,4.082482905,1.06008438446982,Klebsiella pneumoniae,0.8195372613440125,0.2405471231258075,11.483767322014712,6.599898572583323
55,Ag,Bacillus subtilis,non-pathogenic,chemical_synthesis,MBC,triangular,Bacteria,Bacillota,Bacilli,Bacillales,Bacillaceae,Bacillus,p,soil,107.87,11.3,18,0.16,30,11,23.00188061,0.0,0.0,1.78376517,0.47443305380400536,Klebsiella pneumoniae,0.2532919998703713,0.22114105393363404,2.9814879181866063,1.791810180848072
56,Au,Bacillus subtilis,non-pathogenic,chemical_synthesis,MIC,nanoplates,Bacteria,Bacillota,Bacilli,Bacillales,Bacillaceae,Bacillus,p,soil,196.966569,37.86,3,0.16,30,11,23.00188061,0.0,0.0,2.46797672,1.8655292921165307,Klebsiella pneumoniae,1.6843327566006354,0.18119653551589532,73.37182002744728,48.342906371063194
57,ZnO,Bacillus subtilis,non-pathogenic,chemical_synthesis,MBEC,spherical,Bacteria,Bacillota,Bacilli,Bacillales,Bacillaceae,Bacillus,p,soil,81.3794,10.0,18,0.16,30,8,22.60496136,17.07,0.6865,4.082482905,2.0475680864236203,Klebsiella pneumoniae,1.8731784437215233,0.174389642702097,111.57530595848782,74.67555236770045
58,Ag,Bacillus subtilis,non-pathogenic,green_synthesis,MBC,spherical,Bacteria,Bacillota,Bacilli,Bacillales,Bacillaceae,Bacillus,p,soil,107.8682,60.0,1,0.16,30,11,23.00188061,0.0,0.0,1.78376517,0.8797648494353609,Klebsiella pneumoniae,0.7402783386636665,0.13948651077169438,7.581669512037553,5.498931866424582
59,ZnO,Bacillus subtilis,non-pathogenic,chemical_synthesis,MBC,spheroidal,Bacteria,Bacillota,Bacilli,Bacillales,Bacillaceae,Bacillus,p,soil,81.3794,35.0,18,0.16,30,8,22.60496136,17.07,0.6865,4.082482905,1.602710601212133,Klebsiella pneumoniae,1.4671989679665796,0.1355116332455535,40.059968292398764,29.322363142904077
60,TiO2,Bacillus subtilis,non-pathogenic,green_synthesis,MIC,rod-shaped,Bacteria,Bacillota,Bacilli,Bacillales,Bacillaceae,Bacillus,p,soil,79.866,18.5,3,0.16,30,16,26.40611331,34.14,1.373,2.878049394,2.020822177678601,Klebsiella pneumoniae,1.900678029057092,0.12014414862150913,104.91127803935656,79.55693240871832
61,Al2O3,Bacillus subtilis,non-pathogenic,green_synthesis,MIC,cubic,Bacteria,Bacillota,Bacilli,Bacillales,Bacillaceae,Bacillus,p,soil,101.961276,4.7,18,0.16,30,24,51.55776403,85.5,13.5675,4.688846487,2.3274345086957644,Klebsiella pneumoniae,2.219666145157961,0.1077683635378035,212.53698167675574,165.83116247872098
62,Ag,Bacillus subtilis,non-pathogenic,chemical_synthesis,MIC,rod-shaped,Bacteria,Bacillota,Bacilli,Bacillales,Bacillaceae,Bacillus,p,soil,107.87,9.0,18,0.16,30,11,23.00188061,0.0,0.0,1.78376517,1.1358319526559473,Klebsiella pneumoniae,1.0343081806914163,0.101523771964531,13.671996944562819,10.822016224368667
63,ZnO,Bacillus subtilis,non-pathogenic,green_synthesis,MBEC,tetragonal,Bacteria,Bacillota,Bacilli,Bacillales,Bacillaceae,Bacillus,p,soil,81.3794,44.45,2,0.16,30,8,22.60496136,17.07,0.6865,4.082482905,0.6122759695548221,Klebsiella pneumoniae,0.5486312493025967,0.06364472025222545,4.095208043530165,3.536968966397395
64,Ag,Bacillus subtilis,non-pathogenic,green_synthesis,MBEC,cubic,Bacteria,Bacillota,Bacilli,Bacillales,Bacillaceae,Bacillus,p,soil,107.87,41.23,3,0.16,30,11,23.00188061,0.0,0.0,1.78376517,1.435580688195861,Klebsiella pneumoniae,1.3764175307030566,0.05916315749280443,27.263442232877672,23.791264796084544
65,Ag,Bacillus subtilis,non-pathogenic,green_synthesis,MBEC,nanoplates,Bacteria,Bacillota,Bacilli,Bacillales,Bacillaceae,Bacillus,p,soil,107.87,37.86,2,0.16,30,11,23.00188061,0.0,0.0,1.78376517,1.4147018311495523,Klebsiella pneumoniae,1.3752189319955068,0.03948289915404546,25.983750124950003,23.725694391564947
66,TiO2,Bacillus subtilis,non-pathogenic,green_synthesis,MIC,cubic,Bacteria,Bacillota,Bacilli,Bacillales,Bacillaceae,Bacillus,p,soil,79.866,26.38,3,0.16,30,16,26.40611331,34.14,1.373,2.878049394,2.4352659075726395,Klebsiella pneumoniae,2.3973572961153087,0.03790861145733082,272.43688599597414,249.6647886227694
67,Ag,Bacillus subtilis,non-pathogenic,green_synthesis,MBEC,spherical,Bacteria,Bacillota,Bacilli,Bacillales,Bacillaceae,Bacillus,p,soil,107.8682,25.0,1,0.16,30,11,23.00188061,0.0,0.0,1.78376517,1.5368697675131797,Klebsiella pneumoniae,1.516670903971537,0.020198863541642798,34.424668555435716,32.860253083882014
68,Au,Bacillus subtilis,non-pathogenic,chemical_synthesis,MBC,quasi-spherical,Bacteria,Bacillota,Bacilli,Bacillales,Bacillaceae,Bacillus,p,soil,196.966569,0.8,2,0.16,30,11,23.00188061,0.0,0.0,2.46797672,0.6592276001776629,Klebsiella pneumoniae,0.64433124015729,0.014896360020372867,4.562759732955368,4.408910066843935
69,Ag,Bacillus subtilis,non-pathogenic,green_synthesis,MBEC,spherical,Bacteria,Bacillota,Bacilli,Bacillales,Bacillaceae,Bacillus,p,soil,107.87,0.8,2,0.16,30,11,23.00188061,0.0,0.0,1.78376517,1.7523378465200585,Klebsiella pneumoniae,1.7467987450767037,0.005539101443354788,56.53766217705704,55.821145592561706
70,Au,Bacillus subtilis,non-pathogenic,green_synthesis,MBC,spheroidal,Bacteria,Bacillota,Bacilli,Bacillales,Bacillaceae,Bacillus,p,soil,196.966569,9.0,2,0.16,30,11,23.00188061,0.0,0.0,2.46797672,1.9839351480711247,Klebsiella pneumoniae,2.016915505195845,-0.03298035712472047,96.36851085912161,103.9717862306141
71,ZnO,Bacillus subtilis,non-pathogenic,chemical_synthesis,MBEC,rod-shaped,Bacteria,Bacillota,Bacilli,Bacillales,Bacillaceae,Bacillus,p,soil,81.3794,45.26,1,0.16,30,8,22.60496136,17.07,0.6865,4.082482905,1.727687920339985,Klebsiella pneumoniae,1.7607563307178107,-0.0330684103778256,53.41803647922581,57.644294822698754
72,TiO2,Bacillus subtilis,non-pathogenic,chemical_synthesis,MIC,quasi-hexagonal,Bacteria,Bacillota,Bacilli,Bacillales,Bacillaceae,Bacillus,p,soil,79.866,100.0,4,0.16,30,16,26.40611331,34.14,1.373,2.878049394,1.0396924447963032,Klebsiella pneumoniae,1.0935281714433558,-0.053835726647052606,10.957019758373203,12.403040774945842
73,Ag,Bacillus subtilis,non-pathogenic,chemical_synthesis,MIC,cubic,Bacteria,Bacillota,Bacilli,Bacillales,Bacillaceae,Bacillus,p,soil,107.8682,11.3,24,0.16,30,11,23.00188061,0.0,0.0,1.78376517,2.390473664375019,Klebsiella pneumoniae,2.4502400641482907,-0.059766399773271583,245.73876106690827,281.9941274186255
74,ZnO,Bacillus subtilis,non-pathogenic,chemical_synthesis,MBEC,tetragonal,Bacteria,Bacillota,Bacilli,Bacillales,Bacillaceae,Bacillus,p,soil,81.3794,38.0,3,0.16,30,8,22.60496136,17.07,0.6865,4.082482905,0.8564050837496461,Klebsiella pneumoniae,0.919310740266019,-0.06290565651637292,7.184641189163376,8.304447431094728
75,Ag,Bacillus subtilis,non-pathogenic,green_synthesis,MBEC,nanoplates,Bacteria,Bacillota,Bacilli,Bacillales,Bacillaceae,Bacillus,p,soil,107.87,4.0,24,0.16,30,11,23.00188061,0.0,0.0,1.78376517,2.5851132274559063,Klebsiella pneumoniae,2.6629957921165994,-0.0778825646606931,384.692064291533,460.25211417260385
76,ZnO,Bacillus subtilis,non-pathogenic,chemical_synthesis,MBC,cubic,Bacteria,Bacillota,Bacilli,Bacillales,Bacillaceae,Bacillus,p,soil,81.3794,44.45,18,0.16,30,8,22.60496136,17.07,0.6865,4.082482905,1.816095062062727,Klebsiella pneumoniae,1.907068997847982,-0.09097393578525503,65.47794820736273,80.73632886239332
77,ZnO,Bacillus subtilis,non-pathogenic,chemical_synthesis,MBEC,rod-shaped,Bacteria,Bacillota,Bacilli,Bacillales,Bacillaceae,Bacillus,p,soil,81.3794,60.0,18,0.16,30,8,22.60496136,17.07,0.6865,4.082482905,1.6229498672940077,Klebsiella pneumoniae,1.824129923445134,-0.20118005615112633,41.971053198420016,66.70062808267724
78,Ag,Bacillus subtilis,non-pathogenic,chemical_synthesis,MBC,spherical,Bacteria,Bacillota,Bacilli,Bacillales,Bacillaceae,Bacillus,p,soil,107.87,12.5,4,0.16,30,11,23.00188061,0.0,0.0,1.78376517,1.5739550332178518,Klebsiella pneumoniae,1.9512180249302418,-0.37726299171239,37.493417960986086,89.37540543912128
79,ZnO,Bacillus subtilis,non-pathogenic,chemical_synthesis,MIC,quasi-spherical,Bacteria,Bacillota,Bacilli,Bacillales,Bacillaceae,Bacillus,p,soil,81.3794,45.26,24,0.16,30,8,22.60496136,17.07,0.6865,4.082482905,1.3519814788687199,Klebsiella pneumoniae,1.8615814992500934,-0.5096000203813735,22.489586936169093,72.7078829268301
