,np,bacteria,bac_type,np_synthesis,method,shape,kingdom,phylum,class,order,family,genus,gram,isolated_from,mol_weight (g/mol),np_size_avg (nm),time_set,"min_Incub_period, h","growth_temp, C",Valance_electron,labuteASA,tpsa,CrippenMR,chi0v,pred_MIC_norm,pathogenic_bacteria,pred_MIC_pathogen,Fitness,pred_norm_MIC_original,pred_path_MIC_original
0,Ag,Bacillus subtilis,non-pathogenic,green_synthesis,MIC,tetragonal,Bacteria,Bacillota,Bacilli,Bacillales,Bacillaceae,Bacillus,p,soil,107.87,1.4,24,0.16,30,11,23.00188061,0.0,0.0,1.78376517,1.6287460546919423,Klebsiella pneumoniae,0.8282746268741629,0.8004714278177795,42.53496254278879,6.734023488278553
1,CeO2,Bacillus subtilis,non-pathogenic,chemical_synthesis,MIC,hexagonal,Bacteria,Bacillota,Bacilli,Bacillales,Bacillaceae,Bacillus,p,soil,172.115,4.0,0,0.16,30,16,39.19032095,34.14,1.373,4.456551526,2.5209043813544194,Klebsiella pneumoniae,1.7249881013753425,0.7959162799790769,331.82139237102484,53.086989947283485
2,ZnO,Bacillus subtilis,non-pathogenic,green_synthesis,MBC,quasi-spherical,Bacteria,Bacillota,Bacilli,Bacillales,Bacillaceae,Bacillus,p,soil,81.3794,4.7,2,0.16,30,8,22.60496136,17.07,0.6865,4.082482905,2.078970087582796,Klebsiella pneumoniae,1.2906475961127268,0.7883224914700693,119.94166894172588,19.527542699179868
3,TiO2,Bacillus subtilis,non-pathogenic,green_synthesis,MIC,quasi-hexagonal,Bacteria,Bacillota,Bacilli,Bacillales,Bacillaceae,Bacillus,p,soil,79.866,4.0,0,0.16,30,16,26.40611331,34.14,1.373,2.878049394,1.544971540491587,Klebsiella pneumoniae,0.7999660779583038,0.7450054625332831,35.07288897810878,6.309080633440734
4,ZnO,Bacillus subtilis,non-pathogenic,green_synthesis,MIC,spherical,Bacteria,Bacillota,Bacilli,Bacillales,Bacillaceae,Bacillus,p,soil,81.3794,0.8,3,0.16,30,8,22.60496136,17.07,0.6865,4.082482905,1.116032661571522,Klebsiella pneumoniae,0.37424751024721425,0.7417851513243077,13.062691237758697,2.3672684511378126
5,ZnO,Bacillus subtilis,non-pathogenic,green_synthesis,MIC,quasi-hexagonal,Bacteria,Bacillota,Bacilli,Bacillales,Bacillaceae,Bacillus,p,soil,81.3794,4.7,4,0.16,30,8,22.60496136,17.07,0.6865,4.082482905,0.5003857037704287,Klebsiella pneumoniae,-0.19127034645663277,0.6916560502270614,3.165087376262772,0.643768397686002
6,Ag,Bacillus subtilis,non-pathogenic,chemical_synthesis,MIC,quasi-hexagonal,Bacteria,Bacillota,Bacilli,Bacillales,Bacillaceae,Bacillus,p,soil,107.87,6.0,3,0.16,30,11,23.00188061,0.0,0.0,1.78376517,0.9700370967565639,Klebsiella pneumoniae,0.28558168557387,0.6844554111826939,9.333340213269933,1.9301083322374513
7,Ag,Bacillus subtilis,non-pathogenic,green_synthesis,MIC,spheroidal,Bacteria,Bacillota,Bacilli,Bacillales,Bacillaceae,Bacillus,p,soil,107.87,1.9,0,0.16,30,11,23.00188061,0.0,0.0,1.78376517,1.5382337206390355,Klebsiella pneumoniae,0.8777369065403803,0.6604968140986552,34.53295324522196,7.546349350371356
8,ZnO,Bacillus subtilis,non-pathogenic,green_synthesis,MIC,quasi-hexagonal,Bacteria,Bacillota,Bacilli,Bacillales,Bacillaceae,Bacillus,p,soil,81.3794,4.7,1,0.16,30,8,22.60496136,17.07,0.6865,4.082482905,0.5028237703864085,Klebsiella pneumoniae,-0.1541245170762815,0.65694828746269,3.1829056884542473,0.7012542121833114
9,ZnO,Bacillus subtilis,non-pathogenic,green_synthesis,MBEC,quasi-hexagonal,Bacteria,Bacillota,Bacilli,Bacillales,Bacillaceae,Bacillus,p,soil,81.3794,3.0,4,0.16,30,8,22.60496136,17.07,0.6865,4.082482905,1.069853824562839,Klebsiella pneumoniae,0.4442756293832104,0.6255781951796286,11.74502172838971,2.78147800082832
10,CuO,Bacillus subtilis,non-pathogenic,green_synthesis,MBC,quasi-spherical,Bacteria,Bacillota,Bacilli,Bacillales,Bacillaceae,Bacillus,p,soil,79.5454,4.7,4,0.16,30,17,20.67942236,17.07,0.6865,1.651411411,3.1499206008747507,Klebsiella pneumoniae,2.530986192669522,0.6189344082052286,1412.2793235342506,339.6144752074556
11,ZnO,Bacillus subtilis,non-pathogenic,green_synthesis,MIC,quasi-spherical,Bacteria,Bacillota,Bacilli,Bacillales,Bacillaceae,Bacillus,p,soil,81.3794,1.4,18,0.16,30,8,22.60496136,17.07,0.6865,4.082482905,1.1946086369007112,Klebsiella pneumoniae,0.5883335470748854,0.6062750898258258,15.653398332961048,3.8755518098266513
12,CeO2,Bacillus subtilis,non-pathogenic,green_synthesis,MIC,nanoplates,Bacteria,Bacillota,Bacilli,Bacillales,Bacillaceae,Bacillus,p,soil,172.115,0.8,1,0.16,30,16,39.19032095,34.14,1.373,4.456551526,2.6030164138305487,Klebsiella pneumoniae,2.014292331767415,0.5887240820631336,400.8818683671579,103.34568108672589
13,ZnO,Bacillus subtilis,non-pathogenic,green_synthesis,MBEC,spheroidal,Bacteria,Bacillota,Bacilli,Bacillales,Bacillaceae,Bacillus,p,soil,81.3794,12.0,18,0.16,30,8,22.60496136,17.07,0.6865,4.082482905,2.488432144493925,Klebsiella pneumoniae,1.9007251070656275,0.5877070374282973,307.9159206608079,79.56555693679364
14,Ag,Bacillus subtilis,non-pathogenic,green_synthesis,MIC,spherical,Bacteria,Bacillota,Bacilli,Bacillales,Bacillaceae,Bacillus,p,soil,107.87,0.8,1,0.16,30,11,23.00188061,0.0,0.0,1.78376517,1.418688220658023,Klebsiella pneumoniae,0.8411092939664863,0.5775789266915367,26.22335296990684,6.936003345842152
15,ZnO,Bacillus subtilis,non-pathogenic,green_synthesis,MBEC,rod-shaped,Bacteria,Bacillota,Bacilli,Bacillales,Bacillaceae,Bacillus,p,soil,81.3794,8.7,3,0.16,30,8,22.60496136,17.07,0.6865,4.082482905,2.1986030214520467,Klebsiella pneumoniae,1.63647575815913,0.5621272632929166,157.98033173794957,43.29878981546501
16,CeO2,Bacillus subtilis,non-pathogenic,chemical_synthesis,MIC,rod-shaped,Bacteria,Bacillota,Bacilli,Bacillales,Bacillaceae,Bacillus,p,soil,172.115,1.9,18,0.16,30,16,39.19032095,34.14,1.373,4.456551526,2.191550838824417,Klebsiella pneumoniae,1.6374538206953855,0.5540970181290314,155.43572342979718,43.396411701503226
17,Ag,Bacillus subtilis,non-pathogenic,chemical_synthesis,MIC,spheroidal,Bacteria,Bacillota,Bacilli,Bacillales,Bacillaceae,Bacillus,p,soil,107.8682,4.0,24,0.16,30,11,23.00188061,0.0,0.0,1.78376517,2.036508633295609,Klebsiella pneumoniae,1.53388419530576,0.5026244379898488,108.76987596685385,34.18882657964212
18,Ag,Bacillus subtilis,non-pathogenic,chemical_synthesis,MIC,quasi-hexagonal,Bacteria,Bacillota,Bacilli,Bacillales,Bacillaceae,Bacillus,p,soil,107.87,9.0,2,0.16,30,11,23.00188061,0.0,0.0,1.78376517,0.8521390073238726,Klebsiella pneumoniae,0.3498870980579325,0.5022519092659401,7.114411926016733,2.2381392220954175
19,ZnO,Bacillus subtilis,non-pathogenic,chemical_synthesis,MBC,hexagonal,Bacteria,Bacillota,Bacilli,Bacillales,Bacillaceae,Bacillus,p,soil,81.3794,4.7,2,0.16,30,8,22.60496136,17.07,0.6865,4.082482905,1.7496623193582417,Klebsiella pneumoniae,1.2497406298278049,0.4999216895304368,56.190425315158116,17.772176997149227
20,Au,Bacillus subtilis,non-pathogenic,chemical_synthesis,MIC,tetragonal,Bacteria,Bacillota,Bacilli,Bacillales,Bacillaceae,Bacillus,p,soil,196.966569,1.4,24,0.16,30,11,23.00188061,0.0,0.0,2.46797672,2.2045364617517995,Klebsiella pneumoniae,1.7105170161697212,0.49401944558207833,160.15351016394607,51.347229555862974
21,Ag,Bacillus subtilis,non-pathogenic,green_synthesis,MBC,spheroidal,Bacteria,Bacillota,Bacilli,Bacillales,Bacillaceae,Bacillus,p,soil,107.87,1.9,18,0.16,30,11,23.00188061,0.0,0.0,1.78376517,1.2912487121181058,Klebsiella pneumoniae,0.8100524396644709,0.48119627245363483,19.554589890258924,6.457321944170029
22,CeO2,Bacillus subtilis,non-pathogenic,chemical_synthesis,MIC,quasi-spherical,Bacteria,Bacillota,Bacilli,Bacillales,Bacillaceae,Bacillus,p,soil,172.115,4.7,3,0.16,30,16,39.19032095,34.14,1.373,4.456551526,2.322852581753558,Klebsiella pneumoniae,1.8436225799651043,0.47923000178845365,210.30644479689113,69.76258745574239
23,Ag,Bacillus subtilis,non-pathogenic,chemical_synthesis,MBEC,spheroidal,Bacteria,Bacillota,Bacilli,Bacillales,Bacillaceae,Bacillus,p,soil,107.87,28.0,18,0.16,30,11,23.00188061,0.0,0.0,1.78376517,1.2316621972270183,Klebsiella pneumoniae,0.7580636333774907,0.4735985638495276,17.04755880590535,5.728799639345244
24,Ni,Bacillus subtilis,non-pathogenic,green_synthesis,MBEC,hexagonal,Bacteria,Bacillota,Bacilli,Bacillales,Bacillaceae,Bacillus,p,soil,58.6934,6.0,1,0.16,30,10,17.41523038,0.0,0.0,1.303840481,2.864594133761366,Klebsiella pneumoniae,2.391596298418161,0.4729978353432047,732.1399980762696,246.3748077597018
25,ZnO,Bacillus subtilis,non-pathogenic,green_synthesis,MIC,quasi-spherical,Bacteria,Bacillota,Bacilli,Bacillales,Bacillaceae,Bacillus,p,soil,81.3794,10.0,0,0.16,30,8,22.60496136,17.07,0.6865,4.082482905,1.602988127537907,Klebsiella pneumoniae,1.1321361748576584,0.4708519526802486,40.08557591416317,13.556144043049182
26,Au,Bacillus subtilis,non-pathogenic,green_synthesis,MIC,spherical,Bacteria,Bacillota,Bacilli,Bacillales,Bacillaceae,Bacillus,p,soil,196.966569,44.45,4,0.16,30,11,23.00188061,0.0,0.0,2.46797672,0.930073192914959,Klebsiella pneumoniae,0.4601070716755613,0.46996612123939774,8.512814950651968,2.8847426246517522
27,ZnO,Bacillus subtilis,non-pathogenic,chemical_synthesis,MBEC,spherical,Bacteria,Bacillota,Bacilli,Bacillales,Bacillaceae,Bacillus,p,soil,81.3794,8.0,1,0.16,30,8,22.60496136,17.07,0.6865,4.082482905,2.1252757606558794,Klebsiella pneumoniae,1.6662432942192877,0.4590324664365917,133.43684369792575,46.37066180511827
28,Ag,Bacillus subtilis,non-pathogenic,green_synthesis,MIC,quasi-spherical,Bacteria,Bacillota,Bacilli,Bacillales,Bacillaceae,Bacillus,p,soil,107.87,6.0,4,0.16,30,11,23.00188061,0.0,0.0,1.78376517,1.9475086766572085,Klebsiella pneumoniae,1.4893338248851264,0.45817485177208206,88.61529277029592,30.855587851951697
29,CuO,Bacillus subtilis,non-pathogenic,green_synthesis,MBEC,hexagonal,Bacteria,Bacillota,Bacilli,Bacillales,Bacillaceae,Bacillus,p,soil,79.5454,5.1,1,0.16,30,17,20.67942236,17.07,0.6865,1.651411411,3.5596002186369953,Klebsiella pneumoniae,3.1031519147829365,0.45644830385405877,3627.4398409271957,1268.095363878326
30,Pd,Bacillus subtilis,non-pathogenic,green_synthesis,MIC,spherical,Bacteria,Bacillota,Bacilli,Bacillales,Bacillaceae,Bacillus,p,soil,195.084,5.1,1,0.16,30,10,21.14774404,0.0,0.0,1.870828693,1.3228316366527868,Klebsiella pneumoniae,0.8674332838107114,0.4553983528420754,21.029630240815468,7.369419578373074
31,ZnO,Bacillus subtilis,non-pathogenic,green_synthesis,MBC,quasi-spherical,Bacteria,Bacillota,Bacilli,Bacillales,Bacillaceae,Bacillus,p,soil,81.3794,60.0,3,0.16,30,8,22.60496136,17.07,0.6865,4.082482905,0.8559262450106994,Klebsiella pneumoniae,0.40389333241080894,0.4520329125998904,7.17672400671017,2.5345060509702293
32,CeO2,Bacillus subtilis,non-pathogenic,chemical_synthesis,MIC,spheroidal,Bacteria,Bacillota,Bacilli,Bacillales,Bacillaceae,Bacillus,p,soil,172.115,9.0,18,0.16,30,16,39.19032095,34.14,1.373,4.456551526,2.5668364775330863,Klebsiella pneumoniae,2.117334291470509,0.4495021860625772,368.8386956550054,131.01900335055308
33,ZnO,Bacillus subtilis,non-pathogenic,chemical_synthesis,MIC,spheroidal,Bacteria,Bacillota,Bacilli,Bacillales,Bacillaceae,Bacillus,p,soil,81.3794,4.7,18,0.16,30,8,22.60496136,17.07,0.6865,4.082482905,1.1682054639798656,Klebsiella pneumoniae,0.7189362788502585,0.4492691851296071,14.730092157644954,5.235236178011142
34,ZnO,Bacillus subtilis,non-pathogenic,chemical_synthesis,MBEC,quasi-spherical,Bacteria,Bacillota,Bacilli,Bacillales,Bacillaceae,Bacillus,p,soil,81.3794,0.8,4,0.16,30,8,22.60496136,17.07,0.6865,4.082482905,1.5259293105482394,Klebsiella pneumoniae,1.077753979344458,0.4481753312037815,33.568297118972936,11.960627895325219
35,Au,Bacillus subtilis,non-pathogenic,chemical_synthesis,MBEC,quasi-hexagonal,Bacteria,Bacillota,Bacilli,Bacillales,Bacillaceae,Bacillus,p,soil,196.966569,5.1,4,0.16,30,11,23.00188061,0.0,0.0,2.46797672,1.4167198689023186,Klebsiella pneumoniae,0.9983811392417229,0.4183387296605957,26.104769865089043,9.962793740952492
36,Ag,Bacillus subtilis,non-pathogenic,chemical_synthesis,MIC,hexagonal,Bacteria,Bacillota,Bacilli,Bacillales,Bacillaceae,Bacillus,p,soil,107.87,9.0,3,0.16,30,11,23.00188061,0.0,0.0,1.78376517,1.983436918824559,Klebsiella pneumoniae,1.57425003429085,0.409186884533709,96.25801882637992,37.51889458198807
37,CuO,Bacillus subtilis,non-pathogenic,green_synthesis,MBC,cubic,Bacteria,Bacillota,Bacilli,Bacillales,Bacillaceae,Bacillus,p,soil,79.5454,10.4,1,0.16,30,17,20.67942236,17.07,0.6865,1.651411411,3.4657260145653384,Klebsiella pneumoniae,3.057450851766693,0.4082751627986454,2922.308185650779,1141.4341235046563
38,ZnO,Bacillus subtilis,non-pathogenic,green_synthesis,MIC,cubic,Bacteria,Bacillota,Bacilli,Bacillales,Bacillaceae,Bacillus,p,soil,81.3794,10.0,2,0.16,30,8,22.60496136,17.07,0.6865,4.082482905,1.9280101311746258,Klebsiella pneumoniae,1.520719894040702,0.40729023713392376,84.724717840046,33.168046532885256
39,CuO,Bacillus subtilis,non-pathogenic,green_synthesis,MIC,spherical,Bacteria,Bacillota,Bacilli,Bacillales,Bacillaceae,Bacillus,p,soil,79.5454,1.4,3,0.16,30,17,20.67942236,17.07,0.6865,1.651411411,2.244957052366541,Klebsiella pneumoniae,1.849937183247431,0.39501986911911025,175.7749780467279,70.7843393861059
40,Pd,Bacillus subtilis,non-pathogenic,chemical_synthesis,MIC,quasi-hexagonal,Bacteria,Bacillota,Bacilli,Bacillales,Bacillaceae,Bacillus,p,soil,195.084,25.0,2,0.16,30,10,21.14774404,0.0,0.0,1.870828693,0.7087455423311229,Klebsiella pneumoniae,0.3171530295290592,0.39159251280206364,5.113821236241293,2.0756447700956544
41,ZnO,Bacillus subtilis,non-pathogenic,green_synthesis,MBC,cubic,Bacteria,Bacillota,Bacilli,Bacillales,Bacillaceae,Bacillus,p,soil,81.3794,20.0,1,0.16,30,8,22.60496136,17.07,0.6865,4.082482905,2.204904685657253,Klebsiella pneumoniae,1.8133759561263876,0.3915287295308656,160.2893566019316,65.06927324136389
42,Ag,Bacillus subtilis,non-pathogenic,green_synthesis,MBC,spheroidal,Bacteria,Bacillota,Bacilli,Bacillales,Bacillaceae,Bacillus,p,soil,107.8682,40.0,18,0.16,30,11,23.00188061,0.0,0.0,1.78376517,1.0498440653949286,Klebsiella pneumoniae,0.6653539554556556,0.384490109939273,11.216156628657316,4.627580213462302
43,ZnO,Bacillus subtilis,non-pathogenic,green_synthesis,MBC,hexagonal,Bacteria,Bacillota,Bacilli,Bacillales,Bacillaceae,Bacillus,p,soil,81.3794,27.43,4,0.16,30,8,22.60496136,17.07,0.6865,4.082482905,2.119414730228221,Klebsiella pneumoniae,1.7383756042052751,0.38103912602294576,131.64814081933406,54.74892601104475
44,Ag,Bacillus subtilis,non-pathogenic,green_synthesis,MBEC,triangular,Bacteria,Bacillota,Bacilli,Bacillales,Bacillaceae,Bacillus,p,soil,107.87,18.5,18,0.16,30,11,23.00188061,0.0,0.0,1.78376517,-0.018578824893750623,Klebsiella pneumoniae,-0.3974734679201153,0.37889464302636466,0.9581228002532655,0.4004299307974472
45,Cu,Bacillus subtilis,non-pathogenic,green_synthesis,MBC,quasi-spherical,Bacteria,Bacillota,Bacilli,Bacillales,Bacillaceae,Bacillus,p,soil,63.55,6.0,18,0.16,30,11,17.96409803,0.0,0.0,1.243163121,1.9214665702286917,Klebsiella pneumoniae,1.5509618503138158,0.3705047199148759,83.45773043060062,35.56000802551423
46,Al2O3,Bacillus subtilis,non-pathogenic,green_synthesis,MBC,quasi-spherical,Bacteria,Bacillota,Bacilli,Bacillales,Bacillaceae,Bacillus,p,soil,101.961276,4.0,1,0.16,30,24,51.55776403,85.5,13.5675,4.688846487,2.407095819201074,Klebsiella pneumoniae,2.0419202695742555,0.36517554962681853,255.32645720432305,110.13371008087636
47,ZnO,Bacillus subtilis,non-pathogenic,green_synthesis,MBC,nanoplates,Bacteria,Bacillota,Bacilli,Bacillales,Bacillaceae,Bacillus,p,soil,81.3794,60.0,1,0.16,30,8,22.60496136,17.07,0.6865,4.082482905,1.6120191421801369,Klebsiella pneumoniae,1.2903677532230027,0.3216513889571342,40.92786989044679,19.51496394448867
48,Ag,Bacillus subtilis,non-pathogenic,green_synthesis,MBC,quasi-hexagonal,Bacteria,Bacillota,Bacilli,Bacillales,Bacillaceae,Bacillus,p,soil,107.87,6.0,3,0.16,30,11,23.00188061,0.0,0.0,1.78376517,1.0523840283337074,Klebsiella pneumoniae,0.7842703841502228,0.2681136441834846,11.281946302641376,6.085137333802322
49,Ag,Bacillus subtilis,non-pathogenic,green_synthesis,MBEC,spheroidal,Bacteria,Bacillota,Bacilli,Bacillales,Bacillaceae,Bacillus,p,soil,107.8682,100.0,3,0.16,30,11,23.00188061,0.0,0.0,1.78376517,1.0983518893118713,Klebsiella pneumoniae,0.870107990609099,0.22824389870277229,12.541569504123023,7.4149459662140815
50,Ag,Bacillus subtilis,non-pathogenic,chemical_synthesis,MBEC,spheroidal,Bacteria,Bacillota,Bacilli,Bacillales,Bacillaceae,Bacillus,p,soil,107.87,8.7,24,0.16,30,11,23.00188061,0.0,0.0,1.78376517,2.013454896687671,Klebsiella pneumoniae,1.8088937109138268,0.2045611857738443,103.1465951790455,64.4011631035185
51,Al2O3,Bacillus subtilis,non-pathogenic,chemical_synthesis,MBC,quasi-spherical,Bacteria,Bacillota,Bacilli,Bacillales,Bacillaceae,Bacillus,p,soil,101.961276,8.0,1,0.16,30,24,51.55776403,85.5,13.5675,4.688846487,2.446616831402627,Klebsiella pneumoniae,2.254306338849585,0.1923104925530419,279.6512928216994,179.60000269560547
52,ZnO,Bacillus subtilis,non-pathogenic,green_synthesis,MBC,spherical,Bacteria,Bacillota,Bacilli,Bacillales,Bacillaceae,Bacillus,p,soil,81.3794,44.45,18,0.16,30,8,22.60496136,17.07,0.6865,4.082482905,1.215924202082855,Klebsiella pneumoniae,1.0440774007133813,0.1718468013694736,16.440847541635605,11.068210259574801
53,Cu,Bacillus subtilis,non-pathogenic,green_synthesis,MBEC,quasi-hexagonal,Bacteria,Bacillota,Bacilli,Bacillales,Bacillaceae,Bacillus,p,soil,63.55,22.5,2,0.16,30,11,17.96409803,0.0,0.0,1.243163121,1.14517384974279,Klebsiella pneumoniae,0.9862361607375373,0.15893768900525262,13.969274445477742,9.688045297659151
54,Ag,Bacillus subtilis,non-pathogenic,green_synthesis,MBC,spheroidal,Bacteria,Bacillota,Bacilli,Bacillales,Bacillaceae,Bacillus,p,soil,107.8682,37.86,1,0.16,30,11,23.00188061,0.0,0.0,1.78376517,1.0128648275593894,Klebsiella pneumoniae,0.8787972029316774,0.13406762462771205,10.30065466738707,7.564795687201412
55,Ag,Bacillus subtilis,non-pathogenic,green_synthesis,MIC,rod-shaped,Bacteria,Bacillota,Bacilli,Bacillales,Bacillaceae,Bacillus,p,soil,107.87,28.0,2,0.16,30,11,23.00188061,0.0,0.0,1.78376517,1.0797939896921354,Klebsiella pneumoniae,0.9783430594778001,0.10145093021433527,12.016942681936959,9.513559955116914
56,ZnO,Bacillus subtilis,non-pathogenic,chemical_synthesis,MBEC,quasi-spherical,Bacteria,Bacillota,Bacilli,Bacillales,Bacillaceae,Bacillus,p,soil,81.3794,35.0,3,0.16,30,8,22.60496136,17.07,0.6865,4.082482905,1.4978870270949636,Klebsiella pneumoniae,1.420084221205765,0.07780280588919863,31.469295976824053,26.30778120004538
57,Ag,Bacillus subtilis,non-pathogenic,green_synthesis,MBC,spheroidal,Bacteria,Bacillota,Bacilli,Bacillales,Bacillaceae,Bacillus,p,soil,107.87,45.26,4,0.16,30,11,23.00188061,0.0,0.0,1.78376517,1.2844878319488773,Klebsiella pneumoniae,1.2104649848796767,0.07402284706920059,19.252531026323176,16.235474462151007
58,Ag,Bacillus subtilis,non-pathogenic,green_synthesis,MBEC,nanoplates,Bacteria,Bacillota,Bacilli,Bacillales,Bacillaceae,Bacillus,p,soil,107.87,1.9,2,0.16,30,11,23.00188061,0.0,0.0,1.78376517,2.015537876599378,Klebsiella pneumoniae,1.9513293090319563,0.06420856756742177,103.64249913551667,89.39831002697117
59,Au,Bacillus subtilis,non-pathogenic,chemical_synthesis,MBC,hexagonal,Bacteria,Bacillota,Bacilli,Bacillales,Bacillaceae,Bacillus,p,soil,196.966569,4.7,3,0.16,30,11,23.00188061,0.0,0.0,2.46797672,1.6409676367327928,Klebsiella pneumoniae,1.5862278344998855,0.05473980223290731,43.74895025859909,38.56806358743573
60,CuO,Bacillus subtilis,non-pathogenic,chemical_synthesis,MBEC,quasi-hexagonal,Bacteria,Bacillota,Bacilli,Bacillales,Bacillaceae,Bacillus,p,soil,79.5454,0.8,4,0.16,30,17,20.67942236,17.07,0.6865,1.651411411,2.0916714011972606,Klebsiella pneumoniae,2.062297650642559,0.029373750554701594,123.50126363015198,115.42440663543654
61,Ag,Bacillus subtilis,non-pathogenic,green_synthesis,MIC,hexagonal,Bacteria,Bacillota,Bacilli,Bacillales,Bacillaceae,Bacillus,p,soil,107.8682,40.0,0,0.16,30,11,23.00188061,0.0,0.0,1.78376517,1.155317027659154,Klebsiella pneumoniae,1.1299130327066786,0.02540399495247536,14.299374078450356,13.486927803680327
62,ZnO,Bacillus subtilis,non-pathogenic,chemical_synthesis,MBEC,quasi-hexagonal,Bacteria,Bacillota,Bacilli,Bacillales,Bacillaceae,Bacillus,p,soil,81.3794,11.3,24,0.16,30,8,22.60496136,17.07,0.6865,4.082482905,1.4723552867719374,Klebsiella pneumoniae,1.451688313723661,0.02066697304827647,29.672578453111054,28.293606795837057
63,Ag,Bacillus subtilis,non-pathogenic,green_synthesis,MBC,triangular,Bacteria,Bacillota,Bacilli,Bacillales,Bacillaceae,Bacillus,p,soil,107.87,26.38,4,0.16,30,11,23.00188061,0.0,0.0,1.78376517,0.09713062002840678,Klebsiella pneumoniae,0.0865469138914432,0.010583706136963578,1.2506351193415834,1.2205256587438125
64,Ag,Bacillus subtilis,non-pathogenic,chemical_synthesis,MBEC,cubic,Bacteria,Bacillota,Bacilli,Bacillales,Bacillaceae,Bacillus,p,soil,107.87,45.26,0,0.16,30,11,23.00188061,0.0,0.0,1.78376517,1.873249472939562,Klebsiella pneumoniae,1.894785227294417,-0.021535754354855108,74.68776661421907,78.48474061270632
65,ZnO,Bacillus subtilis,non-pathogenic,chemical_synthesis,MBC,cubic,Bacteria,Bacillota,Bacilli,Bacillales,Bacillaceae,Bacillus,p,soil,81.3794,38.0,18,0.16,30,8,22.60496136,17.07,0.6865,4.082482905,1.770672137911093,Klebsiella pneumoniae,1.838936482266904,-0.06826434435581108,58.97556876001578,69.01388602097659
66,Au,Bacillus subtilis,non-pathogenic,chemical_synthesis,MBEC,spheroidal,Bacteria,Bacillota,Bacilli,Bacillales,Bacillaceae,Bacillus,p,soil,196.966569,4.0,2,0.16,30,11,23.00188061,0.0,0.0,2.46797672,1.6990157066527745,Klebsiella pneumoniae,1.8398384751158712,-0.14082276846309671,50.00526195052565,69.15737096740078
67,Ag,Bacillus subtilis,non-pathogenic,chemical_synthesis,MBC,rod-shaped,Bacteria,Bacillota,Bacilli,Bacillales,Bacillaceae,Bacillus,p,soil,107.87,10.0,3,0.16,30,11,23.00188061,0.0,0.0,1.78376517,1.420458061986954,Klebsiella pneumoniae,1.5626795864263467,-0.14222152443939273,26.330436693152567,36.5325162739441
68,Au,Bacillus subtilis,non-pathogenic,chemical_synthesis,MBC,triangular,Bacteria,Bacillota,Bacilli,Bacillales,Bacillaceae,Bacillus,p,soil,196.966569,60.0,3,0.16,30,11,23.00188061,0.0,0.0,2.46797672,0.5644131998093562,Klebsiella pneumoniae,0.7258679714938283,-0.1614547716844721,3.6678637941948735,5.3194651928658585
69,Ag,Bacillus subtilis,non-pathogenic,chemical_synthesis,MBEC,cubic,Bacteria,Bacillota,Bacilli,Bacillales,Bacillaceae,Bacillus,p,soil,107.87,26.38,24,0.16,30,11,23.00188061,0.0,0.0,1.78376517,1.9952349161603717,Klebsiella pneumoniae,2.2191477348568003,-0.22391281869642854,98.90879619551016,165.63333059915868
