,np,bacteria,bac_type,np_synthesis,method,shape,kingdom,phylum,class,order,family,genus,gram,isolated_from,mol_weight (g/mol),np_size_avg (nm),time_set,"min_Incub_period, h","growth_temp, C",Valance_electron,labuteASA,tpsa,CrippenMR,chi0v,pred_MIC_norm,pathogenic_bacteria,pred_MIC_pathogen,Fitness,pred_norm_MIC_original,pred_path_MIC_original
0,ZnO,Bacillus subtilis,non-pathogenic,green_synthesis,MIC,quasi-spherical,Bacteria,Bacillota,Bacilli,Bacillales,Bacillaceae,Bacillus,p,soil,81.3794,4.0,4,0.16,30,8,22.60496136,17.07,0.6865,4.082482905,1.1474770476767486,Klebsiella pneumoniae,0.2777402383449987,0.8697368093317499,14.043554618835977,1.8955717963859098
1,ZrO2,Bacillus subtilis,non-pathogenic,green_synthesis,MIC,rod-shaped,Bacteria,Bacillota,Bacilli,Bacillales,Bacillaceae,Bacillus,p,soil,123.2218,3.0,4,0.16,30,16,29.29254423,34.14,1.373,3.774536472,1.7615867349872851,Klebsiella pneumoniae,0.9369773600545158,0.8246093749327693,57.75462056574703,8.649228288265432
2,Ag,Bacillus subtilis,non-pathogenic,chemical_synthesis,MIC,spheroidal,Bacteria,Bacillota,Bacilli,Bacillales,Bacillaceae,Bacillus,p,soil,107.87,1.9,2,0.16,30,11,23.00188061,0.0,0.0,1.78376517,0.9975484790951428,Klebsiella pneumoniae,0.1853474042741312,0.8122010748210116,9.94371066657431,1.5323127112546697
3,ZnO,Bacillus subtilis,non-pathogenic,green_synthesis,MIC,nanoplates,Bacteria,Bacillota,Bacilli,Bacillales,Bacillaceae,Bacillus,p,soil,81.3794,4.0,4,0.16,30,8,22.60496136,17.07,0.6865,4.082482905,1.414207954878626,Klebsiella pneumoniae,0.6027491793791586,0.8114587754994673,25.954218403363868,4.006352695790018
4,Ag,Bacillus subtilis,non-pathogenic,chemical_synthesis,MIC,spheroidal,Bacteria,Bacillota,Bacilli,Bacillales,Bacillaceae,Bacillus,p,soil,107.87,3.0,0,0.16,30,11,23.00188061,0.0,0.0,1.78376517,0.9401982713483923,Klebsiella pneumoniae,0.14102707454497754,0.7991711968034148,8.713613075361534,1.3836526351858927
5,ZnO,Bacillus subtilis,non-pathogenic,green_synthesis,MIC,quasi-spherical,Bacteria,Bacillota,Bacilli,Bacillales,Bacillaceae,Bacillus,p,soil,81.3794,0.8,2,0.16,30,8,22.60496136,17.07,0.6865,4.082482905,1.204333198374679,Klebsiella pneumoniae,0.4141230756742893,0.7902101227003897,16.00785708591941,2.5949146365295794
6,ZnO,Bacillus subtilis,non-pathogenic,green_synthesis,MIC,cubic,Bacteria,Bacillota,Bacilli,Bacillales,Bacillaceae,Bacillus,p,soil,81.3794,1.4,0,0.16,30,8,22.60496136,17.07,0.6865,4.082482905,1.6539329824895304,Klebsiella pneumoniae,0.8680458186043668,0.7858871638851636,45.07471427959444,7.37982084043754
7,TiO2,Bacillus subtilis,non-pathogenic,green_synthesis,MBEC,quasi-spherical,Bacteria,Bacillota,Bacilli,Bacillales,Bacillaceae,Bacillus,p,soil,79.866,6.0,0,0.16,30,16,26.40611331,34.14,1.373,2.878049394,3.0898472973318154,Klebsiella pneumoniae,2.3431268623324364,0.746720434999379,1229.8362709583928,220.35700567965267
8,CeO2,Bacillus subtilis,non-pathogenic,chemical_synthesis,MIC,quasi-hexagonal,Bacteria,Bacillota,Bacilli,Bacillales,Bacillaceae,Bacillus,p,soil,172.115,5.1,3,0.16,30,16,39.19032095,34.14,1.373,4.456551526,2.417363389206025,Klebsiella pneumoniae,1.673331563599384,0.7440318256066412,261.43479547780686,47.13370329308525
9,ZnO,Bacillus subtilis,non-pathogenic,green_synthesis,MIC,nanoplates,Bacteria,Bacillota,Bacilli,Bacillales,Bacillaceae,Bacillus,p,soil,81.3794,0.8,0,0.16,30,8,22.60496136,17.07,0.6865,4.082482905,1.5353673742390739,Klebsiella pneumoniae,0.7978078408633582,0.7375595333757157,34.30578600686078,6.277805278456908
10,CeO2,Bacillus subtilis,non-pathogenic,chemical_synthesis,MIC,rod-shaped,Bacteria,Bacillota,Bacilli,Bacillales,Bacillaceae,Bacillus,p,soil,172.115,4.0,1,0.16,30,16,39.19032095,34.14,1.373,4.456551526,2.031815056613473,Klebsiella pneumoniae,1.316577339962362,0.715237716651111,107.6006900788183,20.72895171710997
11,ZnO,Bacillus subtilis,non-pathogenic,green_synthesis,MIC,quasi-spherical,Bacteria,Bacillota,Bacilli,Bacillales,Bacillaceae,Bacillus,p,soil,81.3794,6.0,4,0.16,30,8,22.60496136,17.07,0.6865,4.082482905,1.580497335539137,Klebsiella pneumoniae,0.866233332471878,0.714264003067259,38.06250224032492,7.349086048898026
12,Ag,Bacillus subtilis,non-pathogenic,chemical_synthesis,MIC,spherical,Bacteria,Bacillota,Bacilli,Bacillales,Bacillaceae,Bacillus,p,soil,107.87,4.0,3,0.16,30,11,23.00188061,0.0,0.0,1.78376517,0.9602423202384582,Klebsiella pneumoniae,0.24651756535496605,0.7137247548834922,9.125198496226531,1.7640771124104266
13,CeO2,Bacillus subtilis,non-pathogenic,green_synthesis,MIC,quasi-spherical,Bacteria,Bacillota,Bacilli,Bacillales,Bacillaceae,Bacillus,p,soil,172.115,4.0,1,0.16,30,16,39.19032095,34.14,1.373,4.456551526,2.3311183635096695,Klebsiella pneumoniae,1.6235516063518631,0.7075667571578064,214.34747085169687,42.02924672303768
14,Ag,Bacillus subtilis,non-pathogenic,chemical_synthesis,MIC,spherical,Bacteria,Bacillota,Bacilli,Bacillales,Bacillaceae,Bacillus,p,soil,107.87,4.0,24,0.16,30,11,23.00188061,0.0,0.0,1.78376517,1.5300901707447805,Klebsiella pneumoniae,0.8253566881359713,0.7047334826088092,33.89145162365519,6.688930571005569
15,ZnO,Bacillus subtilis,non-pathogenic,green_synthesis,MBC,quasi-spherical,Bacteria,Bacillota,Bacilli,Bacillales,Bacillaceae,Bacillus,p,soil,81.3794,10.0,3,0.16,30,8,22.60496136,17.07,0.6865,4.082482905,2.221544244437962,Klebsiella pneumoniae,1.524100628412362,0.6974436160256001,166.5498494438451,33.42724838207539
16,Ag,Bacillus subtilis,non-pathogenic,green_synthesis,MIC,quasi-hexagonal,Bacteria,Bacillota,Bacilli,Bacillales,Bacillaceae,Bacillus,p,soil,107.87,1.9,0,0.16,30,11,23.00188061,0.0,0.0,1.78376517,1.1217049246705302,Klebsiella pneumoniae,0.4304952624385845,0.6912096622319457,13.234420354174821,2.694605937708631
17,TiO2,Bacillus subtilis,non-pathogenic,green_synthesis,MIC,hexagonal,Bacteria,Bacillota,Bacilli,Bacillales,Bacillaceae,Bacillus,p,soil,79.866,1.4,4,0.16,30,16,26.40611331,34.14,1.373,2.878049394,2.3475724703136454,Klebsiella pneumoniae,1.6596397552964899,0.6879327150171555,222.62425048023067,45.67091948743412
18,CeO2,Bacillus subtilis,non-pathogenic,green_synthesis,MIC,rod-shaped,Bacteria,Bacillota,Bacilli,Bacillales,Bacillaceae,Bacillus,p,soil,172.115,0.8,0,0.16,30,16,39.19032095,34.14,1.373,4.456551526,2.35477265890991,Klebsiella pneumoniae,1.6680526743348225,0.6867199845750873,226.34591394720206,46.56425665524596
19,Ag,Bacillus subtilis,non-pathogenic,green_synthesis,MIC,quasi-spherical,Bacteria,Bacillota,Bacilli,Bacillales,Bacillaceae,Bacillus,p,soil,107.87,1.9,4,0.16,30,11,23.00188061,0.0,0.0,1.78376517,1.6277563073315462,Klebsiella pneumoniae,0.941909701698185,0.6858466056333612,42.43813669330438,8.74801867929356
20,ZnO,Bacillus subtilis,non-pathogenic,chemical_synthesis,MIC,quasi-hexagonal,Bacteria,Bacillota,Bacilli,Bacillales,Bacillaceae,Bacillus,p,soil,81.3794,1.9,2,0.16,30,8,22.60496136,17.07,0.6865,4.082482905,0.6534435276324071,Klebsiella pneumoniae,-0.02619741583757018,0.6796409434699773,4.502394317533057,0.9414615421132607
21,Ag,Bacillus subtilis,non-pathogenic,chemical_synthesis,MIC,spheroidal,Bacteria,Bacillota,Bacilli,Bacillales,Bacillaceae,Bacillus,p,soil,107.87,12.0,18,0.16,30,11,23.00188061,0.0,0.0,1.78376517,1.1874357141306249,Klebsiella pneumoniae,0.5113789866068739,0.676056727523751,15.396985973310661,3.246227754942178
22,ZnO,Bacillus subtilis,non-pathogenic,chemical_synthesis,MIC,quasi-spherical,Bacteria,Bacillota,Bacilli,Bacillales,Bacillaceae,Bacillus,p,soil,81.3794,3.0,2,0.16,30,8,22.60496136,17.07,0.6865,4.082482905,1.1259860064005698,Klebsiella pneumoniae,0.4526468237044854,0.6733391826960844,13.365524501900646,2.8356121184001033
23,Ag,Bacillus subtilis,non-pathogenic,green_synthesis,MIC,quasi-hexagonal,Bacteria,Bacillota,Bacilli,Bacillales,Bacillaceae,Bacillus,p,soil,107.87,3.0,1,0.16,30,11,23.00188061,0.0,0.0,1.78376517,0.8874587600603095,Klebsiella pneumoniae,0.2152865993441544,0.6721721607161552,7.717182309228049,1.6416727874931767
24,ZnO,Bacillus subtilis,non-pathogenic,chemical_synthesis,MIC,spherical,Bacteria,Bacillota,Bacilli,Bacillales,Bacillaceae,Bacillus,p,soil,81.3794,4.0,0,0.16,30,8,22.60496136,17.07,0.6865,4.082482905,1.0410689978196819,Klebsiella pneumoniae,0.37242750553994086,0.668641492279741,10.991804560436494,2.3573686601474555
25,TiO2,Bacillus subtilis,non-pathogenic,green_synthesis,MBEC,rod-shaped,Bacteria,Bacillota,Bacilli,Bacillales,Bacillaceae,Bacillus,p,soil,79.866,6.0,4,0.16,30,16,26.40611331,34.14,1.373,2.878049394,2.845786224979097,Klebsiella pneumoniae,2.1962762219106344,0.6495100030684626,701.1101024132055,157.13619111729338
26,CuO,Bacillus subtilis,non-pathogenic,green_synthesis,MBC,quasi-hexagonal,Bacteria,Bacillota,Bacilli,Bacillales,Bacillaceae,Bacillus,p,soil,79.5454,6.0,3,0.16,30,17,20.67942236,17.07,0.6865,1.651411411,2.830362661062841,Klebsiella pneumoniae,2.1882293836508984,0.6421332774119426,676.6477796495712,154.2514956245999
27,TiO2,Bacillus subtilis,non-pathogenic,green_synthesis,MBEC,spherical,Bacteria,Bacillota,Bacilli,Bacillales,Bacillaceae,Bacillus,p,soil,79.866,6.0,1,0.16,30,16,26.40611331,34.14,1.373,2.878049394,2.9237411462313383,Klebsiella pneumoniae,2.283067979516786,0.6406731667145524,838.9597898904259,191.89690907503817
28,ZnO,Bacillus subtilis,non-pathogenic,chemical_synthesis,MIC,hexagonal,Bacteria,Bacillota,Bacilli,Bacillales,Bacillaceae,Bacillus,p,soil,81.3794,1.9,3,0.16,30,8,22.60496136,17.07,0.6865,4.082482905,1.6635550816694542,Klebsiella pneumoniae,1.0235274484080357,0.6400276332614185,46.08452140888217,10.556682217620773
29,CeO2,Bacillus subtilis,non-pathogenic,green_synthesis,MIC,cubic,Bacteria,Bacillota,Bacilli,Bacillales,Bacillaceae,Bacillus,p,soil,172.115,1.9,3,0.16,30,16,39.19032095,34.14,1.373,4.456551526,2.729108018956929,Klebsiella pneumoniae,2.094095128244297,0.6350128907126318,535.9299389540352,124.19243099918296
30,ZnO,Bacillus subtilis,non-pathogenic,green_synthesis,MIC,hexagonal,Bacteria,Bacillota,Bacilli,Bacillales,Bacillaceae,Bacillus,p,soil,81.3794,5.1,1,0.16,30,8,22.60496136,17.07,0.6865,4.082482905,1.8809498172553551,Klebsiella pneumoniae,1.2507180006992866,0.6302318165560685,76.02384262843336,17.81221795769407
31,Pd,Bacillus subtilis,non-pathogenic,green_synthesis,MIC,hexagonal,Bacteria,Bacillota,Bacilli,Bacillales,Bacillaceae,Bacillus,p,soil,195.084,4.0,4,0.16,30,10,21.14774404,0.0,0.0,1.870828693,1.082155444665399,Klebsiella pneumoniae,0.4576310330531026,0.6245244116122963,12.0824621872929,2.8683426663434104
32,ZnO,Bacillus subtilis,non-pathogenic,chemical_synthesis,MIC,nanoplates,Bacteria,Bacillota,Bacilli,Bacillales,Bacillaceae,Bacillus,p,soil,81.3794,1.4,2,0.16,30,8,22.60496136,17.07,0.6865,4.082482905,1.6511228637507138,Klebsiella pneumoniae,1.0266017135150987,0.6245211502356152,44.78399820868189,10.631675522383034
33,CeO2,Bacillus subtilis,non-pathogenic,chemical_synthesis,MIC,quasi-spherical,Bacteria,Bacillota,Bacilli,Bacillales,Bacillaceae,Bacillus,p,soil,172.115,1.4,24,0.16,30,16,39.19032095,34.14,1.373,4.456551526,3.8546521157059197,Klebsiella pneumoniae,3.2309461979651424,0.6237059177407773,7155.699852696497,1701.9476516540992
34,Ag,Bacillus subtilis,non-pathogenic,green_synthesis,MIC,hexagonal,Bacteria,Bacillota,Bacilli,Bacillales,Bacillaceae,Bacillus,p,soil,107.87,1.9,4,0.16,30,11,23.00188061,0.0,0.0,1.78376517,1.8962583432165643,Klebsiella pneumoniae,1.2808334928192742,0.6154248503972901,78.7514108858501,19.0912116699753
35,ZnO,Bacillus subtilis,non-pathogenic,green_synthesis,MBC,quasi-hexagonal,Bacteria,Bacillota,Bacilli,Bacillales,Bacillaceae,Bacillus,p,soil,81.3794,4.7,18,0.16,30,8,22.60496136,17.07,0.6865,4.082482905,1.0980220404862306,Klebsiella pneumoniae,0.48451480401800495,0.6135072364682257,12.53204773588944,3.0515100457509825
36,Pd,Bacillus subtilis,non-pathogenic,green_synthesis,MIC,hexagonal,Bacteria,Bacillota,Bacilli,Bacillales,Bacillaceae,Bacillus,p,soil,195.084,1.4,2,0.16,30,10,21.14774404,0.0,0.0,1.870828693,1.288067484454788,Klebsiella pneumoniae,0.676927712574672,0.6111397718801159,19.411874927585632,4.752561139540455
37,ZnO,Bacillus subtilis,non-pathogenic,chemical_synthesis,MIC,spherical,Bacteria,Bacillota,Bacilli,Bacillales,Bacillaceae,Bacillus,p,soil,81.3794,0.8,4,0.16,30,8,22.60496136,17.07,0.6865,4.082482905,0.9302221136218963,Klebsiella pneumoniae,0.31948676637411744,0.6107353472477789,8.51573451756537,2.0868285340461434
38,Pd,Bacillus subtilis,non-pathogenic,green_synthesis,MIC,nanoplates,Bacteria,Bacillota,Bacilli,Bacillales,Bacillaceae,Bacillus,p,soil,195.084,3.0,3,0.16,30,10,21.14774404,0.0,0.0,1.870828693,1.1780509252556308,Klebsiella pneumoniae,0.5779548267176555,0.6000960985379753,15.067837408894892,3.7840322293522166
39,ZnO,Bacillus subtilis,non-pathogenic,green_synthesis,MBEC,quasi-spherical,Bacteria,Bacillota,Bacilli,Bacillales,Bacillaceae,Bacillus,p,soil,81.3794,10.4,0,0.16,30,8,22.60496136,17.07,0.6865,4.082482905,2.3950136327407376,Klebsiella pneumoniae,1.7965009789857007,0.5985126537550369,248.32110534219515,62.58942748093983
40,Ag,Bacillus subtilis,non-pathogenic,green_synthesis,MIC,nanoplates,Bacteria,Bacillota,Bacilli,Bacillales,Bacillaceae,Bacillus,p,soil,107.87,1.9,1,0.16,30,11,23.00188061,0.0,0.0,1.78376517,1.9277068439895824,Klebsiella pneumoniae,1.3293484973647527,0.5983583466248297,84.66557144967582,21.347572509607136
41,TiO2,Bacillus subtilis,non-pathogenic,green_synthesis,MBC,cubic,Bacteria,Bacillota,Bacilli,Bacillales,Bacillaceae,Bacillus,p,soil,79.866,10.4,1,0.16,30,16,26.40611331,34.14,1.373,2.878049394,3.3487355805598558,Klebsiella pneumoniae,2.7514017377854483,0.5973338427744075,2232.2127301708224,564.159281854779
42,ZnO,Bacillus subtilis,non-pathogenic,green_synthesis,MBEC,quasi-spherical,Bacteria,Bacillota,Bacilli,Bacillales,Bacillaceae,Bacillus,p,soil,81.3794,10.4,3,0.16,30,8,22.60496136,17.07,0.6865,4.082482905,2.350711957614944,Klebsiella pneumoniae,1.7587520635952067,0.591959894019737,224.23941802406537,57.37887957196986
43,Au,Bacillus subtilis,non-pathogenic,chemical_synthesis,MIC,nanoplates,Bacteria,Bacillota,Bacilli,Bacillales,Bacillaceae,Bacillus,p,soil,196.966569,4.0,4,0.16,30,11,23.00188061,0.0,0.0,2.46797672,1.9457487110755345,Klebsiella pneumoniae,1.3580638024864133,0.5876849085891211,88.25690857054865,22.806771031550337
44,TiO2,Bacillus subtilis,non-pathogenic,chemical_synthesis,MIC,rod-shaped,Bacteria,Bacillota,Bacilli,Bacillales,Bacillaceae,Bacillus,p,soil,79.866,1.9,2,0.16,30,16,26.40611331,34.14,1.373,2.878049394,2.1396239989350367,Klebsiella pneumoniae,1.5524047266077234,0.5872192723273133,137.91896803742338,35.67834712905449
45,ZnO,Bacillus subtilis,non-pathogenic,green_synthesis,MBC,spherical,Bacteria,Bacillota,Bacilli,Bacillales,Bacillaceae,Bacillus,p,soil,81.3794,1.9,2,0.16,30,8,22.60496136,17.07,0.6865,4.082482905,1.7933671650481469,Klebsiella pneumoniae,1.2117268317716623,0.5816403332764846,62.139415671740096,16.282715389264048
46,Ag,Bacillus subtilis,non-pathogenic,chemical_synthesis,MIC,nanoplates,Bacteria,Bacillota,Bacilli,Bacillales,Bacillaceae,Bacillus,p,soil,107.87,6.0,3,0.16,30,11,23.00188061,0.0,0.0,1.78376517,2.0821300389386943,Klebsiella pneumoniae,1.5051318794072397,0.5769981595314546,120.8175539785232,31.9986664506194
47,ZnO,Bacillus subtilis,non-pathogenic,green_synthesis,MBEC,quasi-hexagonal,Bacteria,Bacillota,Bacilli,Bacillales,Bacillaceae,Bacillus,p,soil,81.3794,1.4,3,0.16,30,8,22.60496136,17.07,0.6865,4.082482905,1.1521518862309992,Klebsiella pneumoniae,0.5771039135996103,0.5750479726313888,14.195538968483492,3.7766254339671135
48,ZnO,Bacillus subtilis,non-pathogenic,green_synthesis,MIC,cubic,Bacteria,Bacillota,Bacilli,Bacillales,Bacillaceae,Bacillus,p,soil,81.3794,3.0,18,0.16,30,8,22.60496136,17.07,0.6865,4.082482905,1.3714267637955606,Klebsiella pneumoniae,0.7975074468051412,0.5739193169904194,23.519428457262805,6.273464529402812
49,TiO2,Bacillus subtilis,non-pathogenic,chemical_synthesis,MIC,quasi-hexagonal,Bacteria,Bacillota,Bacilli,Bacillales,Bacillaceae,Bacillus,p,soil,79.866,5.1,0,0.16,30,16,26.40611331,34.14,1.373,2.878049394,2.1232048725251955,Klebsiella pneumoniae,1.5516292237225242,0.5715756488026713,132.80207857617052,35.61469453028293
50,ZnO,Bacillus subtilis,non-pathogenic,chemical_synthesis,MBEC,tetragonal,Bacteria,Bacillota,Bacilli,Bacillales,Bacillaceae,Bacillus,p,soil,81.3794,5.1,18,0.16,30,8,22.60496136,17.07,0.6865,4.082482905,1.0619056094360537,Klebsiella pneumoniae,0.4908976993490639,0.5710079100869898,11.532025908720478,3.09668976958498
51,Au,Bacillus subtilis,non-pathogenic,chemical_synthesis,MBC,quasi-hexagonal,Bacteria,Bacillota,Bacilli,Bacillales,Bacillaceae,Bacillus,p,soil,196.966569,79.0,3,0.16,30,11,23.00188061,0.0,0.0,2.46797672,0.7795254943268681,Klebsiella pneumoniae,0.4311013977629141,0.348424096563954,6.019015952057827,2.6983693660279156
52,Ag,Bacillus subtilis,non-pathogenic,chemical_synthesis,MIC,spheroidal,Bacteria,Bacillota,Bacilli,Bacillales,Bacillaceae,Bacillus,p,soil,107.87,37.86,4,0.16,30,11,23.00188061,0.0,0.0,1.78376517,0.850900623692739,Klebsiella pneumoniae,0.5393393878325328,0.31156123586020623,7.094154192481342,3.4620982451080726
53,ZnO,Bacillus subtilis,non-pathogenic,green_synthesis,MBEC,rod-shaped,Bacteria,Bacillota,Bacilli,Bacillales,Bacillaceae,Bacillus,p,soil,81.3794,38.0,0,0.16,30,8,22.60496136,17.07,0.6865,4.082482905,1.4028091292353755,Klebsiella pneumoniae,1.1176662189778406,0.2851429102575349,25.281866238853066,13.111917831547544
54,Au,Bacillus subtilis,non-pathogenic,chemical_synthesis,MIC,spheroidal,Bacteria,Bacillota,Bacilli,Bacillales,Bacillaceae,Bacillus,p,soil,196.966569,37.86,18,0.16,30,11,23.00188061,0.0,0.0,2.46797672,1.389258028015653,Klebsiella pneumoniae,1.113767156418187,0.275490871597466,24.505187397058968,12.994726891391826
55,ZnO,Bacillus subtilis,non-pathogenic,green_synthesis,MBC,triangular,Bacteria,Bacillota,Bacilli,Bacillales,Bacillaceae,Bacillus,p,soil,81.3794,9.0,0,0.16,30,8,22.60496136,17.07,0.6865,4.082482905,1.3084390681348619,Klebsiella pneumoniae,1.0337590289168093,0.2746800392180526,20.34412746081892,10.808340771603307
56,Ag,Bacillus subtilis,non-pathogenic,green_synthesis,MIC,hexagonal,Bacteria,Bacillota,Bacilli,Bacillales,Bacillaceae,Bacillus,p,soil,107.87,4.7,3,0.16,30,11,23.00188061,0.0,0.0,1.78376517,1.9263260119126284,Klebsiella pneumoniae,1.6898595413029882,0.2364664706096402,84.3968061681826,48.962044164481696
57,Al2O3,Bacillus subtilis,non-pathogenic,chemical_synthesis,MBEC,hexagonal,Bacteria,Bacillota,Bacilli,Bacillales,Bacillaceae,Bacillus,p,soil,101.961276,5.1,3,0.16,30,24,51.55776403,85.5,13.5675,4.688846487,3.154692576673024,Klebsiella pneumoniae,2.9492446417531806,0.20544793491984326,1427.882847582826,889.7021534704911
58,Ag,Bacillus subtilis,non-pathogenic,green_synthesis,MIC,quasi-spherical,Bacteria,Bacillota,Bacilli,Bacillales,Bacillaceae,Bacillus,p,soil,107.87,20.0,0,0.16,30,11,23.00188061,0.0,0.0,1.78376517,1.5380316651781305,Klebsiella pneumoniae,1.3363888552298282,0.2016428099483023,34.51689052932412,21.69645876107704
59,Ag,Bacillus subtilis,non-pathogenic,chemical_synthesis,MIC,rod-shaped,Bacteria,Bacillota,Bacilli,Bacillales,Bacillaceae,Bacillus,p,soil,107.87,38.0,1,0.16,30,11,23.00188061,0.0,0.0,1.78376517,0.8489521267040826,Klebsiella pneumoniae,0.7217442457041958,0.12720788099988678,7.062396995190498,5.26919469254395
60,Au,Bacillus subtilis,non-pathogenic,green_synthesis,MBC,rod-shaped,Bacteria,Bacillota,Bacilli,Bacillales,Bacillaceae,Bacillus,p,soil,196.966569,25.0,1,0.16,30,11,23.00188061,0.0,0.0,2.46797672,1.1305401153413843,Klebsiella pneumoniae,1.0125437195225206,0.11799639581886368,13.50641579487954,10.293041398867665
61,ZnO,Bacillus subtilis,non-pathogenic,green_synthesis,MBEC,spheroidal,Bacteria,Bacillota,Bacilli,Bacillales,Bacillaceae,Bacillus,p,soil,81.3794,26.38,3,0.16,30,8,22.60496136,17.07,0.6865,4.082482905,2.1945306491560137,Klebsiella pneumoniae,2.0773101556052684,0.11722049355074526,156.50587651082617,119.48411071725751
62,Au,Bacillus subtilis,non-pathogenic,chemical_synthesis,MBEC,spheroidal,Bacteria,Bacillota,Bacilli,Bacillales,Bacillaceae,Bacillus,p,soil,196.966569,35.0,24,0.16,30,11,23.00188061,0.0,0.0,2.46797672,2.2736100913569803,Klebsiella pneumoniae,2.163491561677292,0.11011852967968849,187.7630327421586,145.7107392922728
63,Ag,Bacillus subtilis,non-pathogenic,green_synthesis,MBC,quasi-spherical,Bacteria,Bacillota,Bacilli,Bacillales,Bacillaceae,Bacillus,p,soil,107.87,12.0,2,0.16,30,11,23.00188061,0.0,0.0,1.78376517,1.6221475509987269,Klebsiella pneumoniae,1.5428166402154917,0.07933091078323518,41.89358738730922,34.899293902489354
64,ZnO,Bacillus subtilis,non-pathogenic,green_synthesis,MBEC,tetragonal,Bacteria,Bacillota,Bacilli,Bacillales,Bacillaceae,Bacillus,p,soil,81.3794,45.26,24,0.16,30,8,22.60496136,17.07,0.6865,4.082482905,1.3490126467795986,Klebsiella pneumoniae,1.2857401888920508,0.06327245788754787,22.33637266039894,19.30812887376016
65,ZnO,Bacillus subtilis,non-pathogenic,green_synthesis,MBC,tetragonal,Bacteria,Bacillota,Bacilli,Bacillales,Bacillaceae,Bacillus,p,soil,81.3794,18.0,2,0.16,30,8,22.60496136,17.07,0.6865,4.082482905,1.5427795955959704,Klebsiella pneumoniae,1.4830067706627474,0.059772824933223,34.89631717591001,30.409324335258177
66,TiO2,Bacillus subtilis,non-pathogenic,green_synthesis,MIC,rod-shaped,Bacteria,Bacillota,Bacilli,Bacillales,Bacillaceae,Bacillus,p,soil,79.866,26.06,2,0.16,30,16,26.40611331,34.14,1.373,2.878049394,1.9592998541931375,Klebsiella pneumoniae,1.9162997286461807,0.04300012554695676,91.05417298968352,82.47070908373428
67,ZrO2,Bacillus subtilis,non-pathogenic,green_synthesis,MBEC,tetragonal,Bacteria,Bacillota,Bacilli,Bacillales,Bacillaceae,Bacillus,p,soil,123.2218,13.0,4,0.16,30,16,29.29254423,34.14,1.373,3.774536472,1.4822374834246421,Klebsiella pneumoniae,1.4569334166992924,0.025304066725349683,30.35550647825607,28.63738885799395
68,Ag,Bacillus subtilis,non-pathogenic,green_synthesis,MIC,spheroidal,Bacteria,Bacillota,Bacilli,Bacillales,Bacillaceae,Bacillus,p,soil,107.8682,13.0,4,0.16,30,11,23.00188061,0.0,0.0,1.78376517,1.329142943535489,Klebsiella pneumoniae,1.321342808645624,0.007800134889864863,21.33747098363324,20.957660878611673
69,Au,Bacillus subtilis,non-pathogenic,chemical_synthesis,MIC,tetragonal,Bacteria,Bacillota,Bacilli,Bacillales,Bacillaceae,Bacillus,p,soil,196.966569,27.43,0,0.16,30,11,23.00188061,0.0,0.0,2.46797672,0.491893385330443,Klebsiella pneumoniae,0.49163674698279647,0.0002566383476465539,3.103797545357223,3.101963955020063
70,Ag,Bacillus subtilis,non-pathogenic,chemical_synthesis,MBEC,nanoplates,Bacteria,Bacillota,Bacilli,Bacillales,Bacillaceae,Bacillus,p,soil,107.8682,1.9,4,0.16,30,11,23.00188061,0.0,0.0,1.78376517,2.020661066314919,Klebsiella pneumoniae,2.0387483163278928,-0.018087250012973843,104.87236604530939,109.3322576984072
71,ZnO,Bacillus subtilis,non-pathogenic,chemical_synthesis,MIC,spherical,Bacteria,Bacillota,Bacilli,Bacillales,Bacillaceae,Bacillus,p,soil,81.3794,44.45,1,0.16,30,8,22.60496136,17.07,0.6865,4.082482905,0.9542713466546758,Klebsiella pneumoniae,0.9774861654751781,-0.023214818820502248,9.000597621120559,9.494807528490636
72,Pd,Bacillus subtilis,non-pathogenic,chemical_synthesis,MBC,cubic,Bacteria,Bacillota,Bacilli,Bacillales,Bacillaceae,Bacillus,p,soil,195.084,44.45,18,0.16,30,10,21.14774404,0.0,0.0,1.870828693,1.6567236428326702,Klebsiella pneumoniae,1.680109578483794,-0.0233859356511239,45.36528491921162,47.87508725286467
73,TiO2,Bacillus subtilis,non-pathogenic,green_synthesis,MIC,triangular,Bacteria,Bacillota,Bacilli,Bacillales,Bacillaceae,Bacillus,p,soil,79.866,38.0,4,0.16,30,16,26.40611331,34.14,1.373,2.878049394,-0.20415438708970912,Klebsiella pneumoniae,-0.1767866334467223,-0.027367753642986825,0.6249504900008677,0.6656000816425761
74,CuO,Bacillus subtilis,non-pathogenic,chemical_synthesis,MBC,quasi-spherical,Bacteria,Bacillota,Bacilli,Bacillales,Bacillaceae,Bacillus,p,soil,79.5454,11.3,18,0.16,30,17,20.67942236,17.07,0.6865,1.651411411,2.5000588602488145,Klebsiella pneumoniae,2.5457265381014276,-0.04566767785261305,316.2706275017423,351.33914339422915
75,ZnO,Bacillus subtilis,non-pathogenic,chemical_synthesis,MIC,cubic,Bacteria,Bacillota,Bacilli,Bacillales,Bacillaceae,Bacillus,p,soil,81.3794,25.0,4,0.16,30,8,22.60496136,17.07,0.6865,4.082482905,1.8575655239419133,Klebsiella pneumoniae,1.9116553243487373,-0.054089800406823985,72.03864309475526,81.59345519323224
76,Ag,Bacillus subtilis,non-pathogenic,green_synthesis,MBC,hexagonal,Bacteria,Bacillota,Bacilli,Bacillales,Bacillaceae,Bacillus,p,soil,107.87,13.0,0,0.16,30,11,23.00188061,0.0,0.0,1.78376517,2.032898210805364,Klebsiella pneumoniae,2.093313642352679,-0.06041543154731466,107.86938701831627,123.96915539431158
77,CuO,Bacillus subtilis,non-pathogenic,green_synthesis,MBEC,hexagonal,Bacteria,Bacillota,Bacilli,Bacillales,Bacillaceae,Bacillus,p,soil,79.5454,13.0,24,0.16,30,17,20.67942236,17.07,0.6865,1.651411411,3.078123206777911,Klebsiella pneumoniae,3.2388832958050475,-0.16076008902713657,1197.0800876862381,1733.3381502156699
78,Ag,Bacillus subtilis,non-pathogenic,green_synthesis,MBC,hexagonal,Bacteria,Bacillota,Bacilli,Bacillales,Bacillaceae,Bacillus,p,soil,107.87,12.0,18,0.16,30,11,23.00188061,0.0,0.0,1.78376517,1.9667217840335458,Klebsiella pneumoniae,2.1319897914204367,-0.16526800738689085,92.62362715632898,135.51575574762478
79,Ag,Bacillus subtilis,non-pathogenic,chemical_synthesis,MIC,spheroidal,Bacteria,Bacillota,Bacilli,Bacillales,Bacillaceae,Bacillus,p,soil,107.8682,30.0,0,0.16,30,11,23.00188061,0.0,0.0,1.78376517,2.0189908538038885,Klebsiella pneumoniae,2.2005095100447454,-0.18151865624085683,104.4698217754538,158.67536648066644
80,Ag,Bacillus subtilis,non-pathogenic,chemical_synthesis,MBC,quasi-spherical,Bacteria,Bacillota,Bacilli,Bacillales,Bacillaceae,Bacillus,p,soil,107.87,22.5,18,0.16,30,11,23.00188061,0.0,0.0,1.78376517,0.9668988536183349,Klebsiella pneumoniae,1.1499827453910705,-0.18308389177273554,9.266139915619245,14.12481425330926
81,ZnO,Bacillus subtilis,non-pathogenic,chemical_synthesis,MIC,nanoplates,Bacteria,Bacillota,Bacilli,Bacillales,Bacillaceae,Bacillus,p,soil,81.3794,13.0,18,0.16,30,8,22.60496136,17.07,0.6865,4.082482905,1.9496918635780127,Klebsiella pneumoniae,2.145887110068023,-0.19619524649001008,89.06188106618492,139.92235629787555
82,ZnO,Bacillus subtilis,non-pathogenic,green_synthesis,MIC,rod-shaped,Bacteria,Bacillota,Bacilli,Bacillales,Bacillaceae,Bacillus,p,soil,81.3794,30.0,18,0.16,30,8,22.60496136,17.07,0.6865,4.082482905,0.7838796003357454,Klebsiella pneumoniae,1.0471287318299358,-0.2632491314941904,6.079664310926801,11.146248772691136
83,CuO,Bacillus subtilis,non-pathogenic,chemical_synthesis,MIC,nanoplates,Bacteria,Bacillota,Bacilli,Bacillales,Bacillaceae,Bacillus,p,soil,79.5454,13.0,4,0.16,30,17,20.67942236,17.07,0.6865,1.651411411,2.786609486950373,Klebsiella pneumoniae,3.071702857244211,-0.2850933702938381,611.8000201471317,1179.5133406332773
