,np,bacteria,bac_type,np_synthesis,method,shape,kingdom,phylum,class,order,family,genus,gram,isolated_from,mol_weight (g/mol),np_size_avg (nm),time_set,"min_Incub_period, h","growth_temp, C",Valance_electron,labuteASA,tpsa,CrippenMR,chi0v,pred_MIC_norm,pathogenic_bacteria,pred_MIC_pathogen,Fitness,pred_norm_MIC_original,pred_path_MIC_original
0,ZnO,Bacillus subtilis,non-pathogenic,green_synthesis,MIC,cubic,Bacteria,Bacillota,Bacilli,Bacillales,Bacillaceae,Bacillus,p,soil,81.3794,4.0,4,0.16,30,8,22.60496136,17.07,0.6865,4.082482905,1.407865834984728,Klebsiella pneumoniae,0.5801545684598743,0.8277112665248536,25.57795594347584,3.8032473248215104
1,Ag,Bacillus subtilis,non-pathogenic,chemical_synthesis,MIC,spheroidal,Bacteria,Bacillota,Bacilli,Bacillales,Bacillaceae,Bacillus,p,soil,107.87,1.4,2,0.16,30,11,23.00188061,0.0,0.0,1.78376517,0.9975484790951428,Klebsiella pneumoniae,0.1853474042741312,0.8122010748210116,9.94371066657431,1.5323127112546697
2,CeO2,Bacillus subtilis,non-pathogenic,chemical_synthesis,MIC,hexagonal,Bacteria,Bacillota,Bacilli,Bacillales,Bacillaceae,Bacillus,p,soil,172.115,4.0,0,0.16,30,16,39.19032095,34.14,1.373,4.456551526,2.5209043813544194,Klebsiella pneumoniae,1.7249881013753425,0.7959162799790769,331.82139237102484,53.086989947283485
3,ZrO2,Bacillus subtilis,non-pathogenic,chemical_synthesis,MIC,spheroidal,Bacteria,Bacillota,Bacilli,Bacillales,Bacillaceae,Bacillus,p,soil,123.2218,3.0,0,0.16,30,16,29.29254423,34.14,1.373,3.774536472,1.628522552137037,Klebsiella pneumoniae,0.8336479100437901,0.7948746420932469,42.513078251392365,6.817857346819985
4,ZnO,Bacillus subtilis,non-pathogenic,green_synthesis,MBC,quasi-spherical,Bacteria,Bacillota,Bacilli,Bacillales,Bacillaceae,Bacillus,p,soil,81.3794,4.7,2,0.16,30,8,22.60496136,17.07,0.6865,4.082482905,2.078970087582796,Klebsiella pneumoniae,1.2906475961127268,0.7883224914700693,119.94166894172588,19.527542699179868
5,Ag,Bacillus subtilis,non-pathogenic,chemical_synthesis,MIC,spherical,Bacteria,Bacillota,Bacilli,Bacillales,Bacillaceae,Bacillus,p,soil,107.87,1.4,0,0.16,30,11,23.00188061,0.0,0.0,1.78376517,1.1200656812414822,Klebsiella pneumoniae,0.33711836998513567,0.7829473112563465,13.184561223628144,2.1732934444084475
6,ZnO,Bacillus subtilis,non-pathogenic,green_synthesis,MIC,rod-shaped,Bacteria,Bacillota,Bacilli,Bacillales,Bacillaceae,Bacillus,p,soil,81.3794,4.0,1,0.16,30,8,22.60496136,17.07,0.6865,4.082482905,0.965332509076222,Klebsiella pneumoniae,0.1824141271985935,0.7829183818776285,9.23278046394574,1.5219981592935627
7,TiO2,Bacillus subtilis,non-pathogenic,green_synthesis,MIC,quasi-hexagonal,Bacteria,Bacillota,Bacilli,Bacillales,Bacillaceae,Bacillus,p,soil,79.866,4.0,0,0.16,30,16,26.40611331,34.14,1.373,2.878049394,1.544971540491587,Klebsiella pneumoniae,0.7999660779583038,0.7450054625332831,35.07288897810878,6.309080633440734
8,ZnO,Bacillus subtilis,non-pathogenic,green_synthesis,MBC,quasi-spherical,Bacteria,Bacillota,Bacilli,Bacillales,Bacillaceae,Bacillus,p,soil,81.3794,8.0,0,0.16,30,8,22.60496136,17.07,0.6865,4.082482905,2.2656557745582644,Klebsiella pneumoniae,1.5222637466839957,0.7433920278742687,184.35536239061463,33.28616385257893
9,Ag,Bacillus subtilis,non-pathogenic,chemical_synthesis,MIC,quasi-spherical,Bacteria,Bacillota,Bacilli,Bacillales,Bacillaceae,Bacillus,p,soil,107.87,4.0,2,0.16,30,11,23.00188061,0.0,0.0,1.78376517,1.041893744708151,Klebsiella pneumoniae,0.29952818918048196,0.7423655555276691,11.012698378609882,1.9930958698066377
10,ZnO,Bacillus subtilis,non-pathogenic,chemical_synthesis,MIC,quasi-hexagonal,Bacteria,Bacillota,Bacilli,Bacillales,Bacillaceae,Bacillus,p,soil,81.3794,1.9,0,0.16,30,8,22.60496136,17.07,0.6865,4.082482905,0.7296726406440353,Klebsiella pneumoniae,0.024354329094733895,0.7053183115493014,5.366271489491252,1.0576800898009506
11,TiO2,Bacillus subtilis,non-pathogenic,green_synthesis,MIC,spherical,Bacteria,Bacillota,Bacilli,Bacillales,Bacillaceae,Bacillus,p,soil,79.866,4.0,0,0.16,30,16,26.40611331,34.14,1.373,2.878049394,2.068776663719629,Klebsiella pneumoniae,1.3695003355055557,0.6992763282140735,117.15927181247103,23.41533284073527
12,ZnO,Bacillus subtilis,non-pathogenic,green_synthesis,MBC,nanoplates,Bacteria,Bacillota,Bacilli,Bacillales,Bacillaceae,Bacillus,p,soil,81.3794,8.7,4,0.16,30,8,22.60496136,17.07,0.6865,4.082482905,2.470561703464321,Klebsiella pneumoniae,1.7863675923283253,0.6841941111359957,295.5028701678419,61.14593528483552
13,Ag,Bacillus subtilis,non-pathogenic,chemical_synthesis,MIC,spheroidal,Bacteria,Bacillota,Bacilli,Bacillales,Bacillaceae,Bacillus,p,soil,107.87,41.23,18,0.16,30,11,23.00188061,0.0,0.0,1.78376517,0.7531246744322511,Klebsiella pneumoniae,0.10389778861699539,0.6492268858152557,5.664018646611268,1.2702751102616308
14,ZnO,Bacillus subtilis,non-pathogenic,chemical_synthesis,MBC,quasi-spherical,Bacteria,Bacillota,Bacilli,Bacillales,Bacillaceae,Bacillus,p,soil,81.3794,6.0,3,0.16,30,8,22.60496136,17.07,0.6865,4.082482905,1.6770247488278622,Klebsiella pneumoniae,1.0305485390807532,0.6464762097471091,47.53623143019102,10.728735512376144
15,Ag,Bacillus subtilis,non-pathogenic,chemical_synthesis,MIC,spheroidal,Bacteria,Bacillota,Bacilli,Bacillales,Bacillaceae,Bacillus,p,soil,107.87,60.0,18,0.16,30,11,23.00188061,0.0,0.0,1.78376517,0.5492343338446153,Klebsiella pneumoniae,-0.08530498946060638,0.6345393233052217,3.541884002499187,0.821665421089512
16,ZnO,Bacillus subtilis,non-pathogenic,green_synthesis,MBEC,quasi-spherical,Bacteria,Bacillota,Bacilli,Bacillales,Bacillaceae,Bacillus,p,soil,81.3794,10.4,4,0.16,30,8,22.60496136,17.07,0.6865,4.082482905,2.278680176844711,Klebsiella pneumoniae,1.6456043253022448,0.6330758515424662,189.96788031644218,44.21853249424601
17,TiO2,Bacillus subtilis,non-pathogenic,green_synthesis,MBC,quasi-hexagonal,Bacteria,Bacillota,Bacilli,Bacillales,Bacillaceae,Bacillus,p,soil,79.866,1.9,0,0.16,30,16,26.40611331,34.14,1.373,2.878049394,1.9430947304502757,Klebsiella pneumoniae,1.3127226813999266,0.630372049050349,87.7192137744618,20.545782267642505
18,Ag,Bacillus subtilis,non-pathogenic,green_synthesis,MIC,quasi-hexagonal,Bacteria,Bacillota,Bacilli,Bacillales,Bacillaceae,Bacillus,p,soil,107.87,1.4,24,0.16,30,11,23.00188061,0.0,0.0,1.78376517,1.9276572388719064,Klebsiella pneumoniae,1.2991716698503402,0.6284855690215663,84.65590149998549,19.914603767214828
19,ZnO,Bacillus subtilis,non-pathogenic,green_synthesis,MBEC,quasi-hexagonal,Bacteria,Bacillota,Bacilli,Bacillales,Bacillaceae,Bacillus,p,soil,81.3794,3.0,4,0.16,30,8,22.60496136,17.07,0.6865,4.082482905,1.069853824562839,Klebsiella pneumoniae,0.4442756293832104,0.6255781951796286,11.74502172838971,2.78147800082832
20,CuO,Bacillus subtilis,non-pathogenic,green_synthesis,MBC,quasi-spherical,Bacteria,Bacillota,Bacilli,Bacillales,Bacillaceae,Bacillus,p,soil,79.5454,4.7,4,0.16,30,17,20.67942236,17.07,0.6865,1.651411411,3.1499206008747507,Klebsiella pneumoniae,2.530986192669522,0.6189344082052286,1412.2793235342506,339.6144752074556
21,Ag,Bacillus subtilis,non-pathogenic,chemical_synthesis,MIC,cubic,Bacteria,Bacillota,Bacilli,Bacillales,Bacillaceae,Bacillus,p,soil,107.87,1.9,18,0.16,30,11,23.00188061,0.0,0.0,1.78376517,1.474302441882568,Klebsiella pneumoniae,0.860594022233451,0.613708419649117,29.805913852347032,7.2542751193606465
22,ZnO,Bacillus subtilis,non-pathogenic,green_synthesis,MBC,hexagonal,Bacteria,Bacillota,Bacilli,Bacillales,Bacillaceae,Bacillus,p,soil,81.3794,10.0,3,0.16,30,8,22.60496136,17.07,0.6865,4.082482905,2.526813970243419,Klebsiella pneumoniae,1.9197383429186665,0.6070756273247526,336.36745573307604,83.12627945967168
23,Ag,Bacillus subtilis,non-pathogenic,chemical_synthesis,MIC,spheroidal,Bacteria,Bacillota,Bacilli,Bacillales,Bacillaceae,Bacillus,p,soil,107.87,5.1,24,0.16,30,11,23.00188061,0.0,0.0,1.78376517,1.5653888591139729,Klebsiella pneumoniae,0.961877205550228,0.6035116535637448,36.761130543515314,9.159614702822529
24,ZnO,Bacillus subtilis,non-pathogenic,chemical_synthesis,MBC,quasi-spherical,Bacteria,Bacillota,Bacilli,Bacillales,Bacillaceae,Bacillus,p,soil,81.3794,5.1,2,0.16,30,8,22.60496136,17.07,0.6865,4.082482905,1.6293462592194556,Klebsiella pneumoniae,1.034160618937701,0.5951856402817546,42.59378743598383,10.8183398147083
25,TiO2,Bacillus subtilis,non-pathogenic,green_synthesis,MIC,triangular,Bacteria,Bacillota,Bacilli,Bacillales,Bacillaceae,Bacillus,p,soil,79.866,4.0,24,0.16,30,16,26.40611331,34.14,1.373,2.878049394,1.1718680471798315,Klebsiella pneumoniae,0.5794546284611479,0.5924134187186836,14.854842351818531,3.797122676640026
26,CeO2,Bacillus subtilis,non-pathogenic,green_synthesis,MIC,nanoplates,Bacteria,Bacillota,Bacilli,Bacillales,Bacillaceae,Bacillus,p,soil,172.115,0.8,1,0.16,30,16,39.19032095,34.14,1.373,4.456551526,2.6030164138305487,Klebsiella pneumoniae,2.014292331767415,0.5887240820631336,400.8818683671579,103.34568108672589
27,ZnO,Bacillus subtilis,non-pathogenic,green_synthesis,MBEC,spheroidal,Bacteria,Bacillota,Bacilli,Bacillales,Bacillaceae,Bacillus,p,soil,81.3794,12.0,18,0.16,30,8,22.60496136,17.07,0.6865,4.082482905,2.488432144493925,Klebsiella pneumoniae,1.9007251070656275,0.5877070374282973,307.9159206608079,79.56555693679364
28,Ag,Bacillus subtilis,non-pathogenic,chemical_synthesis,MIC,cubic,Bacteria,Bacillota,Bacilli,Bacillales,Bacillaceae,Bacillus,p,soil,107.87,6.0,1,0.16,30,11,23.00188061,0.0,0.0,1.78376517,1.9822120315407743,Klebsiella pneumoniae,1.3952588193381676,0.5869532122026067,95.98691450899815,24.84613378327578
29,ZnO,Bacillus subtilis,non-pathogenic,green_synthesis,MBC,rod-shaped,Bacteria,Bacillota,Bacilli,Bacillales,Bacillaceae,Bacillus,p,soil,81.3794,11.3,3,0.16,30,8,22.60496136,17.07,0.6865,4.082482905,2.1835505249220097,Klebsiella pneumoniae,1.5973589438517957,0.5861915810702141,152.5985914527081,39.56935251650152
30,Ag,Bacillus subtilis,non-pathogenic,green_synthesis,MIC,nanoplates,Bacteria,Bacillota,Bacilli,Bacillales,Bacillaceae,Bacillus,p,soil,107.87,1.4,2,0.16,30,11,23.00188061,0.0,0.0,1.78376517,1.955426415523102,Klebsiella pneumoniae,1.3701925171110507,0.5852338984120513,90.24567871841742,23.452682119077195
31,ZnO,Bacillus subtilis,non-pathogenic,green_synthesis,MBEC,quasi-hexagonal,Bacteria,Bacillota,Bacilli,Bacillales,Bacillaceae,Bacillus,p,soil,81.3794,3.0,3,0.16,30,8,22.60496136,17.07,0.6865,4.082482905,1.1418856053330717,Klebsiella pneumoniae,0.5574233676761724,0.5844622376568993,13.863906006989104,3.6093032092908
32,ZnO,Bacillus subtilis,non-pathogenic,green_synthesis,MBC,rod-shaped,Bacteria,Bacillota,Bacilli,Bacillales,Bacillaceae,Bacillus,p,soil,81.3794,1.4,4,0.16,30,8,22.60496136,17.07,0.6865,4.082482905,1.4524127541165794,Klebsiella pneumoniae,0.8685364855625458,0.5838762685540336,28.340842340820288,7.388163291681687
33,TiO2,Bacillus subtilis,non-pathogenic,green_synthesis,MBEC,quasi-spherical,Bacteria,Bacillota,Bacilli,Bacillales,Bacillaceae,Bacillus,p,soil,79.866,9.0,3,0.16,30,16,26.40611331,34.14,1.373,2.878049394,2.9715231038708616,Klebsiella pneumoniae,2.4008517206634643,0.5706713832073973,936.5330408425515,251.68174746531437
34,ZnO,Bacillus subtilis,non-pathogenic,green_synthesis,MIC,nanoplates,Bacteria,Bacillota,Bacilli,Bacillales,Bacillaceae,Bacillus,p,soil,81.3794,0.8,24,0.16,30,8,22.60496136,17.07,0.6865,4.082482905,2.59540079037857,Klebsiella pneumoniae,2.0304164329078582,0.5649843574707116,393.9134323347493,107.25472480715939
35,Ag,Bacillus subtilis,non-pathogenic,chemical_synthesis,MIC,nanoplates,Bacteria,Bacillota,Bacilli,Bacillales,Bacillaceae,Bacillus,p,soil,107.87,6.0,2,0.16,30,11,23.00188061,0.0,0.0,1.78376517,2.0548525738439096,Klebsiella pneumoniae,1.489967771513404,0.5648848023305055,113.4625588848615,30.900661138053618
36,ZnO,Bacillus subtilis,non-pathogenic,green_synthesis,MBC,spherical,Bacteria,Bacillota,Bacilli,Bacillales,Bacillaceae,Bacillus,p,soil,81.3794,0.8,0,0.16,30,8,22.60496136,17.07,0.6865,4.082482905,1.762375217186713,Klebsiella pneumoniae,1.19798780523046,0.5643874119562531,57.85957205792966,15.77566971794225
37,Ag,Bacillus subtilis,non-pathogenic,green_synthesis,MIC,rod-shaped,Bacteria,Bacillota,Bacilli,Bacillales,Bacillaceae,Bacillus,p,soil,107.87,4.0,0,0.16,30,11,23.00188061,0.0,0.0,1.78376517,1.4088466341424362,Klebsiella pneumoniae,0.850078760293486,0.5587678738489502,25.63578579799533,7.0807418360701835
38,CeO2,Bacillus subtilis,non-pathogenic,chemical_synthesis,MIC,rod-shaped,Bacteria,Bacillota,Bacilli,Bacillales,Bacillaceae,Bacillus,p,soil,172.115,1.9,18,0.16,30,16,39.19032095,34.14,1.373,4.456551526,2.191550838824417,Klebsiella pneumoniae,1.6374538206953855,0.5540970181290314,155.43572342979718,43.396411701503226
39,ZnO,Bacillus subtilis,non-pathogenic,chemical_synthesis,MBEC,tetragonal,Bacteria,Bacillota,Bacilli,Bacillales,Bacillaceae,Bacillus,p,soil,81.3794,8.0,18,0.16,30,8,22.60496136,17.07,0.6865,4.082482905,1.020324008554184,Klebsiella pneumoniae,0.4971167795554554,0.5232072289987286,10.47910057402633,3.1413532740795107
40,Ag,Bacillus subtilis,non-pathogenic,chemical_synthesis,MIC,rod-shaped,Bacteria,Bacillota,Bacilli,Bacillales,Bacillaceae,Bacillus,p,soil,107.87,1.4,18,0.16,30,11,23.00188061,0.0,0.0,1.78376517,0.8853200662872597,Klebsiella pneumoniae,0.3645104613022192,0.5208096049850405,7.679272277695108,2.3147839439485516
41,ZnO,Bacillus subtilis,non-pathogenic,chemical_synthesis,MBC,quasi-spherical,Bacteria,Bacillota,Bacilli,Bacillales,Bacillaceae,Bacillus,p,soil,81.3794,0.8,3,0.16,30,8,22.60496136,17.07,0.6865,4.082482905,0.8848608592747623,Klebsiella pneumoniae,0.4119010470047739,0.4729598122699884,7.671156788886015,2.5816718956341274
42,Ag,Bacillus subtilis,non-pathogenic,chemical_synthesis,MIC,quasi-spherical,Bacteria,Bacillota,Bacilli,Bacillales,Bacillaceae,Bacillus,p,soil,107.87,11.3,4,0.16,30,11,23.00188061,0.0,0.0,1.78376517,1.3666759351975517,Klebsiella pneumoniae,0.9582288427028715,0.40844709249468025,23.263547147115403,9.08299013917803
43,CuO,Bacillus subtilis,non-pathogenic,green_synthesis,MBC,nanoplates,Bacteria,Bacillota,Bacilli,Bacillales,Bacillaceae,Bacillus,p,soil,79.5454,20.0,4,0.16,30,17,20.67942236,17.07,0.6865,1.651411411,3.171969845522164,Klebsiella pneumoniae,2.8220138621638737,0.34995598335829037,1485.8324725261077,663.7642566302356
44,ZnO,Bacillus subtilis,non-pathogenic,green_synthesis,MBC,rod-shaped,Bacteria,Bacillota,Bacilli,Bacillales,Bacillaceae,Bacillus,p,soil,81.3794,12.5,2,0.16,30,8,22.60496136,17.07,0.6865,4.082482905,2.121889502893679,Klebsiella pneumoniae,1.7941592921044234,0.3277302107892557,132.40046271770711,62.25285765878579
45,CuO,Bacillus subtilis,non-pathogenic,green_synthesis,MBEC,spheroidal,Bacteria,Bacillota,Bacilli,Bacillales,Bacillaceae,Bacillus,p,soil,79.5454,8.7,3,0.16,30,17,20.67942236,17.07,0.6865,1.651411411,3.5546375140361803,Klebsiella pneumoniae,3.2385483721707438,0.3160891418654366,3586.2248372424256,1732.0019321823588
46,Au,Bacillus subtilis,non-pathogenic,green_synthesis,MIC,quasi-spherical,Bacteria,Bacillota,Bacilli,Bacillales,Bacillaceae,Bacillus,p,soil,196.966569,10.0,2,0.16,30,11,23.00188061,0.0,0.0,2.46797672,2.1370658572393078,Klebsiella pneumoniae,1.8715229916608733,0.26554286557843443,137.10896650398087,74.39144448859612
47,Ag,Bacillus subtilis,non-pathogenic,green_synthesis,MIC,spheroidal,Bacteria,Bacillota,Bacilli,Bacillales,Bacillaceae,Bacillus,p,soil,107.87,26.38,1,0.16,30,11,23.00188061,0.0,0.0,1.78376517,1.1846683509388045,Klebsiella pneumoniae,0.933835798105295,0.25083255283350947,15.29918692781654,8.586887994745654
48,Au,Bacillus subtilis,non-pathogenic,green_synthesis,MIC,quasi-hexagonal,Bacteria,Bacillota,Bacilli,Bacillales,Bacillaceae,Bacillus,p,soil,196.966569,11.3,2,0.16,30,11,23.00188061,0.0,0.0,2.46797672,1.4545077507918727,Klebsiella pneumoniae,1.2231413835865914,0.23136636720528125,28.477886237989082,16.716347226434724
49,ZnO,Bacillus subtilis,non-pathogenic,chemical_synthesis,MIC,triangular,Bacteria,Bacillota,Bacilli,Bacillales,Bacillaceae,Bacillus,p,soil,81.3794,5.1,0,0.16,30,8,22.60496136,17.07,0.6865,4.082482905,-0.1313339883463489,Klebsiella pneumoniae,-0.35967274447845154,0.22833875613210264,0.7390367101929963,0.43684488558484036
50,Ag,Bacillus subtilis,non-pathogenic,chemical_synthesis,MBEC,tetragonal,Bacteria,Bacillota,Bacilli,Bacillales,Bacillaceae,Bacillus,p,soil,107.87,25.0,3,0.16,30,11,23.00188061,0.0,0.0,1.78376517,0.29418978241601823,Klebsiella pneumoniae,0.10266766167522756,0.19152212074079067,1.9687464245770028,1.2666821824678542
51,Al2O3,Bacillus subtilis,non-pathogenic,green_synthesis,MBEC,spherical,Bacteria,Bacillota,Bacilli,Bacillales,Bacillaceae,Bacillus,p,soil,101.961276,100.0,2,0.16,30,24,51.55776403,85.5,13.5675,4.688846487,1.7301639751844642,Klebsiella pneumoniae,1.554601339316635,0.17556263586782928,53.72346000389181,35.859261337582986
52,Ag,Bacillus subtilis,non-pathogenic,green_synthesis,MBC,quasi-hexagonal,Bacteria,Bacillota,Bacilli,Bacillales,Bacillaceae,Bacillus,p,soil,107.87,35.0,0,0.16,30,11,23.00188061,0.0,0.0,1.78376517,0.10357812722037352,Klebsiella pneumoniae,-0.07084127301653176,0.17441940023690528,1.2693404713692624,0.8494908922650254
53,Au,Bacillus subtilis,non-pathogenic,chemical_synthesis,MIC,hexagonal,Bacteria,Bacillota,Bacilli,Bacillales,Bacillaceae,Bacillus,p,soil,196.966569,25.0,3,0.16,30,11,23.00188061,0.0,0.0,2.46797672,2.132828442725794,Klebsiella pneumoniae,1.9714414748392493,0.16138696788654494,135.7776984481132,93.63570287026167
54,Ag,Bacillus subtilis,non-pathogenic,green_synthesis,MBEC,quasi-spherical,Bacteria,Bacillota,Bacilli,Bacillales,Bacillaceae,Bacillus,p,soil,107.87,1.9,2,0.16,30,11,23.00188061,0.0,0.0,1.78376517,1.7335360479401176,Klebsiella pneumoniae,1.5814953666624914,0.15204068127762627,54.14221859267484,38.15007241585467
55,ZnO,Bacillus subtilis,non-pathogenic,chemical_synthesis,MIC,quasi-spherical,Bacteria,Bacillota,Bacilli,Bacillales,Bacillaceae,Bacillus,p,soil,81.3794,20.0,1,0.16,30,8,22.60496136,17.07,0.6865,4.082482905,1.4007936081525232,Klebsiella pneumoniae,1.27442137932716,0.12637222882536325,25.164807243507436,18.81141130928298
56,Pd,Bacillus subtilis,non-pathogenic,green_synthesis,MBEC,hexagonal,Bacteria,Bacillota,Bacilli,Bacillales,Bacillaceae,Bacillus,p,soil,195.084,41.23,3,0.16,30,10,21.14774404,0.0,0.0,1.870828693,1.5781283506588444,Klebsiella pneumoniae,1.4529203771212833,0.12520797353756108,37.85544455291883,28.37398776448011
57,Ag,Bacillus subtilis,non-pathogenic,chemical_synthesis,MBC,quasi-hexagonal,Bacteria,Bacillota,Bacilli,Bacillales,Bacillaceae,Bacillus,p,soil,107.8682,8.7,1,0.16,30,11,23.00188061,0.0,0.0,1.78376517,0.869948932783728,Klebsiella pneumoniae,0.7636628840373156,0.10628604874641234,7.412230782666995,5.803137809241678
58,Pd,Bacillus subtilis,non-pathogenic,green_synthesis,MIC,spherical,Bacteria,Bacillota,Bacilli,Bacillales,Bacillaceae,Bacillus,p,soil,195.084,22.5,2,0.16,30,10,21.14774404,0.0,0.0,1.870828693,1.1402657719239842,Klebsiella pneumoniae,1.0942475491871224,0.046018222736861736,13.812292664957695,12.423602549641103
59,ZnO,Bacillus subtilis,non-pathogenic,green_synthesis,MBEC,spheroidal,Bacteria,Bacillota,Bacilli,Bacillales,Bacillaceae,Bacillus,p,soil,81.3794,41.23,2,0.16,30,8,22.60496136,17.07,0.6865,4.082482905,1.7252355519433105,Klebsiella pneumoniae,1.6817193656002054,0.04351618634310506,53.117246258327924,48.05287378413369
60,Ag,Bacillus subtilis,non-pathogenic,green_synthesis,MBC,spheroidal,Bacteria,Bacillota,Bacilli,Bacillales,Bacillaceae,Bacillus,p,soil,107.87,28.0,24,0.16,30,11,23.00188061,0.0,0.0,1.78376517,1.3547014496366308,Klebsiella pneumoniae,1.3346376133492412,0.020063836287389503,22.630880408881264,21.6091464764931
61,CeO2,Bacillus subtilis,non-pathogenic,chemical_synthesis,MBEC,spheroidal,Bacteria,Bacillota,Bacilli,Bacillales,Bacillaceae,Bacillus,p,soil,172.115,28.0,2,0.16,30,16,39.19032095,34.14,1.373,4.456551526,2.2857432433758675,Klebsiella pneumoniae,2.2753528869772577,0.010390356398609857,193.0826467234161,188.51802748771763
62,CuO,Bacillus subtilis,non-pathogenic,chemical_synthesis,MBEC,rod-shaped,Bacteria,Bacillota,Bacilli,Bacillales,Bacillaceae,Bacillus,p,soil,79.5454,18.0,4,0.16,30,17,20.67942236,17.07,0.6865,1.651411411,2.787856419753759,Klebsiella pneumoniae,2.785201843178389,0.002654576575369827,613.5591254646248,609.8202521162302
63,Au,Bacillus subtilis,non-pathogenic,green_synthesis,MBC,tetragonal,Bacteria,Bacillota,Bacilli,Bacillales,Bacillaceae,Bacillus,p,soil,196.966569,38.0,4,0.16,30,11,23.00188061,0.0,0.0,2.46797672,0.843871749853153,Klebsiella pneumoniae,0.8897398082386143,-0.04586805838546126,6.980262416890727,7.757821956531407
64,ZnO,Bacillus subtilis,non-pathogenic,chemical_synthesis,MBC,spherical,Bacteria,Bacillota,Bacilli,Bacillales,Bacillaceae,Bacillus,p,soil,81.3794,37.86,18,0.16,30,8,22.60496136,17.07,0.6865,4.082482905,1.719111373539088,Klebsiella pneumoniae,1.7803143560020935,-0.061202982463005595,52.37347295923273,60.2995895538036
65,Al2O3,Bacillus subtilis,non-pathogenic,chemical_synthesis,MIC,tetragonal,Bacteria,Bacillota,Bacilli,Bacillales,Bacillaceae,Bacillus,p,soil,101.961276,37.86,0,0.16,30,24,51.55776403,85.5,13.5675,4.688846487,0.8911794889939484,Klebsiella pneumoniae,1.02187653527628,-0.13069704628233159,7.783581711968001,10.51662856157594
66,Au,Bacillus subtilis,non-pathogenic,chemical_synthesis,MBC,spherical,Bacteria,Bacillota,Bacilli,Bacillales,Bacillaceae,Bacillus,p,soil,196.966569,45.26,18,0.16,30,11,23.00188061,0.0,0.0,2.46797672,1.5165367956039404,Klebsiella pneumoniae,1.7145592761923356,-0.19802248058839522,32.85010753806649,51.827382558499906
67,ZnO,Bacillus subtilis,non-pathogenic,chemical_synthesis,MIC,triangular,Bacteria,Bacillota,Bacilli,Bacillales,Bacillaceae,Bacillus,p,soil,81.3794,100.0,4,0.16,30,8,22.60496136,17.07,0.6865,4.082482905,-0.9086745609278437,Klebsiella pneumoniae,-0.7093932722282967,-0.19928128869954698,0.12340292080588543,0.1952570518855277
68,Au,Bacillus subtilis,non-pathogenic,chemical_synthesis,MBEC,rod-shaped,Bacteria,Bacillota,Bacilli,Bacillales,Bacillaceae,Bacillus,p,soil,196.966569,45.26,18,0.16,30,11,23.00188061,0.0,0.0,2.46797672,1.4070371367346346,Klebsiella pneumoniae,1.6162168611200878,-0.20917972438545318,25.529195947374724,41.325380512171584
69,CeO2,Bacillus subtilis,non-pathogenic,chemical_synthesis,MBC,tetragonal,Bacteria,Bacillota,Bacilli,Bacillales,Bacillaceae,Bacillus,p,soil,172.115,30.0,0,0.16,30,16,39.19032095,34.14,1.373,4.456551526,1.6247667339706395,Klebsiella pneumoniae,1.8531032421939058,-0.22833650822326623,42.14700647781708,71.30225124993082
70,Au,Bacillus subtilis,non-pathogenic,green_synthesis,MBEC,spheroidal,Bacteria,Bacillota,Bacilli,Bacillales,Bacillaceae,Bacillus,p,soil,196.966569,12.5,4,0.16,30,11,23.00188061,0.0,0.0,2.46797672,2.2193388119168165,Klebsiella pneumoniae,2.457073363558565,-0.2377345516417484,165.7062205262853,286.4661844433822
71,Cu,Bacillus subtilis,non-pathogenic,green_synthesis,MBC,nanoplates,Bacteria,Bacillota,Bacilli,Bacillales,Bacillaceae,Bacillus,p,soil,63.55,27.43,24,0.16,30,11,17.96409803,0.0,0.0,1.243163121,2.091738028554908,Klebsiella pneumoniae,2.33420275513883,-0.24246472658392193,123.52021204978459,215.87520109660588
72,Ag,Bacillus subtilis,non-pathogenic,green_synthesis,MBEC,cubic,Bacteria,Bacillota,Bacilli,Bacillales,Bacillaceae,Bacillus,p,soil,107.87,50.0,24,0.16,30,11,23.00188061,0.0,0.0,1.78376517,1.8358301256168992,Klebsiella pneumoniae,2.0841445960886755,-0.24831447047177635,68.522015001306,121.37929092319418
73,ZnO,Bacillus subtilis,non-pathogenic,chemical_synthesis,MIC,tetragonal,Bacteria,Bacillota,Bacilli,Bacillales,Bacillaceae,Bacillus,p,soil,81.3794,35.0,2,0.16,30,8,22.60496136,17.07,0.6865,4.082482905,-0.06865702230355497,Klebsiella pneumoniae,0.20799198619701897,-0.27664900850057395,0.853774103420156,1.6143287682093295
