,np,bacteria,bac_type,np_synthesis,method,shape,kingdom,phylum,class,order,family,genus,gram,isolated_from,mol_weight (g/mol),np_size_avg (nm),time_set,"min_Incub_period, h","growth_temp, C",Valance_electron,labuteASA,tpsa,CrippenMR,chi0v,pred_MIC_norm,pathogenic_bacteria,pred_MIC_pathogen,Fitness,pred_norm_MIC_original,pred_path_MIC_original
0,ZrO2,Bacillus subtilis,non-pathogenic,chemical_synthesis,MIC,quasi-spherical,Bacteria,Bacillota,Bacilli,Bacillales,Bacillaceae,Bacillus,p,soil,123.2218,1.9,1,0.16,30,16,29.29254423,34.14,1.373,3.774536472,1.6710285211257854,Klebsiella pneumoniae,0.7109335729395725,0.9600949481862129,46.8844171218265,5.139650325834571
1,Ag,Bacillus subtilis,non-pathogenic,chemical_synthesis,MIC,quasi-spherical,Bacteria,Bacillota,Bacilli,Bacillales,Bacillaceae,Bacillus,p,soil,107.87,0.8,1,0.16,30,11,23.00188061,0.0,0.0,1.78376517,1.04792980935883,Klebsiella pneumoniae,0.270204717268129,0.7777250920907011,11.166827550133144,1.8629650922132939
2,ZnO,Bacillus subtilis,non-pathogenic,green_synthesis,MIC,spheroidal,Bacteria,Bacillota,Bacilli,Bacillales,Bacillaceae,Bacillus,p,soil,81.3794,1.4,18,0.16,30,8,22.60496136,17.07,0.6865,4.082482905,1.202936838690488,Klebsiella pneumoniae,0.4374536186081637,0.7654832200823243,15.956470685629567,2.7381271946010424
3,CeO2,Bacillus subtilis,non-pathogenic,chemical_synthesis,MIC,cubic,Bacteria,Bacillota,Bacilli,Bacillales,Bacillaceae,Bacillus,p,soil,172.115,0.8,24,0.16,30,16,39.19032095,34.14,1.373,4.456551526,3.7498765484985888,Klebsiella pneumoniae,3.0344509922312177,0.715425556267371,5621.814981193653,1082.55754750667
4,Ag,Bacillus subtilis,non-pathogenic,green_synthesis,MIC,quasi-spherical,Bacteria,Bacillota,Bacilli,Bacillales,Bacillaceae,Bacillus,p,soil,107.87,1.4,4,0.16,30,11,23.00188061,0.0,0.0,1.78376517,1.6277563073315462,Klebsiella pneumoniae,0.941909701698185,0.6858466056333612,42.43813669330438,8.74801867929356
5,ZnO,Bacillus subtilis,non-pathogenic,green_synthesis,MIC,quasi-spherical,Bacteria,Bacillota,Bacilli,Bacillales,Bacillaceae,Bacillus,p,soil,81.3794,6.0,1,0.16,30,8,22.60496136,17.07,0.6865,4.082482905,1.5829354021551167,Klebsiella pneumoniae,0.9033791618522293,0.6795562403028874,38.276780542021484,8.00532857159759
6,Ag,Bacillus subtilis,non-pathogenic,chemical_synthesis,MIC,spheroidal,Bacteria,Bacillota,Bacilli,Bacillales,Bacillaceae,Bacillus,p,soil,107.87,40.0,18,0.16,30,11,23.00188061,0.0,0.0,1.78376517,0.7531246744322511,Klebsiella pneumoniae,0.10389778861699539,0.6492268858152557,5.664018646611268,1.2702751102616308
7,ZnO,Bacillus subtilis,non-pathogenic,green_synthesis,MIC,cubic,Bacteria,Bacillota,Bacilli,Bacillales,Bacillaceae,Bacillus,p,soil,81.3794,5.1,1,0.16,30,8,22.60496136,17.07,0.6865,4.082482905,1.8634535905686842,Klebsiella pneumoniae,1.2203624088120835,0.6430911817566007,73.02197762029773,16.609723727433558
8,ZnO,Bacillus subtilis,non-pathogenic,green_synthesis,MBEC,quasi-hexagonal,Bacteria,Bacillota,Bacilli,Bacillales,Bacillaceae,Bacillus,p,soil,81.3794,10.4,1,0.16,30,8,22.60496136,17.07,0.6865,4.082482905,1.4078497105364525,Klebsiella pneumoniae,0.7817672960337549,0.6260824145026975,25.5770063049505,6.05016607474813
9,Ag,Bacillus subtilis,non-pathogenic,green_synthesis,MIC,spheroidal,Bacteria,Bacillota,Bacilli,Bacillales,Bacillaceae,Bacillus,p,soil,107.8682,4.0,24,0.16,30,11,23.00188061,0.0,0.0,1.78376517,1.6623655269869508,Klebsiella pneumoniae,1.0947299113106448,0.567635615676306,45.95846627452107,12.437408860247729
10,CuO,Bacillus subtilis,non-pathogenic,green_synthesis,MBC,spheroidal,Bacteria,Bacillota,Bacilli,Bacillales,Bacillaceae,Bacillus,p,soil,79.5454,6.0,1,0.16,30,17,20.67942236,17.07,0.6865,1.651411411,3.570644404396461,Klebsiella pneumoniae,3.0131208242411516,0.5575235801553093,3720.8692076576035,1030.6728220824032
11,ZnO,Bacillus subtilis,non-pathogenic,green_synthesis,MBEC,cubic,Bacteria,Bacillota,Bacilli,Bacillales,Bacillaceae,Bacillus,p,soil,81.3794,12.0,4,0.16,30,8,22.60496136,17.07,0.6865,4.082482905,2.572793000046256,Klebsiella pneumoniae,2.0291983471756643,0.5435946528705919,373.93231655756136,106.9543240124253
12,Ag,Bacillus subtilis,non-pathogenic,chemical_synthesis,MIC,rod-shaped,Bacteria,Bacillota,Bacilli,Bacillales,Bacillaceae,Bacillus,p,soil,107.87,6.0,4,0.16,30,11,23.00188061,0.0,0.0,1.78376517,1.2793576451304354,Klebsiella pneumoniae,0.7576106311408825,0.5217470139895529,19.026444785533783,5.7228271802099355
13,ZnO,Bacillus subtilis,non-pathogenic,green_synthesis,MBEC,nanoplates,Bacteria,Bacillota,Bacilli,Bacillales,Bacillaceae,Bacillus,p,soil,81.3794,1.9,0,0.16,30,8,22.60496136,17.07,0.6865,4.082482905,2.201946319087506,Klebsiella pneumoniae,1.6950390579761296,0.5069072611113765,159.20119344627344,49.549475078132794
14,TiO2,Bacillus subtilis,non-pathogenic,green_synthesis,MBC,spheroidal,Bacteria,Bacillota,Bacilli,Bacillales,Bacillaceae,Bacillus,p,soil,79.866,3.0,1,0.16,30,16,26.40611331,34.14,1.373,2.878049394,2.754765225857857,Klebsiella pneumoniae,2.2479513507901117,0.5068138750677456,568.5454991985963,176.9910683684
15,Ag,Bacillus subtilis,non-pathogenic,chemical_synthesis,MIC,tetragonal,Bacteria,Bacillota,Bacilli,Bacillales,Bacillaceae,Bacillus,p,soil,107.8682,0.8,24,0.16,30,11,23.00188061,0.0,0.0,1.78376517,1.620629336070373,Klebsiella pneumoniae,1.1203831932375428,0.5002461428328302,41.74739067346121,13.19420395956294
16,ZnO,Bacillus subtilis,non-pathogenic,chemical_synthesis,MBEC,quasi-hexagonal,Bacteria,Bacillota,Bacilli,Bacillales,Bacillaceae,Bacillus,p,soil,81.3794,4.0,4,0.16,30,8,22.60496136,17.07,0.6865,4.082482905,0.8808837748209407,Klebsiella pneumoniae,0.3836224833218811,0.4972612914990596,7.601228268899831,2.418925447100628
17,TiO2,Bacillus subtilis,non-pathogenic,chemical_synthesis,MBEC,quasi-spherical,Bacteria,Bacillota,Bacilli,Bacillales,Bacillaceae,Bacillus,p,soil,79.866,1.4,4,0.16,30,16,26.40611331,34.14,1.373,2.878049394,2.3069492299057983,Klebsiella pneumoniae,1.8122557725048667,0.4946934574009316,202.744569227386,64.90165514971471
18,ZnO,Bacillus subtilis,non-pathogenic,chemical_synthesis,MBC,quasi-spherical,Bacteria,Bacillota,Bacilli,Bacillales,Bacillaceae,Bacillus,p,soil,81.3794,0.8,4,0.16,30,8,22.60496136,17.07,0.6865,4.082482905,0.8190320968565439,Klebsiella pneumoniae,0.3343900017535495,0.4846420951029944,6.592226137813535,2.1596829602993153
19,Au,Bacillus subtilis,non-pathogenic,green_synthesis,MIC,quasi-hexagonal,Bacteria,Bacillota,Bacilli,Bacillales,Bacillaceae,Bacillus,p,soil,196.966569,1.9,2,0.16,30,11,23.00188061,0.0,0.0,2.46797672,1.2329905987012277,Klebsiella pneumoniae,0.7556610774559867,0.4773295212452411,17.099782982928183,5.697194908002612
20,ZnO,Bacillus subtilis,non-pathogenic,green_synthesis,MBEC,nanoplates,Bacteria,Bacillota,Bacilli,Bacillales,Bacillaceae,Bacillus,p,soil,81.3794,0.8,0,0.16,30,8,22.60496136,17.07,0.6865,4.082482905,2.1006723525129556,Klebsiella pneumoniae,1.6252530721961247,0.4754192803168309,126.08759252053366,42.194230613749056
21,TiO2,Bacillus subtilis,non-pathogenic,chemical_synthesis,MBC,quasi-hexagonal,Bacteria,Bacillota,Bacilli,Bacillales,Bacillaceae,Bacillus,p,soil,79.866,1.9,3,0.16,30,16,26.40611331,34.14,1.373,2.878049394,1.4619715230929047,Klebsiella pneumoniae,0.9886189567741259,0.47335256631877876,28.971536136568854,9.741345721341773
22,ZnO,Bacillus subtilis,non-pathogenic,chemical_synthesis,MBEC,quasi-spherical,Bacteria,Bacillota,Bacilli,Bacillales,Bacillaceae,Bacillus,p,soil,81.3794,10.0,3,0.16,30,8,22.60496136,17.07,0.6865,4.082482905,2.097734427127141,Klebsiella pneumoniae,1.6291639398441733,0.4685704872829679,125.23751081776251,42.575910066525275
23,CuO,Bacillus subtilis,non-pathogenic,green_synthesis,MBEC,quasi-hexagonal,Bacteria,Bacillota,Bacilli,Bacillales,Bacillaceae,Bacillus,p,soil,79.5454,9.0,4,0.16,30,17,20.67942236,17.07,0.6865,1.651411411,2.835235294343917,Klebsiella pneumoniae,2.368721108591176,0.4665141857527413,684.2822809162401,233.73357868881195
24,ZnO,Bacillus subtilis,non-pathogenic,chemical_synthesis,MBC,spheroidal,Bacteria,Bacillota,Bacilli,Bacillales,Bacillaceae,Bacillus,p,soil,81.3794,1.4,24,0.16,30,8,22.60496136,17.07,0.6865,4.082482905,2.1096349563903827,Klebsiella pneumoniae,1.6519002159118756,0.45773474047850704,128.71671762515143,44.864229742860495
25,CuO,Bacillus subtilis,non-pathogenic,green_synthesis,MBEC,quasi-spherical,Bacteria,Bacillota,Bacilli,Bacillales,Bacillaceae,Bacillus,p,soil,79.5454,5.1,18,0.16,30,17,20.67942236,17.07,0.6865,1.651411411,3.499385956348429,Klebsiella pneumoniae,3.0468483396864077,0.4525376166620214,3157.809713827149,1113.9054778667191
26,ZrO2,Bacillus subtilis,non-pathogenic,green_synthesis,MIC,spheroidal,Bacteria,Bacillota,Bacilli,Bacillales,Bacillaceae,Bacillus,p,soil,123.2218,6.0,3,0.16,30,16,29.29254423,34.14,1.373,3.774536472,2.371221952861307,Klebsiella pneumoniae,1.9200828859711314,0.4511390668901756,235.08339436677625,83.19225300324469
27,ZnO,Bacillus subtilis,non-pathogenic,chemical_synthesis,MBEC,quasi-hexagonal,Bacteria,Bacillota,Bacilli,Bacillales,Bacillaceae,Bacillus,p,soil,81.3794,1.9,2,0.16,30,8,22.60496136,17.07,0.6865,4.082482905,0.9488468169632694,Klebsiella pneumoniae,0.519917837148121,0.42892897981514844,8.888875368337498,3.310684817185404
28,Ag,Bacillus subtilis,non-pathogenic,chemical_synthesis,MIC,spheroidal,Bacteria,Bacillota,Bacilli,Bacillales,Bacillaceae,Bacillus,p,soil,107.87,10.4,4,0.16,30,11,23.00188061,0.0,0.0,1.78376517,1.1673152678476737,Klebsiella pneumoniae,0.7408103625569714,0.4265049052907023,14.699930039716481,5.505672352307445
29,CuO,Bacillus subtilis,non-pathogenic,green_synthesis,MBC,nanoplates,Bacteria,Bacillota,Bacilli,Bacillales,Bacillaceae,Bacillus,p,soil,79.5454,8.0,0,0.16,30,17,20.67942236,17.07,0.6865,1.651411411,3.5781675990428305,Klebsiella pneumoniae,3.153791074590605,0.42437652445222573,3785.886580790605,1424.9219435837326
30,TiO2,Bacillus subtilis,non-pathogenic,green_synthesis,MBC,tetragonal,Bacteria,Bacillota,Bacilli,Bacillales,Bacillaceae,Bacillus,p,soil,79.866,10.0,3,0.16,30,16,26.40611331,34.14,1.373,2.878049394,2.214537955538513,Klebsiella pneumoniae,1.7938072149550848,0.4207307405834284,163.88452833143523,62.20241049049766
31,Ag,Bacillus subtilis,non-pathogenic,green_synthesis,MBEC,tetragonal,Bacteria,Bacillota,Bacilli,Bacillales,Bacillaceae,Bacillus,p,soil,107.87,8.7,18,0.16,30,11,23.00188061,0.0,0.0,1.78376517,0.9498988560438287,Klebsiella pneumoniae,0.5294079602042321,0.42049089583959665,8.910433965844375,3.3838255103481045
32,ZnO,Bacillus subtilis,non-pathogenic,green_synthesis,MBC,quasi-hexagonal,Bacteria,Bacillota,Bacilli,Bacillales,Bacillaceae,Bacillus,p,soil,81.3794,0.8,18,0.16,30,8,22.60496136,17.07,0.6865,4.082482905,0.6430123872290578,Klebsiella pneumoniae,0.22392681101914502,0.4190855762099128,4.395541525078246,1.674660631977003
33,Ag,Bacillus subtilis,non-pathogenic,chemical_synthesis,MIC,cubic,Bacteria,Bacillota,Bacilli,Bacillales,Bacillaceae,Bacillus,p,soil,107.87,17.5,4,0.16,30,11,23.00188061,0.0,0.0,1.78376517,1.555554355473267,Klebsiella pneumoniae,1.1401118137204123,0.41544254175285467,35.93803733063282,13.80739704925882
34,Ag,Bacillus subtilis,non-pathogenic,chemical_synthesis,MIC,hexagonal,Bacteria,Bacillota,Bacilli,Bacillales,Bacillaceae,Bacillus,p,soil,107.87,10.0,3,0.16,30,11,23.00188061,0.0,0.0,1.78376517,1.9765747935579305,Klebsiella pneumoniae,1.5708954632352987,0.4056793303226318,94.7490345850156,37.230208057195455
35,Au,Bacillus subtilis,non-pathogenic,green_synthesis,MBC,quasi-hexagonal,Bacteria,Bacillota,Bacilli,Bacillales,Bacillaceae,Bacillus,p,soil,196.966569,79.0,4,0.16,30,11,23.00188061,0.0,0.0,2.46797672,0.34706473717448905,Klebsiella pneumoniae,-0.05034385649624307,0.3974085936707321,2.2236413282685805,0.8905455616036015
36,Ag,Bacillus subtilis,non-pathogenic,green_synthesis,MIC,spheroidal,Bacteria,Bacillota,Bacilli,Bacillales,Bacillaceae,Bacillus,p,soil,107.87,79.0,24,0.16,30,11,23.00188061,0.0,0.0,1.78376517,0.9705692838709252,Klebsiella pneumoniae,0.5745475409059779,0.3960217429649473,9.344784355881073,3.754460511685819
37,ZnO,Bacillus subtilis,non-pathogenic,green_synthesis,MBC,spherical,Bacteria,Bacillota,Bacilli,Bacillales,Bacillaceae,Bacillus,p,soil,81.3794,20.0,1,0.16,30,8,22.60496136,17.07,0.6865,4.082482905,2.1008480589631278,Klebsiella pneumoniae,1.7064497309096733,0.39439832805345443,126.13861523996502,50.868593642068994
38,CuO,Bacillus subtilis,non-pathogenic,green_synthesis,MBC,hexagonal,Bacteria,Bacillota,Bacilli,Bacillales,Bacillaceae,Bacillus,p,soil,79.5454,9.0,0,0.16,30,17,20.67942236,17.07,0.6865,1.651411411,3.5711585258655445,Klebsiella pneumoniae,3.1802944429871305,0.390864082878414,3725.2766122418006,1514.587760679306
39,Au,Bacillus subtilis,non-pathogenic,green_synthesis,MBEC,quasi-spherical,Bacteria,Bacillota,Bacilli,Bacillales,Bacillaceae,Bacillus,p,soil,196.966569,60.0,4,0.16,30,11,23.00188061,0.0,0.0,2.46797672,1.0158762316199992,Klebsiella pneumoniae,0.6306997908608911,0.38517644075910806,10.372327756009332,4.272674324047708
40,ZnO,Bacillus subtilis,non-pathogenic,chemical_synthesis,MIC,quasi-hexagonal,Bacteria,Bacillota,Bacilli,Bacillales,Bacillaceae,Bacillus,p,soil,81.3794,10.0,1,0.16,30,8,22.60496136,17.07,0.6865,4.082482905,0.8283328352340225,Klebsiella pneumoniae,0.44417186496003036,0.3841609702739921,6.7349261079255,2.7808135116491384
41,CeO2,Bacillus subtilis,non-pathogenic,green_synthesis,MIC,nanoplates,Bacteria,Bacillota,Bacilli,Bacillales,Bacillaceae,Bacillus,p,soil,172.115,5.1,0,0.16,30,16,39.19032095,34.14,1.373,4.456551526,3.1413448646591826,Klebsiella pneumoniae,2.7612571623103537,0.38008770234882894,1384.6654779996393,577.1080899264161
42,Ag,Bacillus subtilis,non-pathogenic,green_synthesis,MIC,hexagonal,Bacteria,Bacillota,Bacilli,Bacillales,Bacillaceae,Bacillus,p,soil,107.8682,1.4,4,0.16,30,11,23.00188061,0.0,0.0,1.78376517,1.7051561126374188,Klebsiella pneumoniae,1.3254059200837764,0.3797501925536424,50.71729852478904,21.154653686576925
43,TiO2,Bacillus subtilis,non-pathogenic,chemical_synthesis,MBC,rod-shaped,Bacteria,Bacillota,Bacilli,Bacillales,Bacillaceae,Bacillus,p,soil,79.866,3.0,0,0.16,30,16,26.40611331,34.14,1.373,2.878049394,2.1024909520127344,Klebsiella pneumoniae,1.7228654174054694,0.379625534607265,126.61668882183272,52.82815183693648
44,ZnO,Bacillus subtilis,non-pathogenic,green_synthesis,MIC,rod-shaped,Bacteria,Bacillota,Bacilli,Bacillales,Bacillaceae,Bacillus,p,soil,81.3794,11.3,2,0.16,30,8,22.60496136,17.07,0.6865,4.082482905,1.3505824140443468,Klebsiella pneumoniae,0.9801819647396657,0.3704004493046811,22.417254072280517,9.553928015308504
45,CeO2,Bacillus subtilis,non-pathogenic,chemical_synthesis,MIC,rod-shaped,Bacteria,Bacillota,Bacilli,Bacillales,Bacillaceae,Bacillus,p,soil,172.115,9.0,0,0.16,30,16,39.19032095,34.14,1.373,4.456551526,2.5756783162702575,Klebsiella pneumoniae,2.219591311700554,0.3560870045697033,376.4248762250023,165.80259050589913
46,Pd,Bacillus subtilis,non-pathogenic,green_synthesis,MIC,quasi-spherical,Bacteria,Bacillota,Bacilli,Bacillales,Bacillaceae,Bacillus,p,soil,195.084,40.0,1,0.16,30,10,21.14774404,0.0,0.0,1.870828693,0.5739904303855161,Klebsiella pneumoniae,0.223860812214143,0.3501296181713731,3.7496473986203447,1.6744061567134312
47,ZnO,Bacillus subtilis,non-pathogenic,green_synthesis,MBC,spherical,Bacteria,Bacillota,Bacilli,Bacillales,Bacillaceae,Bacillus,p,soil,81.3794,18.0,2,0.16,30,8,22.60496136,17.07,0.6865,4.082482905,2.1276992744368126,Klebsiella pneumoniae,1.7790792693845163,0.3486200050522963,134.18354904858867,60.12834764357191
48,Au,Bacillus subtilis,non-pathogenic,chemical_synthesis,MBEC,cubic,Bacteria,Bacillota,Bacilli,Bacillales,Bacillaceae,Bacillus,p,soil,196.966569,44.45,4,0.16,30,11,23.00188061,0.0,0.0,2.46797672,1.98207979055111,Klebsiella pneumoniae,1.7083542389896864,0.27372555156142364,95.95769131425779,51.09215711173378
49,ZnO,Bacillus subtilis,non-pathogenic,chemical_synthesis,MIC,nanoplates,Bacteria,Bacillota,Bacilli,Bacillales,Bacillaceae,Bacillus,p,soil,81.3794,10.4,1,0.16,30,8,22.60496136,17.07,0.6865,4.082482905,2.004767986149621,Klebsiella pneumoniae,1.7534421484268454,0.2513258377227754,101.10391808443102,56.68160619637427
50,Ag,Bacillus subtilis,non-pathogenic,green_synthesis,MIC,triangular,Bacteria,Bacillota,Bacilli,Bacillales,Bacillaceae,Bacillus,p,soil,107.87,45.26,24,0.16,30,11,23.00188061,0.0,0.0,1.78376517,-0.33019409804109845,Klebsiella pneumoniae,-0.5658166781646643,0.23562258012356585,0.4675261444106411,0.27175861582669664
51,Ag,Bacillus subtilis,non-pathogenic,chemical_synthesis,MBEC,rod-shaped,Bacteria,Bacillota,Bacilli,Bacillales,Bacillaceae,Bacillus,p,soil,107.87,5.1,4,0.16,30,11,23.00188061,0.0,0.0,1.78376517,1.5930153302587453,Klebsiella pneumoniae,1.3732578956704686,0.21975743458827668,39.17557055366114,23.61880364512778
52,TiO2,Bacillus subtilis,non-pathogenic,green_synthesis,MBC,tetragonal,Bacteria,Bacillota,Bacilli,Bacillales,Bacillaceae,Bacillus,p,soil,79.866,25.0,2,0.16,30,16,26.40611331,34.14,1.373,2.878049394,1.9048950574184778,Klebsiella pneumoniae,1.707356940905788,0.1975381165126897,80.3331982213983,50.9749655454517
53,ZnO,Bacillus subtilis,non-pathogenic,chemical_synthesis,MIC,quasi-hexagonal,Bacteria,Bacillota,Bacilli,Bacillales,Bacillaceae,Bacillus,p,soil,81.3794,11.3,18,0.16,30,8,22.60496136,17.07,0.6865,4.082482905,0.7740391029529722,Klebsiella pneumoniae,0.6220298704186991,0.15200923253427312,5.943456698285997,4.18822370386849
54,Ag,Bacillus subtilis,non-pathogenic,green_synthesis,MIC,rod-shaped,Bacteria,Bacillota,Bacilli,Bacillales,Bacillaceae,Bacillus,p,soil,107.87,45.26,1,0.16,30,11,23.00188061,0.0,0.0,1.78376517,0.9743479829955688,Klebsiella pneumoniae,0.8531322471690974,0.12121573582647138,9.426445978484969,7.130701343130199
55,Ag,Bacillus subtilis,non-pathogenic,chemical_synthesis,MIC,quasi-spherical,Bacteria,Bacillota,Bacilli,Bacillales,Bacillaceae,Bacillus,p,soil,107.87,28.0,18,0.16,30,11,23.00188061,0.0,0.0,1.78376517,0.8479138749264972,Klebsiella pneumoniae,0.7511916046026894,0.09672227032380776,7.0455333492172585,5.638863796761794
56,Ag,Bacillus subtilis,non-pathogenic,chemical_synthesis,MBEC,triangular,Bacteria,Bacillota,Bacilli,Bacillales,Bacillaceae,Bacillus,p,soil,107.87,35.0,0,0.16,30,11,23.00188061,0.0,0.0,1.78376517,-0.283050467103823,Klebsiella pneumoniae,-0.36128438834309495,0.07823392123927198,0.5211341492962752,0.4352267815132171
57,ZnO,Bacillus subtilis,non-pathogenic,green_synthesis,MIC,spherical,Bacteria,Bacillota,Bacilli,Bacillales,Bacillaceae,Bacillus,p,soil,81.3794,26.06,1,0.16,30,8,22.60496136,17.07,0.6865,4.082482905,1.0847627216500406,Klebsiella pneumoniae,1.0072728408717522,0.07748988077828844,12.155217145410486,10.168873408534607
58,Ag,Bacillus subtilis,non-pathogenic,green_synthesis,MBEC,tetragonal,Bacteria,Bacillota,Bacilli,Bacillales,Bacillaceae,Bacillus,p,soil,107.87,1.9,2,0.16,30,11,23.00188061,0.0,0.0,1.78376517,0.6093166212708097,Klebsiella pneumoniae,0.5448756478845171,0.06444097338629251,4.067397536656514,3.5065145707984784
59,Au,Bacillus subtilis,non-pathogenic,green_synthesis,MIC,tetragonal,Bacteria,Bacillota,Bacilli,Bacillales,Bacillaceae,Bacillus,p,soil,196.966569,35.0,3,0.16,30,11,23.00188061,0.0,0.0,2.46797672,0.5103977270883673,Klebsiella pneumoniae,0.4895134666947851,0.020884260393582155,3.23890139889931,3.0868353614410378
60,ZnO,Bacillus subtilis,non-pathogenic,chemical_synthesis,MBEC,cubic,Bacteria,Bacillota,Bacilli,Bacillales,Bacillaceae,Bacillus,p,soil,81.3794,37.86,2,0.16,30,8,22.60496136,17.07,0.6865,4.082482905,2.10416190018913,Klebsiella pneumoniae,2.092072598726064,0.012089301463065638,127.10478495082579,123.6154057550973
61,Ag,Bacillus subtilis,non-pathogenic,green_synthesis,MBC,triangular,Bacteria,Bacillota,Bacilli,Bacillales,Bacillaceae,Bacillus,p,soil,107.87,25.0,3,0.16,30,11,23.00188061,0.0,0.0,1.78376517,0.22435412948578537,Klebsiella pneumoniae,0.2149240081860997,0.009430121299685679,1.6763092036674898,1.640302731822753
62,ZnO,Bacillus subtilis,non-pathogenic,chemical_synthesis,MBC,hexagonal,Bacteria,Bacillota,Bacilli,Bacillales,Bacillaceae,Bacillus,p,soil,81.3794,41.23,3,0.16,30,8,22.60496136,17.07,0.6865,4.082482905,1.9693445746552067,Klebsiella pneumoniae,1.9666612492685003,0.002683325386706459,93.18469212073045,92.61071757770672
63,Al2O3,Bacillus subtilis,non-pathogenic,chemical_synthesis,MBEC,cubic,Bacteria,Bacillota,Bacilli,Bacillales,Bacillaceae,Bacillus,p,soil,101.961276,10.0,18,0.16,30,24,51.55776403,85.5,13.5675,4.688846487,3.1764636332372254,Klebsiella pneumoniae,3.1966252706010936,-0.020161637363868223,1501.2866863977404,1572.6253448811674
64,Ag,Bacillus subtilis,non-pathogenic,chemical_synthesis,MBEC,rod-shaped,Bacteria,Bacillota,Bacilli,Bacillales,Bacillaceae,Bacillus,p,soil,107.87,60.0,4,0.16,30,11,23.00188061,0.0,0.0,1.78376517,1.2393862592403986,Klebsiella pneumoniae,1.2905788252199366,-0.05119256597953803,17.353467199029755,19.524450741348904
65,CeO2,Bacillus subtilis,non-pathogenic,chemical_synthesis,MIC,cubic,Bacteria,Bacillota,Bacilli,Bacillales,Bacillaceae,Bacillus,p,soil,172.115,28.0,24,0.16,30,16,39.19032095,34.14,1.373,4.456551526,2.9941307996238957,Klebsiella pneumoniae,3.0652101698575,-0.07107937023360433,986.5765753244665,1162.0108143146067
66,Au,Bacillus subtilis,non-pathogenic,green_synthesis,MBEC,quasi-hexagonal,Bacteria,Bacillota,Bacilli,Bacillales,Bacillaceae,Bacillus,p,soil,196.966569,18.0,18,0.16,30,11,23.00188061,0.0,0.0,2.46797672,0.8419759378282444,Klebsiella pneumoniae,0.9134192386586737,-0.07144330083042927,6.949858106956242,8.192552604199916
67,Pd,Bacillus subtilis,non-pathogenic,green_synthesis,MBC,spheroidal,Bacteria,Bacillota,Bacilli,Bacillales,Bacillaceae,Bacillus,p,soil,195.084,18.5,3,0.16,30,10,21.14774404,0.0,0.0,1.870828693,1.7692722867499648,Klebsiella pneumoniae,1.8535737908430296,-0.0843015040930648,58.78578023486605,71.37954755913323
68,Ag,Bacillus subtilis,non-pathogenic,chemical_synthesis,MIC,rod-shaped,Bacteria,Bacillota,Bacilli,Bacillales,Bacillaceae,Bacillus,p,soil,107.87,38.0,18,0.16,30,11,23.00188061,0.0,0.0,1.78376517,0.7818425311111911,Klebsiella pneumoniae,0.8915923481900816,-0.10974981707889053,6.051214267072418,7.790984641003824
69,CuO,Bacillus subtilis,non-pathogenic,green_synthesis,MIC,triangular,Bacteria,Bacillota,Bacilli,Bacillales,Bacillaceae,Bacillus,p,soil,79.5454,27.43,0,0.16,30,17,20.67942236,17.07,0.6865,1.651411411,0.31144359613078376,Klebsiella pneumoniae,0.4365252096592829,-0.1250816135284991,2.048535979666881,2.73228004098865
70,Cu,Bacillus subtilis,non-pathogenic,chemical_synthesis,MBEC,rod-shaped,Bacteria,Bacillota,Bacilli,Bacillales,Bacillaceae,Bacillus,p,soil,63.55,4.0,2,0.16,30,11,17.96409803,0.0,0.0,1.243163121,1.2219725853778638,Klebsiella pneumoniae,1.3570630812370452,-0.13509049585918143,16.671419717256313,22.75427912483576
71,Ag,Bacillus subtilis,non-pathogenic,chemical_synthesis,MBC,quasi-spherical,Bacteria,Bacillota,Bacilli,Bacillales,Bacillaceae,Bacillus,p,soil,107.87,13.0,0,0.16,30,11,23.00188061,0.0,0.0,1.78376517,1.4343087111385067,Klebsiella pneumoniae,1.5964836515026282,-0.1621749403641215,27.183708917718107,39.48968336492455
72,Al2O3,Bacillus subtilis,non-pathogenic,chemical_synthesis,MBEC,nanoplates,Bacteria,Bacillota,Bacilli,Bacillales,Bacillaceae,Bacillus,p,soil,101.961276,35.0,3,0.16,30,24,51.55776403,85.5,13.5675,4.688846487,3.070827296724272,Klebsiella pneumoniae,3.269859760080847,-0.1990324633565752,1177.1377751318346,1861.4859390834313
73,Ni,Bacillus subtilis,non-pathogenic,chemical_synthesis,MBEC,quasi-hexagonal,Bacteria,Bacillota,Bacilli,Bacillales,Bacillaceae,Bacillus,p,soil,58.6934,45.26,3,0.16,30,10,17.41523038,0.0,0.0,1.303840481,1.5702110796902988,Klebsiella pneumoniae,1.7938570729328245,-0.22364599324252565,37.171584986373794,62.20955187624155
74,Ag,Bacillus subtilis,non-pathogenic,chemical_synthesis,MBEC,spherical,Bacteria,Bacillota,Bacilli,Bacillales,Bacillaceae,Bacillus,p,soil,107.8682,100.0,3,0.16,30,11,23.00188061,0.0,0.0,1.78376517,1.7025382117700618,Klebsiella pneumoniae,1.9368735059273388,-0.23433529415727694,50.41249730167088,86.47160219940682
75,ZnO,Bacillus subtilis,non-pathogenic,green_synthesis,MBEC,cubic,Bacteria,Bacillota,Bacilli,Bacillales,Bacillaceae,Bacillus,p,soil,81.3794,60.0,24,0.16,30,8,22.60496136,17.07,0.6865,4.082482905,2.3837052180270426,Klebsiella pneumoniae,2.630658831214803,-0.24695361318776055,241.93863052415654,427.2271374015002
76,CuO,Bacillus subtilis,non-pathogenic,chemical_synthesis,MBC,quasi-hexagonal,Bacteria,Bacillota,Bacilli,Bacillales,Bacillaceae,Bacillus,p,soil,79.5454,10.0,24,0.16,30,17,20.67942236,17.07,0.6865,1.651411411,1.467902838603433,Klebsiella pneumoniae,1.748171385351323,-0.28026854674789003,29.36992507491652,55.997854186831944
77,Au,Bacillus subtilis,non-pathogenic,chemical_synthesis,MBC,nanoplates,Bacteria,Bacillota,Bacilli,Bacillales,Bacillaceae,Bacillus,p,soil,196.966569,3.0,24,0.16,30,11,23.00188061,0.0,0.0,2.46797672,2.505428450521049,Klebsiella pneumoniae,2.8027641595203203,-0.2973357089992712,320.20525169780444,634.9860136419898
78,Ag,Bacillus subtilis,non-pathogenic,chemical_synthesis,MBC,quasi-hexagonal,Bacteria,Bacillota,Bacilli,Bacillales,Bacillaceae,Bacillus,p,soil,107.87,12.0,24,0.16,30,11,23.00188061,0.0,0.0,1.78376517,0.8355584276661784,Klebsiella pneumoniae,1.1342871331778261,-0.29872870551164776,6.847916051089682,13.62345097298851
