,np,bacteria,bac_type,np_synthesis,method,shape,kingdom,phylum,class,order,family,genus,gram,isolated_from,mol_weight (g/mol),np_size_avg (nm),time_set,"min_Incub_period, h","growth_temp, C",Valance_electron,labuteASA,tpsa,CrippenMR,chi0v,pred_MIC_norm,pathogenic_bacteria,pred_MIC_pathogen,Fitness,pred_norm_MIC_original,pred_path_MIC_original
0,ZnO,Bacillus subtilis,non-pathogenic,green_synthesis,MIC,quasi-spherical,Bacteria,Bacillota,Bacilli,Bacillales,Bacillaceae,Bacillus,p,soil,81.3794,1.9,4,0.16,30,8,22.60496136,17.07,0.6865,4.082482905,1.2428427730597595,Klebsiella pneumoniae,0.39448233681458755,0.848360436245172,17.492133090699184,2.480175064472805
1,CeO2,Bacillus subtilis,non-pathogenic,chemical_synthesis,MIC,quasi-hexagonal,Bacteria,Bacillota,Bacilli,Bacillales,Bacillaceae,Bacillus,p,soil,172.115,5.1,3,0.16,30,16,39.19032095,34.14,1.373,4.456551526,2.417363389206025,Klebsiella pneumoniae,1.673331563599384,0.7440318256066412,261.43479547780686,47.13370329308525
2,ZnO,Bacillus subtilis,non-pathogenic,chemical_synthesis,MIC,quasi-spherical,Bacteria,Bacillota,Bacilli,Bacillales,Bacillaceae,Bacillus,p,soil,81.3794,1.4,3,0.16,30,8,22.60496136,17.07,0.6865,4.082482905,1.2525151764544837,Klebsiella pneumoniae,0.5472987318392146,0.7052164446152691,17.886080310626014,3.52613334657451
3,ZnO,Bacillus subtilis,non-pathogenic,green_synthesis,MBC,quasi-spherical,Bacteria,Bacillota,Bacilli,Bacillales,Bacillaceae,Bacillus,p,soil,81.3794,10.0,0,0.16,30,8,22.60496136,17.07,0.6865,4.082482905,2.2581604108608118,Klebsiella pneumoniae,1.5541640350999115,0.7039963757609002,181.20092521473276,35.823171738351675
4,Pd,Bacillus subtilis,non-pathogenic,green_synthesis,MIC,hexagonal,Bacteria,Bacillota,Bacilli,Bacillales,Bacillaceae,Bacillus,p,soil,195.084,1.4,2,0.16,30,10,21.14774404,0.0,0.0,1.870828693,1.288067484454788,Klebsiella pneumoniae,0.676927712574672,0.6111397718801159,19.411874927585632,4.752561139540455
5,ZnO,Bacillus subtilis,non-pathogenic,chemical_synthesis,MIC,spherical,Bacteria,Bacillota,Bacilli,Bacillales,Bacillaceae,Bacillus,p,soil,81.3794,0.8,4,0.16,30,8,22.60496136,17.07,0.6865,4.082482905,0.9302221136218963,Klebsiella pneumoniae,0.31948676637411744,0.6107353472477789,8.51573451756537,2.0868285340461434
6,ZnO,Bacillus subtilis,non-pathogenic,chemical_synthesis,MIC,quasi-hexagonal,Bacteria,Bacillota,Bacilli,Bacillales,Bacillaceae,Bacillus,p,soil,81.3794,5.1,0,0.16,30,8,22.60496136,17.07,0.6865,4.082482905,1.0046901360850695,Klebsiella pneumoniae,0.40473453913768576,0.5999555969473838,10.10857961845207,2.539420020161775
7,Ag,Bacillus subtilis,non-pathogenic,chemical_synthesis,MIC,nanoplates,Bacteria,Bacillota,Bacilli,Bacillales,Bacillaceae,Bacillus,p,soil,107.87,6.0,3,0.16,30,11,23.00188061,0.0,0.0,1.78376517,2.0821300389386943,Klebsiella pneumoniae,1.5051318794072397,0.5769981595314546,120.8175539785232,31.9986664506194
8,Ag,Bacillus subtilis,non-pathogenic,chemical_synthesis,MIC,quasi-hexagonal,Bacteria,Bacillota,Bacilli,Bacillales,Bacillaceae,Bacillus,p,soil,107.87,8.0,0,0.16,30,11,23.00188061,0.0,0.0,1.78376517,0.9293598033827051,Klebsiella pneumoniae,0.3936779062296052,0.5356818971530999,8.498842938064934,2.475585362915497
9,ZnO,Bacillus subtilis,non-pathogenic,green_synthesis,MBEC,cubic,Bacteria,Bacillota,Bacilli,Bacillales,Bacillaceae,Bacillus,p,soil,81.3794,9.0,3,0.16,30,8,22.60496136,17.07,0.6865,4.082482905,2.637312634424795,Klebsiella pneumoniae,2.1135595967545724,0.5237530376702226,433.82306107330754,129.88517886134204
10,ZnO,Bacillus subtilis,non-pathogenic,green_synthesis,MIC,quasi-hexagonal,Bacteria,Bacillota,Bacilli,Bacillales,Bacillaceae,Bacillus,p,soil,81.3794,10.4,1,0.16,30,8,22.60496136,17.07,0.6865,4.082482905,0.7247252854890698,Klebsiella pneumoniae,0.2135520654178802,0.5111732200711896,5.305487375850887,1.6351291669301378
11,ZnO,Bacillus subtilis,non-pathogenic,chemical_synthesis,MBC,nanoplates,Bacteria,Bacillota,Bacilli,Bacillales,Bacillaceae,Bacillus,p,soil,81.3794,4.7,3,0.16,30,8,22.60496136,17.07,0.6865,4.082482905,1.7779575140136,Klebsiella pneumoniae,1.2693155931070692,0.5086419209065307,59.973240300462855,18.591549750414856
12,TiO2,Bacillus subtilis,non-pathogenic,chemical_synthesis,MBEC,quasi-hexagonal,Bacteria,Bacillota,Bacilli,Bacillales,Bacillaceae,Bacillus,p,soil,79.866,0.8,3,0.16,30,16,26.40611331,34.14,1.373,2.878049394,1.8991526582611933,Klebsiella pneumoniae,1.4816277897481647,0.4175248685130286,79.27799505084141,30.31292114485911
13,ZnO,Bacillus subtilis,non-pathogenic,chemical_synthesis,MBEC,spherical,Bacteria,Bacillota,Bacilli,Bacillales,Bacillaceae,Bacillus,p,soil,81.3794,10.4,1,0.16,30,8,22.60496136,17.07,0.6865,4.082482905,2.119617825649085,Klebsiella pneumoniae,1.7035727456037433,0.4160450800453417,131.70971974421454,50.53272816582433
14,ZnO,Bacillus subtilis,non-pathogenic,chemical_synthesis,MBEC,tetragonal,Bacteria,Bacillota,Bacilli,Bacillales,Bacillaceae,Bacillus,p,soil,81.3794,5.1,24,0.16,30,8,22.60496136,17.07,0.6865,4.082482905,1.45340426439193,Klebsiella pneumoniae,1.0376092931214274,0.4157949712705027,28.405619442364866,10.90458879154323
15,CuO,Bacillus subtilis,non-pathogenic,green_synthesis,MBEC,cubic,Bacteria,Bacillota,Bacilli,Bacillales,Bacillaceae,Bacillus,p,soil,79.5454,8.7,4,0.16,30,17,20.67942236,17.07,0.6865,1.651411411,3.6205088992561,Klebsiella pneumoniae,3.2067852861528268,0.4137236131032731,4173.58150586443,1609.8495337744332
16,ZnO,Bacillus subtilis,non-pathogenic,chemical_synthesis,MBEC,rod-shaped,Bacteria,Bacillota,Bacilli,Bacillales,Bacillaceae,Bacillus,p,soil,81.3794,9.0,0,0.16,30,8,22.60496136,17.07,0.6865,4.082482905,1.9472359491623574,Klebsiella pneumoniae,1.5342363422948844,0.41299960686747306,88.55966176193012,34.21655977742551
17,Pd,Bacillus subtilis,non-pathogenic,chemical_synthesis,MIC,hexagonal,Bacteria,Bacillota,Bacilli,Bacillales,Bacillaceae,Bacillus,p,soil,195.084,6.0,18,0.16,30,10,21.14774404,0.0,0.0,1.870828693,1.361663693745807,Klebsiella pneumoniae,0.9494398637633745,0.41222382998243257,22.99660331094641,8.901021780943207
18,Ag,Bacillus subtilis,non-pathogenic,chemical_synthesis,MIC,hexagonal,Bacteria,Bacillota,Bacilli,Bacillales,Bacillaceae,Bacillus,p,soil,107.8682,1.4,3,0.16,30,11,23.00188061,0.0,0.0,1.78376517,2.0589404845043986,Klebsiella pneumoniae,1.6489353076909312,0.4100051768134674,114.53559716886184,44.558986858892595
19,TiO2,Bacillus subtilis,non-pathogenic,chemical_synthesis,MBC,hexagonal,Bacteria,Bacillota,Bacilli,Bacillales,Bacillaceae,Bacillus,p,soil,79.866,1.4,3,0.16,30,16,26.40611331,34.14,1.373,2.878049394,2.2421811309180937,Klebsiella pneumoniae,1.846403527374369,0.3957776035437246,174.65504336955638,70.21073627890723
20,ZnO,Bacillus subtilis,non-pathogenic,chemical_synthesis,MBEC,hexagonal,Bacteria,Bacillota,Bacilli,Bacillales,Bacillaceae,Bacillus,p,soil,81.3794,3.0,3,0.16,30,8,22.60496136,17.07,0.6865,4.082482905,1.9655953571685754,Klebsiella pneumoniae,1.5738131441582837,0.3917822130102917,92.38370111922566,37.48117042597656
21,Ag,Bacillus subtilis,non-pathogenic,chemical_synthesis,MIC,hexagonal,Bacteria,Bacillota,Bacilli,Bacillales,Bacillaceae,Bacillus,p,soil,107.87,5.1,18,0.16,30,11,23.00188061,0.0,0.0,1.78376517,1.8738982402810125,Klebsiella pneumoniae,1.4987284392971432,0.3751698009838693,74.79942171433989,31.530324420613674
22,ZnO,Bacillus subtilis,non-pathogenic,green_synthesis,MIC,hexagonal,Bacteria,Bacillota,Bacilli,Bacillales,Bacillaceae,Bacillus,p,soil,81.3794,12.0,0,0.16,30,8,22.60496136,17.07,0.6865,4.082482905,2.0077633788185025,Klebsiella pneumoniae,1.6331915113064752,0.3745718675120273,101.80365694670303,42.972588167565036
23,TiO2,Bacillus subtilis,non-pathogenic,chemical_synthesis,MBEC,rod-shaped,Bacteria,Bacillota,Bacilli,Bacillales,Bacillaceae,Bacillus,p,soil,79.866,12.0,3,0.16,30,16,26.40611331,34.14,1.373,2.878049394,2.7045194633513705,Klebsiella pneumoniae,2.3315849156563093,0.3729345476950612,506.4300451956966,214.57786292932713
24,Ag,Bacillus subtilis,non-pathogenic,chemical_synthesis,MIC,cubic,Bacteria,Bacillota,Bacilli,Bacillales,Bacillaceae,Bacillus,p,soil,107.87,20.0,0,0.16,30,11,23.00188061,0.0,0.0,1.78376517,1.6809533433618327,Klebsiella pneumoniae,1.3121899548031997,0.368763388558633,47.968191321865774,20.52059526928815
25,ZnO,Bacillus subtilis,non-pathogenic,green_synthesis,MBEC,spheroidal,Bacteria,Bacillota,Bacilli,Bacillales,Bacillaceae,Bacillus,p,soil,81.3794,22.5,18,0.16,30,8,22.60496136,17.07,0.6865,4.082482905,2.1491818246391823,Klebsiella pneumoniae,1.7840112814769928,0.36517054316218944,140.9878944246283,60.81507987397042
26,TiO2,Bacillus subtilis,non-pathogenic,green_synthesis,MBEC,cubic,Bacteria,Bacillota,Bacilli,Bacillales,Bacillaceae,Bacillus,p,soil,79.866,12.0,18,0.16,30,16,26.40611331,34.14,1.373,2.878049394,3.279898074307614,Klebsiella pneumoniae,2.9232339343072256,0.3566641400003885,1905.013572944348,837.9805418559126
27,Ag,Bacillus subtilis,non-pathogenic,chemical_synthesis,MBC,spheroidal,Bacteria,Bacillota,Bacilli,Bacillales,Bacillaceae,Bacillus,p,soil,107.87,1.9,18,0.16,30,11,23.00188061,0.0,0.0,1.78376517,1.0827108524218942,Klebsiella pneumoniae,0.7459451550769444,0.3367656973449499,12.097924014210548,5.571153891154432
28,Pd,Bacillus subtilis,non-pathogenic,chemical_synthesis,MIC,cubic,Bacteria,Bacillota,Bacilli,Bacillales,Bacillaceae,Bacillus,p,soil,195.084,50.0,4,0.16,30,10,21.14774404,0.0,0.0,1.870828693,1.531239192498119,Klebsiella pneumoniae,1.2025300372108307,0.3287091552872883,33.98123764925579,15.941531336854954
29,Ag,Bacillus subtilis,non-pathogenic,chemical_synthesis,MBEC,quasi-spherical,Bacteria,Bacillota,Bacilli,Bacillales,Bacillaceae,Bacillus,p,soil,107.87,5.1,4,0.16,30,11,23.00188061,0.0,0.0,1.78376517,1.7832683495931263,Klebsiella pneumoniae,1.4559648225912858,0.3273035270018405,60.71113464643759,28.57359090838326
30,Al2O3,Bacillus subtilis,non-pathogenic,green_synthesis,MBEC,quasi-spherical,Bacteria,Bacillota,Bacilli,Bacillales,Bacillaceae,Bacillus,p,soil,101.961276,4.0,3,0.16,30,24,51.55776403,85.5,13.5675,4.688846487,2.5167920410130993,Klebsiella pneumoniae,2.2010089960001835,0.31578304501291576,328.6942001832699,158.85796541847623
31,CuO,Bacillus subtilis,non-pathogenic,green_synthesis,MBC,cubic,Bacteria,Bacillota,Bacilli,Bacillales,Bacillaceae,Bacillus,p,soil,79.5454,17.5,1,0.16,30,17,20.67942236,17.07,0.6865,1.651411411,3.1298024279952257,Klebsiella pneumoniae,2.815120720296805,0.3146817076984205,1348.349343395318,653.3121277695326
32,TiO2,Bacillus subtilis,non-pathogenic,green_synthesis,MBEC,spherical,Bacteria,Bacillota,Bacilli,Bacillales,Bacillaceae,Bacillus,p,soil,79.866,18.5,0,0.16,30,16,26.40611331,34.14,1.373,2.878049394,2.550019461481743,Klebsiella pneumoniae,2.2487371456477163,0.30128231583402654,354.82928938728116,177.31159873372968
33,Al2O3,Bacillus subtilis,non-pathogenic,green_synthesis,MBC,nanoplates,Bacteria,Bacillota,Bacilli,Bacillales,Bacillaceae,Bacillus,p,soil,101.961276,9.0,1,0.16,30,24,51.55776403,85.5,13.5675,4.688846487,2.967015721614052,Klebsiella pneumoniae,2.6674407831675975,0.29957493844645455,926.8633755544927,464.98697003566554
34,Ag,Bacillus subtilis,non-pathogenic,chemical_synthesis,MIC,cubic,Bacteria,Bacillota,Bacilli,Bacillales,Bacillaceae,Bacillus,p,soil,107.87,27.43,1,0.16,30,11,23.00188061,0.0,0.0,1.78376517,1.4330808200397471,Klebsiella pneumoniae,1.1360985791599711,0.296982240879776,27.10696031985077,13.68039317365246
35,ZnO,Bacillus subtilis,non-pathogenic,green_synthesis,MBEC,rod-shaped,Bacteria,Bacillota,Bacilli,Bacillales,Bacillaceae,Bacillus,p,soil,81.3794,10.0,18,0.16,30,8,22.60496136,17.07,0.6865,4.082482905,2.0495320216523814,Klebsiella pneumoniae,1.758450564579402,0.2910814570729794,112.0810063307099,57.33905942026011
36,Ag,Bacillus subtilis,non-pathogenic,green_synthesis,MIC,spheroidal,Bacteria,Bacillota,Bacilli,Bacillales,Bacillaceae,Bacillus,p,soil,107.87,26.06,24,0.16,30,11,23.00188061,0.0,0.0,1.78376517,1.3649237147029127,Klebsiella pneumoniae,1.076684426709249,0.2882392879936637,23.169876274956234,11.931208268230968
37,ZnO,Bacillus subtilis,non-pathogenic,chemical_synthesis,MBC,spheroidal,Bacteria,Bacillota,Bacilli,Bacillales,Bacillaceae,Bacillus,p,soil,81.3794,8.0,1,0.16,30,8,22.60496136,17.07,0.6865,4.082482905,1.8583983527501888,Klebsiella pneumoniae,1.573882813948926,0.2845155388012628,72.17692120413459,37.48718366093634
38,CuO,Bacillus subtilis,non-pathogenic,green_synthesis,MBC,spheroidal,Bacteria,Bacillota,Bacilli,Bacillales,Bacillaceae,Bacillus,p,soil,79.5454,44.45,4,0.16,30,17,20.67942236,17.07,0.6865,1.651411411,2.242904042122888,Klebsiella pneumoniae,1.9597830602010802,0.2831209819218079,174.94601006486548,91.15553833255846
39,ZnO,Bacillus subtilis,non-pathogenic,green_synthesis,MBEC,cubic,Bacteria,Bacillota,Bacilli,Bacillales,Bacillaceae,Bacillus,p,soil,81.3794,4.0,24,0.16,30,8,22.60496136,17.07,0.6865,4.082482905,2.7383473456425698,Klebsiella pneumoniae,2.4670012224229576,0.27134612321961216,547.4536373777099,293.09014949435146
40,Ag,Bacillus subtilis,non-pathogenic,chemical_synthesis,MIC,quasi-hexagonal,Bacteria,Bacillota,Bacilli,Bacillales,Bacillaceae,Bacillus,p,soil,107.87,12.5,1,0.16,30,11,23.00188061,0.0,0.0,1.78376517,0.8568323743542461,Klebsiella pneumoniae,0.5859640517887166,0.2708683225655295,7.191713442004175,3.854464514718625
41,CuO,Bacillus subtilis,non-pathogenic,green_synthesis,MBC,triangular,Bacteria,Bacillota,Bacilli,Bacillales,Bacillaceae,Bacillus,p,soil,79.5454,11.3,4,0.16,30,17,20.67942236,17.07,0.6865,1.651411411,2.1296814790643976,Klebsiella pneumoniae,1.8632865931477445,0.26639488591665317,134.79738868521815,72.993904185804
42,ZnO,Bacillus subtilis,non-pathogenic,green_synthesis,MBEC,rod-shaped,Bacteria,Bacillota,Bacilli,Bacillales,Bacillaceae,Bacillus,p,soil,81.3794,50.0,3,0.16,30,8,22.60496136,17.07,0.6865,4.082482905,1.5762674043679246,Klebsiella pneumoniae,1.3180485356024314,0.25821886876549316,37.693581496228404,20.7992912149178
43,ZnO,Bacillus subtilis,non-pathogenic,green_synthesis,MBEC,nanoplates,Bacteria,Bacillota,Bacilli,Bacillales,Bacillaceae,Bacillus,p,soil,81.3794,17.5,2,0.16,30,8,22.60496136,17.07,0.6865,4.082482905,2.341620901751689,Klebsiella pneumoniae,2.085591318126239,0.25602958362545003,219.5942184871296,121.78430390484048
44,TiO2,Bacillus subtilis,non-pathogenic,green_synthesis,MBEC,rod-shaped,Bacteria,Bacillota,Bacilli,Bacillales,Bacillaceae,Bacillus,p,soil,79.866,26.38,3,0.16,30,16,26.40611331,34.14,1.373,2.878049394,2.393515617490352,Klebsiella pneumoniae,2.143197971502869,0.25031764598748296,247.46604500095077,139.05863803171346
45,ZnO,Bacillus subtilis,non-pathogenic,green_synthesis,MBEC,rod-shaped,Bacteria,Bacillota,Bacilli,Bacillales,Bacillaceae,Bacillus,p,soil,81.3794,60.0,1,0.16,30,8,22.60496136,17.07,0.6865,4.082482905,1.4933862687917707,Klebsiella pneumoniae,1.2445681018862926,0.2488181669054781,31.144851809197913,17.56176259289462
46,Au,Bacillus subtilis,non-pathogenic,green_synthesis,MBC,quasi-hexagonal,Bacteria,Bacillota,Bacilli,Bacillales,Bacillaceae,Bacillus,p,soil,196.966569,8.7,4,0.16,30,11,23.00188061,0.0,0.0,2.46797672,0.9257806692999854,Klebsiella pneumoniae,0.6861153659542627,0.23966530334572267,8.429089579646964,4.854174292872507
47,Ag,Bacillus subtilis,non-pathogenic,green_synthesis,MBC,cubic,Bacteria,Bacillota,Bacilli,Bacillales,Bacillaceae,Bacillus,p,soil,107.8682,8.0,1,0.16,30,11,23.00188061,0.0,0.0,1.78376517,2.0358065946152317,Klebsiella pneumoniae,1.7961939773941087,0.23961261722112304,108.59419108490876,62.54519881877817
48,Au,Bacillus subtilis,non-pathogenic,chemical_synthesis,MIC,tetragonal,Bacteria,Bacillota,Bacilli,Bacillales,Bacillaceae,Bacillus,p,soil,196.966569,4.7,24,0.16,30,11,23.00188061,0.0,0.0,2.46797672,1.432718841303874,Klebsiella pneumoniae,1.1932206181971268,0.2394982231067473,27.08437643811073,15.603449445501855
49,ZnO,Bacillus subtilis,non-pathogenic,green_synthesis,MIC,spheroidal,Bacteria,Bacillota,Bacilli,Bacillales,Bacillaceae,Bacillus,p,soil,81.3794,22.5,18,0.16,30,8,22.60496136,17.07,0.6865,4.082482905,1.1746784966589203,Klebsiella pneumoniae,0.9362539831127982,0.23842451354612215,14.951284194832889,8.634833805249828
50,Al2O3,Bacillus subtilis,non-pathogenic,green_synthesis,MIC,cubic,Bacteria,Bacillota,Bacilli,Bacillales,Bacillaceae,Bacillus,p,soil,101.961276,8.7,0,0.16,30,24,51.55776403,85.5,13.5675,4.688846487,2.7540237837627153,Klebsiella pneumoniae,2.5239351164806894,0.23008866728202593,567.5756873504258,334.14511507531944
51,ZnO,Bacillus subtilis,non-pathogenic,chemical_synthesis,MBC,tetragonal,Bacteria,Bacillota,Bacilli,Bacillales,Bacillaceae,Bacillus,p,soil,81.3794,4.0,0,0.16,30,8,22.60496136,17.07,0.6865,4.082482905,0.7648427306187493,Klebsiella pneumoniae,0.5375682943335303,0.22727443628521904,5.818924611462431,3.4480082345136944
52,Cu,Bacillus subtilis,non-pathogenic,green_synthesis,MBEC,spherical,Bacteria,Bacillota,Bacilli,Bacillales,Bacillaceae,Bacillus,p,soil,63.55,8.0,2,0.16,30,11,17.96409803,0.0,0.0,1.243163121,2.288532561394129,Klebsiella pneumoniae,2.0622263457851635,0.22630621560896547,194.32673835786505,115.40545717698078
53,Cu,Bacillus subtilis,non-pathogenic,green_synthesis,MBEC,spherical,Bacteria,Bacillota,Bacilli,Bacillales,Bacillaceae,Bacillus,p,soil,63.55,8.0,2,0.16,30,11,17.96409803,0.0,0.0,1.243163121,2.288532561394129,Klebsiella pneumoniae,2.0622263457851635,0.22630621560896547,194.32673835786505,115.40545717698078
54,Ag,Bacillus subtilis,non-pathogenic,green_synthesis,MIC,quasi-spherical,Bacteria,Bacillota,Bacilli,Bacillales,Bacillaceae,Bacillus,p,soil,107.87,12.0,0,0.16,30,11,23.00188061,0.0,0.0,1.78376517,1.9342651077236648,Klebsiella pneumoniae,1.7118572301546846,0.22240787756898017,85.95380518649257,51.50592962999401
55,Ag,Bacillus subtilis,non-pathogenic,green_synthesis,MIC,quasi-spherical,Bacteria,Bacillota,Bacilli,Bacillales,Bacillaceae,Bacillus,p,soil,107.87,12.0,0,0.16,30,11,23.00188061,0.0,0.0,1.78376517,1.9342651077236648,Klebsiella pneumoniae,1.7118572301546846,0.22240787756898017,85.95380518649257,51.50592962999401
56,Al2O3,Bacillus subtilis,non-pathogenic,green_synthesis,MIC,tetragonal,Bacteria,Bacillota,Bacilli,Bacillales,Bacillaceae,Bacillus,p,soil,101.961276,50.0,18,0.16,30,24,51.55776403,85.5,13.5675,4.688846487,0.6572306909627328,Klebsiella pneumoniae,0.46485909412657933,0.19237159683615346,4.541828079404378,2.9164806148676945
57,ZnO,Bacillus subtilis,non-pathogenic,green_synthesis,MIC,spherical,Bacteria,Bacillota,Bacilli,Bacillales,Bacillaceae,Bacillus,p,soil,81.3794,18.0,0,0.16,30,8,22.60496136,17.07,0.6865,4.082482905,1.246419926235743,Klebsiella pneumoniae,1.0849627094500591,0.1614572167856838,17.636805529741654,12.16081577726754
58,CeO2,Bacillus subtilis,non-pathogenic,chemical_synthesis,MBEC,spheroidal,Bacteria,Bacillota,Bacilli,Bacillales,Bacillaceae,Bacillus,p,soil,172.115,8.0,24,0.16,30,16,39.19032095,34.14,1.373,4.456551526,3.063048223314534,Klebsiella pneumoniae,2.903859728542948,0.15918849477158625,1156.2406220403561,801.419173633551
59,Ag,Bacillus subtilis,non-pathogenic,green_synthesis,MIC,cubic,Bacteria,Bacillota,Bacilli,Bacillales,Bacillaceae,Bacillus,p,soil,107.87,20.0,4,0.16,30,11,23.00188061,0.0,0.0,1.78376517,1.8412619360523539,Klebsiella pneumoniae,1.6846366516810944,0.15662528437125944,69.38441581049301,48.3767458814976
60,Au,Bacillus subtilis,non-pathogenic,green_synthesis,MIC,spherical,Bacteria,Bacillota,Bacilli,Bacillales,Bacillaceae,Bacillus,p,soil,196.966569,20.0,4,0.16,30,11,23.00188061,0.0,0.0,2.46797672,1.4470451663528645,Klebsiella pneumoniae,1.316281779156435,0.13076338719642955,27.99272427067748,20.71484934731146
61,ZnO,Bacillus subtilis,non-pathogenic,chemical_synthesis,MBEC,hexagonal,Bacteria,Bacillota,Bacilli,Bacillales,Bacillaceae,Bacillus,p,soil,81.3794,12.5,3,0.16,30,8,22.60496136,17.07,0.6865,4.082482905,2.513406594209126,Klebsiella pneumoniae,2.3868698523518677,0.1265367418572585,326.14189795303247,243.70803743436477
62,Ag,Bacillus subtilis,non-pathogenic,green_synthesis,MIC,spherical,Bacteria,Bacillota,Bacilli,Bacillales,Bacillaceae,Bacillus,p,soil,107.87,18.0,0,0.16,30,11,23.00188061,0.0,0.0,1.78376517,1.3240971691965422,Klebsiella pneumoniae,1.2013783825296454,0.12271878666689684,21.090999879024032,15.899313857171999
63,Au,Bacillus subtilis,non-pathogenic,green_synthesis,MBEC,nanoplates,Bacteria,Bacillota,Bacilli,Bacillales,Bacillaceae,Bacillus,p,soil,196.966569,9.0,4,0.16,30,11,23.00188061,0.0,0.0,2.46797672,2.3850186541157123,Klebsiella pneumoniae,2.272881270592157,0.11213738352355529,242.6714326749076,187.448198357154
64,Ag,Bacillus subtilis,non-pathogenic,chemical_synthesis,MBEC,rod-shaped,Bacteria,Bacillota,Bacilli,Bacillales,Bacillaceae,Bacillus,p,soil,107.87,9.0,3,0.16,30,11,23.00188061,0.0,0.0,1.78376517,1.5890006980113398,Klebsiella pneumoniae,1.5109853583807102,0.07801533963062957,38.81509898382586,32.43286828858778
65,ZnO,Bacillus subtilis,non-pathogenic,green_synthesis,MIC,spherical,Bacteria,Bacillota,Bacilli,Bacillales,Bacillaceae,Bacillus,p,soil,81.3794,26.06,1,0.16,30,8,22.60496136,17.07,0.6865,4.082482905,1.0847627216500406,Klebsiella pneumoniae,1.0072728408717522,0.07748988077828844,12.155217145410486,10.168873408534607
66,Au,Bacillus subtilis,non-pathogenic,chemical_synthesis,MBC,cubic,Bacteria,Bacillota,Bacilli,Bacillales,Bacillaceae,Bacillus,p,soil,196.966569,12.0,1,0.16,30,11,23.00188061,0.0,0.0,2.46797672,1.898049870369526,Klebsiella pneumoniae,1.828695693948115,0.06935417642141117,79.07694274482537,67.4055557810722
67,Ag,Bacillus subtilis,non-pathogenic,chemical_synthesis,MBC,quasi-hexagonal,Bacteria,Bacillota,Bacilli,Bacillales,Bacillaceae,Bacillus,p,soil,107.87,37.86,3,0.16,30,11,23.00188061,0.0,0.0,1.78376517,0.03422012668683383,Klebsiella pneumoniae,-0.030715151304440358,0.06493527799127419,1.0819822263107095,0.9317187786056261
68,ZnO,Bacillus subtilis,non-pathogenic,green_synthesis,MIC,hexagonal,Bacteria,Bacillota,Bacilli,Bacillales,Bacillaceae,Bacillus,p,soil,81.3794,37.86,2,0.16,30,8,22.60496136,17.07,0.6865,4.082482905,1.1318390889661814,Klebsiella pneumoniae,1.0830630078905377,0.048776081075643685,13.546873923031889,12.10773781115257
69,ZnO,Bacillus subtilis,non-pathogenic,green_synthesis,MBC,triangular,Bacteria,Bacillota,Bacilli,Bacillales,Bacillaceae,Bacillus,p,soil,81.3794,38.0,3,0.16,30,8,22.60496136,17.07,0.6865,4.082482905,0.45317446280253826,Klebsiella pneumoniae,0.41619605574347496,0.0369784070590633,2.839059293372293,2.607330324609631
70,Au,Bacillus subtilis,non-pathogenic,green_synthesis,MBC,tetragonal,Bacteria,Bacillota,Bacilli,Bacillales,Bacillaceae,Bacillus,p,soil,196.966569,22.5,18,0.16,30,11,23.00188061,0.0,0.0,2.46797672,0.9180628757870918,Klebsiella pneumoniae,0.8813998630476175,0.036663012739474254,8.280620392482266,7.610266459278318
71,ZnO,Bacillus subtilis,non-pathogenic,chemical_synthesis,MBEC,rod-shaped,Bacteria,Bacillota,Bacilli,Bacillales,Bacillaceae,Bacillus,p,soil,81.3794,44.45,2,0.16,30,8,22.60496136,17.07,0.6865,4.082482905,1.664624327062482,Klebsiella pneumoniae,1.6356303697207109,0.028993957341771237,46.198122601429304,43.214587288463534
72,Ag,Bacillus subtilis,non-pathogenic,green_synthesis,MBC,triangular,Bacteria,Bacillota,Bacilli,Bacillales,Bacillaceae,Bacillus,p,soil,107.87,10.0,2,0.16,30,11,23.00188061,0.0,0.0,1.78376517,0.6302775771569595,Klebsiella pneumoniae,0.606573018963277,0.023704558193682557,4.268522521270667,4.041783242631803
73,ZnO,Bacillus subtilis,non-pathogenic,chemical_synthesis,MBEC,cubic,Bacteria,Bacillota,Bacilli,Bacillales,Bacillaceae,Bacillus,p,soil,81.3794,44.45,0,0.16,30,8,22.60496136,17.07,0.6865,4.082482905,2.1963912706828705,Klebsiella pneumoniae,2.175584800090736,0.020806470592134474,157.1778235150965,149.82517722646585
74,CuO,Bacillus subtilis,non-pathogenic,chemical_synthesis,MBEC,spheroidal,Bacteria,Bacillota,Bacilli,Bacillales,Bacillaceae,Bacillus,p,soil,79.5454,18.5,4,0.16,30,17,20.67942236,17.07,0.6865,1.651411411,2.8826115633361633,Klebsiella pneumoniae,2.897655339742057,-0.015043776405893716,763.1529078123118,790.0513867974315
75,Ag,Bacillus subtilis,non-pathogenic,chemical_synthesis,MBC,cubic,Bacteria,Bacillota,Bacilli,Bacillales,Bacillaceae,Bacillus,p,soil,107.8682,22.5,0,0.16,30,11,23.00188061,0.0,0.0,1.78376517,1.9231966329688746,Klebsiella pneumoniae,1.9415891542599577,-0.018392521291083153,83.7908571212246,87.41564256102959
76,Ag,Bacillus subtilis,non-pathogenic,green_synthesis,MIC,spherical,Bacteria,Bacillota,Bacilli,Bacillales,Bacillaceae,Bacillus,p,soil,107.8682,18.0,1,0.16,30,11,23.00188061,0.0,0.0,1.78376517,1.0488682151686057,Klebsiella pneumoniae,1.0867645903901475,-0.03789637522154177,11.190982462895462,12.211375623161528
77,Ag2O,Bacillus subtilis,non-pathogenic,chemical_synthesis,MBEC,tetragonal,Bacteria,Bacillota,Bacilli,Bacillales,Bacillaceae,Bacillus,p,soil,231.7358,4.0,18,0.16,30,28,46.55109718,17.07,0.6865,3.975778631,0.8509758773152112,Klebsiella pneumoniae,0.8916666123881622,-0.04069073507295107,7.09538355891221,7.792317010451281
78,ZnO,Bacillus subtilis,non-pathogenic,green_synthesis,MIC,triangular,Bacteria,Bacillota,Bacilli,Bacillales,Bacillaceae,Bacillus,p,soil,81.3794,50.0,1,0.16,30,8,22.60496136,17.07,0.6865,4.082482905,-0.7601010756371966,Klebsiella pneumoniae,-0.70643998993534,-0.05366108570185668,0.17373964282904814,0.1965893605611304
79,Au,Bacillus subtilis,non-pathogenic,green_synthesis,MBEC,hexagonal,Bacteria,Bacillota,Bacilli,Bacillales,Bacillaceae,Bacillus,p,soil,196.966569,41.23,18,0.16,30,11,23.00188061,0.0,0.0,2.46797672,1.4651209373123868,Klebsiella pneumoniae,1.519877704083057,-0.054756766770670096,29.18239538513559,33.10378891607827
80,CuO,Bacillus subtilis,non-pathogenic,green_synthesis,MIC,spherical,Bacteria,Bacillota,Bacilli,Bacillales,Bacillaceae,Bacillus,p,soil,79.5454,5.1,24,0.16,30,17,20.67942236,17.07,0.6865,1.651411411,2.5957287451221074,Klebsiella pneumoniae,2.6626476963919536,-0.06691895126984626,394.211005924229,459.88336068724686
81,ZnO,Bacillus subtilis,non-pathogenic,chemical_synthesis,MIC,quasi-spherical,Bacteria,Bacillota,Bacilli,Bacillales,Bacillaceae,Bacillus,p,soil,81.3794,10.0,24,0.16,30,8,22.60496136,17.07,0.6865,4.082482905,2.009814744954105,Klebsiella pneumoniae,2.0832550845721354,-0.07344033961803031,102.28565838716153,121.13093919855824
82,Ag,Bacillus subtilis,non-pathogenic,green_synthesis,MBC,cubic,Bacteria,Bacillota,Bacilli,Bacillales,Bacillaceae,Bacillus,p,soil,107.87,12.5,0,0.16,30,11,23.00188061,0.0,0.0,1.78376517,2.046619488461992,Klebsiella pneumoniae,2.2243893156151504,-0.17776982715315848,111.33186606486885,167.64450221602067
83,CeO2,Bacillus subtilis,non-pathogenic,chemical_synthesis,MBC,spheroidal,Bacteria,Bacillota,Bacilli,Bacillales,Bacillaceae,Bacillus,p,soil,172.115,40.0,3,0.16,30,16,39.19032095,34.14,1.373,4.456551526,2.3479361147812465,Klebsiella pneumoniae,2.526793986303579,-0.17885787152233235,222.8107368000969,336.351978234218
84,ZnO,Bacillus subtilis,non-pathogenic,green_synthesis,MIC,cubic,Bacteria,Bacillota,Bacilli,Bacillales,Bacillaceae,Bacillus,p,soil,81.3794,18.5,24,0.16,30,8,22.60496136,17.07,0.6865,4.082482905,1.8327313146534772,Klebsiella pneumoniae,2.0698969637131484,-0.2371656490596712,68.03483167764868,117.46188437716789
85,Ag,Bacillus subtilis,non-pathogenic,green_synthesis,MBC,quasi-hexagonal,Bacteria,Bacillota,Bacilli,Bacillales,Bacillaceae,Bacillus,p,soil,107.8682,12.5,24,0.16,30,11,23.00188061,0.0,0.0,1.78376517,0.8782401290890013,Klebsiella pneumoniae,1.16678999910271,-0.2885498700137087,7.55509846937485,14.6821615748286
