,np,bacteria,bac_type,np_synthesis,method,shape,kingdom,phylum,class,order,family,genus,gram,isolated_from,mol_weight (g/mol),np_size_avg (nm),time_set,"min_Incub_period, h","growth_temp, C",Valance_electron,labuteASA,tpsa,CrippenMR,chi0v,pred_MIC_norm,pathogenic_bacteria,pred_MIC_pathogen,Fitness,pred_norm_MIC_original,pred_path_MIC_original
0,Ag,Bacillus subtilis,non-pathogenic,chemical_synthesis,MIC,quasi-spherical,Bacteria,Bacillota,Bacilli,Bacillales,Bacillaceae,Bacillus,p,soil,107.87,1.4,3,0.16,30,11,23.00188061,0.0,0.0,1.78376517,1.2013689615232024,Klebsiella pneumoniae,0.3725484854861989,0.8288204760370035,15.89896896236008,2.3580254358427504
1,ZnO,Bacillus subtilis,non-pathogenic,green_synthesis,MIC,cubic,Bacteria,Bacillota,Bacilli,Bacillales,Bacillaceae,Bacillus,p,soil,81.3794,1.9,4,0.16,30,8,22.60496136,17.07,0.6865,4.082482905,1.5350397861353382,Klebsiella pneumoniae,0.7287048926970614,0.8063348934382768,34.27991892715606,5.354327021694752
2,Ag,Bacillus subtilis,non-pathogenic,green_synthesis,MIC,tetragonal,Bacteria,Bacillota,Bacilli,Bacillales,Bacillaceae,Bacillus,p,soil,107.87,1.4,24,0.16,30,11,23.00188061,0.0,0.0,1.78376517,1.6287460546919423,Klebsiella pneumoniae,0.8282746268741629,0.8004714278177795,42.53496254278879,6.734023488278553
3,CeO2,Bacillus subtilis,non-pathogenic,chemical_synthesis,MIC,hexagonal,Bacteria,Bacillota,Bacilli,Bacillales,Bacillaceae,Bacillus,p,soil,172.115,4.0,0,0.16,30,16,39.19032095,34.14,1.373,4.456551526,2.5209043813544194,Klebsiella pneumoniae,1.7249881013753425,0.7959162799790769,331.82139237102484,53.086989947283485
4,ZnO,Bacillus subtilis,non-pathogenic,green_synthesis,MBC,quasi-spherical,Bacteria,Bacillota,Bacilli,Bacillales,Bacillaceae,Bacillus,p,soil,81.3794,4.7,2,0.16,30,8,22.60496136,17.07,0.6865,4.082482905,2.078970087582796,Klebsiella pneumoniae,1.2906475961127268,0.7883224914700693,119.94166894172588,19.527542699179868
5,Ag,Bacillus subtilis,non-pathogenic,chemical_synthesis,MIC,spherical,Bacteria,Bacillota,Bacilli,Bacillales,Bacillaceae,Bacillus,p,soil,107.87,1.4,0,0.16,30,11,23.00188061,0.0,0.0,1.78376517,1.1200656812414822,Klebsiella pneumoniae,0.33711836998513567,0.7829473112563465,13.184561223628144,2.1732934444084475
6,ZnO,Bacillus subtilis,non-pathogenic,green_synthesis,MIC,hexagonal,Bacteria,Bacillota,Bacilli,Bacillales,Bacillaceae,Bacillus,p,soil,81.3794,1.9,2,0.16,30,8,22.60496136,17.07,0.6865,4.082482905,1.589735609641601,Klebsiella pneumoniae,0.8200557214378102,0.7696798882037909,38.88083736642293,6.607782226299786
7,TiO2,Bacillus subtilis,non-pathogenic,green_synthesis,MIC,quasi-hexagonal,Bacteria,Bacillota,Bacilli,Bacillales,Bacillaceae,Bacillus,p,soil,79.866,4.0,0,0.16,30,16,26.40611331,34.14,1.373,2.878049394,1.544971540491587,Klebsiella pneumoniae,0.7999660779583038,0.7450054625332831,35.07288897810878,6.309080633440734
8,ZnO,Bacillus subtilis,non-pathogenic,green_synthesis,MBC,quasi-spherical,Bacteria,Bacillota,Bacilli,Bacillales,Bacillaceae,Bacillus,p,soil,81.3794,8.0,0,0.16,30,8,22.60496136,17.07,0.6865,4.082482905,2.2656557745582644,Klebsiella pneumoniae,1.5222637466839957,0.7433920278742687,184.35536239061463,33.28616385257893
9,Ag,Bacillus subtilis,non-pathogenic,chemical_synthesis,MIC,quasi-spherical,Bacteria,Bacillota,Bacilli,Bacillales,Bacillaceae,Bacillus,p,soil,107.87,4.0,2,0.16,30,11,23.00188061,0.0,0.0,1.78376517,1.041893744708151,Klebsiella pneumoniae,0.29952818918048196,0.7423655555276691,11.012698378609882,1.9930958698066377
10,ZnO,Bacillus subtilis,non-pathogenic,green_synthesis,MBC,quasi-hexagonal,Bacteria,Bacillota,Bacilli,Bacillales,Bacillaceae,Bacillus,p,soil,81.3794,1.4,2,0.16,30,8,22.60496136,17.07,0.6865,4.082482905,0.7668836063428828,Klebsiella pneumoniae,0.09802034295303264,0.6688632633898501,5.846333777179638,1.2531998751786761
11,Ag,Bacillus subtilis,non-pathogenic,green_synthesis,MIC,spheroidal,Bacteria,Bacillota,Bacilli,Bacillales,Bacillaceae,Bacillus,p,soil,107.87,3.0,1,0.16,30,11,23.00188061,0.0,0.0,1.78376517,1.3327196715714966,Klebsiella pneumoniae,0.6912603589886324,0.6414593125828643,21.513926054156197,4.912022630324283
12,ZnO,Bacillus subtilis,non-pathogenic,green_synthesis,MIC,hexagonal,Bacteria,Bacillota,Bacilli,Bacillales,Bacillaceae,Bacillus,p,soil,81.3794,5.1,0,0.16,30,8,22.60496136,17.07,0.6865,4.082482905,1.9919099116670995,Klebsiella pneumoniae,1.3615335301340887,0.6303763815330108,98.154431422295,22.989711967525206
13,Ag,Bacillus subtilis,non-pathogenic,green_synthesis,MIC,quasi-hexagonal,Bacteria,Bacillota,Bacilli,Bacillales,Bacillaceae,Bacillus,p,soil,107.87,1.4,24,0.16,30,11,23.00188061,0.0,0.0,1.78376517,1.9276572388719064,Klebsiella pneumoniae,1.2991716698503402,0.6284855690215663,84.65590149998549,19.914603767214828
14,CuO,Bacillus subtilis,non-pathogenic,green_synthesis,MBC,quasi-spherical,Bacteria,Bacillota,Bacilli,Bacillales,Bacillaceae,Bacillus,p,soil,79.5454,4.7,4,0.16,30,17,20.67942236,17.07,0.6865,1.651411411,3.1499206008747507,Klebsiella pneumoniae,2.530986192669522,0.6189344082052286,1412.2793235342506,339.6144752074556
15,ZnO,Bacillus subtilis,non-pathogenic,green_synthesis,MBC,hexagonal,Bacteria,Bacillota,Bacilli,Bacillales,Bacillaceae,Bacillus,p,soil,81.3794,10.0,3,0.16,30,8,22.60496136,17.07,0.6865,4.082482905,2.526813970243419,Klebsiella pneumoniae,1.9197383429186665,0.6070756273247526,336.36745573307604,83.12627945967168
16,CeO2,Bacillus subtilis,non-pathogenic,green_synthesis,MIC,nanoplates,Bacteria,Bacillota,Bacilli,Bacillales,Bacillaceae,Bacillus,p,soil,172.115,0.8,1,0.16,30,16,39.19032095,34.14,1.373,4.456551526,2.6030164138305487,Klebsiella pneumoniae,2.014292331767415,0.5887240820631336,400.8818683671579,103.34568108672589
17,ZnO,Bacillus subtilis,non-pathogenic,green_synthesis,MBEC,spheroidal,Bacteria,Bacillota,Bacilli,Bacillales,Bacillaceae,Bacillus,p,soil,81.3794,12.0,18,0.16,30,8,22.60496136,17.07,0.6865,4.082482905,2.488432144493925,Klebsiella pneumoniae,1.9007251070656275,0.5877070374282973,307.9159206608079,79.56555693679364
18,Ag,Bacillus subtilis,non-pathogenic,green_synthesis,MIC,spherical,Bacteria,Bacillota,Bacilli,Bacillales,Bacillaceae,Bacillus,p,soil,107.87,0.8,1,0.16,30,11,23.00188061,0.0,0.0,1.78376517,1.418688220658023,Klebsiella pneumoniae,0.8411092939664863,0.5775789266915367,26.22335296990684,6.936003345842152
19,ZnO,Bacillus subtilis,non-pathogenic,green_synthesis,MBC,hexagonal,Bacteria,Bacillota,Bacilli,Bacillales,Bacillaceae,Bacillus,p,soil,81.3794,11.3,2,0.16,30,8,22.60496136,17.07,0.6865,4.082482905,2.5034176029762,Klebsiella pneumoniae,1.9280851736494773,0.5753324293267226,318.7260811577343,84.7393588315968
20,CeO2,Bacillus subtilis,non-pathogenic,chemical_synthesis,MIC,rod-shaped,Bacteria,Bacillota,Bacilli,Bacillales,Bacillaceae,Bacillus,p,soil,172.115,1.9,18,0.16,30,16,39.19032095,34.14,1.373,4.456551526,2.191550838824417,Klebsiella pneumoniae,1.6374538206953855,0.5540970181290314,155.43572342979718,43.396411701503226
21,ZnO,Bacillus subtilis,non-pathogenic,green_synthesis,MIC,spherical,Bacteria,Bacillota,Bacilli,Bacillales,Bacillaceae,Bacillus,p,soil,81.3794,4.0,18,0.16,30,8,22.60496136,17.07,0.6865,4.082482905,0.960648985969574,Klebsiella pneumoniae,0.4242166168441506,0.5364323691254235,9.133747173745059,2.6559299529914138
22,TiO2,Bacillus subtilis,non-pathogenic,green_synthesis,MIC,hexagonal,Bacteria,Bacillota,Bacilli,Bacillales,Bacillaceae,Bacillus,p,soil,79.866,4.0,24,0.16,30,16,26.40611331,34.14,1.373,2.878049394,3.4057061687521513,Klebsiella pneumoniae,2.8777017111604026,0.5280044575917486,2545.107722718184,754.5737816303656
23,ZnO,Bacillus subtilis,non-pathogenic,chemical_synthesis,MBEC,quasi-spherical,Bacteria,Bacillota,Bacilli,Bacillales,Bacillaceae,Bacillus,p,soil,81.3794,8.0,1,0.16,30,8,22.60496136,17.07,0.6865,4.082482905,2.046805725103524,Klebsiella pneumoniae,1.5245491716263657,0.5222565534771582,111.37961826984244,33.461790176779246
24,Ag,Bacillus subtilis,non-pathogenic,chemical_synthesis,MIC,spheroidal,Bacteria,Bacillota,Bacilli,Bacillales,Bacillaceae,Bacillus,p,soil,107.8682,4.0,24,0.16,30,11,23.00188061,0.0,0.0,1.78376517,2.036508633295609,Klebsiella pneumoniae,1.53388419530576,0.5026244379898488,108.76987596685385,34.18882657964212
25,TiO2,Bacillus subtilis,non-pathogenic,green_synthesis,MBEC,cubic,Bacteria,Bacillota,Bacilli,Bacillales,Bacillaceae,Bacillus,p,soil,79.866,10.0,2,0.16,30,16,26.40611331,34.14,1.373,2.878049394,3.279650768312857,Klebsiella pneumoniae,2.7779281538044063,0.5017226145084508,1903.9290849220806,599.6918598378109
26,ZnO,Bacillus subtilis,non-pathogenic,chemical_synthesis,MBC,hexagonal,Bacteria,Bacillota,Bacilli,Bacillales,Bacillaceae,Bacillus,p,soil,81.3794,4.7,2,0.16,30,8,22.60496136,17.07,0.6865,4.082482905,1.7496623193582417,Klebsiella pneumoniae,1.2497406298278049,0.4999216895304368,56.190425315158116,17.772176997149227
27,Au,Bacillus subtilis,non-pathogenic,chemical_synthesis,MIC,spheroidal,Bacteria,Bacillota,Bacilli,Bacillales,Bacillaceae,Bacillus,p,soil,196.966569,4.0,18,0.16,30,11,23.00188061,0.0,0.0,2.46797672,1.4844441604434366,Klebsiella pneumoniae,0.985174918815473,0.4992692416279636,30.51013718823482,9.664400492804816
28,Au,Bacillus subtilis,non-pathogenic,green_synthesis,MIC,spherical,Bacteria,Bacillota,Bacilli,Bacillales,Bacillaceae,Bacillus,p,soil,196.966569,3.0,1,0.16,30,11,23.00188061,0.0,0.0,2.46797672,1.5705801663893297,Klebsiella pneumoniae,1.0731211635741151,0.4974590028152146,37.20318881654635,11.833716578711513
29,CuO,Bacillus subtilis,non-pathogenic,green_synthesis,MIC,quasi-spherical,Bacteria,Bacillota,Bacilli,Bacillales,Bacillaceae,Bacillus,p,soil,79.5454,3.0,4,0.16,30,17,20.67942236,17.07,0.6865,1.651411411,2.1982482340292178,Klebsiella pneumoniae,1.7041991711562814,0.4940490628729364,157.85132584646396,50.60566907116349
30,ZnO,Bacillus subtilis,non-pathogenic,chemical_synthesis,MIC,rod-shaped,Bacteria,Bacillota,Bacilli,Bacillales,Bacillaceae,Bacillus,p,soil,81.3794,6.0,1,0.16,30,8,22.60496136,17.07,0.6865,4.082482905,1.3358299179104203,Klebsiella pneumoniae,0.8454400153252719,0.49038990258514836,21.66855336359053,7.005514161488808
31,Ag,Bacillus subtilis,non-pathogenic,green_synthesis,MBC,spheroidal,Bacteria,Bacillota,Bacilli,Bacillales,Bacillaceae,Bacillus,p,soil,107.87,1.9,18,0.16,30,11,23.00188061,0.0,0.0,1.78376517,1.2912487121181058,Klebsiella pneumoniae,0.8100524396644709,0.48119627245363483,19.554589890258924,6.457321944170029
32,CeO2,Bacillus subtilis,non-pathogenic,chemical_synthesis,MIC,quasi-spherical,Bacteria,Bacillota,Bacilli,Bacillales,Bacillaceae,Bacillus,p,soil,172.115,4.7,3,0.16,30,16,39.19032095,34.14,1.373,4.456551526,2.322852581753558,Klebsiella pneumoniae,1.8436225799651043,0.47923000178845365,210.30644479689113,69.76258745574239
33,Ag,Bacillus subtilis,non-pathogenic,chemical_synthesis,MBEC,spheroidal,Bacteria,Bacillota,Bacilli,Bacillales,Bacillaceae,Bacillus,p,soil,107.87,28.0,18,0.16,30,11,23.00188061,0.0,0.0,1.78376517,1.2316621972270183,Klebsiella pneumoniae,0.7580636333774907,0.4735985638495276,17.04755880590535,5.728799639345244
34,Ni,Bacillus subtilis,non-pathogenic,green_synthesis,MBEC,hexagonal,Bacteria,Bacillota,Bacilli,Bacillales,Bacillaceae,Bacillus,p,soil,58.6934,6.0,1,0.16,30,10,17.41523038,0.0,0.0,1.303840481,2.864594133761366,Klebsiella pneumoniae,2.391596298418161,0.4729978353432047,732.1399980762696,246.3748077597018
35,Au,Bacillus subtilis,non-pathogenic,green_synthesis,MIC,spherical,Bacteria,Bacillota,Bacilli,Bacillales,Bacillaceae,Bacillus,p,soil,196.966569,44.45,4,0.16,30,11,23.00188061,0.0,0.0,2.46797672,0.930073192914959,Klebsiella pneumoniae,0.4601070716755613,0.46996612123939774,8.512814950651968,2.8847426246517522
36,ZnO,Bacillus subtilis,non-pathogenic,green_synthesis,MIC,rod-shaped,Bacteria,Bacillota,Bacilli,Bacillales,Bacillaceae,Bacillus,p,soil,81.3794,3.0,24,0.16,30,8,22.60496136,17.07,0.6865,4.082482905,2.0703163287496493,Klebsiella pneumoniae,1.6018318652712125,0.46848446347843686,117.57536313447446,39.97899433110444
37,Ag,Bacillus subtilis,non-pathogenic,chemical_synthesis,MIC,quasi-hexagonal,Bacteria,Bacillota,Bacilli,Bacillales,Bacillaceae,Bacillus,p,soil,107.87,18.5,3,0.16,30,11,23.00188061,0.0,0.0,1.78376517,0.4470938586430573,Klebsiella pneumoniae,-0.02058573023451582,0.4676795888775731,2.799586293884693,0.9537054616942469
38,CuO,Bacillus subtilis,non-pathogenic,green_synthesis,MBC,cubic,Bacteria,Bacillota,Bacilli,Bacillales,Bacillaceae,Bacillus,p,soil,79.5454,8.7,3,0.16,30,17,20.67942236,17.07,0.6865,1.651411411,3.5438723080057537,Klebsiella pneumoniae,3.0812456505738774,0.46262665743187625,3498.422906862624,1205.7177392821818
39,ZnO,Bacillus subtilis,non-pathogenic,chemical_synthesis,MBEC,spherical,Bacteria,Bacillota,Bacilli,Bacillales,Bacillaceae,Bacillus,p,soil,81.3794,8.0,1,0.16,30,8,22.60496136,17.07,0.6865,4.082482905,2.1252757606558794,Klebsiella pneumoniae,1.6662432942192877,0.4590324664365917,133.43684369792575,46.37066180511827
40,Ag,Bacillus subtilis,non-pathogenic,green_synthesis,MIC,quasi-spherical,Bacteria,Bacillota,Bacilli,Bacillales,Bacillaceae,Bacillus,p,soil,107.87,6.0,4,0.16,30,11,23.00188061,0.0,0.0,1.78376517,1.9475086766572085,Klebsiella pneumoniae,1.4893338248851264,0.45817485177208206,88.61529277029592,30.855587851951697
41,ZnO,Bacillus subtilis,non-pathogenic,chemical_synthesis,MBC,spheroidal,Bacteria,Bacillota,Bacilli,Bacillales,Bacillaceae,Bacillus,p,soil,81.3794,1.4,24,0.16,30,8,22.60496136,17.07,0.6865,4.082482905,2.1096349563903827,Klebsiella pneumoniae,1.6519002159118756,0.45773474047850704,128.71671762515143,44.864229742860495
42,ZnO,Bacillus subtilis,non-pathogenic,chemical_synthesis,MBEC,cubic,Bacteria,Bacillota,Bacilli,Bacillales,Bacillaceae,Bacillus,p,soil,81.3794,4.7,1,0.16,30,8,22.60496136,17.07,0.6865,4.082482905,2.132159158333638,Klebsiella pneumoniae,1.6867085822550993,0.44545057607853855,135.56861472278442,48.608092905159516
43,ZnO,Bacillus subtilis,non-pathogenic,chemical_synthesis,MBEC,nanoplates,Bacteria,Bacillota,Bacilli,Bacillales,Bacillaceae,Bacillus,p,soil,81.3794,12.0,2,0.16,30,8,22.60496136,17.07,0.6865,4.082482905,2.513844382970234,Klebsiella pneumoniae,2.175620932805151,0.33822345016508315,326.47082970929245,149.83764299744476
44,Ag,Bacillus subtilis,non-pathogenic,green_synthesis,MIC,cubic,Bacteria,Bacillota,Bacilli,Bacillales,Bacillaceae,Bacillus,p,soil,107.8682,6.0,1,0.16,30,11,23.00188061,0.0,0.0,1.78376517,2.0921637902672803,Klebsiella pneumoniae,1.7911613659682204,0.3010024242990599,123.64136478386494,61.82460722812292
45,Au,Bacillus subtilis,non-pathogenic,green_synthesis,MBC,quasi-spherical,Bacteria,Bacillota,Bacilli,Bacillales,Bacillaceae,Bacillus,p,soil,196.966569,6.0,2,0.16,30,11,23.00188061,0.0,0.0,2.46797672,1.685355065015513,Klebsiella pneumoniae,1.4198083149852578,0.2655467500302551,48.456837299201275,26.291073238917765
46,ZnO,Bacillus subtilis,non-pathogenic,chemical_synthesis,MBC,quasi-hexagonal,Bacteria,Bacillota,Bacilli,Bacillales,Bacillaceae,Bacillus,p,soil,81.3794,44.45,3,0.16,30,8,22.60496136,17.07,0.6865,4.082482905,0.4482724213828897,Klebsiella pneumoniae,0.2156780977090078,0.2325943236738819,2.807193963936188,1.643153354285796
47,Ag,Bacillus subtilis,non-pathogenic,green_synthesis,MBEC,spheroidal,Bacteria,Bacillota,Bacilli,Bacillales,Bacillaceae,Bacillus,p,soil,107.87,28.0,2,0.16,30,11,23.00188061,0.0,0.0,1.78376517,1.5204934399327075,Klebsiella pneumoniae,1.317233003980383,0.20326043595232446,33.15075623147826,20.760270310813134
48,Al2O3,Bacillus subtilis,non-pathogenic,green_synthesis,MBC,rod-shaped,Bacteria,Bacillota,Bacilli,Bacillales,Bacillaceae,Bacillus,p,soil,101.961276,79.0,3,0.16,30,24,51.55776403,85.5,13.5675,4.688846487,1.9162281800519063,Klebsiella pneumoniae,1.7280727663986415,0.18815541365326482,82.45712342349954,53.46539336001943
49,Ag,Bacillus subtilis,non-pathogenic,chemical_synthesis,MBEC,spheroidal,Bacteria,Bacillota,Bacilli,Bacillales,Bacillaceae,Bacillus,p,soil,107.87,20.0,24,0.16,30,11,23.00188061,0.0,0.0,1.78376517,1.2130073509942585,Klebsiella pneumoniae,1.0252815275658764,0.18772582342838207,16.330795896387954,10.599405996643709
50,Au,Bacillus subtilis,non-pathogenic,chemical_synthesis,MBEC,quasi-hexagonal,Bacteria,Bacillota,Bacilli,Bacillales,Bacillaceae,Bacillus,p,soil,196.966569,5.1,18,0.16,30,11,23.00188061,0.0,0.0,2.46797672,1.3695682651033505,Klebsiella pneumoniae,1.1933148818621029,0.17625338324124762,23.41899560554167,15.606836543488722
51,Ag,Bacillus subtilis,non-pathogenic,chemical_synthesis,MBEC,hexagonal,Bacteria,Bacillota,Bacilli,Bacillales,Bacillaceae,Bacillus,p,soil,107.87,18.0,2,0.16,30,11,23.00188061,0.0,0.0,1.78376517,1.8631240189851836,Klebsiella pneumoniae,1.7482760363726626,0.11484798261252105,72.96658469987999,56.011349497038125
52,Al2O3,Bacillus subtilis,non-pathogenic,green_synthesis,MBEC,hexagonal,Bacteria,Bacillota,Bacilli,Bacillales,Bacillaceae,Bacillus,p,soil,101.961276,35.0,2,0.16,30,24,51.55776403,85.5,13.5675,4.688846487,2.5161931775212465,Klebsiella pneumoniae,2.4089869847660883,0.10720619275515819,328.24126488178024,256.4407183458662
53,ZnO,Bacillus subtilis,non-pathogenic,chemical_synthesis,MBC,quasi-spherical,Bacteria,Bacillota,Bacilli,Bacillales,Bacillaceae,Bacillus,p,soil,81.3794,22.5,18,0.16,30,8,22.60496136,17.07,0.6865,4.082482905,1.1813013222932711,Klebsiella pneumoniae,1.0951988748816985,0.08610244741157258,15.181032929083042,12.45084638295222
54,Ag,Bacillus subtilis,non-pathogenic,green_synthesis,MBC,rod-shaped,Bacteria,Bacillota,Bacilli,Bacillales,Bacillaceae,Bacillus,p,soil,107.87,50.0,4,0.16,30,11,23.00188061,0.0,0.0,1.78376517,0.9573873763007323,Klebsiella pneumoniae,0.8770165092638557,0.08037086703687668,9.065408448041438,7.533842023250341
55,Au,Bacillus subtilis,non-pathogenic,chemical_synthesis,MIC,tetragonal,Bacteria,Bacillota,Bacilli,Bacillales,Bacillaceae,Bacillus,p,soil,196.966569,8.7,1,0.16,30,11,23.00188061,0.0,0.0,2.46797672,0.8841646243213883,Klebsiella pneumoniae,0.8596222361629584,0.024542388158429906,7.658868701262078,7.238060954736984
56,CuO,Bacillus subtilis,non-pathogenic,chemical_synthesis,MBEC,spheroidal,Bacteria,Bacillota,Bacilli,Bacillales,Bacillaceae,Bacillus,p,soil,79.5454,4.7,3,0.16,30,17,20.67942236,17.07,0.6865,1.651411411,2.9027639020196325,Klebsiella pneumoniae,2.9032757905968625,-0.0005118885772299464,799.3995547298564,800.342336114099
57,TiO2,Bacillus subtilis,non-pathogenic,green_synthesis,MIC,quasi-hexagonal,Bacteria,Bacillota,Bacilli,Bacillales,Bacillaceae,Bacillus,p,soil,79.866,79.0,18,0.16,30,16,26.40611331,34.14,1.373,2.878049394,0.7040990456329452,Klebsiella pneumoniae,0.7111357745131501,-0.007036728880204901,5.059400340357465,5.142043833911716
58,Ag,Bacillus subtilis,non-pathogenic,green_synthesis,MBC,nanoplates,Bacteria,Bacillota,Bacilli,Bacillales,Bacillaceae,Bacillus,p,soil,107.8682,6.0,24,0.16,30,11,23.00188061,0.0,0.0,1.78376517,2.1680222654985757,Klebsiella pneumoniae,2.2112505172020325,-0.04322825170345679,147.23879871870446,162.6486703197946
59,TiO2,Bacillus subtilis,non-pathogenic,chemical_synthesis,MBEC,rod-shaped,Bacteria,Bacillota,Bacilli,Bacillales,Bacillaceae,Bacillus,p,soil,79.866,41.23,4,0.16,30,16,26.40611331,34.14,1.373,2.878049394,2.2878196971228677,Klebsiella pneumoniae,2.331197797401952,-0.043378100279084286,194.00802613807178,214.38667929622565
60,Ag,Bacillus subtilis,non-pathogenic,green_synthesis,MIC,hexagonal,Bacteria,Bacillota,Bacilli,Bacillales,Bacillaceae,Bacillus,p,soil,107.8682,45.26,0,0.16,30,11,23.00188061,0.0,0.0,1.78376517,1.3700955520561076,Klebsiella pneumoniae,1.431267554496336,-0.06117200244022847,23.44744641644811,26.99401932723086
61,ZnO,Bacillus subtilis,non-pathogenic,chemical_synthesis,MIC,hexagonal,Bacteria,Bacillota,Bacilli,Bacillales,Bacillaceae,Bacillus,p,soil,81.3794,26.06,0,0.16,30,8,22.60496136,17.07,0.6865,4.082482905,1.9804694705223709,Klebsiella pneumoniae,2.046833767120514,-0.06636429659814325,95.6025487201528,111.3868101871126
62,Al2O3,Bacillus subtilis,non-pathogenic,chemical_synthesis,MBC,hexagonal,Bacteria,Bacillota,Bacilli,Bacillales,Bacillaceae,Bacillus,p,soil,101.961276,41.23,4,0.16,30,24,51.55776403,85.5,13.5675,4.688846487,2.9414505672027835,Klebsiella pneumoniae,3.022028621528503,-0.08057805432571952,873.8775193746483,1052.0312040822257
63,Ag,Bacillus subtilis,non-pathogenic,green_synthesis,MBEC,quasi-hexagonal,Bacteria,Bacillota,Bacilli,Bacillales,Bacillaceae,Bacillus,p,soil,107.8682,27.43,24,0.16,30,11,23.00188061,0.0,0.0,1.78376517,0.9887603349416825,Klebsiella pneumoniae,1.0721606082984425,-0.08340027335676004,9.744517389081377,11.807572157922682
64,Cu,Bacillus subtilis,non-pathogenic,chemical_synthesis,MBC,triangular,Bacteria,Bacillota,Bacilli,Bacillales,Bacillaceae,Bacillus,p,soil,63.55,28.0,1,0.16,30,11,17.96409803,0.0,0.0,1.243163121,0.4631803754900825,Klebsiella pneumoniae,0.5817312074392986,-0.11855083194921612,2.905229032450633,3.817079518923804
65,ZnO,Bacillus subtilis,non-pathogenic,chemical_synthesis,MBEC,rod-shaped,Bacteria,Bacillota,Bacilli,Bacillales,Bacillaceae,Bacillus,p,soil,81.3794,37.86,18,0.16,30,8,22.60496136,17.07,0.6865,4.082482905,1.5908972692107308,Klebsiella pneumoniae,1.743178393391457,-0.15228112418072626,38.9849758218224,55.3577453296108
66,Ag,Bacillus subtilis,non-pathogenic,chemical_synthesis,MIC,quasi-spherical,Bacteria,Bacillota,Bacilli,Bacillales,Bacillaceae,Bacillus,p,soil,107.8682,37.86,0,0.16,30,11,23.00188061,0.0,0.0,1.78376517,1.2335325582744188,Klebsiella pneumoniae,1.407018984266038,-0.17348642599161934,17.121135259564088,25.52812891046246
67,Au,Bacillus subtilis,non-pathogenic,chemical_synthesis,MBC,tetragonal,Bacteria,Bacillota,Bacilli,Bacillales,Bacillaceae,Bacillus,p,soil,196.966569,10.4,0,0.16,30,11,23.00188061,0.0,0.0,2.46797672,1.3248996208163533,Klebsiella pneumoniae,1.5345071684599192,-0.20960754764356593,21.1300060215698,34.23790388844449
68,CuO,Bacillus subtilis,non-pathogenic,chemical_synthesis,MIC,hexagonal,Bacteria,Bacillota,Bacilli,Bacillales,Bacillaceae,Bacillus,p,soil,79.5454,26.38,1,0.16,30,17,20.67942236,17.07,0.6865,1.651411411,2.7149792974675,Klebsiella pneumoniae,3.0498615598019643,-0.3348822623344643,518.7753086615438,1121.660845102617
69,ZnO,Bacillus subtilis,non-pathogenic,chemical_synthesis,MBEC,spherical,Bacteria,Bacillota,Bacilli,Bacillales,Bacillaceae,Bacillus,p,soil,81.3794,17.5,24,0.16,30,8,22.60496136,17.07,0.6865,4.082482905,2.1448659309536766,Klebsiella pneumoniae,2.487527521544888,-0.3426615905912116,139.59373611493697,307.27520815449765
70,Ag,Bacillus subtilis,non-pathogenic,chemical_synthesis,MBC,rod-shaped,Bacteria,Bacillota,Bacilli,Bacillales,Bacillaceae,Bacillus,p,soil,107.87,44.45,24,0.16,30,11,23.00188061,0.0,0.0,1.78376517,0.9307862756431804,Klebsiella pneumoniae,1.2980134466345545,-0.36722717099137414,8.526803909389747,19.861564118204647
71,ZnO,Bacillus subtilis,non-pathogenic,chemical_synthesis,MBEC,hexagonal,Bacteria,Bacillota,Bacilli,Bacillales,Bacillaceae,Bacillus,p,soil,81.3794,22.5,24,0.16,30,8,22.60496136,17.07,0.6865,4.082482905,2.587712213587912,Klebsiella pneumoniae,2.989219860276572,-0.40150764668866,387.0011126019739,975.4833482511974
