,np,bacteria,bac_type,np_synthesis,method,shape,kingdom,phylum,class,order,family,genus,gram,isolated_from,mol_weight (g/mol),np_size_avg (nm),time_set,"min_Incub_period, h","growth_temp, C",Valance_electron,labuteASA,tpsa,CrippenMR,chi0v,pred_MIC_norm,pathogenic_bacteria,pred_MIC_pathogen,Fitness,pred_norm_MIC_original,pred_path_MIC_original
0,Ag,Bacillus subtilis,non-pathogenic,green_synthesis,MIC,tetragonal,Bacteria,Bacillota,Bacilli,Bacillales,Bacillaceae,Bacillus,p,soil,107.87,1.4,24,0.16,30,11,23.00188061,0.0,0.0,1.78376517,1.6287460546919423,Klebsiella pneumoniae,0.8282746268741629,0.8004714278177795,42.53496254278879,6.734023488278553
1,CeO2,Bacillus subtilis,non-pathogenic,chemical_synthesis,MIC,hexagonal,Bacteria,Bacillota,Bacilli,Bacillales,Bacillaceae,Bacillus,p,soil,172.115,4.0,0,0.16,30,16,39.19032095,34.14,1.373,4.456551526,2.5209043813544194,Klebsiella pneumoniae,1.7249881013753425,0.7959162799790769,331.82139237102484,53.086989947283485
2,ZnO,Bacillus subtilis,non-pathogenic,green_synthesis,MBC,quasi-spherical,Bacteria,Bacillota,Bacilli,Bacillales,Bacillaceae,Bacillus,p,soil,81.3794,4.7,2,0.16,30,8,22.60496136,17.07,0.6865,4.082482905,2.078970087582796,Klebsiella pneumoniae,1.2906475961127268,0.7883224914700693,119.94166894172588,19.527542699179868
3,TiO2,Bacillus subtilis,non-pathogenic,green_synthesis,MIC,quasi-hexagonal,Bacteria,Bacillota,Bacilli,Bacillales,Bacillaceae,Bacillus,p,soil,79.866,4.0,0,0.16,30,16,26.40611331,34.14,1.373,2.878049394,1.544971540491587,Klebsiella pneumoniae,0.7999660779583038,0.7450054625332831,35.07288897810878,6.309080633440734
4,TiO2,Bacillus subtilis,non-pathogenic,green_synthesis,MIC,quasi-hexagonal,Bacteria,Bacillota,Bacilli,Bacillales,Bacillaceae,Bacillus,p,soil,79.866,4.0,0,0.16,30,16,26.40611331,34.14,1.373,2.878049394,1.544971540491587,Klebsiella pneumoniae,0.7999660779583038,0.7450054625332831,35.07288897810878,6.309080633440734
5,ZnO,Bacillus subtilis,non-pathogenic,green_synthesis,MBC,quasi-spherical,Bacteria,Bacillota,Bacilli,Bacillales,Bacillaceae,Bacillus,p,soil,81.3794,8.0,0,0.16,30,8,22.60496136,17.07,0.6865,4.082482905,2.2656557745582644,Klebsiella pneumoniae,1.5222637466839957,0.7433920278742687,184.35536239061463,33.28616385257893
6,ZnO,Bacillus subtilis,non-pathogenic,green_synthesis,MIC,spherical,Bacteria,Bacillota,Bacilli,Bacillales,Bacillaceae,Bacillus,p,soil,81.3794,0.8,3,0.16,30,8,22.60496136,17.07,0.6865,4.082482905,1.116032661571522,Klebsiella pneumoniae,0.37424751024721425,0.7417851513243077,13.062691237758697,2.3672684511378126
7,Ag,Bacillus subtilis,non-pathogenic,chemical_synthesis,MIC,quasi-hexagonal,Bacteria,Bacillota,Bacilli,Bacillales,Bacillaceae,Bacillus,p,soil,107.87,6.0,3,0.16,30,11,23.00188061,0.0,0.0,1.78376517,0.9700370967565639,Klebsiella pneumoniae,0.28558168557387,0.6844554111826939,9.333340213269933,1.9301083322374513
8,ZnO,Bacillus subtilis,non-pathogenic,green_synthesis,MIC,quasi-hexagonal,Bacteria,Bacillota,Bacilli,Bacillales,Bacillaceae,Bacillus,p,soil,81.3794,4.7,1,0.16,30,8,22.60496136,17.07,0.6865,4.082482905,0.5028237703864085,Klebsiella pneumoniae,-0.1541245170762815,0.65694828746269,3.1829056884542473,0.7012542121833114
9,CuO,Bacillus subtilis,non-pathogenic,green_synthesis,MBC,quasi-spherical,Bacteria,Bacillota,Bacilli,Bacillales,Bacillaceae,Bacillus,p,soil,79.5454,4.7,4,0.16,30,17,20.67942236,17.07,0.6865,1.651411411,3.1499206008747507,Klebsiella pneumoniae,2.530986192669522,0.6189344082052286,1412.2793235342506,339.6144752074556
10,ZnO,Bacillus subtilis,non-pathogenic,green_synthesis,MIC,quasi-spherical,Bacteria,Bacillota,Bacilli,Bacillales,Bacillaceae,Bacillus,p,soil,81.3794,1.4,18,0.16,30,8,22.60496136,17.07,0.6865,4.082482905,1.1946086369007112,Klebsiella pneumoniae,0.5883335470748854,0.6062750898258258,15.653398332961048,3.8755518098266513
11,CeO2,Bacillus subtilis,non-pathogenic,green_synthesis,MIC,nanoplates,Bacteria,Bacillota,Bacilli,Bacillales,Bacillaceae,Bacillus,p,soil,172.115,0.8,1,0.16,30,16,39.19032095,34.14,1.373,4.456551526,2.6030164138305487,Klebsiella pneumoniae,2.014292331767415,0.5887240820631336,400.8818683671579,103.34568108672589
12,ZnO,Bacillus subtilis,non-pathogenic,green_synthesis,MBEC,spheroidal,Bacteria,Bacillota,Bacilli,Bacillales,Bacillaceae,Bacillus,p,soil,81.3794,12.0,18,0.16,30,8,22.60496136,17.07,0.6865,4.082482905,2.488432144493925,Klebsiella pneumoniae,1.9007251070656275,0.5877070374282973,307.9159206608079,79.56555693679364
13,Ag,Bacillus subtilis,non-pathogenic,green_synthesis,MIC,spherical,Bacteria,Bacillota,Bacilli,Bacillales,Bacillaceae,Bacillus,p,soil,107.87,0.8,1,0.16,30,11,23.00188061,0.0,0.0,1.78376517,1.418688220658023,Klebsiella pneumoniae,0.8411092939664863,0.5775789266915367,26.22335296990684,6.936003345842152
14,ZnO,Bacillus subtilis,non-pathogenic,green_synthesis,MBC,hexagonal,Bacteria,Bacillota,Bacilli,Bacillales,Bacillaceae,Bacillus,p,soil,81.3794,11.3,2,0.16,30,8,22.60496136,17.07,0.6865,4.082482905,2.5034176029762,Klebsiella pneumoniae,1.9280851736494773,0.5753324293267226,318.7260811577343,84.7393588315968
15,CeO2,Bacillus subtilis,non-pathogenic,chemical_synthesis,MIC,rod-shaped,Bacteria,Bacillota,Bacilli,Bacillales,Bacillaceae,Bacillus,p,soil,172.115,1.9,18,0.16,30,16,39.19032095,34.14,1.373,4.456551526,2.191550838824417,Klebsiella pneumoniae,1.6374538206953855,0.5540970181290314,155.43572342979718,43.396411701503226
16,ZnO,Bacillus subtilis,non-pathogenic,green_synthesis,MIC,spherical,Bacteria,Bacillota,Bacilli,Bacillales,Bacillaceae,Bacillus,p,soil,81.3794,4.0,18,0.16,30,8,22.60496136,17.07,0.6865,4.082482905,0.960648985969574,Klebsiella pneumoniae,0.4242166168441506,0.5364323691254235,9.133747173745059,2.6559299529914138
17,TiO2,Bacillus subtilis,non-pathogenic,green_synthesis,MIC,hexagonal,Bacteria,Bacillota,Bacilli,Bacillales,Bacillaceae,Bacillus,p,soil,79.866,4.0,24,0.16,30,16,26.40611331,34.14,1.373,2.878049394,3.4057061687521513,Klebsiella pneumoniae,2.8777017111604026,0.5280044575917486,2545.107722718184,754.5737816303656
18,ZnO,Bacillus subtilis,non-pathogenic,chemical_synthesis,MBEC,quasi-spherical,Bacteria,Bacillota,Bacilli,Bacillales,Bacillaceae,Bacillus,p,soil,81.3794,8.0,1,0.16,30,8,22.60496136,17.07,0.6865,4.082482905,2.046805725103524,Klebsiella pneumoniae,1.5245491716263657,0.5222565534771582,111.37961826984244,33.461790176779246
19,Ag,Bacillus subtilis,non-pathogenic,chemical_synthesis,MIC,spheroidal,Bacteria,Bacillota,Bacilli,Bacillales,Bacillaceae,Bacillus,p,soil,107.8682,4.0,24,0.16,30,11,23.00188061,0.0,0.0,1.78376517,2.036508633295609,Klebsiella pneumoniae,1.53388419530576,0.5026244379898488,108.76987596685385,34.18882657964212
20,ZnO,Bacillus subtilis,non-pathogenic,chemical_synthesis,MBC,hexagonal,Bacteria,Bacillota,Bacilli,Bacillales,Bacillaceae,Bacillus,p,soil,81.3794,4.7,2,0.16,30,8,22.60496136,17.07,0.6865,4.082482905,1.7496623193582417,Klebsiella pneumoniae,1.2497406298278049,0.4999216895304368,56.190425315158116,17.772176997149227
21,Au,Bacillus subtilis,non-pathogenic,green_synthesis,MIC,spherical,Bacteria,Bacillota,Bacilli,Bacillales,Bacillaceae,Bacillus,p,soil,196.966569,3.0,1,0.16,30,11,23.00188061,0.0,0.0,2.46797672,1.5705801663893297,Klebsiella pneumoniae,1.0731211635741151,0.4974590028152146,37.20318881654635,11.833716578711513
22,Ag,Bacillus subtilis,non-pathogenic,green_synthesis,MBC,spheroidal,Bacteria,Bacillota,Bacilli,Bacillales,Bacillaceae,Bacillus,p,soil,107.87,1.9,18,0.16,30,11,23.00188061,0.0,0.0,1.78376517,1.2912487121181058,Klebsiella pneumoniae,0.8100524396644709,0.48119627245363483,19.554589890258924,6.457321944170029
23,CeO2,Bacillus subtilis,non-pathogenic,chemical_synthesis,MIC,quasi-spherical,Bacteria,Bacillota,Bacilli,Bacillales,Bacillaceae,Bacillus,p,soil,172.115,4.7,3,0.16,30,16,39.19032095,34.14,1.373,4.456551526,2.322852581753558,Klebsiella pneumoniae,1.8436225799651043,0.47923000178845365,210.30644479689113,69.76258745574239
24,Ag,Bacillus subtilis,non-pathogenic,chemical_synthesis,MBEC,spheroidal,Bacteria,Bacillota,Bacilli,Bacillales,Bacillaceae,Bacillus,p,soil,107.87,28.0,18,0.16,30,11,23.00188061,0.0,0.0,1.78376517,1.2316621972270183,Klebsiella pneumoniae,0.7580636333774907,0.4735985638495276,17.04755880590535,5.728799639345244
25,Ni,Bacillus subtilis,non-pathogenic,green_synthesis,MBEC,hexagonal,Bacteria,Bacillota,Bacilli,Bacillales,Bacillaceae,Bacillus,p,soil,58.6934,6.0,1,0.16,30,10,17.41523038,0.0,0.0,1.303840481,2.864594133761366,Klebsiella pneumoniae,2.391596298418161,0.4729978353432047,732.1399980762696,246.3748077597018
26,Au,Bacillus subtilis,non-pathogenic,green_synthesis,MIC,spherical,Bacteria,Bacillota,Bacilli,Bacillales,Bacillaceae,Bacillus,p,soil,196.966569,44.45,4,0.16,30,11,23.00188061,0.0,0.0,2.46797672,0.930073192914959,Klebsiella pneumoniae,0.4601070716755613,0.46996612123939774,8.512814950651968,2.8847426246517522
27,Au,Bacillus subtilis,non-pathogenic,green_synthesis,MIC,spherical,Bacteria,Bacillota,Bacilli,Bacillales,Bacillaceae,Bacillus,p,soil,196.966569,44.45,4,0.16,30,11,23.00188061,0.0,0.0,2.46797672,0.930073192914959,Klebsiella pneumoniae,0.4601070716755613,0.46996612123939774,8.512814950651968,2.8847426246517522
28,Ag,Bacillus subtilis,non-pathogenic,chemical_synthesis,MIC,cubic,Bacteria,Bacillota,Bacilli,Bacillales,Bacillaceae,Bacillus,p,soil,107.87,4.7,2,0.16,30,11,23.00188061,0.0,0.0,1.78376517,1.53535173066581,Klebsiella pneumoniae,1.0706297015859423,0.4647220290798677,34.30455031211047,11.76602323253341
29,CuO,Bacillus subtilis,non-pathogenic,green_synthesis,MBC,cubic,Bacteria,Bacillota,Bacilli,Bacillales,Bacillaceae,Bacillus,p,soil,79.5454,8.7,3,0.16,30,17,20.67942236,17.07,0.6865,1.651411411,3.5438723080057537,Klebsiella pneumoniae,3.0812456505738774,0.46262665743187625,3498.422906862624,1205.7177392821818
30,ZnO,Bacillus subtilis,non-pathogenic,chemical_synthesis,MBEC,spherical,Bacteria,Bacillota,Bacilli,Bacillales,Bacillaceae,Bacillus,p,soil,81.3794,8.0,1,0.16,30,8,22.60496136,17.07,0.6865,4.082482905,2.1252757606558794,Klebsiella pneumoniae,1.6662432942192877,0.4590324664365917,133.43684369792575,46.37066180511827
31,Ag,Bacillus subtilis,non-pathogenic,green_synthesis,MIC,quasi-spherical,Bacteria,Bacillota,Bacilli,Bacillales,Bacillaceae,Bacillus,p,soil,107.87,6.0,4,0.16,30,11,23.00188061,0.0,0.0,1.78376517,1.9475086766572085,Klebsiella pneumoniae,1.4893338248851264,0.45817485177208206,88.61529277029592,30.855587851951697
32,CuO,Bacillus subtilis,non-pathogenic,green_synthesis,MBEC,hexagonal,Bacteria,Bacillota,Bacilli,Bacillales,Bacillaceae,Bacillus,p,soil,79.5454,5.1,1,0.16,30,17,20.67942236,17.07,0.6865,1.651411411,3.5596002186369953,Klebsiella pneumoniae,3.1031519147829365,0.45644830385405877,3627.4398409271957,1268.095363878326
33,Pd,Bacillus subtilis,non-pathogenic,green_synthesis,MIC,spherical,Bacteria,Bacillota,Bacilli,Bacillales,Bacillaceae,Bacillus,p,soil,195.084,5.1,1,0.16,30,10,21.14774404,0.0,0.0,1.870828693,1.3228316366527868,Klebsiella pneumoniae,0.8674332838107114,0.4553983528420754,21.029630240815468,7.369419578373074
34,ZnO,Bacillus subtilis,non-pathogenic,green_synthesis,MBC,quasi-spherical,Bacteria,Bacillota,Bacilli,Bacillales,Bacillaceae,Bacillus,p,soil,81.3794,60.0,3,0.16,30,8,22.60496136,17.07,0.6865,4.082482905,0.8559262450106994,Klebsiella pneumoniae,0.40389333241080894,0.4520329125998904,7.17672400671017,2.5345060509702293
35,CeO2,Bacillus subtilis,non-pathogenic,chemical_synthesis,MIC,spheroidal,Bacteria,Bacillota,Bacilli,Bacillales,Bacillaceae,Bacillus,p,soil,172.115,9.0,18,0.16,30,16,39.19032095,34.14,1.373,4.456551526,2.5668364775330863,Klebsiella pneumoniae,2.117334291470509,0.4495021860625772,368.8386956550054,131.01900335055308
36,ZnO,Bacillus subtilis,non-pathogenic,chemical_synthesis,MIC,spheroidal,Bacteria,Bacillota,Bacilli,Bacillales,Bacillaceae,Bacillus,p,soil,81.3794,4.7,18,0.16,30,8,22.60496136,17.07,0.6865,4.082482905,1.1682054639798656,Klebsiella pneumoniae,0.7189362788502585,0.4492691851296071,14.730092157644954,5.235236178011142
37,Au,Bacillus subtilis,non-pathogenic,chemical_synthesis,MBEC,quasi-hexagonal,Bacteria,Bacillota,Bacilli,Bacillales,Bacillaceae,Bacillus,p,soil,196.966569,5.1,4,0.16,30,11,23.00188061,0.0,0.0,2.46797672,1.4167198689023186,Klebsiella pneumoniae,0.9983811392417229,0.4183387296605957,26.104769865089043,9.962793740952492
38,Ag,Bacillus subtilis,non-pathogenic,chemical_synthesis,MIC,hexagonal,Bacteria,Bacillota,Bacilli,Bacillales,Bacillaceae,Bacillus,p,soil,107.87,9.0,3,0.16,30,11,23.00188061,0.0,0.0,1.78376517,1.983436918824559,Klebsiella pneumoniae,1.57425003429085,0.409186884533709,96.25801882637992,37.51889458198807
39,CuO,Bacillus subtilis,non-pathogenic,green_synthesis,MBC,cubic,Bacteria,Bacillota,Bacilli,Bacillales,Bacillaceae,Bacillus,p,soil,79.5454,10.4,1,0.16,30,17,20.67942236,17.07,0.6865,1.651411411,3.4657260145653384,Klebsiella pneumoniae,3.057450851766693,0.4082751627986454,2922.308185650779,1141.4341235046563
40,Cu,Bacillus subtilis,non-pathogenic,green_synthesis,MBC,quasi-spherical,Bacteria,Bacillota,Bacilli,Bacillales,Bacillaceae,Bacillus,p,soil,63.55,10.0,4,0.16,30,11,17.96409803,0.0,0.0,1.243163121,1.805584514735924,Klebsiella pneumoniae,1.436833611183372,0.368750903552552,63.91231001179324,27.342209788146484
41,ZnO,Bacillus subtilis,non-pathogenic,chemical_synthesis,MBEC,tetragonal,Bacteria,Bacillota,Bacilli,Bacillales,Bacillaceae,Bacillus,p,soil,81.3794,6.0,4,0.16,30,8,22.60496136,17.07,0.6865,4.082482905,1.0514834967308486,Klebsiella pneumoniae,0.7011296580410704,0.3503538386897782,11.258576852856308,5.024925856251117
42,Ag,Bacillus subtilis,non-pathogenic,green_synthesis,MBEC,spheroidal,Bacteria,Bacillota,Bacilli,Bacillales,Bacillaceae,Bacillus,p,soil,107.8682,6.0,3,0.16,30,11,23.00188061,0.0,0.0,1.78376517,2.1460269245343695,Klebsiella pneumoniae,1.7993809669356315,0.34664595759873795,139.96740941220384,63.005863348405974
43,ZnO,Bacillus subtilis,non-pathogenic,chemical_synthesis,MBC,quasi-hexagonal,Bacteria,Bacillota,Bacilli,Bacillales,Bacillaceae,Bacillus,p,soil,81.3794,26.38,0,0.16,30,8,22.60496136,17.07,0.6865,4.082482905,0.5483504759013618,Klebsiella pneumoniae,0.21489338580314388,0.3334570900982179,3.5346830385312216,1.64018707710072
44,Ag,Bacillus subtilis,non-pathogenic,chemical_synthesis,MBEC,tetragonal,Bacteria,Bacillota,Bacilli,Bacillales,Bacillaceae,Bacillus,p,soil,107.8682,5.1,18,0.16,30,11,23.00188061,0.0,0.0,1.78376517,1.0937828439288064,Klebsiella pneumoniae,0.7605381622147,0.33324468171410637,12.41031611386158,5.761534439450304
45,CuO,Bacillus subtilis,non-pathogenic,green_synthesis,MBEC,hexagonal,Bacteria,Bacillota,Bacilli,Bacillales,Bacillaceae,Bacillus,p,soil,79.5454,4.0,2,0.16,30,17,20.67942236,17.07,0.6865,1.651411411,3.11887982794829,Klebsiella pneumoniae,2.7874879595454187,0.3313918684028714,1314.8609514431776,613.0387959216688
46,ZnO,Bacillus subtilis,non-pathogenic,chemical_synthesis,MBEC,spherical,Bacteria,Bacillota,Bacilli,Bacillales,Bacillaceae,Bacillus,p,soil,81.3794,8.0,18,0.16,30,8,22.60496136,17.07,0.6865,4.082482905,2.0539998450152255,Klebsiella pneumoniae,1.8402145501997595,0.21378529481546593,113.23999591208585,69.21728337552088
47,Ag,Bacillus subtilis,non-pathogenic,green_synthesis,MBC,cubic,Bacteria,Bacillota,Bacilli,Bacillales,Bacillaceae,Bacillus,p,soil,107.8682,28.0,0,0.16,30,11,23.00188061,0.0,0.0,1.78376517,1.6383253882976057,Klebsiella pneumoniae,1.4440305541947176,0.19429483410288806,43.48358960977173,27.79908837566609
48,ZnO,Bacillus subtilis,non-pathogenic,green_synthesis,MBEC,triangular,Bacteria,Bacillota,Bacilli,Bacillales,Bacillaceae,Bacillus,p,soil,81.3794,20.0,0,0.16,30,8,22.60496136,17.07,0.6865,4.082482905,0.7477826881232184,Klebsiella pneumoniae,0.6183480734638758,0.12943461465934258,5.594775805611209,4.152867486491129
49,Ag,Bacillus subtilis,non-pathogenic,green_synthesis,MBEC,triangular,Bacteria,Bacillota,Bacilli,Bacillales,Bacillaceae,Bacillus,p,soil,107.87,27.43,4,0.16,30,11,23.00188061,0.0,0.0,1.78376517,-0.25778211365342085,Klebsiella pneumoniae,-0.3669355130028915,0.10915339934947066,0.5523544870472531,0.4296002119891371
50,Cu,Bacillus subtilis,non-pathogenic,green_synthesis,MBEC,nanoplates,Bacteria,Bacillota,Bacilli,Bacillales,Bacillaceae,Bacillus,p,soil,63.55,28.0,1,0.16,30,11,17.96409803,0.0,0.0,1.243163121,1.9105511594644633,Klebsiella pneumoniae,1.8109873048197973,0.099563854644666,81.38627273640738,64.71236989251159
51,Ag,Bacillus subtilis,non-pathogenic,green_synthesis,MBC,cubic,Bacteria,Bacillota,Bacilli,Bacillales,Bacillaceae,Bacillus,p,soil,107.87,18.0,1,0.16,30,11,23.00188061,0.0,0.0,1.78376517,1.5229880877077742,Klebsiella pneumoniae,1.480422890919577,0.04256519678819726,33.34172673134117,30.228938074036712
52,ZnO,Bacillus subtilis,non-pathogenic,green_synthesis,MIC,hexagonal,Bacteria,Bacillota,Bacilli,Bacillales,Bacillaceae,Bacillus,p,soil,81.3794,45.26,1,0.16,30,8,22.60496136,17.07,0.6865,4.082482905,1.159881713055278,Klebsiella pneumoniae,1.1545271678200926,0.005354545235185526,14.450461360593138,14.273391163084465
53,Ag,Bacillus subtilis,non-pathogenic,green_synthesis,MBEC,hexagonal,Bacteria,Bacillota,Bacilli,Bacillales,Bacillaceae,Bacillus,p,soil,107.87,17.5,2,0.16,30,11,23.00188061,0.0,0.0,1.78376517,2.0307029133967314,Klebsiella pneumoniae,2.038825840914137,-0.008122927517405731,107.32549826565457,109.35177600901537
54,Ag,Bacillus subtilis,non-pathogenic,chemical_synthesis,MBC,cubic,Bacteria,Bacillota,Bacilli,Bacillales,Bacillaceae,Bacillus,p,soil,107.87,10.4,3,0.16,30,11,23.00188061,0.0,0.0,1.78376517,2.010470383829751,Klebsiella pneumoniae,2.038600125774732,-0.0281297419449813,102.44019201177748,109.29495756105693
55,Al2O3,Bacillus subtilis,non-pathogenic,chemical_synthesis,MIC,quasi-spherical,Bacteria,Bacillota,Bacilli,Bacillales,Bacillaceae,Bacillus,p,soil,101.961276,13.0,0,0.16,30,24,51.55776403,85.5,13.5675,4.688846487,2.7482234059544624,Klebsiella pneumoniae,2.7785637265166274,-0.03034032056216507,560.0456211599633,600.5701275367201
56,Ag,Bacillus subtilis,non-pathogenic,green_synthesis,MBC,triangular,Bacteria,Bacillota,Bacilli,Bacillales,Bacillaceae,Bacillus,p,soil,107.87,8.0,24,0.16,30,11,23.00188061,0.0,0.0,1.78376517,0.8015189053164077,Klebsiella pneumoniae,0.8400310956129262,-0.038512190296518534,6.331679236069456,6.918805079938066
57,ZnO,Bacillus subtilis,non-pathogenic,chemical_synthesis,MBC,nanoplates,Bacteria,Bacillota,Bacilli,Bacillales,Bacillaceae,Bacillus,p,soil,81.3794,9.0,24,0.16,30,8,22.60496136,17.07,0.6865,4.082482905,2.2392913626014805,Klebsiella pneumoniae,2.2980031203958253,-0.05871175779434479,173.49675749046173,198.6109187454762
58,Au,Bacillus subtilis,non-pathogenic,green_synthesis,MBEC,quasi-spherical,Bacteria,Bacillota,Bacilli,Bacillales,Bacillaceae,Bacillus,p,soil,196.966569,25.0,18,0.16,30,11,23.00188061,0.0,0.0,2.46797672,1.42687173697168,Klebsiella pneumoniae,1.4989004919430842,-0.07202875497140426,26.722170887704582,31.542818133260813
59,Ni,Bacillus subtilis,non-pathogenic,chemical_synthesis,MBC,spherical,Bacteria,Bacillota,Bacilli,Bacillales,Bacillaceae,Bacillus,p,soil,58.6934,9.0,18,0.16,30,10,17.41523038,0.0,0.0,1.303840481,1.9854985510667977,Klebsiella pneumoniae,2.064713893604377,-0.07921534253757923,96.71604999148049,116.06837216803781
60,Ag,Bacillus subtilis,non-pathogenic,chemical_synthesis,MBEC,spherical,Bacteria,Bacillota,Bacilli,Bacillales,Bacillaceae,Bacillus,p,soil,107.87,30.0,3,0.16,30,11,23.00188061,0.0,0.0,1.78376517,1.4871422276574213,Klebsiella pneumoniae,1.600937854025846,-0.11379562636842477,30.700272309372163,39.896780742276434
61,Au,Bacillus subtilis,non-pathogenic,chemical_synthesis,MBC,tetragonal,Bacteria,Bacillota,Bacilli,Bacillales,Bacillaceae,Bacillus,p,soil,196.966569,6.0,3,0.16,30,11,23.00188061,0.0,0.0,2.46797672,1.3632619924010336,Klebsiella pneumoniae,1.4870147127021627,-0.12375272030112905,23.081391763839754,30.691259601733837
62,Ag,Bacillus subtilis,non-pathogenic,chemical_synthesis,MBC,triangular,Bacteria,Bacillota,Bacilli,Bacillales,Bacillaceae,Bacillus,p,soil,107.8682,11.3,0,0.16,30,11,23.00188061,0.0,0.0,1.78376517,0.617763852014126,Klebsiella pneumoniae,0.7519618712971182,-0.13419801928299224,4.147284723610026,5.648873785834226
63,Ni,Bacillus subtilis,non-pathogenic,chemical_synthesis,MBEC,cubic,Bacteria,Bacillota,Bacilli,Bacillales,Bacillaceae,Bacillus,p,soil,58.6934,28.0,3,0.16,30,10,17.41523038,0.0,0.0,1.303840481,2.3790579699402192,Klebsiella pneumoniae,2.5266178212071813,-0.14755985126696203,239.3635239238121,336.215569725438
64,ZnO,Bacillus subtilis,non-pathogenic,green_synthesis,MBEC,quasi-spherical,Bacteria,Bacillota,Bacilli,Bacillales,Bacillaceae,Bacillus,p,soil,81.3794,35.0,24,0.16,30,8,22.60496136,17.07,0.6865,4.082482905,1.8814512321153345,Klebsiella pneumoniae,2.049837382901387,-0.16838615078605268,76.11166667386759,112.15984046870733
65,Au,Bacillus subtilis,non-pathogenic,chemical_synthesis,MBC,triangular,Bacteria,Bacillota,Bacilli,Bacillales,Bacillaceae,Bacillus,p,soil,196.966569,22.5,2,0.16,30,11,23.00188061,0.0,0.0,2.46797672,0.39668640779055164,Klebsiella pneumoniae,0.6523957808932306,-0.25570937310267894,2.4927940982471206,4.491545266148266
66,ZnO,Bacillus subtilis,non-pathogenic,green_synthesis,MIC,hexagonal,Bacteria,Bacillota,Bacilli,Bacillales,Bacillaceae,Bacillus,p,soil,81.3794,60.0,24,0.16,30,8,22.60496136,17.07,0.6865,4.082482905,1.725752872555533,Klebsiella pneumoniae,2.0141116421271548,-0.2883587695716219,53.1805558787223,103.30269272129526
67,Ag,Bacillus subtilis,non-pathogenic,green_synthesis,MBEC,hexagonal,Bacteria,Bacillota,Bacilli,Bacillales,Bacillaceae,Bacillus,p,soil,107.87,26.06,24,0.16,30,11,23.00188061,0.0,0.0,1.78376517,2.165434337669846,Klebsiella pneumoniae,2.4987699728509694,-0.3333356351811232,146.36402285136245,315.333399529378
68,ZrO2,Bacillus subtilis,non-pathogenic,chemical_synthesis,MBEC,spherical,Bacteria,Bacillota,Bacilli,Bacillales,Bacillaceae,Bacillus,p,soil,123.2218,11.3,24,0.16,30,16,29.29254423,34.14,1.373,3.774536472,2.8904892365951165,Klebsiella pneumoniae,3.2311238074175823,-0.34063457082246584,777.122058629525,1702.6438240032105
69,Cu,Bacillus subtilis,non-pathogenic,green_synthesis,MIC,triangular,Bacteria,Bacillota,Bacilli,Bacillales,Bacillaceae,Bacillus,p,soil,63.55,12.5,1,0.16,30,11,17.96409803,0.0,0.0,1.243163121,-0.26826807444566647,Klebsiella pneumoniae,0.0983661533046638,-0.3666342277503303,0.53917770466995,1.2541981426913396
70,ZnO,Bacillus subtilis,non-pathogenic,chemical_synthesis,MBEC,cubic,Bacteria,Bacillota,Bacilli,Bacillales,Bacillaceae,Bacillus,p,soil,81.3794,38.0,24,0.16,30,8,22.60496136,17.07,0.6865,4.082482905,2.493232042078384,Klebsiella pneumoniae,2.8885831349528304,-0.3953510928744466,311.3379360894863,773.7187739507177
