,np,bacteria,bac_type,np_synthesis,method,shape,kingdom,phylum,class,order,family,genus,gram,isolated_from,mol_weight (g/mol),np_size_avg (nm),time_set,"min_Incub_period, h","growth_temp, C",Valance_electron,labuteASA,tpsa,CrippenMR,chi0v,pred_MIC_norm,pathogenic_bacteria,pred_MIC_pathogen,Fitness,pred_norm_MIC_original,pred_path_MIC_original
0,Ag,Bacillus subtilis,non-pathogenic,chemical_synthesis,MIC,spheroidal,Bacteria,Bacillota,Bacilli,Bacillales,Bacillaceae,Bacillus,p,soil,107.87,4.0,24,0.16,30,11,23.00188061,0.0,0.0,1.78376517,1.576650266999707,Klebsiella pneumoniae,0.6041259074956504,0.9725243595040565,37.72682582118388,4.019073120035886
1,ZrO2,Bacillus subtilis,non-pathogenic,chemical_synthesis,MIC,quasi-spherical,Bacteria,Bacillota,Bacilli,Bacillales,Bacillaceae,Bacillus,p,soil,123.2218,1.9,1,0.16,30,16,29.29254423,34.14,1.373,3.774536472,1.6710285211257854,Klebsiella pneumoniae,0.7109335729395725,0.9600949481862129,46.8844171218265,5.139650325834571
2,Ag,Bacillus subtilis,non-pathogenic,green_synthesis,MIC,spheroidal,Bacteria,Bacillota,Bacilli,Bacillales,Bacillaceae,Bacillus,p,soil,107.87,3.0,18,0.16,30,11,23.00188061,0.0,0.0,1.78376517,1.352005576687519,Klebsiella pneumoniae,0.4528028530056989,0.8992027236818201,22.49083485676072,2.8366310538987634
3,ZnO,Bacillus subtilis,non-pathogenic,green_synthesis,MIC,quasi-spherical,Bacteria,Bacillota,Bacilli,Bacillales,Bacillaceae,Bacillus,p,soil,81.3794,1.4,0,0.16,30,8,22.60496136,17.07,0.6865,4.082482905,1.3729146173064786,Klebsiella pneumoniae,0.5305546723383985,0.8423599449680801,23.600142066101814,3.3927719768311673
4,Ag,Bacillus subtilis,non-pathogenic,chemical_synthesis,MIC,spherical,Bacteria,Bacillota,Bacilli,Bacillales,Bacillaceae,Bacillus,p,soil,107.87,1.4,24,0.16,30,11,23.00188061,0.0,0.0,1.78376517,2.0246453217009397,Klebsiella pneumoniae,1.2362243982017884,0.7884209234991513,105.83890102051275,17.227584873998683
5,ZnO,Bacillus subtilis,non-pathogenic,green_synthesis,MIC,cubic,Bacteria,Bacillota,Bacilli,Bacillales,Bacillaceae,Bacillus,p,soil,81.3794,4.0,1,0.16,30,8,22.60496136,17.07,0.6865,4.082482905,1.4095169418889744,Klebsiella pneumoniae,0.6315478350940276,0.7779691067949468,25.67538366186213,4.281025700792488
6,CeO2,Bacillus subtilis,non-pathogenic,green_synthesis,MIC,spheroidal,Bacteria,Bacillota,Bacilli,Bacillales,Bacillaceae,Bacillus,p,soil,172.115,4.0,24,0.16,30,16,39.19032095,34.14,1.373,4.456551526,3.3565384418831172,Klebsiella pneumoniae,2.5886074863766493,0.767930955506468,2272.6807943151675,387.79971571753924
7,Ag,Bacillus subtilis,non-pathogenic,chemical_synthesis,MIC,quasi-hexagonal,Bacteria,Bacillota,Bacilli,Bacillales,Bacillaceae,Bacillus,p,soil,107.87,4.0,24,0.16,30,11,23.00188061,0.0,0.0,1.78376517,1.0872090605203386,Klebsiella pneumoniae,0.31944845877681693,0.7677606017435217,12.223879512268905,2.0866444703177818
8,TiO2,Bacillus subtilis,non-pathogenic,green_synthesis,MIC,quasi-spherical,Bacteria,Bacillota,Bacilli,Bacillales,Bacillaceae,Bacillus,p,soil,79.866,1.4,3,0.16,30,16,26.40611331,34.14,1.373,2.878049394,2.239212077179548,Klebsiella pneumoniae,1.4844704968049351,0.7547415803746127,173.46508656523662,30.51198743133007
9,Ag,Bacillus subtilis,non-pathogenic,chemical_synthesis,MIC,cubic,Bacteria,Bacillota,Bacilli,Bacillales,Bacillaceae,Bacillus,p,soil,107.87,4.0,1,0.16,30,11,23.00188061,0.0,0.0,1.78376517,1.358161458814387,Klebsiella pneumoniae,0.6112415852528972,0.7469198735614899,22.81189998444443,4.085465855898142
10,ZnO,Bacillus subtilis,non-pathogenic,green_synthesis,MIC,nanoplates,Bacteria,Bacillota,Bacilli,Bacillales,Bacillaceae,Bacillus,p,soil,81.3794,0.8,3,0.16,30,8,22.60496136,17.07,0.6865,4.082482905,1.532573356492053,Klebsiella pneumoniae,0.7856612177067139,0.746912138785339,34.08578940968702,6.104656301058899
11,CeO2,Bacillus subtilis,non-pathogenic,chemical_synthesis,MIC,cubic,Bacteria,Bacillota,Bacilli,Bacillales,Bacillaceae,Bacillus,p,soil,172.115,0.8,24,0.16,30,16,39.19032095,34.14,1.373,4.456551526,3.7498765484985888,Klebsiella pneumoniae,3.0344509922312177,0.715425556267371,5621.814981193653,1082.55754750667
12,ZnO,Bacillus subtilis,non-pathogenic,green_synthesis,MBC,rod-shaped,Bacteria,Bacillota,Bacilli,Bacillales,Bacillaceae,Bacillus,p,soil,81.3794,4.7,1,0.16,30,8,22.60496136,17.07,0.6865,4.082482905,1.9848265092859412,Klebsiella pneumoniae,1.2702980565811355,0.7145284527048057,96.56650408272348,18.63365526887433
13,Ag,Bacillus subtilis,non-pathogenic,chemical_synthesis,MIC,spheroidal,Bacteria,Bacillota,Bacilli,Bacillales,Bacillaceae,Bacillus,p,soil,107.87,17.5,18,0.16,30,11,23.00188061,0.0,0.0,1.78376517,0.892219940832902,Klebsiella pneumoniae,0.18087513829942936,0.7113448025334727,7.802251418424932,1.5166142710559736
14,Pd,Bacillus subtilis,non-pathogenic,chemical_synthesis,MIC,quasi-hexagonal,Bacteria,Bacillota,Bacilli,Bacillales,Bacillaceae,Bacillus,p,soil,195.084,1.9,24,0.16,30,10,21.14774404,0.0,0.0,1.870828693,1.3311999546691307,Klebsiella pneumoniae,0.6252734715584969,0.7059264831106338,21.438774421994612,4.21962125767981
15,ZnO,Bacillus subtilis,non-pathogenic,green_synthesis,MBEC,spherical,Bacteria,Bacillota,Bacilli,Bacillales,Bacillaceae,Bacillus,p,soil,81.3794,6.0,4,0.16,30,8,22.60496136,17.07,0.6865,4.082482905,2.453535218440064,Klebsiella pneumoniae,1.748710636699842,0.7048245817402219,284.1418596092014,56.067428346166274
16,TiO2,Bacillus subtilis,non-pathogenic,green_synthesis,MIC,spherical,Bacteria,Bacillota,Bacilli,Bacillales,Bacillaceae,Bacillus,p,soil,79.866,4.0,1,0.16,30,16,26.40611331,34.14,1.373,2.878049394,1.969652616575274,Klebsiella pneumoniae,1.2693895615939765,0.7002630549812974,93.25081079166821,18.59471650932722
17,Ag,Bacillus subtilis,non-pathogenic,chemical_synthesis,MIC,rod-shaped,Bacteria,Bacillota,Bacilli,Bacillales,Bacillaceae,Bacillus,p,soil,107.87,4.0,0,0.16,30,11,23.00188061,0.0,0.0,1.78376517,0.9137160422271945,Klebsiella pneumoniae,0.21565994448778314,0.6980560977394114,8.198153435037502,1.6430846730011108
18,ZnO,Bacillus subtilis,non-pathogenic,green_synthesis,MBC,spherical,Bacteria,Bacillota,Bacilli,Bacillales,Bacillaceae,Bacillus,p,soil,81.3794,5.1,2,0.16,30,8,22.60496136,17.07,0.6865,4.082482905,2.5002239169187166,Klebsiella pneumoniae,1.8057403801074974,0.6944835368112192,316.3908512208403,63.9352518270214
19,Ag,Bacillus subtilis,non-pathogenic,green_synthesis,MIC,quasi-spherical,Bacteria,Bacillota,Bacilli,Bacillales,Bacillaceae,Bacillus,p,soil,107.87,1.4,4,0.16,30,11,23.00188061,0.0,0.0,1.78376517,1.6277563073315462,Klebsiella pneumoniae,0.941909701698185,0.6858466056333612,42.43813669330438,8.74801867929356
20,ZnO,Bacillus subtilis,non-pathogenic,green_synthesis,MBC,quasi-hexagonal,Bacteria,Bacillota,Bacilli,Bacillales,Bacillaceae,Bacillus,p,soil,81.3794,3.0,3,0.16,30,8,22.60496136,17.07,0.6865,4.082482905,1.0521131448303405,Klebsiella pneumoniae,0.3704987940431477,0.6816143507871928,11.274911582255411,2.346922745699456
21,TiO2,Bacillus subtilis,non-pathogenic,chemical_synthesis,MBEC,quasi-spherical,Bacteria,Bacillota,Bacilli,Bacillales,Bacillaceae,Bacillus,p,soil,79.866,6.0,3,0.16,30,16,26.40611331,34.14,1.373,2.878049394,2.8882079780214305,Klebsiella pneumoniae,2.2192934892057026,0.6689144888157279,773.0507004686657,165.68892842701536
22,Ag,Bacillus subtilis,non-pathogenic,green_synthesis,MIC,quasi-spherical,Bacteria,Bacillota,Bacilli,Bacillales,Bacillaceae,Bacillus,p,soil,107.87,3.0,24,0.16,30,11,23.00188061,0.0,0.0,1.78376517,2.1749727306766795,Klebsiella pneumoniae,1.5112441492147144,0.6637285814619651,149.61417105007408,32.45220040221544
23,ZnO,Bacillus subtilis,non-pathogenic,green_synthesis,MIC,quasi-spherical,Bacteria,Bacillota,Bacilli,Bacillales,Bacillaceae,Bacillus,p,soil,81.3794,4.7,4,0.16,30,8,22.60496136,17.07,0.6865,4.082482905,1.2844983848255964,Klebsiella pneumoniae,0.6268244782800025,0.6576739065455939,19.25299884726803,4.234717837733484
24,ZnO,Bacillus subtilis,non-pathogenic,green_synthesis,MIC,cubic,Bacteria,Bacillota,Bacilli,Bacillales,Bacillaceae,Bacillus,p,soil,81.3794,5.1,1,0.16,30,8,22.60496136,17.07,0.6865,4.082482905,1.8634535905686842,Klebsiella pneumoniae,1.2203624088120835,0.6430911817566007,73.02197762029773,16.609723727433558
25,Ag,Bacillus subtilis,non-pathogenic,green_synthesis,MIC,rod-shaped,Bacteria,Bacillota,Bacilli,Bacillales,Bacillaceae,Bacillus,p,soil,107.87,1.9,0,0.16,30,11,23.00188061,0.0,0.0,1.78376517,1.551284734999151,Klebsiella pneumoniae,0.9179149742770354,0.6333697607221156,35.586455635869754,8.277800859209735
26,ZnO,Bacillus subtilis,non-pathogenic,chemical_synthesis,MIC,hexagonal,Bacteria,Bacillota,Bacilli,Bacillales,Bacillaceae,Bacillus,p,soil,81.3794,3.0,0,0.16,30,8,22.60496136,17.07,0.6865,4.082482905,1.5693951963934445,Klebsiella pneumoniae,0.9508621775021978,0.6185330188912467,37.101818486916606,8.93022039976348
27,TiO2,Bacillus subtilis,non-pathogenic,green_synthesis,MIC,quasi-hexagonal,Bacteria,Bacillota,Bacilli,Bacillales,Bacillaceae,Bacillus,p,soil,79.866,4.7,4,0.16,30,16,26.40611331,34.14,1.373,2.878049394,1.5301970055566247,Klebsiella pneumoniae,0.9170237210195166,0.6131732845371082,33.89978981903815,8.260830687262148
28,ZnO,Bacillus subtilis,non-pathogenic,green_synthesis,MBC,cubic,Bacteria,Bacillota,Bacilli,Bacillales,Bacillaceae,Bacillus,p,soil,81.3794,11.3,0,0.16,30,8,22.60496136,17.07,0.6865,4.082482905,2.5440696571075367,Klebsiella pneumoniae,1.9449519953037793,0.5991176618037575,350.0012997312031,88.09514917428943
29,Ag,Bacillus subtilis,non-pathogenic,green_synthesis,MIC,nanoplates,Bacteria,Bacillota,Bacilli,Bacillales,Bacillaceae,Bacillus,p,soil,107.87,1.9,0,0.16,30,11,23.00188061,0.0,0.0,1.78376517,2.021607285162448,Klebsiella pneumoniae,1.4242356653048422,0.5973716198576056,105.1011057440312,26.560464464973652
30,TiO2,Bacillus subtilis,non-pathogenic,chemical_synthesis,MBC,cubic,Bacteria,Bacillota,Bacilli,Bacillales,Bacillaceae,Bacillus,p,soil,79.866,5.1,4,0.16,30,16,26.40611331,34.14,1.373,2.878049394,2.8947763448077897,Klebsiella pneumoniae,2.3023641976554674,0.5924121471523223,784.8313540573535,200.61536747875277
31,ZnO,Bacillus subtilis,non-pathogenic,green_synthesis,MBC,hexagonal,Bacteria,Bacillota,Bacilli,Bacillales,Bacillaceae,Bacillus,p,soil,81.3794,11.3,3,0.16,30,8,22.60496136,17.07,0.6865,4.082482905,2.5297381491069157,Klebsiella pneumoniae,1.9422923625792448,0.587445786527671,338.63991706682503,87.55730036162082
32,Ag,Bacillus subtilis,non-pathogenic,green_synthesis,MIC,nanoplates,Bacteria,Bacillota,Bacilli,Bacillales,Bacillaceae,Bacillus,p,soil,107.87,3.0,1,0.16,30,11,23.00188061,0.0,0.0,1.78376517,1.7873611205522284,Klebsiella pneumoniae,1.2090270022104137,0.5783341183418147,61.285977944042585,16.181806447144332
33,CeO2,Bacillus subtilis,non-pathogenic,green_synthesis,MIC,cubic,Bacteria,Bacillota,Bacilli,Bacillales,Bacillaceae,Bacillus,p,soil,172.115,4.0,1,0.16,30,16,39.19032095,34.14,1.373,4.456551526,2.4887928434497457,Klebsiella pneumoniae,1.9119226368168376,0.5768702066329081,308.1717633905884,81.64369221580588
34,Ag,Bacillus subtilis,non-pathogenic,chemical_synthesis,MBEC,tetragonal,Bacteria,Bacillota,Bacilli,Bacillales,Bacillaceae,Bacillus,p,soil,107.87,5.1,18,0.16,30,11,23.00188061,0.0,0.0,1.78376517,0.6898058411178372,Klebsiella pneumoniae,0.11468773999306037,0.5751181011247768,4.895599041892521,1.3022301314811449
35,ZnO,Bacillus subtilis,non-pathogenic,green_synthesis,MBC,hexagonal,Bacteria,Bacillota,Bacilli,Bacillales,Bacillaceae,Bacillus,p,soil,81.3794,12.0,0,0.16,30,8,22.60496136,17.07,0.6865,4.082482905,2.558162524915083,Klebsiella pneumoniae,1.9871644789673528,0.57099804594773,361.5451374399175,97.08775950084018
36,Ag,Bacillus subtilis,non-pathogenic,chemical_synthesis,MIC,quasi-hexagonal,Bacteria,Bacillota,Bacilli,Bacillales,Bacillaceae,Bacillus,p,soil,107.87,4.7,0,0.16,30,11,23.00188061,0.0,0.0,1.78376517,0.6217681633742367,Klebsiella pneumoniae,0.05266754179124855,0.5691006215829881,4.185700629073935,1.1289313718080585
37,ZnO,Bacillus subtilis,non-pathogenic,green_synthesis,MBC,nanoplates,Bacteria,Bacillota,Bacilli,Bacillales,Bacillaceae,Bacillus,p,soil,81.3794,12.0,0,0.16,30,8,22.60496136,17.07,0.6865,4.082482905,2.560137173439725,Klebsiella pneumoniae,1.9925322533168495,0.5676049201228754,363.1927523636806,98.29518701994506
38,CuO,Bacillus subtilis,non-pathogenic,green_synthesis,MBC,spheroidal,Bacteria,Bacillota,Bacilli,Bacillales,Bacillaceae,Bacillus,p,soil,79.5454,6.0,1,0.16,30,17,20.67942236,17.07,0.6865,1.651411411,3.570644404396461,Klebsiella pneumoniae,3.0131208242411516,0.5575235801553093,3720.8692076576035,1030.6728220824032
39,TiO2,Bacillus subtilis,non-pathogenic,chemical_synthesis,MBC,quasi-hexagonal,Bacteria,Bacillota,Bacilli,Bacillales,Bacillaceae,Bacillus,p,soil,79.866,10.0,0,0.16,30,16,26.40611331,34.14,1.373,2.878049394,2.0938057346742696,Klebsiella pneumoniae,1.5461418493928927,0.5476638852813769,124.10970252668112,35.16752860584011
40,ZnO,Bacillus subtilis,non-pathogenic,green_synthesis,MBEC,cubic,Bacteria,Bacillota,Bacilli,Bacillales,Bacillaceae,Bacillus,p,soil,81.3794,12.0,4,0.16,30,8,22.60496136,17.07,0.6865,4.082482905,2.572793000046256,Klebsiella pneumoniae,2.0291983471756643,0.5435946528705919,373.93231655756136,106.9543240124253
41,TiO2,Bacillus subtilis,non-pathogenic,chemical_synthesis,MBEC,quasi-hexagonal,Bacteria,Bacillota,Bacilli,Bacillales,Bacillaceae,Bacillus,p,soil,79.866,12.0,4,0.16,30,16,26.40611331,34.14,1.373,2.878049394,2.2536572520124674,Klebsiella pneumoniae,1.7102538015814888,0.5434034504309786,179.33177703308266,51.31611876439139
42,ZnO,Bacillus subtilis,non-pathogenic,green_synthesis,MBC,spheroidal,Bacteria,Bacillota,Bacilli,Bacillales,Bacillaceae,Bacillus,p,soil,81.3794,5.1,0,0.16,30,8,22.60496136,17.07,0.6865,4.082482905,2.637963569973498,Klebsiella pneumoniae,2.0950853872608217,0.5428781827126761,434.4737775765603,124.47593216293043
43,TiO2,Bacillus subtilis,non-pathogenic,green_synthesis,MBEC,quasi-hexagonal,Bacteria,Bacillota,Bacilli,Bacillales,Bacillaceae,Bacillus,p,soil,79.866,1.9,4,0.16,30,16,26.40611331,34.14,1.373,2.878049394,1.9661356605165512,Klebsiella pneumoniae,1.423632541817748,0.5425031186988032,92.49870669171196,26.523604402374474
44,Au,Bacillus subtilis,non-pathogenic,chemical_synthesis,MIC,quasi-spherical,Bacteria,Bacillota,Bacilli,Bacillales,Bacillaceae,Bacillus,p,soil,196.966569,1.4,3,0.16,30,11,23.00188061,0.0,0.0,2.46797672,1.7129313307860659,Klebsiella pneumoniae,1.1705747392313606,0.5423565915547053,51.633472167071744,14.810671152717406
45,Pd,Bacillus subtilis,non-pathogenic,chemical_synthesis,MIC,quasi-hexagonal,Bacteria,Bacillota,Bacilli,Bacillales,Bacillaceae,Bacillus,p,soil,195.084,10.4,3,0.16,30,10,21.14774404,0.0,0.0,1.870828693,0.541554107492972,Klebsiella pneumoniae,0.01391401268229453,0.5276400948106774,3.4797985875234847,1.0325569463540987
46,TiO2,Bacillus subtilis,non-pathogenic,green_synthesis,MIC,tetragonal,Bacteria,Bacillota,Bacilli,Bacillales,Bacillaceae,Bacillus,p,soil,79.866,4.0,3,0.16,30,16,26.40611331,34.14,1.373,2.878049394,0.7941531475162131,Klebsiella pneumoniae,0.2667219243857861,0.527431223130427,6.225197688436853,1.8480849246585225
47,ZnO,Bacillus subtilis,non-pathogenic,chemical_synthesis,MBEC,quasi-spherical,Bacteria,Bacillota,Bacilli,Bacillales,Bacillaceae,Bacillus,p,soil,81.3794,10.0,4,0.16,30,8,22.60496136,17.07,0.6865,4.082482905,2.0257026463569083,Klebsiella pneumoniae,1.516016201551211,0.5096864448056972,106.09688820903281,32.8107533084078
48,Ag,Bacillus subtilis,non-pathogenic,chemical_synthesis,MIC,triangular,Bacteria,Bacillota,Bacilli,Bacillales,Bacillaceae,Bacillus,p,soil,107.87,26.38,3,0.16,30,11,23.00188061,0.0,0.0,1.78376517,-0.9869006715770996,Klebsiella pneumoniae,-1.4327701743840349,0.44586950280693527,0.10306218092137234,0.03691729106205674
49,ZnO,Bacillus subtilis,non-pathogenic,chemical_synthesis,MBEC,quasi-hexagonal,Bacteria,Bacillota,Bacilli,Bacillales,Bacillaceae,Bacillus,p,soil,81.3794,1.4,3,0.16,30,8,22.60496136,17.07,0.6865,4.082482905,0.9751673630939854,Klebsiella pneumoniae,0.5341250260778885,0.44104233701609696,9.44424757025602,3.4207790681663077
50,Ag,Bacillus subtilis,non-pathogenic,green_synthesis,MIC,spheroidal,Bacteria,Bacillota,Bacilli,Bacillales,Bacillaceae,Bacillus,p,soil,107.87,20.0,24,0.16,30,11,23.00188061,0.0,0.0,1.78376517,1.022004425336665,Klebsiella pneumoniae,0.708686843675939,0.3133175816607259,10.519725930687173,5.113130105781999
51,CeO2,Bacillus subtilis,non-pathogenic,chemical_synthesis,MIC,triangular,Bacteria,Bacillota,Bacilli,Bacillales,Bacillaceae,Bacillus,p,soil,172.115,8.7,0,0.16,30,16,39.19032095,34.14,1.373,4.456551526,0.8920766223519979,Klebsiella pneumoniae,0.6019028722808664,0.29017375007113155,7.799677076861776,3.998553141835262
52,Ag,Bacillus subtilis,non-pathogenic,chemical_synthesis,MIC,quasi-hexagonal,Bacteria,Bacillota,Bacilli,Bacillales,Bacillaceae,Bacillus,p,soil,107.8682,10.0,0,0.16,30,11,23.00188061,0.0,0.0,1.78376517,1.3670573381960487,Klebsiella pneumoniae,1.091769127385146,0.2752882108109027,23.28398646708357,12.352905736512566
53,ZnO,Bacillus subtilis,non-pathogenic,green_synthesis,MBC,rod-shaped,Bacteria,Bacillota,Bacilli,Bacillales,Bacillaceae,Bacillus,p,soil,81.3794,30.0,2,0.16,30,8,22.60496136,17.07,0.6865,4.082482905,1.4532630622798075,Klebsiella pneumoniae,1.1799983591122607,0.2732647031675468,28.39638542797596,15.135555297832965
54,Ag,Bacillus subtilis,non-pathogenic,green_synthesis,MBEC,tetragonal,Bacteria,Bacillota,Bacilli,Bacillales,Bacillaceae,Bacillus,p,soil,107.87,44.45,3,0.16,30,11,23.00188061,0.0,0.0,1.78376517,0.12961965074074566,Klebsiella pneumoniae,-0.11750331878696318,0.24712296952770885,1.3477819962412132,0.7629510608279356
55,CuO,Bacillus subtilis,non-pathogenic,chemical_synthesis,MBEC,quasi-spherical,Bacteria,Bacillota,Bacilli,Bacillales,Bacillaceae,Bacillus,p,soil,79.5454,5.1,0,0.16,30,17,20.67942236,17.07,0.6865,1.651411411,3.1506403952359303,Klebsiella pneumoniae,2.9294186259179833,0.22122176931794701,1414.621958798613,849.9994132396664
56,Ag,Bacillus subtilis,non-pathogenic,chemical_synthesis,MBEC,tetragonal,Bacteria,Bacillota,Bacilli,Bacillales,Bacillaceae,Bacillus,p,soil,107.87,12.0,3,0.16,30,11,23.00188061,0.0,0.0,1.78376517,0.6519617790946939,Klebsiella pneumoniae,0.45469247319471817,0.1972693058999757,4.48705898986162,2.849000157147943
57,CeO2,Bacillus subtilis,non-pathogenic,green_synthesis,MBC,spherical,Bacteria,Bacillota,Bacilli,Bacillales,Bacillaceae,Bacillus,p,soil,172.115,0.8,1,0.16,30,16,39.19032095,34.14,1.373,4.456551526,2.1882060643606125,Klebsiella pneumoniae,2.0126868232443957,0.17551924111621675,154.2432133668593,102.9643360231514
58,ZnO,Bacillus subtilis,non-pathogenic,green_synthesis,MBEC,quasi-hexagonal,Bacteria,Bacillota,Bacilli,Bacillales,Bacillaceae,Bacillus,p,soil,81.3794,37.86,18,0.16,30,8,22.60496136,17.07,0.6865,4.082482905,0.05077501901816861,Klebsiella pneumoniae,-0.12217524571093774,0.17295026472910635,1.124022536893773,0.7547875957042736
59,CeO2,Bacillus subtilis,non-pathogenic,chemical_synthesis,MIC,quasi-hexagonal,Bacteria,Bacillota,Bacilli,Bacillales,Bacillaceae,Bacillus,p,soil,172.115,41.23,18,0.16,30,16,39.19032095,34.14,1.373,4.456551526,1.2805444144560232,Klebsiella pneumoniae,1.118097765787311,0.16244664866871217,19.078508262246054,13.124953268968554
60,ZnO,Bacillus subtilis,non-pathogenic,chemical_synthesis,MIC,quasi-spherical,Bacteria,Bacillota,Bacilli,Bacillales,Bacillaceae,Bacillus,p,soil,81.3794,20.0,4,0.16,30,8,22.60496136,17.07,0.6865,4.082482905,1.3819922272045293,Klebsiella pneumoniae,1.2343216771665961,0.14767055003793317,24.09862297734771,17.152272871877564
61,Ag,Bacillus subtilis,non-pathogenic,green_synthesis,MIC,quasi-spherical,Bacteria,Bacillota,Bacilli,Bacillales,Bacillaceae,Bacillus,p,soil,107.87,22.5,0,0.16,30,11,23.00188061,0.0,0.0,1.78376517,1.448408577180191,Klebsiella pneumoniae,1.301833121878539,0.14657545530165184,28.080741861559396,20.037019547942755
62,ZnO,Bacillus subtilis,non-pathogenic,green_synthesis,MBEC,spheroidal,Bacteria,Bacillota,Bacilli,Bacillales,Bacillaceae,Bacillus,p,soil,81.3794,26.06,3,0.16,30,8,22.60496136,17.07,0.6865,4.082482905,2.1945306491560137,Klebsiella pneumoniae,2.0773101556052684,0.11722049355074526,156.50587651082617,119.48411071725751
63,Ag,Bacillus subtilis,non-pathogenic,green_synthesis,MIC,nanoplates,Bacteria,Bacillota,Bacilli,Bacillales,Bacillaceae,Bacillus,p,soil,107.87,37.86,0,0.16,30,11,23.00188061,0.0,0.0,1.78376517,1.3202874950426966,Klebsiella pneumoniae,1.2040627641846344,0.11622473085806218,20.906796647532932,15.99789213247465
64,ZnO,Bacillus subtilis,non-pathogenic,chemical_synthesis,MBEC,tetragonal,Bacteria,Bacillota,Bacilli,Bacillales,Bacillaceae,Bacillus,p,soil,81.3794,13.0,24,0.16,30,8,22.60496136,17.07,0.6865,4.082482905,1.2345790655897764,Klebsiella pneumoniae,1.1276697389358588,0.10690932665391761,17.162441329329408,13.417442380351837
65,Ag,Bacillus subtilis,non-pathogenic,green_synthesis,MBC,hexagonal,Bacteria,Bacillota,Bacilli,Bacillales,Bacillaceae,Bacillus,p,soil,107.87,4.0,3,0.16,30,11,23.00188061,0.0,0.0,1.78376517,1.6082481437146972,Klebsiella pneumoniae,1.5476427516211322,0.06060539209356497,40.57402978837341,35.28927626160688
66,ZnO,Bacillus subtilis,non-pathogenic,green_synthesis,MBEC,spherical,Bacteria,Bacillota,Bacilli,Bacillales,Bacillaceae,Bacillus,p,soil,81.3794,8.7,24,0.16,30,8,22.60496136,17.07,0.6865,4.082482905,2.809903794164744,Klebsiella pneumoniae,2.786481779435488,0.02342201472925609,645.5112181803031,611.6201422601383
67,Al2O3,Bacillus subtilis,non-pathogenic,chemical_synthesis,MBEC,triangular,Bacteria,Bacillota,Bacilli,Bacillales,Bacillaceae,Bacillus,p,soil,101.961276,100.0,1,0.16,30,24,51.55776403,85.5,13.5675,4.688846487,0.8263702391664275,Klebsiella pneumoniae,0.8283977414874897,-0.002027502321062191,6.704559343541876,6.735932732477644
68,Ag,Bacillus subtilis,non-pathogenic,green_synthesis,MBC,nanoplates,Bacteria,Bacillota,Bacilli,Bacillales,Bacillaceae,Bacillus,p,soil,107.8682,50.0,18,0.16,30,11,23.00188061,0.0,0.0,1.78376517,1.318745190396459,Klebsiella pneumoniae,1.3525281789989434,-0.0337829886024843,20.83268227663644,22.517915184680824
69,Au,Bacillus subtilis,non-pathogenic,green_synthesis,MIC,cubic,Bacteria,Bacillota,Bacilli,Bacillales,Bacillaceae,Bacillus,p,soil,196.966569,12.5,0,0.16,30,11,23.00188061,0.0,0.0,2.46797672,2.6271902265902334,Klebsiella pneumoniae,2.6703253477966165,-0.043135121206383076,423.8285677833197,468.08567213449453
70,Ag,Bacillus subtilis,non-pathogenic,green_synthesis,MIC,nanoplates,Bacteria,Bacillota,Bacilli,Bacillales,Bacillaceae,Bacillus,p,soil,107.8682,22.5,0,0.16,30,11,23.00188061,0.0,0.0,1.78376517,1.7135975290701202,Klebsiella pneumoniae,1.7697613898528624,-0.05616386078274216,51.71273756987849,58.85202216342749
71,Au,Bacillus subtilis,non-pathogenic,chemical_synthesis,MBEC,nanoplates,Bacteria,Bacillota,Bacilli,Bacillales,Bacillaceae,Bacillus,p,soil,196.966569,26.38,18,0.16,30,11,23.00188061,0.0,0.0,2.46797672,2.050901643134811,Klebsiella pneumoniae,2.1381546541937335,-0.08725301105892269,112.43503078362932,137.45313645937497
72,Ag,Bacillus subtilis,non-pathogenic,green_synthesis,MIC,nanoplates,Bacteria,Bacillota,Bacilli,Bacillales,Bacillaceae,Bacillus,p,soil,107.87,28.0,18,0.16,30,11,23.00188061,0.0,0.0,1.78376517,1.6577288378324002,Klebsiella pneumoniae,1.7683660362942641,-0.11063719846186393,45.47040661194164,58.66323874196006
73,ZnO,Bacillus subtilis,non-pathogenic,green_synthesis,MIC,nanoplates,Bacteria,Bacillota,Bacilli,Bacillales,Bacillaceae,Bacillus,p,soil,81.3794,60.0,18,0.16,30,8,22.60496136,17.07,0.6865,4.082482905,1.1924449622281559,Klebsiella pneumoniae,1.3317016716254049,-0.139256709397249,15.575606339837547,21.463555791589265
74,CuO,Bacillus subtilis,non-pathogenic,green_synthesis,MIC,tetragonal,Bacteria,Bacillota,Bacilli,Bacillales,Bacillaceae,Bacillus,p,soil,79.5454,18.5,18,0.16,30,17,20.67942236,17.07,0.6865,1.651411411,1.0464163392367136,Klebsiella pneumoniae,1.1925351709761622,-0.14611883173944862,11.127980071669564,15.578841936743405
75,Ag,Bacillus subtilis,non-pathogenic,chemical_synthesis,MBC,rod-shaped,Bacteria,Bacillota,Bacilli,Bacillales,Bacillaceae,Bacillus,p,soil,107.87,41.23,3,0.16,30,11,23.00188061,0.0,0.0,1.78376517,0.9683957829249367,Klebsiella pneumoniae,1.1259626340932078,-0.15756685116827118,9.2981336189185,13.364805232478261
76,Au,Bacillus subtilis,non-pathogenic,chemical_synthesis,MBC,spheroidal,Bacteria,Bacillota,Bacilli,Bacillales,Bacillaceae,Bacillus,p,soil,196.966569,4.7,1,0.16,30,11,23.00188061,0.0,0.0,2.46797672,1.4797433103567785,Klebsiella pneumoniae,1.6488326983932413,-0.16908938803646278,30.181673060954754,44.548460300404734
77,Ag,Bacillus subtilis,non-pathogenic,green_synthesis,MBC,tetragonal,Bacteria,Bacillota,Bacilli,Bacillales,Bacillaceae,Bacillus,p,soil,107.87,12.5,2,0.16,30,11,23.00188061,0.0,0.0,1.78376517,1.1458231897526419,Klebsiella pneumoniae,1.3265993069794375,-0.18077611722679565,13.990176376594306,21.212863968613213
78,Au,Bacillus subtilis,non-pathogenic,green_synthesis,MBC,rod-shaped,Bacteria,Bacillota,Bacilli,Bacillales,Bacillaceae,Bacillus,p,soil,196.966569,60.0,24,0.16,30,11,23.00188061,0.0,0.0,2.46797672,1.5599700006426638,Klebsiella pneumoniae,1.7746220835183186,-0.21465208287565485,36.30529756300789,59.51440328104986
79,ZnO,Bacillus subtilis,non-pathogenic,chemical_synthesis,MBEC,rod-shaped,Bacteria,Bacillota,Bacilli,Bacillales,Bacillaceae,Bacillus,p,soil,81.3794,35.0,18,0.16,30,8,22.60496136,17.07,0.6865,4.082482905,1.3688266915770462,Klebsiella pneumoniae,1.5912871126339996,-0.2224604210569534,23.379040945738975,39.01998630513815
80,Al2O3,Bacillus subtilis,non-pathogenic,chemical_synthesis,MIC,quasi-spherical,Bacteria,Bacillota,Bacilli,Bacillales,Bacillaceae,Bacillus,p,soil,101.961276,30.0,4,0.16,30,24,51.55776403,85.5,13.5675,4.688846487,2.7682908607180665,Klebsiella pneumoniae,2.9969077747159263,-0.22861691399785977,586.530851220209,992.9051760997879
81,Ag,Bacillus subtilis,non-pathogenic,chemical_synthesis,MBC,spherical,Bacteria,Bacillota,Bacilli,Bacillales,Bacillaceae,Bacillus,p,soil,107.8682,4.7,18,0.16,30,11,23.00188061,0.0,0.0,1.78376517,1.502371098859725,Klebsiella pneumoniae,1.9337561800236407,-0.4313850811639157,31.795898274222175,85.85313927116498
