,np,bacteria,bac_type,np_synthesis,method,shape,kingdom,phylum,class,order,family,genus,gram,isolated_from,mol_weight (g/mol),np_size_avg (nm),time_set,"min_Incub_period, h","growth_temp, C",Valance_electron,labuteASA,tpsa,CrippenMR,chi0v,pred_MIC_norm,pathogenic_bacteria,pred_MIC_pathogen,Fitness,pred_norm_MIC_original,pred_path_MIC_original
0,ZnO,Bacillus subtilis,non-pathogenic,green_synthesis,MIC,cubic,Bacteria,Bacillota,Bacilli,Bacillales,Bacillaceae,Bacillus,p,soil,81.3794,4.0,4,0.16,30,8,22.60496136,17.07,0.6865,4.082482905,1.407865834984728,Klebsiella pneumoniae,0.5801545684598743,0.8277112665248536,25.57795594347584,3.8032473248215104
1,Ag,Bacillus subtilis,non-pathogenic,chemical_synthesis,MIC,spheroidal,Bacteria,Bacillota,Bacilli,Bacillales,Bacillaceae,Bacillus,p,soil,107.87,1.4,2,0.16,30,11,23.00188061,0.0,0.0,1.78376517,0.9975484790951428,Klebsiella pneumoniae,0.1853474042741312,0.8122010748210116,9.94371066657431,1.5323127112546697
2,CeO2,Bacillus subtilis,non-pathogenic,chemical_synthesis,MIC,hexagonal,Bacteria,Bacillota,Bacilli,Bacillales,Bacillaceae,Bacillus,p,soil,172.115,4.0,0,0.16,30,16,39.19032095,34.14,1.373,4.456551526,2.5209043813544194,Klebsiella pneumoniae,1.7249881013753425,0.7959162799790769,331.82139237102484,53.086989947283485
3,ZrO2,Bacillus subtilis,non-pathogenic,chemical_synthesis,MIC,spheroidal,Bacteria,Bacillota,Bacilli,Bacillales,Bacillaceae,Bacillus,p,soil,123.2218,3.0,0,0.16,30,16,29.29254423,34.14,1.373,3.774536472,1.628522552137037,Klebsiella pneumoniae,0.8336479100437901,0.7948746420932469,42.513078251392365,6.817857346819985
4,ZnO,Bacillus subtilis,non-pathogenic,green_synthesis,MBC,quasi-spherical,Bacteria,Bacillota,Bacilli,Bacillales,Bacillaceae,Bacillus,p,soil,81.3794,4.7,2,0.16,30,8,22.60496136,17.07,0.6865,4.082482905,2.078970087582796,Klebsiella pneumoniae,1.2906475961127268,0.7883224914700693,119.94166894172588,19.527542699179868
5,Ag,Bacillus subtilis,non-pathogenic,chemical_synthesis,MIC,spherical,Bacteria,Bacillota,Bacilli,Bacillales,Bacillaceae,Bacillus,p,soil,107.87,1.4,0,0.16,30,11,23.00188061,0.0,0.0,1.78376517,1.1200656812414822,Klebsiella pneumoniae,0.33711836998513567,0.7829473112563465,13.184561223628144,2.1732934444084475
6,ZnO,Bacillus subtilis,non-pathogenic,green_synthesis,MIC,rod-shaped,Bacteria,Bacillota,Bacilli,Bacillales,Bacillaceae,Bacillus,p,soil,81.3794,4.0,1,0.16,30,8,22.60496136,17.07,0.6865,4.082482905,0.965332509076222,Klebsiella pneumoniae,0.1824141271985935,0.7829183818776285,9.23278046394574,1.5219981592935627
7,TiO2,Bacillus subtilis,non-pathogenic,green_synthesis,MIC,quasi-hexagonal,Bacteria,Bacillota,Bacilli,Bacillales,Bacillaceae,Bacillus,p,soil,79.866,4.0,0,0.16,30,16,26.40611331,34.14,1.373,2.878049394,1.544971540491587,Klebsiella pneumoniae,0.7999660779583038,0.7450054625332831,35.07288897810878,6.309080633440734
8,ZnO,Bacillus subtilis,non-pathogenic,green_synthesis,MBC,quasi-spherical,Bacteria,Bacillota,Bacilli,Bacillales,Bacillaceae,Bacillus,p,soil,81.3794,8.0,0,0.16,30,8,22.60496136,17.07,0.6865,4.082482905,2.2656557745582644,Klebsiella pneumoniae,1.5222637466839957,0.7433920278742687,184.35536239061463,33.28616385257893
9,Ag,Bacillus subtilis,non-pathogenic,chemical_synthesis,MIC,quasi-spherical,Bacteria,Bacillota,Bacilli,Bacillales,Bacillaceae,Bacillus,p,soil,107.87,4.0,2,0.16,30,11,23.00188061,0.0,0.0,1.78376517,1.041893744708151,Klebsiella pneumoniae,0.29952818918048196,0.7423655555276691,11.012698378609882,1.9930958698066377
10,ZnO,Bacillus subtilis,non-pathogenic,green_synthesis,MBC,rod-shaped,Bacteria,Bacillota,Bacilli,Bacillales,Bacillaceae,Bacillus,p,soil,81.3794,4.7,1,0.16,30,8,22.60496136,17.07,0.6865,4.082482905,1.9848265092859412,Klebsiella pneumoniae,1.2702980565811355,0.7145284527048057,96.56650408272348,18.63365526887433
11,ZnO,Bacillus subtilis,non-pathogenic,chemical_synthesis,MIC,quasi-hexagonal,Bacteria,Bacillota,Bacilli,Bacillales,Bacillaceae,Bacillus,p,soil,81.3794,1.9,0,0.16,30,8,22.60496136,17.07,0.6865,4.082482905,0.7296726406440353,Klebsiella pneumoniae,0.024354329094733895,0.7053183115493014,5.366271489491252,1.0576800898009506
12,TiO2,Bacillus subtilis,non-pathogenic,green_synthesis,MIC,spherical,Bacteria,Bacillota,Bacilli,Bacillales,Bacillaceae,Bacillus,p,soil,79.866,4.0,0,0.16,30,16,26.40611331,34.14,1.373,2.878049394,2.068776663719629,Klebsiella pneumoniae,1.3695003355055557,0.6992763282140735,117.15927181247103,23.41533284073527
13,ZnO,Bacillus subtilis,non-pathogenic,green_synthesis,MBC,nanoplates,Bacteria,Bacillota,Bacilli,Bacillales,Bacillaceae,Bacillus,p,soil,81.3794,8.7,4,0.16,30,8,22.60496136,17.07,0.6865,4.082482905,2.470561703464321,Klebsiella pneumoniae,1.7863675923283253,0.6841941111359957,295.5028701678419,61.14593528483552
14,TiO2,Bacillus subtilis,non-pathogenic,chemical_synthesis,MIC,quasi-hexagonal,Bacteria,Bacillota,Bacilli,Bacillales,Bacillaceae,Bacillus,p,soil,79.866,3.0,4,0.16,30,16,26.40611331,34.14,1.373,2.878049394,1.5861788077391659,Klebsiella pneumoniae,0.9233664400208836,0.6628123677182822,38.56370995049273,8.382362534873572
15,Ag,Bacillus subtilis,non-pathogenic,chemical_synthesis,MIC,spheroidal,Bacteria,Bacillota,Bacilli,Bacillales,Bacillaceae,Bacillus,p,soil,107.87,41.23,18,0.16,30,11,23.00188061,0.0,0.0,1.78376517,0.7531246744322511,Klebsiella pneumoniae,0.10389778861699539,0.6492268858152557,5.664018646611268,1.2702751102616308
16,ZnO,Bacillus subtilis,non-pathogenic,chemical_synthesis,MBC,quasi-spherical,Bacteria,Bacillota,Bacilli,Bacillales,Bacillaceae,Bacillus,p,soil,81.3794,6.0,3,0.16,30,8,22.60496136,17.07,0.6865,4.082482905,1.6770247488278622,Klebsiella pneumoniae,1.0305485390807532,0.6464762097471091,47.53623143019102,10.728735512376144
17,Ag,Bacillus subtilis,non-pathogenic,chemical_synthesis,MIC,spheroidal,Bacteria,Bacillota,Bacilli,Bacillales,Bacillaceae,Bacillus,p,soil,107.87,60.0,18,0.16,30,11,23.00188061,0.0,0.0,1.78376517,0.5492343338446153,Klebsiella pneumoniae,-0.08530498946060638,0.6345393233052217,3.541884002499187,0.821665421089512
18,ZnO,Bacillus subtilis,non-pathogenic,green_synthesis,MBEC,quasi-spherical,Bacteria,Bacillota,Bacilli,Bacillales,Bacillaceae,Bacillus,p,soil,81.3794,10.4,4,0.16,30,8,22.60496136,17.07,0.6865,4.082482905,2.278680176844711,Klebsiella pneumoniae,1.6456043253022448,0.6330758515424662,189.96788031644218,44.21853249424601
19,TiO2,Bacillus subtilis,non-pathogenic,green_synthesis,MBC,quasi-hexagonal,Bacteria,Bacillota,Bacilli,Bacillales,Bacillaceae,Bacillus,p,soil,79.866,1.9,0,0.16,30,16,26.40611331,34.14,1.373,2.878049394,1.9430947304502757,Klebsiella pneumoniae,1.3127226813999266,0.630372049050349,87.7192137744618,20.545782267642505
20,Ag,Bacillus subtilis,non-pathogenic,green_synthesis,MIC,quasi-hexagonal,Bacteria,Bacillota,Bacilli,Bacillales,Bacillaceae,Bacillus,p,soil,107.87,1.4,24,0.16,30,11,23.00188061,0.0,0.0,1.78376517,1.9276572388719064,Klebsiella pneumoniae,1.2991716698503402,0.6284855690215663,84.65590149998549,19.914603767214828
21,ZnO,Bacillus subtilis,non-pathogenic,green_synthesis,MBEC,quasi-hexagonal,Bacteria,Bacillota,Bacilli,Bacillales,Bacillaceae,Bacillus,p,soil,81.3794,3.0,4,0.16,30,8,22.60496136,17.07,0.6865,4.082482905,1.069853824562839,Klebsiella pneumoniae,0.4442756293832104,0.6255781951796286,11.74502172838971,2.78147800082832
22,CuO,Bacillus subtilis,non-pathogenic,green_synthesis,MBC,quasi-spherical,Bacteria,Bacillota,Bacilli,Bacillales,Bacillaceae,Bacillus,p,soil,79.5454,4.7,4,0.16,30,17,20.67942236,17.07,0.6865,1.651411411,3.1499206008747507,Klebsiella pneumoniae,2.530986192669522,0.6189344082052286,1412.2793235342506,339.6144752074556
23,Ag,Bacillus subtilis,non-pathogenic,chemical_synthesis,MIC,cubic,Bacteria,Bacillota,Bacilli,Bacillales,Bacillaceae,Bacillus,p,soil,107.87,1.9,18,0.16,30,11,23.00188061,0.0,0.0,1.78376517,1.474302441882568,Klebsiella pneumoniae,0.860594022233451,0.613708419649117,29.805913852347032,7.2542751193606465
24,ZnO,Bacillus subtilis,non-pathogenic,green_synthesis,MBC,hexagonal,Bacteria,Bacillota,Bacilli,Bacillales,Bacillaceae,Bacillus,p,soil,81.3794,10.0,3,0.16,30,8,22.60496136,17.07,0.6865,4.082482905,2.526813970243419,Klebsiella pneumoniae,1.9197383429186665,0.6070756273247526,336.36745573307604,83.12627945967168
25,Ag,Bacillus subtilis,non-pathogenic,chemical_synthesis,MIC,spheroidal,Bacteria,Bacillota,Bacilli,Bacillales,Bacillaceae,Bacillus,p,soil,107.87,5.1,24,0.16,30,11,23.00188061,0.0,0.0,1.78376517,1.5653888591139729,Klebsiella pneumoniae,0.961877205550228,0.6035116535637448,36.761130543515314,9.159614702822529
26,ZnO,Bacillus subtilis,non-pathogenic,chemical_synthesis,MBC,quasi-spherical,Bacteria,Bacillota,Bacilli,Bacillales,Bacillaceae,Bacillus,p,soil,81.3794,5.1,2,0.16,30,8,22.60496136,17.07,0.6865,4.082482905,1.6293462592194556,Klebsiella pneumoniae,1.034160618937701,0.5951856402817546,42.59378743598383,10.8183398147083
27,TiO2,Bacillus subtilis,non-pathogenic,green_synthesis,MIC,triangular,Bacteria,Bacillota,Bacilli,Bacillales,Bacillaceae,Bacillus,p,soil,79.866,4.0,24,0.16,30,16,26.40611331,34.14,1.373,2.878049394,1.1718680471798315,Klebsiella pneumoniae,0.5794546284611479,0.5924134187186836,14.854842351818531,3.797122676640026
28,CeO2,Bacillus subtilis,non-pathogenic,green_synthesis,MIC,nanoplates,Bacteria,Bacillota,Bacilli,Bacillales,Bacillaceae,Bacillus,p,soil,172.115,0.8,1,0.16,30,16,39.19032095,34.14,1.373,4.456551526,2.6030164138305487,Klebsiella pneumoniae,2.014292331767415,0.5887240820631336,400.8818683671579,103.34568108672589
29,ZnO,Bacillus subtilis,non-pathogenic,green_synthesis,MBEC,spheroidal,Bacteria,Bacillota,Bacilli,Bacillales,Bacillaceae,Bacillus,p,soil,81.3794,12.0,18,0.16,30,8,22.60496136,17.07,0.6865,4.082482905,2.488432144493925,Klebsiella pneumoniae,1.9007251070656275,0.5877070374282973,307.9159206608079,79.56555693679364
30,Ag,Bacillus subtilis,non-pathogenic,chemical_synthesis,MIC,cubic,Bacteria,Bacillota,Bacilli,Bacillales,Bacillaceae,Bacillus,p,soil,107.87,6.0,1,0.16,30,11,23.00188061,0.0,0.0,1.78376517,1.9822120315407743,Klebsiella pneumoniae,1.3952588193381676,0.5869532122026067,95.98691450899815,24.84613378327578
31,ZnO,Bacillus subtilis,non-pathogenic,green_synthesis,MBC,rod-shaped,Bacteria,Bacillota,Bacilli,Bacillales,Bacillaceae,Bacillus,p,soil,81.3794,11.3,3,0.16,30,8,22.60496136,17.07,0.6865,4.082482905,2.1835505249220097,Klebsiella pneumoniae,1.5973589438517957,0.5861915810702141,152.5985914527081,39.56935251650152
32,Ag,Bacillus subtilis,non-pathogenic,green_synthesis,MIC,nanoplates,Bacteria,Bacillota,Bacilli,Bacillales,Bacillaceae,Bacillus,p,soil,107.87,1.4,2,0.16,30,11,23.00188061,0.0,0.0,1.78376517,1.955426415523102,Klebsiella pneumoniae,1.3701925171110507,0.5852338984120513,90.24567871841742,23.452682119077195
33,ZnO,Bacillus subtilis,non-pathogenic,green_synthesis,MBEC,quasi-hexagonal,Bacteria,Bacillota,Bacilli,Bacillales,Bacillaceae,Bacillus,p,soil,81.3794,3.0,3,0.16,30,8,22.60496136,17.07,0.6865,4.082482905,1.1418856053330717,Klebsiella pneumoniae,0.5574233676761724,0.5844622376568993,13.863906006989104,3.6093032092908
34,TiO2,Bacillus subtilis,non-pathogenic,green_synthesis,MBC,hexagonal,Bacteria,Bacillota,Bacilli,Bacillales,Bacillaceae,Bacillus,p,soil,79.866,10.0,1,0.16,30,16,26.40611331,34.14,1.373,2.878049394,3.3597449834007063,Klebsiella pneumoniae,2.7834743397345494,0.5762706436661569,2289.5228560617256,607.3993736449293
35,ZnO,Bacillus subtilis,non-pathogenic,green_synthesis,MBEC,rod-shaped,Bacteria,Bacillota,Bacilli,Bacillales,Bacillaceae,Bacillus,p,soil,81.3794,8.7,4,0.16,30,8,22.60496136,17.07,0.6865,4.082482905,2.1052615215088823,Klebsiella pneumoniae,1.5326990659031872,0.5725624556056952,127.4270184348938,34.095657195026526
36,TiO2,Bacillus subtilis,non-pathogenic,green_synthesis,MBEC,quasi-spherical,Bacteria,Bacillota,Bacilli,Bacillales,Bacillaceae,Bacillus,p,soil,79.866,9.0,3,0.16,30,16,26.40611331,34.14,1.373,2.878049394,2.9715231038708616,Klebsiella pneumoniae,2.4008517206634643,0.5706713832073973,936.5330408425515,251.68174746531437
37,ZnO,Bacillus subtilis,non-pathogenic,green_synthesis,MIC,nanoplates,Bacteria,Bacillota,Bacilli,Bacillales,Bacillaceae,Bacillus,p,soil,81.3794,0.8,24,0.16,30,8,22.60496136,17.07,0.6865,4.082482905,2.59540079037857,Klebsiella pneumoniae,2.0304164329078582,0.5649843574707116,393.9134323347493,107.25472480715939
38,Ag,Bacillus subtilis,non-pathogenic,chemical_synthesis,MIC,nanoplates,Bacteria,Bacillota,Bacilli,Bacillales,Bacillaceae,Bacillus,p,soil,107.87,6.0,2,0.16,30,11,23.00188061,0.0,0.0,1.78376517,2.0548525738439096,Klebsiella pneumoniae,1.489967771513404,0.5648848023305055,113.4625588848615,30.900661138053618
39,ZnO,Bacillus subtilis,non-pathogenic,green_synthesis,MBC,spherical,Bacteria,Bacillota,Bacilli,Bacillales,Bacillaceae,Bacillus,p,soil,81.3794,0.8,0,0.16,30,8,22.60496136,17.07,0.6865,4.082482905,1.762375217186713,Klebsiella pneumoniae,1.19798780523046,0.5643874119562531,57.85957205792966,15.77566971794225
40,Ag,Bacillus subtilis,non-pathogenic,green_synthesis,MIC,rod-shaped,Bacteria,Bacillota,Bacilli,Bacillales,Bacillaceae,Bacillus,p,soil,107.87,4.0,0,0.16,30,11,23.00188061,0.0,0.0,1.78376517,1.4088466341424362,Klebsiella pneumoniae,0.850078760293486,0.5587678738489502,25.63578579799533,7.0807418360701835
41,ZnO,Bacillus subtilis,non-pathogenic,green_synthesis,MIC,spheroidal,Bacteria,Bacillota,Bacilli,Bacillales,Bacillaceae,Bacillus,p,soil,81.3794,1.9,0,0.16,30,8,22.60496136,17.07,0.6865,4.082482905,1.3033890789852742,Klebsiella pneumoniae,0.7722025259356292,0.531186553049645,20.108935401928044,5.918375633379925
42,Ag,Bacillus subtilis,non-pathogenic,chemical_synthesis,MIC,hexagonal,Bacteria,Bacillota,Bacilli,Bacillales,Bacillaceae,Bacillus,p,soil,107.8682,3.0,4,0.16,30,11,23.00188061,0.0,0.0,1.78376517,1.8659928789122808,Klebsiella pneumoniae,1.430519207061095,0.4354736718511858,73.45018244977503,26.947545076384614
43,Au,Bacillus subtilis,non-pathogenic,green_synthesis,MIC,hexagonal,Bacteria,Bacillota,Bacilli,Bacillales,Bacillaceae,Bacillus,p,soil,196.966569,1.4,3,0.16,30,11,23.00188061,0.0,0.0,2.46797672,2.1553145595445744,Klebsiella pneumoniae,1.7413789872927516,0.41393557225182276,142.99292814711515,55.128856879821484
44,Ag,Bacillus subtilis,non-pathogenic,green_synthesis,MIC,quasi-hexagonal,Bacteria,Bacillota,Bacilli,Bacillales,Bacillaceae,Bacillus,p,soil,107.8682,3.0,2,0.16,30,11,23.00188061,0.0,0.0,1.78376517,0.7392413255337628,Klebsiella pneumoniae,0.330642344274791,0.40859898125897176,5.485817120566139,2.141126587010418
45,TiO2,Bacillus subtilis,non-pathogenic,green_synthesis,MBC,cubic,Bacteria,Bacillota,Bacilli,Bacillales,Bacillaceae,Bacillus,p,soil,79.866,79.0,1,0.16,30,16,26.40611331,34.14,1.373,2.878049394,2.3242628259688267,Klebsiella pneumoniae,2.0098516822894026,0.31441114367942413,210.9904633953135,102.29435829123763
46,ZnO,Bacillus subtilis,non-pathogenic,green_synthesis,MBC,tetragonal,Bacteria,Bacillota,Bacilli,Bacillales,Bacillaceae,Bacillus,p,soil,81.3794,11.3,4,0.16,30,8,22.60496136,17.07,0.6865,4.082482905,1.6810576096181957,Klebsiella pneumoniae,1.3808954892711327,0.300162120347063,47.979709000239886,24.037842721030326
47,Au,Bacillus subtilis,non-pathogenic,chemical_synthesis,MIC,spheroidal,Bacteria,Bacillota,Bacilli,Bacillales,Bacillaceae,Bacillus,p,soil,196.966569,9.0,18,0.16,30,11,23.00188061,0.0,0.0,2.46797672,1.9308174588296736,Klebsiella pneumoniae,1.6393197938443176,0.291497664985356,85.2741617243618,43.583268205895024
48,ZnO,Bacillus subtilis,non-pathogenic,green_synthesis,MBC,quasi-spherical,Bacteria,Bacillota,Bacilli,Bacillales,Bacillaceae,Bacillus,p,soil,81.3794,20.0,18,0.16,30,8,22.60496136,17.07,0.6865,4.082482905,1.8151571399232547,Klebsiella pneumoniae,1.532226966576002,0.2829301733472527,65.3366916357267,34.05861368699165
49,Ag,Bacillus subtilis,non-pathogenic,chemical_synthesis,MBEC,spheroidal,Bacteria,Bacillota,Bacilli,Bacillales,Bacillaceae,Bacillus,p,soil,107.8682,11.3,18,0.16,30,11,23.00188061,0.0,0.0,1.78376517,2.240945842720161,Klebsiella pneumoniae,1.9764303268390893,0.2645155158810719,174.15896805770845,94.71752185272578
50,ZnO,Bacillus subtilis,non-pathogenic,chemical_synthesis,MBEC,rod-shaped,Bacteria,Bacillota,Bacilli,Bacillales,Bacillaceae,Bacillus,p,soil,81.3794,8.7,18,0.16,30,8,22.60496136,17.07,0.6865,4.082482905,1.7767284846094782,Klebsiella pneumoniae,1.5732325164377827,0.20349596817169546,59.803759265941586,37.43109365495539
51,Ag,Bacillus subtilis,non-pathogenic,chemical_synthesis,MBEC,quasi-hexagonal,Bacteria,Bacillota,Bacilli,Bacillales,Bacillaceae,Bacillus,p,soil,107.87,28.0,2,0.16,30,11,23.00188061,0.0,0.0,1.78376517,0.6127398816566278,Klebsiella pneumoniae,0.4177896969165755,0.19495018474005232,4.0995848700860416,2.6169154842469355
52,CuO,Bacillus subtilis,non-pathogenic,green_synthesis,MBEC,cubic,Bacteria,Bacillota,Bacilli,Bacillales,Bacillaceae,Bacillus,p,soil,79.5454,44.45,3,0.16,30,17,20.67942236,17.07,0.6865,1.651411411,2.7132324006432147,Klebsiella pneumoniae,2.5360673269847345,0.17716507365848022,516.6927891175859,343.6112124811739
53,Ag,Bacillus subtilis,non-pathogenic,green_synthesis,MBEC,triangular,Bacteria,Bacillota,Bacilli,Bacillales,Bacillaceae,Bacillus,p,soil,107.8682,50.0,4,0.16,30,11,23.00188061,0.0,0.0,1.78376517,-0.08446924238600961,Klebsiella pneumoniae,-0.2461508132646817,0.16168157087867208,0.8232481389558569,0.5673475538720727
54,TiO2,Bacillus subtilis,non-pathogenic,chemical_synthesis,MBEC,quasi-spherical,Bacteria,Bacillota,Bacilli,Bacillales,Bacillaceae,Bacillus,p,soil,79.866,50.0,2,0.16,30,16,26.40611331,34.14,1.373,2.878049394,2.295495623307014,Klebsiella pneumoniae,2.143960925526672,0.1515346977803418,197.46749791111702,139.30314630624014
55,Ag,Bacillus subtilis,non-pathogenic,green_synthesis,MBC,spheroidal,Bacteria,Bacillota,Bacilli,Bacillales,Bacillaceae,Bacillus,p,soil,107.87,38.0,4,0.16,30,11,23.00188061,0.0,0.0,1.78376517,1.0550855913153434,Klebsiella pneumoniae,0.9052322705263174,0.14985332078902602,11.352345271083438,8.039559810956808
56,Ag,Bacillus subtilis,non-pathogenic,chemical_synthesis,MBEC,cubic,Bacteria,Bacillota,Bacilli,Bacillales,Bacillaceae,Bacillus,p,soil,107.87,28.0,4,0.16,30,11,23.00188061,0.0,0.0,1.78376517,1.7231417652580756,Klebsiella pneumoniae,1.5983046265355019,0.12483713872257374,52.86177785032455,39.65560924779314
57,ZnO,Bacillus subtilis,non-pathogenic,chemical_synthesis,MBC,rod-shaped,Bacteria,Bacillota,Bacilli,Bacillales,Bacillaceae,Bacillus,p,soil,81.3794,45.26,1,0.16,30,8,22.60496136,17.07,0.6865,4.082482905,1.631006952209862,Klebsiella pneumoniae,1.5719400496576645,0.05906690255219749,42.756973065647806,37.31986376145827
58,ZnO,Bacillus subtilis,non-pathogenic,chemical_synthesis,MIC,cubic,Bacteria,Bacillota,Bacilli,Bacillales,Bacillaceae,Bacillus,p,soil,81.3794,12.5,1,0.16,30,8,22.60496136,17.07,0.6865,4.082482905,2.0581514325465338,Klebsiella pneumoniae,2.0190280476759215,0.03912338487061229,114.32769103202662,104.47876916883794
59,Ag,Bacillus subtilis,non-pathogenic,green_synthesis,MIC,rod-shaped,Bacteria,Bacillota,Bacilli,Bacillales,Bacillaceae,Bacillus,p,soil,107.87,13.0,2,0.16,30,11,23.00188061,0.0,0.0,1.78376517,1.640134668208858,Klebsiella pneumoniae,1.6205479295148963,0.01958673869396166,43.66512102447261,41.73956604542999
60,ZnO,Bacillus subtilis,non-pathogenic,green_synthesis,MBEC,rod-shaped,Bacteria,Bacillota,Bacilli,Bacillales,Bacillaceae,Bacillus,p,soil,81.3794,11.3,24,0.16,30,8,22.60496136,17.07,0.6865,4.082482905,2.529333238508688,Klebsiella pneumoniae,2.560511582131923,-0.031178343623234905,338.3243362888382,363.5059987017004
61,Ag,Bacillus subtilis,non-pathogenic,chemical_synthesis,MBEC,nanoplates,Bacteria,Bacillota,Bacilli,Bacillales,Bacillaceae,Bacillus,p,soil,107.8682,44.45,1,0.16,30,11,23.00188061,0.0,0.0,1.78376517,2.1750413478296124,Klebsiella pneumoniae,2.2115756052310993,-0.03653425740148686,149.63781148284937,162.7704653976963
62,Au,Bacillus subtilis,non-pathogenic,chemical_synthesis,MBEC,tetragonal,Bacteria,Bacillota,Bacilli,Bacillales,Bacillaceae,Bacillus,p,soil,196.966569,8.0,2,0.16,30,11,23.00188061,0.0,0.0,2.46797672,1.2636129978846704,Klebsiella pneumoniae,1.3054922942102145,-0.0418792963255441,18.349025232460146,20.206555787039804
63,Ag2O,Bacillus subtilis,non-pathogenic,green_synthesis,MIC,spherical,Bacteria,Bacillota,Bacilli,Bacillales,Bacillaceae,Bacillus,p,soil,231.7358,8.0,2,0.16,30,28,46.55109718,17.07,0.6865,3.975778631,2.3441051419354455,Klebsiella pneumoniae,2.3897310531399687,-0.045625911204523195,220.85393518203605,245.31892512474562
64,Ag,Bacillus subtilis,non-pathogenic,green_synthesis,MIC,spherical,Bacteria,Bacillota,Bacilli,Bacillales,Bacillaceae,Bacillus,p,soil,107.87,45.26,24,0.16,30,11,23.00188061,0.0,0.0,1.78376517,1.1080220028843737,Klebsiella pneumoniae,1.1624982874914132,-0.05447628460703946,12.823955516746521,14.537786530611088
65,ZnO,Bacillus subtilis,non-pathogenic,chemical_synthesis,MIC,cubic,Bacteria,Bacillota,Bacilli,Bacillales,Bacillaceae,Bacillus,p,soil,81.3794,26.38,1,0.16,30,8,22.60496136,17.07,0.6865,4.082482905,1.8606522348881216,Klebsiella pneumoniae,1.918243752096707,-0.05759151720858546,72.55247544599973,82.84069849155522
66,Ag,Bacillus subtilis,non-pathogenic,chemical_synthesis,MBC,quasi-spherical,Bacteria,Bacillota,Bacilli,Bacillales,Bacillaceae,Bacillus,p,soil,107.87,11.3,0,0.16,30,11,23.00188061,0.0,0.0,1.78376517,1.49799509523793,Klebsiella pneumoniae,1.5688912325595175,-0.0708961373215875,31.47712764790883,37.0587897796318
67,Ag2O,Bacillus subtilis,non-pathogenic,green_synthesis,MBEC,rod-shaped,Bacteria,Bacillota,Bacilli,Bacillales,Bacillaceae,Bacillus,p,soil,231.7358,11.3,0,0.16,30,28,46.55109718,17.07,0.6865,3.975778631,2.3526531477678225,Klebsiella pneumoniae,2.449043350351504,-0.09639020258368136,225.24395674683896,281.2181522368141
68,Ag,Bacillus subtilis,non-pathogenic,chemical_synthesis,MBC,tetragonal,Bacteria,Bacillota,Bacilli,Bacillales,Bacillaceae,Bacillus,p,soil,107.87,22.5,24,0.16,30,11,23.00188061,0.0,0.0,1.78376517,0.6760982683677532,Klebsiella pneumoniae,0.8182348886811036,-0.1421366203133504,4.743493047418637,6.580136285762884
69,Pd,Bacillus subtilis,non-pathogenic,green_synthesis,MIC,quasi-hexagonal,Bacteria,Bacillota,Bacilli,Bacillales,Bacillaceae,Bacillus,p,soil,195.084,30.0,18,0.16,30,10,21.14774404,0.0,0.0,1.870828693,0.5683130672093901,Klebsiella pneumoniae,0.7163783032065574,-0.14806523599716725,3.700948716730985,5.204491495512541
70,Ag2O,Bacillus subtilis,non-pathogenic,green_synthesis,MBC,tetragonal,Bacteria,Bacillota,Bacilli,Bacillales,Bacillaceae,Bacillus,p,soil,231.7358,27.43,1,0.16,30,28,46.55109718,17.07,0.6865,3.975778631,1.045971799497909,Klebsiella pneumoniae,1.229724118605194,-0.18375231910728496,11.11659540375375,16.971652020804235
71,ZnO,Bacillus subtilis,non-pathogenic,green_synthesis,MBEC,hexagonal,Bacteria,Bacillota,Bacilli,Bacillales,Bacillaceae,Bacillus,p,soil,81.3794,50.0,24,0.16,30,8,22.60496136,17.07,0.6865,4.082482905,2.247676583147701,Klebsiella pneumoniae,2.4937554416374557,-0.24607885848975464,176.87912580433286,311.71337805020397
72,Ag,Bacillus subtilis,non-pathogenic,green_synthesis,MIC,nanoplates,Bacteria,Bacillota,Bacilli,Bacillales,Bacillaceae,Bacillus,p,soil,107.8682,26.06,18,0.16,30,11,23.00188061,0.0,0.0,1.78376517,1.5882204328262475,Klebsiella pneumoniae,1.8493627510203978,-0.26114231819415035,38.74542533713189,70.69077631160422
