,np,bacteria,bac_type,np_synthesis,method,shape,kingdom,phylum,class,order,family,genus,gram,isolated_from,mol_weight (g/mol),np_size_avg (nm),time_set,"min_Incub_period, h","growth_temp, C",Valance_electron,labuteASA,tpsa,CrippenMR,chi0v,pred_MIC_norm,pathogenic_bacteria,pred_MIC_pathogen,Fitness,pred_norm_MIC_original,pred_path_MIC_original
0,ZnO,Bacillus subtilis,non-pathogenic,green_synthesis,MIC,quasi-spherical,Bacteria,Bacillota,Bacilli,Bacillales,Bacillaceae,Bacillus,p,soil,81.3794,3.0,3,0.16,30,8,22.60496136,17.07,0.6865,4.082482905,1.2251816440734513,Klebsiella pneumoniae,0.40826739537952017,0.8169142486939311,16.795063263343923,2.560161694872466
1,ZnO,Bacillus subtilis,non-pathogenic,green_synthesis,MIC,spherical,Bacteria,Bacillota,Bacilli,Bacillales,Bacillaceae,Bacillus,p,soil,81.3794,4.0,4,0.16,30,8,22.60496136,17.07,0.6865,4.082482905,1.0088831221286227,Klebsiella pneumoniae,0.23036540658385185,0.7785177155447709,10.206647641715245,1.6996731215651986
2,ZnO,Bacillus subtilis,non-pathogenic,green_synthesis,MBC,quasi-hexagonal,Bacteria,Bacillota,Bacilli,Bacillales,Bacillaceae,Bacillus,p,soil,81.3794,12.0,0,0.16,30,8,22.60496136,17.07,0.6865,4.082482905,1.3827491622113601,Klebsiella pneumoniae,0.682232530939116,0.7005166312722442,24.140661266143194,4.810968694822333
3,ZnO,Bacillus subtilis,non-pathogenic,green_synthesis,MBC,spherical,Bacteria,Bacillota,Bacilli,Bacillales,Bacillaceae,Bacillus,p,soil,81.3794,5.1,2,0.16,30,8,22.60496136,17.07,0.6865,4.082482905,2.5002239169187166,Klebsiella pneumoniae,1.8057403801074974,0.6944835368112192,316.3908512208403,63.9352518270214
4,Pt,Bacillus subtilis,non-pathogenic,green_synthesis,MIC,cubic,Bacteria,Bacillota,Bacilli,Bacillales,Bacillaceae,Bacillus,p,soil,195.084,4.0,3,0.16,30,10,21.75656585,0.0,0.0,2.588435821,0.9518854705224881,Klebsiella pneumoniae,0.26649230800087276,0.6853931625216153,8.951286765756699,1.847108079597412
5,ZnO,Bacillus subtilis,non-pathogenic,chemical_synthesis,MIC,cubic,Bacteria,Bacillota,Bacilli,Bacillales,Bacillaceae,Bacillus,p,soil,81.3794,1.4,3,0.16,30,8,22.60496136,17.07,0.6865,4.082482905,1.6634980923718816,Klebsiella pneumoniae,1.0106110939099304,0.6528869984619512,46.078474469986276,10.247338769717066
6,Ag,Bacillus subtilis,non-pathogenic,green_synthesis,MIC,quasi-hexagonal,Bacteria,Bacillota,Bacilli,Bacillales,Bacillaceae,Bacillus,p,soil,107.87,1.9,24,0.16,30,11,23.00188061,0.0,0.0,1.78376517,1.9276572388719064,Klebsiella pneumoniae,1.2991716698503402,0.6284855690215663,84.65590149998549,19.914603767214828
7,ZnO,Bacillus subtilis,non-pathogenic,green_synthesis,MBC,nanoplates,Bacteria,Bacillota,Bacilli,Bacillales,Bacillaceae,Bacillus,p,soil,81.3794,1.4,1,0.16,30,8,22.60496136,17.07,0.6865,4.082482905,1.7382522628868606,Klebsiella pneumoniae,1.1244296270488523,0.6138226358380083,54.73337931133586,13.317712250073749
8,ZnO,Bacillus subtilis,non-pathogenic,green_synthesis,MBC,cubic,Bacteria,Bacillota,Bacilli,Bacillales,Bacillaceae,Bacillus,p,soil,81.3794,11.3,1,0.16,30,8,22.60496136,17.07,0.6865,4.082482905,2.44631648808405,Klebsiella pneumoniae,1.8479305499467493,0.5983859381373007,279.4579623403705,70.45803872264764
9,Ni,Bacillus subtilis,non-pathogenic,green_synthesis,MBEC,quasi-hexagonal,Bacteria,Bacillota,Bacilli,Bacillales,Bacillaceae,Bacillus,p,soil,58.6934,5.1,4,0.16,30,10,17.41523038,0.0,0.0,1.303840481,2.1288118371243234,Klebsiella pneumoniae,1.5477235717138065,0.581088265410517,134.52773715101605,35.29584403553113
10,TiO2,Bacillus subtilis,non-pathogenic,chemical_synthesis,MIC,cubic,Bacteria,Bacillota,Bacilli,Bacillales,Bacillaceae,Bacillus,p,soil,79.866,1.4,2,0.16,30,16,26.40611331,34.14,1.373,2.878049394,2.5238581243994282,Klebsiella pneumoniae,1.956728473055301,0.5671296513441273,334.08588280631864,90.51665012758889
11,ZnO,Bacillus subtilis,non-pathogenic,green_synthesis,MBEC,hexagonal,Bacteria,Bacillota,Bacilli,Bacillales,Bacillaceae,Bacillus,p,soil,81.3794,1.4,4,0.16,30,8,22.60496136,17.07,0.6865,4.082482905,2.074646463376454,Klebsiella pneumoniae,1.5433111881975943,0.5313352751788598,118.75351230747324,34.93905771894882
12,Ag,Bacillus subtilis,non-pathogenic,chemical_synthesis,MIC,quasi-hexagonal,Bacteria,Bacillota,Bacilli,Bacillales,Bacillaceae,Bacillus,p,soil,107.8682,3.0,1,0.16,30,11,23.00188061,0.0,0.0,1.78376517,0.9917039054414313,Klebsiella pneumoniae,0.5073680348288556,0.48433587061257566,9.810788321640445,3.2163850501005977
13,TiO2,Bacillus subtilis,non-pathogenic,green_synthesis,MBEC,cubic,Bacteria,Bacillota,Bacilli,Bacillales,Bacillaceae,Bacillus,p,soil,79.866,1.4,4,0.16,30,16,26.40611331,34.14,1.373,2.878049394,2.734314384182198,Klebsiella pneumoniae,2.252540552393435,0.48177383178876276,542.3933849033275,178.8712542945958
14,ZnO,Bacillus subtilis,non-pathogenic,chemical_synthesis,MBEC,quasi-spherical,Bacteria,Bacillota,Bacilli,Bacillales,Bacillaceae,Bacillus,p,soil,81.3794,10.4,1,0.16,30,8,22.60496136,17.07,0.6865,4.082482905,2.041147790096729,Klebsiella pneumoniae,1.5618786230108213,0.4792691670859077,109.93798939630172,36.46520194280251
15,TiO2,Bacillus subtilis,non-pathogenic,green_synthesis,MBC,quasi-spherical,Bacteria,Bacillota,Bacilli,Bacillales,Bacillaceae,Bacillus,p,soil,79.866,18.5,2,0.16,30,16,26.40611331,34.14,1.373,2.878049394,2.56375974468017,Klebsiella pneumoniae,2.085734882041545,0.478024862638625,366.2349143953648,121.82456856934178
16,ZnO,Bacillus subtilis,non-pathogenic,green_synthesis,MIC,hexagonal,Bacteria,Bacillota,Bacilli,Bacillales,Bacillaceae,Bacillus,p,soil,81.3794,10.0,4,0.16,30,8,22.60496136,17.07,0.6865,4.082482905,1.8981631278631939,Klebsiella pneumoniae,1.4562268774869183,0.4419362503762756,79.09756751584965,28.59083752156371
17,Ag,Bacillus subtilis,non-pathogenic,chemical_synthesis,MIC,spheroidal,Bacteria,Bacillota,Bacilli,Bacillales,Bacillaceae,Bacillus,p,soil,107.87,26.06,3,0.16,30,11,23.00188061,0.0,0.0,1.78376517,0.8602536828183377,Klebsiella pneumoniae,0.4294512775774999,0.4308024052408378,7.248592457685551,2.6881362507979847
18,ZnO,Bacillus subtilis,non-pathogenic,chemical_synthesis,MBEC,quasi-hexagonal,Bacteria,Bacillota,Bacilli,Bacillales,Bacillaceae,Bacillus,p,soil,81.3794,0.8,4,0.16,30,8,22.60496136,17.07,0.6865,4.082482905,0.8432573490554938,Klebsiella pneumoniae,0.42202071000093544,0.4212366390545583,6.9703943508967905,2.6425347676558166
19,ZnO,Bacillus subtilis,non-pathogenic,chemical_synthesis,MIC,hexagonal,Bacteria,Bacillota,Bacilli,Bacillales,Bacillaceae,Bacillus,p,soil,81.3794,1.4,18,0.16,30,8,22.60496136,17.07,0.6865,4.082482905,1.5343615651709988,Klebsiella pneumoniae,1.1247369954959217,0.4096245696750771,34.22642707710526,13.327141090633706
20,Ag,Bacillus subtilis,non-pathogenic,chemical_synthesis,MIC,cubic,Bacteria,Bacillota,Bacilli,Bacillales,Bacillaceae,Bacillus,p,soil,107.87,12.0,3,0.16,30,11,23.00188061,0.0,0.0,1.78376517,1.9520554603926736,Klebsiella pneumoniae,1.544785197004516,0.4072702633881575,89.54791129667535,35.05784342080826
21,ZnO,Bacillus subtilis,non-pathogenic,green_synthesis,MBEC,spheroidal,Bacteria,Bacillota,Bacilli,Bacillales,Bacillaceae,Bacillus,p,soil,81.3794,37.86,18,0.16,30,8,22.60496136,17.07,0.6865,4.082482905,1.658097515888837,Klebsiella pneumoniae,1.2628186775581247,0.3952788383307122,45.50902340171964,18.315495718099495
22,Ag,Bacillus subtilis,non-pathogenic,green_synthesis,MIC,spheroidal,Bacteria,Bacillota,Bacilli,Bacillales,Bacillaceae,Bacillus,p,soil,107.87,79.0,1,0.16,30,11,23.00188061,0.0,0.0,1.78376517,0.7485212118970446,Klebsiella pneumoniae,0.4174712720172946,0.33104993987974995,5.604297893184211,2.614997463930817
23,ZnO,Bacillus subtilis,non-pathogenic,chemical_synthesis,MBC,triangular,Bacteria,Bacillota,Bacilli,Bacillales,Bacillaceae,Bacillus,p,soil,81.3794,3.0,24,0.16,30,8,22.60496136,17.07,0.6865,4.082482905,0.9141413258428193,Klebsiella pneumoniae,0.5874568919563881,0.3266844338864312,8.20618542286446,3.8677366159773277
24,Al2O3,Bacillus subtilis,non-pathogenic,green_synthesis,MBC,cubic,Bacteria,Bacillota,Bacilli,Bacillales,Bacillaceae,Bacillus,p,soil,101.961276,10.4,2,0.16,30,24,51.55776403,85.5,13.5675,4.688846487,2.999226721581837,Klebsiella pneumoniae,2.6822869540175427,0.31693976756429443,998.2210448614128,481.15716132187043
25,Pd,Bacillus subtilis,non-pathogenic,green_synthesis,MBC,spheroidal,Bacteria,Bacillota,Bacilli,Bacillales,Bacillaceae,Bacillus,p,soil,195.084,44.45,24,0.16,30,10,21.14774404,0.0,0.0,1.870828693,1.7676010382950307,Klebsiella pneumoniae,1.453234841451089,0.31436619684394174,58.5599959878132,28.39454026639435
26,CeO2,Bacillus subtilis,non-pathogenic,green_synthesis,MBC,quasi-spherical,Bacteria,Bacillota,Bacilli,Bacillales,Bacillaceae,Bacillus,p,soil,172.115,79.0,1,0.16,30,16,39.19032095,34.14,1.373,4.456551526,1.7067746930952037,Klebsiella pneumoniae,1.3933465824062452,0.3134281106889585,50.90667046792467,24.736974558671626
27,ZnO,Bacillus subtilis,non-pathogenic,green_synthesis,MBC,rod-shaped,Bacteria,Bacillota,Bacilli,Bacillales,Bacillaceae,Bacillus,p,soil,81.3794,0.8,18,0.16,30,8,22.60496136,17.07,0.6865,4.082482905,1.3780480839215334,Klebsiella pneumoniae,1.070611835297678,0.30743624862385555,23.880756696171453,11.765539204189434
28,Au,Bacillus subtilis,non-pathogenic,chemical_synthesis,MBEC,quasi-hexagonal,Bacteria,Bacillota,Bacilli,Bacillales,Bacillaceae,Bacillus,p,soil,196.966569,10.4,2,0.16,30,11,23.00188061,0.0,0.0,2.46797672,1.4048802474397322,Klebsiella pneumoniae,1.1071659222307004,0.29771432520903174,25.402721531560815,12.798701852377285
29,TiO2,Bacillus subtilis,non-pathogenic,green_synthesis,MBC,spherical,Bacteria,Bacillota,Bacilli,Bacillales,Bacillaceae,Bacillus,p,soil,79.866,79.0,0,0.16,30,16,26.40611331,34.14,1.373,2.878049394,1.929789146627062,Klebsiella pneumoniae,1.6413967243686813,0.2883924222583807,85.07249043155646,43.792196053818415
30,Ni,Bacillus subtilis,non-pathogenic,chemical_synthesis,MBC,tetragonal,Bacteria,Bacillota,Bacilli,Bacillales,Bacillaceae,Bacillus,p,soil,81.3794,12.0,24,0.16,30,8,22.60496136,17.07,0.6865,4.082482905,1.4454504086004496,Klebsiella pneumoniae,1.1660851925126696,0.27936521608778,27.89012165271224,14.658353554301945
31,ZnO,Bacillus subtilis,non-pathogenic,green_synthesis,MIC,quasi-spherical,Bacteria,Bacillota,Bacilli,Bacillales,Bacillaceae,Bacillus,p,soil,81.3794,18.0,4,0.16,30,8,22.60496136,17.07,0.6865,4.082482905,1.2904336479740017,Klebsiella pneumoniae,1.019705324704042,0.27072832326995977,19.517925140876486,10.464182966683607
32,ZnO,Bacillus subtilis,non-pathogenic,chemical_synthesis,MIC,cubic,Bacteria,Bacillota,Bacilli,Bacillales,Bacillaceae,Bacillus,p,soil,81.3794,10.0,2,0.16,30,8,22.60496136,17.07,0.6865,4.082482905,2.0234103756522615,Klebsiella pneumoniae,1.7578857506616579,0.2655246249906036,105.53836836514739,57.26453660264333
33,Pd,Bacillus subtilis,non-pathogenic,green_synthesis,MIC,hexagonal,Bacteria,Bacillota,Bacilli,Bacillales,Bacillaceae,Bacillus,p,soil,195.084,8.0,1,0.16,30,10,21.14774404,0.0,0.0,1.870828693,1.6916864812749604,Klebsiella pneumoniae,1.4286144539939862,0.2630720272809741,49.16844587785758,26.829615823037397
34,Ag,Bacillus subtilis,non-pathogenic,green_synthesis,MBC,triangular,Bacteria,Bacillota,Bacilli,Bacillales,Bacillaceae,Bacillus,p,soil,107.8682,13.0,18,0.16,30,11,23.00188061,0.0,0.0,1.78376517,0.6135846265125164,Klebsiella pneumoniae,0.3521602855091408,0.26142434100337564,4.107566720179033,2.249884819916679
35,ZnO,Bacillus subtilis,non-pathogenic,green_synthesis,MBEC,rod-shaped,Bacteria,Bacillota,Bacilli,Bacillales,Bacillaceae,Bacillus,p,soil,81.3794,25.0,3,0.16,30,8,22.60496136,17.07,0.6865,4.082482905,1.865767933938024,Klebsiella pneumoniae,1.6096531264217349,0.2561148075162891,73.4121484154115,40.70550306659749
36,ZnO,Bacillus subtilis,non-pathogenic,chemical_synthesis,MBC,quasi-spherical,Bacteria,Bacillota,Bacilli,Bacillales,Bacillaceae,Bacillus,p,soil,81.3794,13.0,2,0.16,30,8,22.60496136,17.07,0.6865,4.082482905,1.4922419151646438,Klebsiella pneumoniae,1.241901812550221,0.25034010261442274,31.06289403472712,17.454274934070416
37,Pd,Bacillus subtilis,non-pathogenic,green_synthesis,MBEC,rod-shaped,Bacteria,Bacillota,Bacilli,Bacillales,Bacillaceae,Bacillus,p,soil,195.084,4.0,2,0.16,30,10,21.14774404,0.0,0.0,1.870828693,1.4185275612466781,Klebsiella pneumoniae,1.1744720566395634,0.24405550460711467,26.21365390750497,14.944178854894636
38,ZnO,Bacillus subtilis,non-pathogenic,chemical_synthesis,MBC,spheroidal,Bacteria,Bacillota,Bacilli,Bacillales,Bacillaceae,Bacillus,p,soil,81.3794,10.0,3,0.16,30,8,22.60496136,17.07,0.6865,4.082482905,1.9222663146201429,Klebsiella pneumoniae,1.6907434454468058,0.2315228691733371,83.61155772290437,49.061796351680535
39,Ag,Bacillus subtilis,non-pathogenic,chemical_synthesis,MIC,rod-shaped,Bacteria,Bacillota,Bacilli,Bacillales,Bacillaceae,Bacillus,p,soil,107.8682,3.0,1,0.16,30,11,23.00188061,0.0,0.0,1.78376517,1.4161867238619466,Klebsiella pneumoniae,1.185299126132338,0.23088759772960854,26.072743003281776,15.321423819003735
40,ZnO,Bacillus subtilis,non-pathogenic,green_synthesis,MBEC,triangular,Bacteria,Bacillota,Bacilli,Bacillales,Bacillaceae,Bacillus,p,soil,81.3794,45.26,18,0.16,30,8,22.60496136,17.07,0.6865,4.082482905,0.29049878669302553,Klebsiella pneumoniae,0.0705177919681268,0.21998099472489874,1.952085280411973,1.1762991737582367
41,CuO,Bacillus subtilis,non-pathogenic,green_synthesis,MBC,nanoplates,Bacteria,Bacillota,Bacilli,Bacillales,Bacillaceae,Bacillus,p,soil,79.5454,18.0,18,0.16,30,17,20.67942236,17.07,0.6865,1.651411411,3.198515535312355,Klebsiella pneumoniae,2.97875580825604,0.21975972705631497,1579.4851070878478,952.2605837472386
42,Au,Bacillus subtilis,non-pathogenic,green_synthesis,MBEC,quasi-spherical,Bacteria,Bacillota,Bacilli,Bacillales,Bacillaceae,Bacillus,p,soil,196.966569,10.4,1,0.16,30,11,23.00188061,0.0,0.0,2.46797672,1.9508409639528328,Klebsiella pneumoniae,1.7334601612774336,0.21738080267539917,89.2978420484845,54.132758851632865
43,ZnO,Bacillus subtilis,non-pathogenic,chemical_synthesis,MBC,spheroidal,Bacteria,Bacillota,Bacilli,Bacillales,Bacillaceae,Bacillus,p,soil,81.3794,12.0,4,0.16,30,8,22.60496136,17.07,0.6865,4.082482905,1.8348195956858224,Klebsiella pneumoniae,1.620457478346492,0.21436211733933042,68.36276119218978,41.7308737881052
44,ZrO2,Bacillus subtilis,non-pathogenic,green_synthesis,MBC,spherical,Bacteria,Bacillota,Bacilli,Bacillales,Bacillaceae,Bacillus,p,soil,123.2218,18.0,4,0.16,30,16,29.29254423,34.14,1.373,3.774536472,2.202078746619117,Klebsiella pneumoniae,1.9935116021490975,0.20856714447001945,159.24974537727653,98.51709612312294
45,Ag,Bacillus subtilis,non-pathogenic,green_synthesis,MBC,quasi-spherical,Bacteria,Bacillota,Bacilli,Bacillales,Bacillaceae,Bacillus,p,soil,107.87,37.86,0,0.16,30,11,23.00188061,0.0,0.0,1.78376517,0.5133355513075715,Klebsiella pneumoniae,0.31137433986622476,0.2019612114413467,3.260885512661387,2.0482093288710037
46,Ag,Bacillus subtilis,non-pathogenic,green_synthesis,MIC,spherical,Bacteria,Bacillota,Bacilli,Bacillales,Bacillaceae,Bacillus,p,soil,107.87,40.0,1,0.16,30,11,23.00188061,0.0,0.0,1.78376517,0.7405528715025597,Klebsiella pneumoniae,0.5448695751658132,0.19568329633674642,5.502409033846988,3.5064655397178854
47,Au,Bacillus subtilis,non-pathogenic,chemical_synthesis,MIC,quasi-hexagonal,Bacteria,Bacillota,Bacilli,Bacillales,Bacillaceae,Bacillus,p,soil,196.966569,30.0,1,0.16,30,11,23.00188061,0.0,0.0,2.46797672,1.179611436710311,Klebsiella pneumoniae,0.9842177374460421,0.19539369926426886,15.12207670742227,9.643123691316463
48,ZnO,Bacillus subtilis,non-pathogenic,green_synthesis,MBEC,triangular,Bacteria,Bacillota,Bacilli,Bacillales,Bacillaceae,Bacillus,p,soil,81.3794,12.0,4,0.16,30,8,22.60496136,17.07,0.6865,4.082482905,0.6318317310550114,Klebsiella pneumoniae,0.43940763921809367,0.19242409183691778,4.283825099084716,2.750474603314749
49,CeO2,Bacillus subtilis,non-pathogenic,green_synthesis,MBC,spherical,Bacteria,Bacillota,Bacilli,Bacillales,Bacillaceae,Bacillus,p,soil,172.115,28.0,3,0.16,30,16,39.19032095,34.14,1.373,4.456551526,2.289267087315158,Klebsiella pneumoniae,2.0980005445443313,0.19126654277082666,194.65568290475562,125.31427462055682
50,Ag,Bacillus subtilis,non-pathogenic,green_synthesis,MBC,quasi-spherical,Bacteria,Bacillota,Bacilli,Bacillales,Bacillaceae,Bacillus,p,soil,107.87,1.4,4,0.16,30,11,23.00188061,0.0,0.0,1.78376517,1.030459553287002,Klebsiella pneumoniae,0.8392725649870656,0.1911869882999364,10.726537447966624,6.906731371212542
51,ZnO,Bacillus subtilis,non-pathogenic,chemical_synthesis,MBC,hexagonal,Bacteria,Bacillota,Bacilli,Bacillales,Bacillaceae,Bacillus,p,soil,81.3794,26.06,4,0.16,30,8,22.60496136,17.07,0.6865,4.082482905,1.6828811864681599,Klebsiella pneumoniae,1.491700791536649,0.19118039493151096,48.18159652158061,31.024214292796998
52,ZnO,Bacillus subtilis,non-pathogenic,chemical_synthesis,MBC,spherical,Bacteria,Bacillota,Bacilli,Bacillales,Bacillaceae,Bacillus,p,soil,81.3794,10.0,18,0.16,30,8,22.60496136,17.07,0.6865,4.082482905,1.6674854858938306,Klebsiella pneumoniae,1.4830660426306488,0.18441944326318183,46.503483445924545,30.413474845045098
53,Pt,Bacillus subtilis,non-pathogenic,chemical_synthesis,MBEC,spherical,Bacteria,Bacillota,Bacilli,Bacillales,Bacillaceae,Bacillus,p,soil,195.084,10.0,4,0.16,30,10,21.75656585,0.0,0.0,2.588435821,1.3996645754440915,Klebsiella pneumoniae,1.2222315134984578,0.17743306194563369,25.099471411404767,16.681362248482262
54,Au,Bacillus subtilis,non-pathogenic,green_synthesis,MBC,rod-shaped,Bacteria,Bacillota,Bacilli,Bacillales,Bacillaceae,Bacillus,p,soil,196.966569,27.43,4,0.16,30,11,23.00188061,0.0,0.0,2.46797672,0.9669766874388239,Klebsiella pneumoniae,0.7909345533721822,0.1760421340666417,9.267800732721035,6.179232742905234
55,Ag,Bacillus subtilis,non-pathogenic,green_synthesis,MBEC,spheroidal,Bacteria,Bacillota,Bacilli,Bacillales,Bacillaceae,Bacillus,p,soil,107.87,4.7,0,0.16,30,11,23.00188061,0.0,0.0,1.78376517,1.9815319209973483,Klebsiella pneumoniae,1.8061000518663124,0.17543186913103592,95.8367154482381,63.98822332515131
56,ZnO,Bacillus subtilis,non-pathogenic,green_synthesis,MIC,rod-shaped,Bacteria,Bacillota,Bacilli,Bacillales,Bacillaceae,Bacillus,p,soil,81.3794,18.0,0,0.16,30,8,22.60496136,17.07,0.6865,4.082482905,1.1893893793408747,Klebsiella pneumoniae,1.0188111021016486,0.17057827723922614,15.466405035854212,10.44265913328893
57,Ag,Bacillus subtilis,non-pathogenic,green_synthesis,MBEC,triangular,Bacteria,Bacillota,Bacilli,Bacillales,Bacillaceae,Bacillus,p,soil,107.87,38.0,0,0.16,30,11,23.00188061,0.0,0.0,1.78376517,-0.20844616187356424,Klebsiella pneumoniae,-0.36600397926229045,0.1575578173887262,0.6188050341201898,0.4305226657709532
58,Ni,Bacillus subtilis,non-pathogenic,chemical_synthesis,MBC,triangular,Bacteria,Bacillota,Bacilli,Bacillales,Bacillaceae,Bacillus,p,soil,58.6934,18.0,2,0.16,30,10,17.41523038,0.0,0.0,1.303840481,1.361272268736334,Klebsiella pneumoniae,1.2043070603556254,0.1569652083807085,22.975886053858392,16.006893681823595
59,Ag,Bacillus subtilis,non-pathogenic,green_synthesis,MBEC,quasi-hexagonal,Bacteria,Bacillota,Bacilli,Bacillales,Bacillaceae,Bacillus,p,soil,107.87,22.5,4,0.16,30,11,23.00188061,0.0,0.0,1.78376517,0.8438722179874819,Klebsiella pneumoniae,0.6879040713505813,0.15596814663690062,6.9802699410531535,4.87420814812093
60,Ag,Bacillus subtilis,non-pathogenic,green_synthesis,MIC,nanoplates,Bacteria,Bacillota,Bacilli,Bacillales,Bacillaceae,Bacillus,p,soil,107.8682,10.4,4,0.16,30,11,23.00188061,0.0,0.0,1.78376517,2.0261769964175227,Klebsiella pneumoniae,1.8780149569281328,0.14816203948938989,106.21283386770531,75.51182331873406
61,Au,Bacillus subtilis,non-pathogenic,green_synthesis,MBEC,rod-shaped,Bacteria,Bacillota,Bacilli,Bacillales,Bacillaceae,Bacillus,p,soil,196.966569,27.43,0,0.16,30,11,23.00188061,0.0,0.0,2.46797672,1.3064809079155366,Klebsiella pneumoniae,1.1609338671802356,0.145547040735301,20.25260572086017,14.485512565136565
62,TiO2,Bacillus subtilis,non-pathogenic,green_synthesis,MIC,quasi-hexagonal,Bacteria,Bacillota,Bacilli,Bacillales,Bacillaceae,Bacillus,p,soil,79.866,37.86,4,0.16,30,16,26.40611331,34.14,1.373,2.878049394,0.7253699326920195,Klebsiella pneumoniae,0.588230349623188,0.13713958306883156,5.313368450484962,3.8746310070690106
63,ZnO,Bacillus subtilis,non-pathogenic,green_synthesis,MBC,spherical,Bacteria,Bacillota,Bacilli,Bacillales,Bacillaceae,Bacillus,p,soil,81.3794,100.0,18,0.16,30,8,22.60496136,17.07,0.6865,4.082482905,0.6617261134925647,Klebsiella pneumoniae,0.5476521606444495,0.11407395284811517,4.589085122885493,3.5290040814770394
64,Ag,Bacillus subtilis,non-pathogenic,chemical_synthesis,MBEC,quasi-hexagonal,Bacteria,Bacillota,Bacilli,Bacillales,Bacillaceae,Bacillus,p,soil,107.8682,26.06,1,0.16,30,11,23.00188061,0.0,0.0,1.78376517,1.1984855422204679,Klebsiella pneumoniae,1.1015574561800714,0.09692808604039649,15.793760290126896,12.634482441029885
65,Ag,Bacillus subtilis,non-pathogenic,green_synthesis,MBEC,spherical,Bacteria,Bacillota,Bacilli,Bacillales,Bacillaceae,Bacillus,p,soil,107.87,79.0,4,0.16,30,11,23.00188061,0.0,0.0,1.78376517,1.2135943771761697,Klebsiella pneumoniae,1.1396856784095406,0.07390869876662909,16.352884794779794,13.793855698900112
66,CeO2,Bacillus subtilis,non-pathogenic,chemical_synthesis,MBEC,triangular,Bacteria,Bacillota,Bacilli,Bacillales,Bacillaceae,Bacillus,p,soil,172.115,9.0,24,0.16,30,16,39.19032095,34.14,1.373,4.456551526,1.3994304929220918,Klebsiella pneumoniae,1.346288567463803,0.053141925458288775,25.08594656891476,22.196707927112918
67,Ag,Bacillus subtilis,non-pathogenic,green_synthesis,MBEC,nanoplates,Bacteria,Bacillota,Bacilli,Bacillales,Bacillaceae,Bacillus,p,soil,107.87,1.4,24,0.16,30,11,23.00188061,0.0,0.0,1.78376517,2.7936610871053023,Klebsiella pneumoniae,2.7790875975733744,0.01457348953192783,621.8148465361637,601.2950069767961
68,ZnO,Bacillus subtilis,non-pathogenic,green_synthesis,MBEC,triangular,Bacteria,Bacillota,Bacilli,Bacillales,Bacillaceae,Bacillus,p,soil,81.3794,60.0,2,0.16,30,8,22.60496136,17.07,0.6865,4.082482905,0.2627096401188149,Klebsiella pneumoniae,0.25602486413809133,0.00668477598072359,1.831089786075566,1.803120969814334
69,Ag,Bacillus subtilis,non-pathogenic,chemical_synthesis,MBEC,spheroidal,Bacteria,Bacillota,Bacilli,Bacillales,Bacillaceae,Bacillus,p,soil,107.8682,12.0,1,0.16,30,11,23.00188061,0.0,0.0,1.78376517,2.2238836889649245,Klebsiella pneumoniae,2.21948118786358,0.004402501101344658,167.4494359494811,165.7605533549255
70,ZnO,Bacillus subtilis,non-pathogenic,chemical_synthesis,MIC,spherical,Bacteria,Bacillota,Bacilli,Bacillales,Bacillaceae,Bacillus,p,soil,81.3794,44.45,4,0.16,30,8,22.60496136,17.07,0.6865,4.082482905,0.9314296836421541,Klebsiella pneumoniae,0.9524252683847174,-0.020995584742563356,8.539445745735538,8.962419510369521
71,Ag,Bacillus subtilis,non-pathogenic,chemical_synthesis,MBC,cubic,Bacteria,Bacillota,Bacilli,Bacillales,Bacillaceae,Bacillus,p,soil,107.87,12.0,3,0.16,30,11,23.00188061,0.0,0.0,1.78376517,2.001644970184158,Klebsiella pneumoniae,2.0455976842960673,-0.04395271411190915,100.37948661641201,111.0702333521214
72,CuO,Bacillus subtilis,non-pathogenic,chemical_synthesis,MIC,quasi-hexagonal,Bacteria,Bacillota,Bacilli,Bacillales,Bacillaceae,Bacillus,p,soil,79.5454,17.5,4,0.16,30,17,20.67942236,17.07,0.6865,1.651411411,1.97207248048856,Klebsiella pneumoniae,2.0574291330461913,-0.08535665255763125,93.77184920438138,114.13770427222232
73,Ag,Bacillus subtilis,non-pathogenic,chemical_synthesis,MBC,tetragonal,Bacteria,Bacillota,Bacilli,Bacillales,Bacillaceae,Bacillus,p,soil,107.8682,9.0,1,0.16,30,11,23.00188061,0.0,0.0,1.78376517,0.9983774425181968,Klebsiella pneumoniae,1.1016398372264589,-0.10326239470826204,9.962708937809014,12.636879295357982
74,ZnO,Bacillus subtilis,non-pathogenic,chemical_synthesis,MBEC,hexagonal,Bacteria,Bacillota,Bacilli,Bacillales,Bacillaceae,Bacillus,p,soil,81.3794,45.26,3,0.16,30,8,22.60496136,17.07,0.6865,4.082482905,2.2011663356631637,Klebsiella pneumoniae,2.306080534629848,-0.10491419896668441,158.91552817361398,202.33943577664422
75,Ag,Bacillus subtilis,non-pathogenic,green_synthesis,MBC,cubic,Bacteria,Bacillota,Bacilli,Bacillales,Bacillaceae,Bacillus,p,soil,107.87,38.0,24,0.16,30,11,23.00188061,0.0,0.0,1.78376517,1.1921951822799648,Klebsiella pneumoniae,1.4533718200082415,-0.2611766377282767,15.566650767666387,28.403497452722473
76,ZnO,Bacillus subtilis,non-pathogenic,chemical_synthesis,MIC,quasi-hexagonal,Bacteria,Bacillota,Bacilli,Bacillales,Bacillaceae,Bacillus,p,soil,81.3794,37.86,24,0.16,30,8,22.60496136,17.07,0.6865,4.082482905,0.5171656493427117,Klebsiella pneumoniae,0.8214656880260527,-0.304300038683341,3.289770859505681,6.629269702344944
77,Ag,Bacillus subtilis,non-pathogenic,chemical_synthesis,MBEC,quasi-spherical,Bacteria,Bacillota,Bacilli,Bacillales,Bacillaceae,Bacillus,p,soil,107.8682,44.45,18,0.16,30,11,23.00188061,0.0,0.0,1.78376517,1.4377698194556698,Klebsiella pneumoniae,1.7636130321478156,-0.3258432126921458,27.40121494406789,58.024717156265304
78,Au,Bacillus subtilis,non-pathogenic,chemical_synthesis,MBEC,rod-shaped,Bacteria,Bacillota,Bacilli,Bacillales,Bacillaceae,Bacillus,p,soil,196.966569,37.86,24,0.16,30,11,23.00188061,0.0,0.0,2.46797672,1.9506411100891532,Klebsiella pneumoniae,2.339978202778069,-0.3893370926889157,89.2567583741236,218.76518230403786
