,np,bacteria,bac_type,np_synthesis,method,shape,kingdom,phylum,class,order,family,genus,gram,isolated_from,mol_weight (g/mol),np_size_avg (nm),time_set,"min_Incub_period, h","growth_temp, C",Valance_electron,labuteASA,tpsa,CrippenMR,chi0v,pred_MIC_norm,pathogenic_bacteria,pred_MIC_pathogen,Fitness,pred_norm_MIC_original,pred_path_MIC_original
0,Ag,Bacillus subtilis,non-pathogenic,chemical_synthesis,MIC,spheroidal,Bacteria,Bacillota,Bacilli,Bacillales,Bacillaceae,Bacillus,p,soil,107.87,1.4,18,0.16,30,11,23.00188061,0.0,0.0,1.78376517,0.9613443682867477,Klebsiella pneumoniae,-0.10637156799076841,1.0677159362775162,9.148383633909223,0.7827596529338318
1,Ag,Bacillus subtilis,non-pathogenic,chemical_synthesis,MIC,spheroidal,Bacteria,Bacillota,Bacilli,Bacillales,Bacillaceae,Bacillus,p,soil,107.87,4.0,24,0.16,30,11,23.00188061,0.0,0.0,1.78376517,1.576650266999707,Klebsiella pneumoniae,0.6041259074956504,0.9725243595040565,37.72682582118388,4.019073120035886
2,ZnO,Bacillus subtilis,non-pathogenic,green_synthesis,MBC,quasi-hexagonal,Bacteria,Bacillota,Bacilli,Bacillales,Bacillaceae,Bacillus,p,soil,81.3794,6.0,1,0.16,30,8,22.60496136,17.07,0.6865,4.082482905,1.359578214307892,Klebsiella pneumoniae,0.4905842098928519,0.8689940044150402,22.886438480033437,3.0944552735350666
3,ZrO2,Bacillus subtilis,non-pathogenic,green_synthesis,MIC,quasi-spherical,Bacteria,Bacillota,Bacilli,Bacillales,Bacillaceae,Bacillus,p,soil,123.2218,4.0,3,0.16,30,16,29.29254423,34.14,1.373,3.774536472,1.9021583629103502,Klebsiella pneumoniae,1.0790941473498576,0.8230642155604926,79.82857243631432,11.997593615353713
4,CeO2,Bacillus subtilis,non-pathogenic,chemical_synthesis,MIC,quasi-spherical,Bacteria,Bacillota,Bacilli,Bacillales,Bacillaceae,Bacillus,p,soil,172.115,1.4,2,0.16,30,16,39.19032095,34.14,1.373,4.456551526,2.3077831432749853,Klebsiella pneumoniae,1.4892367065826977,0.8185464366922877,203.13424452740637,30.84868859947867
5,ZnO,Bacillus subtilis,non-pathogenic,green_synthesis,MIC,quasi-spherical,Bacteria,Bacillota,Bacilli,Bacillales,Bacillaceae,Bacillus,p,soil,81.3794,3.0,3,0.16,30,8,22.60496136,17.07,0.6865,4.082482905,1.2251816440734513,Klebsiella pneumoniae,0.40826739537952017,0.8169142486939311,16.795063263343923,2.560161694872466
6,ZnO,Bacillus subtilis,non-pathogenic,green_synthesis,MIC,quasi-hexagonal,Bacteria,Bacillota,Bacilli,Bacillales,Bacillaceae,Bacillus,p,soil,81.3794,0.8,0,0.16,30,8,22.60496136,17.07,0.6865,4.082482905,0.5459783010451134,Klebsiella pneumoniae,-0.25845601378472294,0.8044343148298363,3.51542875710217,0.551498056381322
7,Ag,Bacillus subtilis,non-pathogenic,chemical_synthesis,MIC,quasi-spherical,Bacteria,Bacillota,Bacilli,Bacillales,Bacillaceae,Bacillus,p,soil,107.87,3.0,0,0.16,30,11,23.00188061,0.0,0.0,1.78376517,1.1323371029626659,Klebsiella pneumoniae,0.3279664655779433,0.8043706373847226,13.562417299181691,2.1279747262395015
8,ZnO,Bacillus subtilis,non-pathogenic,green_synthesis,MIC,nanoplates,Bacteria,Bacillota,Bacilli,Bacillales,Bacillaceae,Bacillus,p,soil,81.3794,3.0,4,0.16,30,8,22.60496136,17.07,0.6865,4.082482905,1.4260030198485072,Klebsiella pneumoniae,0.6262508474641295,0.7997521723843777,26.668772084760832,4.229128171748424
9,Pd,Bacillus subtilis,non-pathogenic,chemical_synthesis,MIC,cubic,Bacteria,Bacillota,Bacilli,Bacillales,Bacillaceae,Bacillus,p,soil,195.084,4.0,2,0.16,30,10,21.14774404,0.0,0.0,1.870828693,0.7530847764139271,Klebsiella pneumoniae,-0.036312297019540196,0.7893970734334673,5.663498325149428,0.9197879231666792
10,Ag,Bacillus subtilis,non-pathogenic,chemical_synthesis,MIC,nanoplates,Bacteria,Bacillota,Bacilli,Bacillales,Bacillaceae,Bacillus,p,soil,107.87,0.8,4,0.16,30,11,23.00188061,0.0,0.0,1.78376517,1.4393104510712567,Klebsiella pneumoniae,0.6512712131534837,0.788039237917773,27.498591600320356,4.479929845883857
11,ZnO,Bacillus subtilis,non-pathogenic,green_synthesis,MBC,nanoplates,Bacteria,Bacillota,Bacilli,Bacillales,Bacillaceae,Bacillus,p,soil,81.3794,6.0,4,0.16,30,8,22.60496136,17.07,0.6865,4.082482905,2.5419714824307444,Klebsiella pneumoniae,1.7561470294351647,0.7858244529955798,348.3144425202836,57.035733281084354
12,Ag,Bacillus subtilis,non-pathogenic,chemical_synthesis,MIC,spherical,Bacteria,Bacillota,Bacilli,Bacillales,Bacillaceae,Bacillus,p,soil,107.87,3.0,4,0.16,30,11,23.00188061,0.0,0.0,1.78376517,0.9048859894226131,Klebsiella pneumoniae,0.12203194140296714,0.782854048019646,8.033152089521849,1.3244389411807578
13,ZnO,Bacillus subtilis,non-pathogenic,green_synthesis,MBEC,quasi-spherical,Bacteria,Bacillota,Bacilli,Bacillales,Bacillaceae,Bacillus,p,soil,81.3794,6.0,1,0.16,30,8,22.60496136,17.07,0.6865,4.082482905,2.3723848453770904,Klebsiella pneumoniae,1.5896461836196765,0.7827386617574139,235.7137110367124,38.872832197552135
14,TiO2,Bacillus subtilis,non-pathogenic,green_synthesis,MIC,quasi-spherical,Bacteria,Bacillota,Bacilli,Bacillales,Bacillaceae,Bacillus,p,soil,79.866,1.9,3,0.16,30,16,26.40611331,34.14,1.373,2.878049394,2.239212077179548,Klebsiella pneumoniae,1.4844704968049351,0.7547415803746127,173.46508656523662,30.51198743133007
15,Ag,Bacillus subtilis,non-pathogenic,chemical_synthesis,MIC,quasi-spherical,Bacteria,Bacillota,Bacilli,Bacillales,Bacillaceae,Bacillus,p,soil,107.87,4.0,3,0.16,30,11,23.00188061,0.0,0.0,1.78376517,1.0691712098029353,Klebsiella pneumoniae,0.31469229707431756,0.7544789127286178,11.726575655296768,2.063917327112145
16,ZnO,Bacillus subtilis,non-pathogenic,green_synthesis,MIC,cubic,Bacteria,Bacillota,Bacilli,Bacillales,Bacillaceae,Bacillus,p,soil,81.3794,0.8,2,0.16,30,8,22.60496136,17.07,0.6865,4.082482905,1.476668432143031,Klebsiella pneumoniae,0.724629458853215,0.7520389732898161,29.968736426068965,5.30431685459777
17,Ag,Bacillus subtilis,non-pathogenic,green_synthesis,MIC,quasi-spherical,Bacteria,Bacillota,Bacilli,Bacillales,Bacillaceae,Bacillus,p,soil,107.87,3.0,4,0.16,30,11,23.00188061,0.0,0.0,1.78376517,1.538063397575005,Klebsiella pneumoniae,0.8425470219701556,0.6955163756048495,34.519412651365265,6.959002971996729
18,Pt,Bacillus subtilis,non-pathogenic,green_synthesis,MIC,cubic,Bacteria,Bacillota,Bacilli,Bacillales,Bacillaceae,Bacillus,p,soil,195.084,4.0,3,0.16,30,10,21.75656585,0.0,0.0,2.588435821,0.9518854705224881,Klebsiella pneumoniae,0.26649230800087276,0.6853931625216153,8.951286765756699,1.847108079597412
19,ZnO,Bacillus subtilis,non-pathogenic,green_synthesis,MBC,quasi-spherical,Bacteria,Bacillota,Bacilli,Bacillales,Bacillaceae,Bacillus,p,soil,81.3794,11.3,1,0.16,30,8,22.60496136,17.07,0.6865,4.082482905,2.160873318741285,Klebsiella pneumoniae,1.4766513487544088,0.6842219699868761,144.83493165690794,29.967557600357424
20,TiO2,Bacillus subtilis,non-pathogenic,chemical_synthesis,MIC,quasi-spherical,Bacteria,Bacillota,Bacilli,Bacillales,Bacillaceae,Bacillus,p,soil,79.866,3.0,4,0.16,30,16,26.40611331,34.14,1.373,2.878049394,2.0652604782080153,Klebsiella pneumoniae,1.388323331659771,0.6769371465482443,116.2145428581724,24.452503608042594
21,Ag,Bacillus subtilis,non-pathogenic,chemical_synthesis,MIC,quasi-hexagonal,Bacteria,Bacillota,Bacilli,Bacillales,Bacillaceae,Bacillus,p,soil,107.87,5.1,2,0.16,30,11,23.00188061,0.0,0.0,1.78376517,0.9710220480911526,Klebsiella pneumoniae,0.2946069293481266,0.676415118743026,9.354531636597372,1.9706383460883405
22,ZnO,Bacillus subtilis,non-pathogenic,green_synthesis,MBEC,quasi-hexagonal,Bacteria,Bacillota,Bacilli,Bacillales,Bacillaceae,Bacillus,p,soil,81.3794,8.7,0,0.16,30,8,22.60496136,17.07,0.6865,4.082482905,1.5224680303350617,Klebsiella pneumoniae,0.8532536644641722,0.6692143658708896,33.30182469762094,7.132695178056804
23,Ag,Bacillus subtilis,non-pathogenic,green_synthesis,MIC,quasi-spherical,Bacteria,Bacillota,Bacilli,Bacillales,Bacillaceae,Bacillus,p,soil,107.87,3.0,1,0.16,30,11,23.00188061,0.0,0.0,1.78376517,1.5477984916503917,Klebsiella pneumoniae,0.8817293513889076,0.6660691402614841,35.30193343019083,7.616042368492048
24,CeO2,Bacillus subtilis,non-pathogenic,chemical_synthesis,MIC,cubic,Bacteria,Bacillota,Bacilli,Bacillales,Bacillaceae,Bacillus,p,soil,172.115,5.1,3,0.16,30,16,39.19032095,34.14,1.373,4.456551526,3.0619190986695903,Klebsiella pneumoniae,2.3985415162282004,0.6633775824413899,1153.2384100254028,250.3464954796348
25,ZnO,Bacillus subtilis,non-pathogenic,green_synthesis,MBEC,quasi-spherical,Bacteria,Bacillota,Bacilli,Bacillales,Bacillaceae,Bacillus,p,soil,81.3794,4.7,0,0.16,30,8,22.60496136,17.07,0.6865,4.082482905,2.214347831181693,Klebsiella pneumoniae,1.5555976282517494,0.6587502029299435,163.81279907259642,35.94161834828861
26,Au,Bacillus subtilis,non-pathogenic,chemical_synthesis,MIC,quasi-hexagonal,Bacteria,Bacillota,Bacilli,Bacillales,Bacillaceae,Bacillus,p,soil,196.966569,1.4,1,0.16,30,11,23.00188061,0.0,0.0,2.46797672,1.1948371346246411,Klebsiella pneumoniae,0.5440657622099931,0.650771372414648,15.66163630773771,3.499981608170642
27,ZnO,Bacillus subtilis,non-pathogenic,green_synthesis,MBEC,rod-shaped,Bacteria,Bacillota,Bacilli,Bacillales,Bacillaceae,Bacillus,p,soil,81.3794,5.1,2,0.16,30,8,22.60496136,17.07,0.6865,4.082482905,2.2417317601013194,Klebsiella pneumoniae,1.593413920557965,0.6483178395433544,174.47441871960237,39.2115419299145
28,Ag,Bacillus subtilis,non-pathogenic,green_synthesis,MIC,quasi-hexagonal,Bacteria,Bacillota,Bacilli,Bacillales,Bacillaceae,Bacillus,p,soil,107.87,0.8,4,0.16,30,11,23.00188061,0.0,0.0,1.78376517,0.9130868079982549,Klebsiella pneumoniae,0.2659269895381968,0.6471598184600581,8.18628401521788,1.8447052745398755
29,ZnO,Bacillus subtilis,non-pathogenic,chemical_synthesis,MIC,cubic,Bacteria,Bacillota,Bacilli,Bacillales,Bacillaceae,Bacillus,p,soil,81.3794,4.0,0,0.16,30,8,22.60496136,17.07,0.6865,4.082482905,1.557690420568685,Klebsiella pneumoniae,0.9140042746723012,0.6436861458963838,36.11523295688484,8.203596189230447
30,TiO2,Bacillus subtilis,non-pathogenic,green_synthesis,MBEC,rod-shaped,Bacteria,Bacillota,Bacilli,Bacillales,Bacillaceae,Bacillus,p,soil,79.866,6.0,0,0.16,30,16,26.40611331,34.14,1.373,2.878049394,2.95890092823912,Klebsiella pneumoniae,2.3180831965476267,0.6408177316914934,909.7057258350451,208.0095126792806
31,ZnO,Bacillus subtilis,non-pathogenic,green_synthesis,MBC,spherical,Bacteria,Bacillota,Bacilli,Bacillales,Bacillaceae,Bacillus,p,soil,81.3794,8.7,3,0.16,30,8,22.60496136,17.07,0.6865,4.082482905,2.4578489544774675,Klebsiella pneumoniae,1.821752940950348,0.6360960135271196,286.97823120151105,66.33655912839816
32,Ag,Bacillus subtilis,non-pathogenic,green_synthesis,MIC,spheroidal,Bacteria,Bacillota,Bacilli,Bacillales,Bacillaceae,Bacillus,p,soil,107.87,1.9,4,0.16,30,11,23.00188061,0.0,0.0,1.78376517,1.4128407995215855,Klebsiella pneumoniae,0.7815913902105288,0.6312494093110567,25.872643209651383,6.047716023032894
33,Au,Bacillus subtilis,non-pathogenic,chemical_synthesis,MIC,quasi-hexagonal,Bacteria,Bacillota,Bacilli,Bacillales,Bacillaceae,Bacillus,p,soil,196.966569,3.0,0,0.16,30,11,23.00188061,0.0,0.0,2.46797672,1.1554418109697528,Klebsiella pneumoniae,0.5256813936053426,0.6297604173644102,14.303483224837267,3.3549140129764834
34,ZnO,Bacillus subtilis,non-pathogenic,green_synthesis,MBEC,quasi-hexagonal,Bacteria,Bacillota,Bacilli,Bacillales,Bacillaceae,Bacillus,p,soil,81.3794,10.4,1,0.16,30,8,22.60496136,17.07,0.6865,4.082482905,1.4078497105364525,Klebsiella pneumoniae,0.7817672960337549,0.6260824145026975,25.5770063049505,6.05016607474813
35,Ag,Bacillus subtilis,non-pathogenic,green_synthesis,MIC,cubic,Bacteria,Bacillota,Bacilli,Bacillales,Bacillaceae,Bacillus,p,soil,107.87,1.9,0,0.16,30,11,23.00188061,0.0,0.0,1.78376517,2.012224135231781,Klebsiella pneumoniae,1.3913006361619435,0.6209234990698376,102.85469844430024,24.620713595025794
36,ZnO,Bacillus subtilis,non-pathogenic,green_synthesis,MBEC,quasi-hexagonal,Bacteria,Bacillota,Bacilli,Bacillales,Bacillaceae,Bacillus,p,soil,81.3794,10.4,3,0.16,30,8,22.60496136,17.07,0.6865,4.082482905,1.4714448150966266,Klebsiella pneumoniae,0.8517705953522863,0.6196742197443403,29.61043687779044,7.10837933007983
37,Ag,Bacillus subtilis,non-pathogenic,green_synthesis,MIC,rod-shaped,Bacteria,Bacillota,Bacilli,Bacillales,Bacillaceae,Bacillus,p,soil,107.87,1.9,24,0.16,30,11,23.00188061,0.0,0.0,1.78376517,2.4196446522309434,Klebsiella pneumoniae,1.8002856508454306,0.6193590013855128,262.8116738245714,63.137248395897046
38,ZnO,Bacillus subtilis,non-pathogenic,green_synthesis,MIC,rod-shaped,Bacteria,Bacillota,Bacilli,Bacillales,Bacillaceae,Bacillus,p,soil,81.3794,6.0,1,0.16,30,8,22.60496136,17.07,0.6865,4.082482905,1.379652379122887,Klebsiella pneumoniae,0.7656829870633031,0.6139693920595839,23.969135974635744,5.830193743497985
39,TiO2,Bacillus subtilis,non-pathogenic,chemical_synthesis,MIC,spherical,Bacteria,Bacillota,Bacilli,Bacillales,Bacillaceae,Bacillus,p,soil,79.866,1.9,0,0.16,30,16,26.40611331,34.14,1.373,2.878049394,2.2251089765609864,Klebsiella pneumoniae,1.6136927093489,0.6114162672120864,167.92253295867087,41.0858909722656
40,CeO2,Bacillus subtilis,non-pathogenic,green_synthesis,MIC,nanoplates,Bacteria,Bacillota,Bacilli,Bacillales,Bacillaceae,Bacillus,p,soil,172.115,1.9,0,0.16,30,16,39.19032095,34.14,1.373,4.456551526,2.782221891876444,Klebsiella pneumoniae,2.171166826938298,0.6110550649381459,605.6502375199756,148.30876789864948
41,Ag,Bacillus subtilis,non-pathogenic,green_synthesis,MIC,spherical,Bacteria,Bacillota,Bacilli,Bacillales,Bacillaceae,Bacillus,p,soil,107.87,1.4,24,0.16,30,11,23.00188061,0.0,0.0,1.78376517,2.4760120747042724,Klebsiella pneumoniae,1.865774133772303,0.6102379409319694,299.2347831800331,73.41319642873415
42,ZnO,Bacillus subtilis,non-pathogenic,green_synthesis,MBEC,quasi-spherical,Bacteria,Bacillota,Bacilli,Bacillales,Bacillaceae,Bacillus,p,soil,81.3794,3.0,3,0.16,30,8,22.60496136,17.07,0.6865,4.082482905,1.9806488411096832,Klebsiella pneumoniae,1.3734057131879154,0.6072431279217678,95.64204226145537,23.626843966342623
43,Ag,Bacillus subtilis,non-pathogenic,green_synthesis,MIC,hexagonal,Bacteria,Bacillota,Bacilli,Bacillales,Bacillaceae,Bacillus,p,soil,107.87,1.4,1,0.16,30,11,23.00188061,0.0,0.0,1.78376517,1.9162246455974186,Klebsiella pneumoniae,1.3155874292545282,0.6006372163428904,82.45645235864343,20.681756912833315
44,ZnO,Bacillus subtilis,non-pathogenic,chemical_synthesis,MBEC,spherical,Bacteria,Bacillota,Bacilli,Bacillales,Bacillaceae,Bacillus,p,soil,81.3794,6.0,1,0.16,30,8,22.60496136,17.07,0.6865,4.082482905,2.2038222128655574,Klebsiella pneumoniae,1.6034065598408964,0.6004156530246609,159.89033515474273,40.12421601524844
45,Ag,Bacillus subtilis,non-pathogenic,chemical_synthesis,MIC,cubic,Bacteria,Bacillota,Bacilli,Bacillales,Bacillaceae,Bacillus,p,soil,107.87,6.0,1,0.16,30,11,23.00188061,0.0,0.0,1.78376517,1.9822120315407743,Klebsiella pneumoniae,1.3952588193381676,0.5869532122026067,95.98691450899815,24.84613378327578
46,CeO2,Bacillus subtilis,non-pathogenic,chemical_synthesis,MIC,quasi-spherical,Bacteria,Bacillota,Bacilli,Bacillales,Bacillaceae,Bacillus,p,soil,172.115,3.0,24,0.16,30,16,39.19032095,34.14,1.373,4.456551526,3.421155125639566,Klebsiella pneumoniae,2.8348038775211766,0.5863512481183895,2637.273225191862,683.6028702377174
47,ZnO,Bacillus subtilis,non-pathogenic,green_synthesis,MBC,rod-shaped,Bacteria,Bacillota,Bacilli,Bacillales,Bacillaceae,Bacillus,p,soil,81.3794,11.3,3,0.16,30,8,22.60496136,17.07,0.6865,4.082482905,2.1835505249220097,Klebsiella pneumoniae,1.5973589438517957,0.5861915810702141,152.5985914527081,39.56935251650152
48,Ni,Bacillus subtilis,non-pathogenic,green_synthesis,MBEC,quasi-hexagonal,Bacteria,Bacillota,Bacilli,Bacillales,Bacillaceae,Bacillus,p,soil,58.6934,5.1,4,0.16,30,10,17.41523038,0.0,0.0,1.303840481,2.1288118371243234,Klebsiella pneumoniae,1.5477235717138065,0.581088265410517,134.52773715101605,35.29584403553113
49,Pd,Bacillus subtilis,non-pathogenic,green_synthesis,MIC,hexagonal,Bacteria,Bacillota,Bacilli,Bacillales,Bacillaceae,Bacillus,p,soil,195.084,4.0,1,0.16,30,10,21.14774404,0.0,0.0,1.870828693,1.0835811802658188,Klebsiella pneumoniae,0.503538400962424,0.5800427793033949,12.122192610411092,3.1881474639620353
50,ZnO,Bacillus subtilis,non-pathogenic,green_synthesis,MBC,spherical,Bacteria,Bacillota,Bacilli,Bacillales,Bacillaceae,Bacillus,p,soil,81.3794,11.3,3,0.16,30,8,22.60496136,17.07,0.6865,4.082482905,2.453277769643512,Klebsiella pneumoniae,1.876207249026842,0.57707052061667,283.97347086614224,75.19816604632592
51,ZnO,Bacillus subtilis,non-pathogenic,chemical_synthesis,MIC,quasi-spherical,Bacteria,Bacillota,Bacilli,Bacillales,Bacillaceae,Bacillus,p,soil,81.3794,1.4,24,0.16,30,8,22.60496136,17.07,0.6865,4.082482905,2.6748025584429826,Klebsiella pneumoniae,2.21832710080562,0.45647545763736286,472.9362009930577,165.32064872624184
52,ZnO,Bacillus subtilis,non-pathogenic,chemical_synthesis,MIC,hexagonal,Bacteria,Bacillota,Bacilli,Bacillales,Bacillaceae,Bacillus,p,soil,81.3794,0.8,24,0.16,30,8,22.60496136,17.07,0.6865,4.082482905,2.664861956756427,Klebsiella pneumoniae,2.2393363765722536,0.4255255801841735,462.2340740270589,173.51474110076813
53,CuO,Bacillus subtilis,non-pathogenic,green_synthesis,MBC,spherical,Bacteria,Bacillota,Bacilli,Bacillales,Bacillaceae,Bacillus,p,soil,79.5454,11.3,2,0.16,30,17,20.67942236,17.07,0.6865,1.651411411,3.3906271173435067,Klebsiella pneumoniae,3.0610757844845558,0.329551332858951,2458.256053783055,1151.0012213927114
54,Al2O3,Bacillus subtilis,non-pathogenic,green_synthesis,MBC,hexagonal,Bacteria,Bacillota,Bacilli,Bacillales,Bacillaceae,Bacillus,p,soil,101.961276,4.7,3,0.16,30,24,51.55776403,85.5,13.5675,4.688846487,2.76558478843313,Klebsiella pneumoniae,2.4415690150713734,0.3240157733617566,582.8875623324066,276.4197151337517
55,Ag,Bacillus subtilis,non-pathogenic,green_synthesis,MBC,triangular,Bacteria,Bacillota,Bacilli,Bacillales,Bacillaceae,Bacillus,p,soil,107.87,10.0,18,0.16,30,11,23.00188061,0.0,0.0,1.78376517,0.5940513749507004,Klebsiella pneumoniae,0.3048777610721576,0.2891736138785428,3.9269138615644494,2.017798343060014
56,Au,Bacillus subtilis,non-pathogenic,chemical_synthesis,MIC,spheroidal,Bacteria,Bacillota,Bacilli,Bacillales,Bacillaceae,Bacillus,p,soil,196.966569,28.0,18,0.16,30,11,23.00188061,0.0,0.0,2.46797672,1.4109602970687318,Klebsiella pneumoniae,1.131247925864804,0.2797123712039278,25.760856420911594,13.528446417573177
57,ZnO,Bacillus subtilis,non-pathogenic,green_synthesis,MBEC,hexagonal,Bacteria,Bacillota,Bacilli,Bacillales,Bacillaceae,Bacillus,p,soil,81.3794,18.0,3,0.16,30,8,22.60496136,17.07,0.6865,4.082482905,2.395812799374942,Klebsiella pneumoniae,2.120473532784421,0.275339266590521,248.77847390438595,131.9694883069925
58,Ag,Bacillus subtilis,non-pathogenic,chemical_synthesis,MBC,spheroidal,Bacteria,Bacillota,Bacilli,Bacillales,Bacillaceae,Bacillus,p,soil,107.87,22.5,18,0.16,30,11,23.00188061,0.0,0.0,1.78376517,1.2465626995753063,Klebsiella pneumoniae,0.9830371978114418,0.26352550176386447,17.642604543266426,9.61694645085547
59,ZnO,Bacillus subtilis,non-pathogenic,green_synthesis,MBC,nanoplates,Bacteria,Bacillota,Bacilli,Bacillales,Bacillaceae,Bacillus,p,soil,81.3794,0.8,24,0.16,30,8,22.60496136,17.07,0.6865,4.082482905,2.3827830179521285,Klebsiella pneumoniae,2.1270392534264477,0.2557437645256808,241.42543242224625,133.97977787109804
60,TiO2,Bacillus subtilis,non-pathogenic,green_synthesis,MBEC,cubic,Bacteria,Bacillota,Bacilli,Bacillales,Bacillaceae,Bacillus,p,soil,79.866,100.0,4,0.16,30,16,26.40611331,34.14,1.373,2.878049394,2.226856954005632,Klebsiella pneumoniae,1.9721289814805871,0.25472797252504487,168.5997607493076,93.78404956009317
61,CeO2,Bacillus subtilis,non-pathogenic,chemical_synthesis,MIC,quasi-hexagonal,Bacteria,Bacillota,Bacilli,Bacillales,Bacillaceae,Bacillus,p,soil,172.115,30.0,4,0.16,30,16,39.19032095,34.14,1.373,4.456551526,1.9823807417394772,Klebsiella pneumoniae,1.736195428666504,0.2461853130729732,96.02420974974991,54.47477293457595
62,ZnO,Bacillus subtilis,non-pathogenic,green_synthesis,MBC,spheroidal,Bacteria,Bacillota,Bacilli,Bacillales,Bacillaceae,Bacillus,p,soil,81.3794,18.5,24,0.16,30,8,22.60496136,17.07,0.6865,4.082482905,2.275399161093688,Klebsiella pneumoniae,2.029815644022737,0.24558351707095083,188.53811517079518,107.106454683007
63,Ag,Bacillus subtilis,non-pathogenic,green_synthesis,MBEC,rod-shaped,Bacteria,Bacillota,Bacilli,Bacillales,Bacillaceae,Bacillus,p,soil,107.87,6.0,4,0.16,30,11,23.00188061,0.0,0.0,1.78376517,1.9594508647493418,Klebsiella pneumoniae,1.7246744679858446,0.23477639676349726,91.08583936519803,53.048666084687625
64,ZnO,Bacillus subtilis,non-pathogenic,green_synthesis,MBEC,hexagonal,Bacteria,Bacillota,Bacilli,Bacillales,Bacillaceae,Bacillus,p,soil,81.3794,26.06,1,0.16,30,8,22.60496136,17.07,0.6865,4.082482905,2.2635617337086225,Klebsiella pneumoniae,2.0453781371065287,0.21818359660209374,183.46859439008657,111.01409864177722
65,Ag,Bacillus subtilis,non-pathogenic,green_synthesis,MBEC,spherical,Bacteria,Bacillota,Bacilli,Bacillales,Bacillaceae,Bacillus,p,soil,107.87,5.1,1,0.16,30,11,23.00188061,0.0,0.0,1.78376517,2.244555301489779,Klebsiella pneumoniae,2.0412372531753906,0.20331804831438838,175.61244985093404,109.96063855372837
66,ZnO,Bacillus subtilis,non-pathogenic,green_synthesis,MBC,rod-shaped,Bacteria,Bacillota,Bacilli,Bacillales,Bacillaceae,Bacillus,p,soil,81.3794,27.43,18,0.16,30,8,22.60496136,17.07,0.6865,4.082482905,1.6607672487448115,Klebsiella pneumoniae,1.4964966037191223,0.16427064502568922,45.78964207120451,31.368705990263162
67,Ag2O,Bacillus subtilis,non-pathogenic,green_synthesis,MIC,tetragonal,Bacteria,Bacillota,Bacilli,Bacillales,Bacillaceae,Bacillus,p,soil,231.7358,1.9,3,0.16,30,28,46.55109718,17.07,0.6865,3.975778631,1.1800967278399255,Klebsiella pneumoniae,1.0283979514473787,0.1516987763925468,15.138983925199152,10.675739093770073
68,Au,Bacillus subtilis,non-pathogenic,green_synthesis,MIC,triangular,Bacteria,Bacillota,Bacilli,Bacillales,Bacillaceae,Bacillus,p,soil,196.966569,41.23,4,0.16,30,11,23.00188061,0.0,0.0,2.46797672,-0.39942303431710746,Klebsiella pneumoniae,-0.5510803556529056,0.15165732133579812,0.3986364124123972,0.28113806045283446
69,ZnO,Bacillus subtilis,non-pathogenic,green_synthesis,MIC,tetragonal,Bacteria,Bacillota,Bacilli,Bacillales,Bacillaceae,Bacillus,p,soil,81.3794,8.7,2,0.16,30,8,22.60496136,17.07,0.6865,4.082482905,0.34663981922127207,Klebsiella pneumoniae,0.2060686479159437,0.14057117130532837,2.2214667599069227,1.6071952785453036
70,Ag,Bacillus subtilis,non-pathogenic,green_synthesis,MBC,hexagonal,Bacteria,Bacillota,Bacilli,Bacillales,Bacillaceae,Bacillus,p,soil,107.8682,40.0,1,0.16,30,11,23.00188061,0.0,0.0,1.78376517,1.1159159228644704,Klebsiella pneumoniae,0.9848527654883169,0.13106315737615348,13.05918044768994,9.657234239388039
71,Au,Bacillus subtilis,non-pathogenic,chemical_synthesis,MBEC,nanoplates,Bacteria,Bacillota,Bacilli,Bacillales,Bacillaceae,Bacillus,p,soil,196.966569,27.43,2,0.16,30,11,23.00188061,0.0,0.0,2.46797672,2.0917448275435655,Klebsiella pneumoniae,1.9681136707800084,0.12363115676355707,123.52214580471231,92.92095631466836
72,CeO2,Bacillus subtilis,non-pathogenic,chemical_synthesis,MIC,rod-shaped,Bacteria,Bacillota,Bacilli,Bacillales,Bacillaceae,Bacillus,p,soil,172.115,27.43,0,0.16,30,16,39.19032095,34.14,1.373,4.456551526,2.022070332936173,Klebsiella pneumoniae,1.9010130608192735,0.12105727211689965,105.21322502884745,79.61832941932217
73,ZnO,Bacillus subtilis,non-pathogenic,chemical_synthesis,MIC,triangular,Bacteria,Bacillota,Bacilli,Bacillales,Bacillaceae,Bacillus,p,soil,81.3794,28.0,18,0.16,30,8,22.60496136,17.07,0.6865,4.082482905,-0.6105469354341162,Klebsiella pneumoniae,-0.7302306745672742,0.119683739133158,0.24516194860336465,0.18610983557573507
74,Ag,Bacillus subtilis,non-pathogenic,green_synthesis,MBC,rod-shaped,Bacteria,Bacillota,Bacilli,Bacillales,Bacillaceae,Bacillus,p,soil,107.87,38.0,1,0.16,30,11,23.00188061,0.0,0.0,1.78376517,0.7896774269712322,Klebsiella pneumoniae,0.6861124355582353,0.10356499141299691,6.161371948242839,4.854141539508911
75,Ag,Bacillus subtilis,non-pathogenic,green_synthesis,MBC,spheroidal,Bacteria,Bacillota,Bacilli,Bacillales,Bacillaceae,Bacillus,p,soil,107.8682,35.0,4,0.16,30,11,23.00188061,0.0,0.0,1.78376517,1.1368383089784386,Klebsiella pneumoniae,1.0484120083985324,0.08842630057990619,13.703714718256913,11.179233012655176
76,Al2O3,Bacillus subtilis,non-pathogenic,chemical_synthesis,MIC,rod-shaped,Bacteria,Bacillota,Bacilli,Bacillales,Bacillaceae,Bacillus,p,soil,101.961276,12.0,4,0.16,30,24,51.55776403,85.5,13.5675,4.688846487,2.555558908478974,Klebsiella pneumoniae,2.484189407081056,0.07136950139791765,359.3841409560125,304.92245455443305
77,CuO,Bacillus subtilis,non-pathogenic,green_synthesis,MBEC,cubic,Bacteria,Bacillota,Bacilli,Bacillales,Bacillaceae,Bacillus,p,soil,79.5454,100.0,18,0.16,30,17,20.67942236,17.07,0.6865,1.651411411,2.6436213026465305,Klebsiella pneumoniae,2.573030287938895,0.0705910147076354,440.1708746476844,374.13667986251886
78,Ag,Bacillus subtilis,non-pathogenic,green_synthesis,MIC,tetragonal,Bacteria,Bacillota,Bacilli,Bacillales,Bacillaceae,Bacillus,p,soil,107.87,30.0,2,0.16,30,11,23.00188061,0.0,0.0,1.78376517,0.08444771074716817,Klebsiella pneumoniae,0.05563243202039936,0.02881527872676881,1.214640368415074,1.1366648548553853
79,Ag2O,Bacillus subtilis,non-pathogenic,green_synthesis,MBEC,spherical,Bacteria,Bacillota,Bacilli,Bacillales,Bacillaceae,Bacillus,p,soil,231.7358,37.86,1,0.16,30,28,46.55109718,17.07,0.6865,3.975778631,1.5884228828316136,Klebsiella pneumoniae,1.5727778445255751,0.015645038306038472,38.763491051651116,37.39192677155624
80,ZnO,Bacillus subtilis,non-pathogenic,chemical_synthesis,MBC,triangular,Bacteria,Bacillota,Bacilli,Bacillales,Bacillaceae,Bacillus,p,soil,81.3794,26.38,0,0.16,30,8,22.60496136,17.07,0.6865,4.082482905,0.47888638745285617,Klebsiella pneumoniae,0.46788115470006275,0.011005232752793415,3.0122179171945374,2.936845869957594
81,Ag,Bacillus subtilis,non-pathogenic,green_synthesis,MBC,tetragonal,Bacteria,Bacillota,Bacilli,Bacillales,Bacillaceae,Bacillus,p,soil,107.87,11.3,24,0.16,30,11,23.00188061,0.0,0.0,1.78376517,1.225209365428656,Klebsiella pneumoniae,1.2229973010452124,0.0022120643834435683,16.796135339534974,16.710802292282636
82,ZnO,Bacillus subtilis,non-pathogenic,chemical_synthesis,MBEC,cubic,Bacteria,Bacillota,Bacilli,Bacillales,Bacillaceae,Bacillus,p,soil,81.3794,60.0,1,0.16,30,8,22.60496136,17.07,0.6865,4.082482905,2.275566036573993,Klebsiella pneumoniae,2.2759597280816832,-0.000393691507690086,188.6105739176666,188.78162846839712
83,Ag,Bacillus subtilis,non-pathogenic,chemical_synthesis,MBEC,spheroidal,Bacteria,Bacillota,Bacilli,Bacillales,Bacillaceae,Bacillus,p,soil,107.8682,22.5,0,0.16,30,11,23.00188061,0.0,0.0,1.78376517,2.096136611993648,Klebsiella pneumoniae,2.1545631163250083,-0.058426504331360096,124.77759538441798,142.7457268467971
84,ZnO,Bacillus subtilis,non-pathogenic,green_synthesis,MIC,triangular,Bacteria,Bacillota,Bacilli,Bacillales,Bacillaceae,Bacillus,p,soil,81.3794,13.0,4,0.16,30,8,22.60496136,17.07,0.6865,4.082482905,-0.38828801252039513,Klebsiella pneumoniae,-0.3173305829219766,-0.07095742959841855,0.40898933894927814,0.4815810808120715
85,Ag,Bacillus subtilis,non-pathogenic,chemical_synthesis,MIC,cubic,Bacteria,Bacillota,Bacilli,Bacillales,Bacillaceae,Bacillus,p,soil,107.8682,20.0,18,0.16,30,11,23.00188061,0.0,0.0,1.78376517,2.319501565224818,Klebsiella pneumoniae,2.425802476539316,-0.10630091131449815,208.68996452192724,266.5646014114934
86,ZnO,Bacillus subtilis,non-pathogenic,chemical_synthesis,MBC,hexagonal,Bacteria,Bacillota,Bacilli,Bacillales,Bacillaceae,Bacillus,p,soil,81.3794,35.0,18,0.16,30,8,22.60496136,17.07,0.6865,4.082482905,1.723428986302037,Klebsiella pneumoniae,1.8813734880727297,-0.15794450177069286,52.896749597399314,76.09804297081244
87,Au,Bacillus subtilis,non-pathogenic,chemical_synthesis,MBEC,rod-shaped,Bacteria,Bacillota,Bacilli,Bacillales,Bacillaceae,Bacillus,p,soil,196.966569,27.43,18,0.16,30,11,23.00188061,0.0,0.0,2.46797672,1.1851574736286958,Klebsiella pneumoniae,1.3626596337521604,-0.17750216012346454,15.316427291925399,23.049400478675018
88,Ag,Bacillus subtilis,non-pathogenic,chemical_synthesis,MBEC,spherical,Bacteria,Bacillota,Bacilli,Bacillales,Bacillaceae,Bacillus,p,soil,107.8682,79.0,4,0.16,30,11,23.00188061,0.0,0.0,1.78376517,1.8488761979107415,Klebsiella pneumoniae,2.0610507775920692,-0.2121745796813277,70.6116236654338,115.09349480773878
89,ZnO,Bacillus subtilis,non-pathogenic,chemical_synthesis,MIC,spherical,Bacteria,Bacillota,Bacilli,Bacillales,Bacillaceae,Bacillus,p,soil,81.3794,40.0,18,0.16,30,8,22.60496136,17.07,0.6865,4.082482905,0.9565857333352448,Klebsiella pneumoniae,1.2849098138386528,-0.328324080503408,9.048690487682643,19.271246823986957
90,Ag,Bacillus subtilis,non-pathogenic,chemical_synthesis,MIC,rod-shaped,Bacteria,Bacillota,Bacilli,Bacillales,Bacillaceae,Bacillus,p,soil,107.8682,22.5,18,0.16,30,11,23.00188061,0.0,0.0,1.78376517,1.448296813476808,Klebsiella pneumoniae,1.8537416502797601,-0.4054448368029522,28.073516340531306,71.40714184590924
