,np,bacteria,bac_type,np_synthesis,method,shape,kingdom,phylum,class,order,family,genus,gram,isolated_from,mol_weight (g/mol),np_size_avg (nm),time_set,"min_Incub_period, h","growth_temp, C",Valance_electron,labuteASA,tpsa,CrippenMR,chi0v,pred_MIC_norm,pathogenic_bacteria,pred_MIC_pathogen,Fitness,pred_norm_MIC_original,pred_path_MIC_original
0,ZnO,Bacillus subtilis,non-pathogenic,green_synthesis,MBC,quasi-hexagonal,Bacteria,Bacillota,Bacilli,Bacillales,Bacillaceae,Bacillus,p,soil,81.3794,6.0,4,0.16,30,8,22.60496136,17.07,0.6865,4.082482905,1.357451039866873,Klebsiella pneumoniae,0.45374927268746146,0.9037017671794116,22.774614780546944,2.842819414333345
1,Ag,Bacillus subtilis,non-pathogenic,chemical_synthesis,MIC,quasi-spherical,Bacteria,Bacillota,Bacilli,Bacillales,Bacillaceae,Bacillus,p,soil,107.87,1.4,2,0.16,30,11,23.00188061,0.0,0.0,1.78376517,1.1740914964284181,Klebsiella pneumoniae,0.3573843775923633,0.8167071188360548,14.931089421170038,2.277111924658897
2,Ag,Bacillus subtilis,non-pathogenic,chemical_synthesis,MIC,cubic,Bacteria,Bacillota,Bacilli,Bacillales,Bacillaceae,Bacillus,p,soil,107.87,3.0,2,0.16,30,11,23.00188061,0.0,0.0,1.78376517,1.443245319248525,Klebsiella pneumoniae,0.6351275401654715,0.8081177790830536,27.748871081997127,4.316458205438796
3,ZnO,Bacillus subtilis,non-pathogenic,green_synthesis,MIC,hexagonal,Bacteria,Bacillota,Bacilli,Bacillales,Bacillaceae,Bacillus,p,soil,81.3794,1.9,1,0.16,30,8,22.60496136,17.07,0.6865,4.082482905,1.5556996365756148,Klebsiella pneumoniae,0.7822722698132741,0.7734273667623407,35.95006140941858,6.057204967113784
4,Ag,Bacillus subtilis,non-pathogenic,chemical_synthesis,MIC,nanoplates,Bacteria,Bacillota,Bacilli,Bacillales,Bacillaceae,Bacillus,p,soil,107.87,4.0,0,0.16,30,11,23.00188061,0.0,0.0,1.78376517,1.4573657061829441,Klebsiella pneumoniae,0.734397279911396,0.7229684262715481,28.66590822871599,5.424969238345333
5,ZnO,Bacillus subtilis,non-pathogenic,green_synthesis,MBC,hexagonal,Bacteria,Bacillota,Bacilli,Bacillales,Bacillaceae,Bacillus,p,soil,81.3794,5.1,0,0.16,30,8,22.60496136,17.07,0.6865,4.082482905,2.5223201898114485,Klebsiella pneumoniae,1.8015174258695665,0.7208027639418819,332.90490173450905,63.316576669100954
6,CeO2,Bacillus subtilis,non-pathogenic,green_synthesis,MIC,quasi-spherical,Bacteria,Bacillota,Bacilli,Bacillales,Bacillaceae,Bacillus,p,soil,172.115,4.0,0,0.16,30,16,39.19032095,34.14,1.373,4.456551526,2.425018804682535,Klebsiella pneumoniae,1.7184387742919522,0.7065800303905827,266.0840270042977,52.292424048423825
7,Ag,Bacillus subtilis,non-pathogenic,chemical_synthesis,MIC,spheroidal,Bacteria,Bacillota,Bacilli,Bacillales,Bacillaceae,Bacillus,p,soil,107.87,26.38,18,0.16,30,11,23.00188061,0.0,0.0,1.78376517,0.8104898244971092,Klebsiella pneumoniae,0.10494188458681109,0.7055479399102981,6.4638284909699255,1.2733326777322653
8,ZnO,Bacillus subtilis,non-pathogenic,green_synthesis,MBC,quasi-spherical,Bacteria,Bacillota,Bacilli,Bacillales,Bacillaceae,Bacillus,p,soil,81.3794,10.0,3,0.16,30,8,22.60496136,17.07,0.6865,4.082482905,2.221544244437962,Klebsiella pneumoniae,1.524100628412362,0.6974436160256001,166.5498494438451,33.42724838207539
9,TiO2,Bacillus subtilis,non-pathogenic,green_synthesis,MBC,quasi-hexagonal,Bacteria,Bacillota,Bacilli,Bacillales,Bacillaceae,Bacillus,p,soil,79.866,4.0,3,0.16,30,16,26.40611331,34.14,1.373,2.878049394,2.1342474185137394,Klebsiella pneumoniae,1.508938676608457,0.6253087419052825,136.22205214490944,32.28038283012737
10,Au,Bacillus subtilis,non-pathogenic,chemical_synthesis,MIC,quasi-hexagonal,Bacteria,Bacillota,Bacilli,Bacillales,Bacillaceae,Bacillus,p,soil,196.966569,4.0,3,0.16,30,11,23.00188061,0.0,0.0,2.46797672,1.1074961435952697,Klebsiella pneumoniae,0.4829605806075188,0.6245355629877509,12.808437209777356,3.0406090276947406
11,CeO2,Bacillus subtilis,non-pathogenic,chemical_synthesis,MIC,nanoplates,Bacteria,Bacillota,Bacilli,Bacillales,Bacillaceae,Bacillus,p,soil,172.115,5.1,0,0.16,30,16,39.19032095,34.14,1.373,4.456551526,3.1164815068643206,Klebsiella pneumoniae,2.4956751535974426,0.6208063532668779,1307.61985664172,313.094294523593
12,Ag,Bacillus subtilis,non-pathogenic,green_synthesis,MIC,quasi-hexagonal,Bacteria,Bacillota,Bacilli,Bacillales,Bacillaceae,Bacillus,p,soil,107.87,0.8,2,0.16,30,11,23.00188061,0.0,0.0,1.78376517,0.9519515657604812,Klebsiella pneumoniae,0.33270382956760036,0.6192477361928809,8.952649164950541,2.1513141292897555
13,ZnO,Bacillus subtilis,non-pathogenic,green_synthesis,MBC,hexagonal,Bacteria,Bacillota,Bacilli,Bacillales,Bacillaceae,Bacillus,p,soil,81.3794,3.0,2,0.16,30,8,22.60496136,17.07,0.6865,4.082482905,2.0232239701908696,Klebsiella pneumoniae,1.4091179568901606,0.614106013300709,105.49307949383818,25.651806597959737
14,TiO2,Bacillus subtilis,non-pathogenic,green_synthesis,MIC,hexagonal,Bacteria,Bacillota,Bacilli,Bacillales,Bacillaceae,Bacillus,p,soil,79.866,6.0,4,0.16,30,16,26.40611331,34.14,1.373,2.878049394,2.7995866338114936,Klebsiella pneumoniae,2.217158931991089,0.5824277018204045,630.3570781657903,164.8765654236384
15,Au,Bacillus subtilis,non-pathogenic,green_synthesis,MIC,quasi-spherical,Bacteria,Bacillota,Bacilli,Bacillales,Bacillaceae,Bacillus,p,soil,196.966569,1.9,4,0.16,30,11,23.00188061,0.0,0.0,2.46797672,1.7903664817537663,Klebsiella pneumoniae,1.213480861081339,0.5768856206724273,61.71155384955866,16.348611028666536
16,Ag,Bacillus subtilis,non-pathogenic,chemical_synthesis,MIC,cubic,Bacteria,Bacillota,Bacilli,Bacillales,Bacillaceae,Bacillus,p,soil,107.87,4.0,18,0.16,30,11,23.00188061,0.0,0.0,1.78376517,1.3208121785613585,Klebsiella pneumoniae,0.7520116475309035,0.5688005310304549,20.93207000699038,5.649521263037103
17,ZnO,Bacillus subtilis,non-pathogenic,green_synthesis,MBEC,nanoplates,Bacteria,Bacillota,Bacilli,Bacillales,Bacillaceae,Bacillus,p,soil,81.3794,3.0,4,0.16,30,8,22.60496136,17.07,0.6865,4.082482905,2.0763210445767206,Klebsiella pneumoniae,1.5095309555074823,0.5667900890692383,119.21229383493332,32.324435962978946
18,CeO2,Bacillus subtilis,non-pathogenic,green_synthesis,MIC,spheroidal,Bacteria,Bacillota,Bacilli,Bacillales,Bacillaceae,Bacillus,p,soil,172.115,4.0,0,0.16,30,16,39.19032095,34.14,1.373,4.456551526,2.373270446672401,Klebsiella pneumoniae,1.8068735909424363,0.5663968557299648,236.1948623251054,64.10229684043081
19,ZnO,Bacillus subtilis,non-pathogenic,green_synthesis,MIC,spheroidal,Bacteria,Bacillota,Bacilli,Bacillales,Bacillaceae,Bacillus,p,soil,81.3794,6.0,24,0.16,30,8,22.60496136,17.07,0.6865,4.082482905,1.997216705751122,Klebsiella pneumoniae,1.4309089676109537,0.5663077381401684,99.36117205310491,26.971740190228626
20,Au,Bacillus subtilis,non-pathogenic,chemical_synthesis,MIC,cubic,Bacteria,Bacillota,Bacilli,Bacillales,Bacillaceae,Bacillus,p,soil,196.966569,3.0,2,0.16,30,11,23.00188061,0.0,0.0,2.46797672,2.000413598781657,Klebsiella pneumoniae,1.4361814688196368,0.5642321299620203,100.09528000149382,27.301183173444496
21,ZnO,Bacillus subtilis,non-pathogenic,chemical_synthesis,MBC,rod-shaped,Bacteria,Bacillota,Bacilli,Bacillales,Bacillaceae,Bacillus,p,soil,81.3794,6.0,3,0.16,30,8,22.60496136,17.07,0.6865,4.082482905,1.6090752617168984,Klebsiella pneumoniae,1.0542212461280944,0.554854015588804,40.6513770478055,11.329773980223143
22,Ag,Bacillus subtilis,non-pathogenic,green_synthesis,MIC,nanoplates,Bacteria,Bacillota,Bacilli,Bacillales,Bacillaceae,Bacillus,p,soil,107.87,0.8,3,0.16,30,11,23.00188061,0.0,0.0,1.78376517,1.8848141218843282,Klebsiella pneumoniae,1.3322566738993045,0.5525574479850237,76.70331287817883,21.491002461134396
23,Pt,Bacillus subtilis,non-pathogenic,chemical_synthesis,MIC,spherical,Bacteria,Bacillota,Bacilli,Bacillales,Bacillaceae,Bacillus,p,soil,195.084,1.4,24,0.16,30,10,21.75656585,0.0,0.0,2.588435821,1.6410933573915985,Klebsiella pneumoniae,1.0904017430710593,0.5506916143205391,43.76161664800256,12.314073545352212
24,CuO,Bacillus subtilis,non-pathogenic,green_synthesis,MBC,quasi-hexagonal,Bacteria,Bacillota,Bacilli,Bacillales,Bacillaceae,Bacillus,p,soil,79.5454,10.0,4,0.16,30,17,20.67942236,17.07,0.6865,1.651411411,2.6912843073411405,Klebsiella pneumoniae,2.142244867735829,0.5490394396053118,491.2293502043397,138.75379422126744
25,ZnO,Bacillus subtilis,non-pathogenic,green_synthesis,MBC,spherical,Bacteria,Bacillota,Bacilli,Bacillales,Bacillaceae,Bacillus,p,soil,81.3794,0.8,2,0.16,30,8,22.60496136,17.07,0.6865,4.082482905,1.7568274002625193,Klebsiella pneumoniae,1.209541740496864,0.5472856597656552,57.12515615674736,16.20099695897328
26,TiO2,Bacillus subtilis,non-pathogenic,green_synthesis,MIC,hexagonal,Bacteria,Bacillota,Bacilli,Bacillales,Bacillaceae,Bacillus,p,soil,79.866,5.1,0,0.16,30,16,26.40611331,34.14,1.373,2.878049394,2.7881834582333305,Klebsiella pneumoniae,2.2414358523084856,0.5467476059248448,614.0213303089936,174.35558056315574
27,Au,Bacillus subtilis,non-pathogenic,chemical_synthesis,MIC,quasi-spherical,Bacteria,Bacillota,Bacilli,Bacillales,Bacillaceae,Bacillus,p,soil,196.966569,1.4,0,0.16,30,11,23.00188061,0.0,0.0,2.46797672,1.751990362231766,Klebsiella pneumoniae,1.214059381046329,0.5379309811854371,56.49244379935236,16.37040338507776
28,Ag,Bacillus subtilis,non-pathogenic,green_synthesis,MIC,cubic,Bacteria,Bacillota,Bacilli,Bacillales,Bacillaceae,Bacillus,p,soil,107.87,0.8,24,0.16,30,11,23.00188061,0.0,0.0,1.78376517,2.6372031795039366,Klebsiella pneumoniae,2.0997012318274115,0.537501947676525,433.7137387410887,125.80596455598541
29,TiO2,Bacillus subtilis,non-pathogenic,green_synthesis,MIC,quasi-spherical,Bacteria,Bacillota,Bacilli,Bacillales,Bacillaceae,Bacillus,p,soil,79.866,3.0,24,0.16,30,16,26.40611331,34.14,1.373,2.878049394,3.378784752067764,Klebsiella pneumoniae,2.842760038723798,0.536024713343966,2392.129859168126,696.2417125041819
30,ZnO,Bacillus subtilis,non-pathogenic,green_synthesis,MBC,spheroidal,Bacteria,Bacillota,Bacilli,Bacillales,Bacillaceae,Bacillus,p,soil,81.3794,4.7,3,0.16,30,8,22.60496136,17.07,0.6865,4.082482905,2.444895132315624,Klebsiella pneumoniae,1.9147806127249827,0.5301145195906414,278.54484941768527,82.1827392496299
31,Au,Bacillus subtilis,non-pathogenic,green_synthesis,MIC,rod-shaped,Bacteria,Bacillota,Bacilli,Bacillales,Bacillaceae,Bacillus,p,soil,196.966569,1.4,0,0.16,30,11,23.00188061,0.0,0.0,2.46797672,1.717070675616667,Klebsiella pneumoniae,1.1914531108321194,0.5256175647845476,52.12795354732728,15.54007501275435
32,ZnO,Bacillus subtilis,non-pathogenic,green_synthesis,MBEC,rod-shaped,Bacteria,Bacillota,Bacilli,Bacillales,Bacillaceae,Bacillus,p,soil,81.3794,10.4,3,0.16,30,8,22.60496136,17.07,0.6865,4.082482905,2.191881481339404,Klebsiella pneumoniae,1.672741604437738,0.519139876901666,155.55410676058708,47.069718870379944
33,Ag,Bacillus subtilis,non-pathogenic,green_synthesis,MIC,nanoplates,Bacteria,Bacillota,Bacilli,Bacillales,Bacillaceae,Bacillus,p,soil,107.87,4.0,2,0.16,30,11,23.00188061,0.0,0.0,1.78376517,1.785405355017068,Klebsiella pneumoniae,1.2745130199134025,0.5108923351036656,61.01060828800208,18.81538112866629
34,ZnO,Bacillus subtilis,non-pathogenic,chemical_synthesis,MIC,rod-shaped,Bacteria,Bacillota,Bacilli,Bacillales,Bacillaceae,Bacillus,p,soil,81.3794,5.1,1,0.16,30,8,22.60496136,17.07,0.6865,4.082482905,1.3312698966337497,Klebsiella pneumoniae,0.8240033619874311,0.5072665346463187,21.442227357304375,6.668119311596004
35,TiO2,Bacillus subtilis,non-pathogenic,green_synthesis,MBC,tetragonal,Bacteria,Bacillota,Bacilli,Bacillales,Bacillaceae,Bacillus,p,soil,79.866,4.7,2,0.16,30,16,26.40611331,34.14,1.373,2.878049394,2.0551693089819842,Klebsiella pneumoniae,1.5501289343847675,0.5050403745972167,113.54533840141086,35.491874271942905
36,ZnO,Bacillus subtilis,non-pathogenic,green_synthesis,MBEC,rod-shaped,Bacteria,Bacillota,Bacilli,Bacillales,Bacillaceae,Bacillus,p,soil,81.3794,12.0,3,0.16,30,8,22.60496136,17.07,0.6865,4.082482905,2.1970385754718267,Klebsiella pneumoniae,1.6920737524035618,0.5049648230682648,157.41226770376477,49.21231015138976
37,Au,Bacillus subtilis,non-pathogenic,green_synthesis,MIC,spheroidal,Bacteria,Bacillota,Bacilli,Bacillales,Bacillaceae,Bacillus,p,soil,196.966569,50.0,18,0.16,30,11,23.00188061,0.0,0.0,2.46797672,1.4042552511611208,Klebsiella pneumoniae,0.9033934376397224,0.5008618135213985,25.366190586558123,8.005591720802986
38,TiO2,Bacillus subtilis,non-pathogenic,green_synthesis,MBC,quasi-hexagonal,Bacteria,Bacillota,Bacilli,Bacillales,Bacillaceae,Bacillus,p,soil,79.866,44.45,1,0.16,30,16,26.40611331,34.14,1.373,2.878049394,0.9095734720204138,Klebsiella pneumoniae,0.4149800089890776,0.4945934630313362,8.12032613403495,2.6000398779653215
39,CuO,Bacillus subtilis,non-pathogenic,green_synthesis,MBEC,rod-shaped,Bacteria,Bacillota,Bacilli,Bacillales,Bacillaceae,Bacillus,p,soil,79.5454,6.0,3,0.16,30,17,20.67942236,17.07,0.6865,1.651411411,3.447609516383221,Klebsiella pneumoniae,2.958339376294246,0.48927014008897496,2802.912345179918,908.5302172454053
40,Ag,Bacillus subtilis,non-pathogenic,chemical_synthesis,MIC,spheroidal,Bacteria,Bacillota,Bacilli,Bacillales,Bacillaceae,Bacillus,p,soil,107.87,26.06,24,0.16,30,11,23.00188061,0.0,0.0,1.78376517,0.9862616825558871,Klebsiella pneumoniae,0.5023344679965411,0.48392721455934595,9.688614643593432,3.1793216540674494
41,ZnO,Bacillus subtilis,non-pathogenic,chemical_synthesis,MIC,cubic,Bacteria,Bacillota,Bacilli,Bacillales,Bacillaceae,Bacillus,p,soil,81.3794,6.0,0,0.16,30,8,22.60496136,17.07,0.6865,4.082482905,2.1679812859020027,Klebsiella pneumoniae,1.6895544612189972,0.47842682468300546,147.22490606714962,48.92766173537643
42,Pd,Bacillus subtilis,non-pathogenic,green_synthesis,MBC,quasi-spherical,Bacteria,Bacillota,Bacilli,Bacillales,Bacillaceae,Bacillus,p,soil,195.084,37.86,3,0.16,30,10,21.14774404,0.0,0.0,1.870828693,0.8776863581259142,Klebsiella pneumoniae,0.4103252726496762,0.467361085476238,7.5454710665980045,2.5723216479556616
43,Pd,Bacillus subtilis,non-pathogenic,green_synthesis,MBC,quasi-spherical,Bacteria,Bacillota,Bacilli,Bacillales,Bacillaceae,Bacillus,p,soil,195.084,8.7,3,0.16,30,10,21.14774404,0.0,0.0,1.870828693,1.7645957632668874,Klebsiella pneumoniae,1.3122058033403574,0.45238995992652997,58.1561654301884,20.5213441329379
44,ZnO,Bacillus subtilis,non-pathogenic,green_synthesis,MBC,spherical,Bacteria,Bacillota,Bacilli,Bacillales,Bacillaceae,Bacillus,p,soil,81.3794,22.5,1,0.16,30,8,22.60496136,17.07,0.6865,4.082482905,2.079545898960768,Klebsiella pneumoniae,1.7027653813630403,0.3767805175977277,120.10079963543123,50.43887383345332
45,Ag,Bacillus subtilis,non-pathogenic,chemical_synthesis,MBEC,tetragonal,Bacteria,Bacillota,Bacilli,Bacillales,Bacillaceae,Bacillus,p,soil,107.87,40.0,18,0.16,30,11,23.00188061,0.0,0.0,1.78376517,0.2184947491028868,Klebsiella pneumoniae,-0.11990043357585001,0.3383951826787368,1.6538447886127612,0.7587515065854764
46,ZnO,Bacillus subtilis,non-pathogenic,green_synthesis,MBEC,cubic,Bacteria,Bacillota,Bacilli,Bacillales,Bacillaceae,Bacillus,p,soil,81.3794,9.0,18,0.16,30,8,22.60496136,17.07,0.6865,4.082482905,2.5186348320929963,Klebsiella pneumoniae,2.195851183319393,0.3227836487736031,330.09187310859954,156.98247911773342
47,CuO,Bacillus subtilis,non-pathogenic,green_synthesis,MBC,rod-shaped,Bacteria,Bacillota,Bacilli,Bacillales,Bacillaceae,Bacillus,p,soil,79.5454,79.0,2,0.16,30,17,20.67942236,17.07,0.6865,1.651411411,2.0311037404673344,Klebsiella pneumoniae,1.7386928271842919,0.2924109132830426,107.42459881816265,54.788931036702216
48,CeO2,Bacillus subtilis,non-pathogenic,chemical_synthesis,MBEC,cubic,Bacteria,Bacillota,Bacilli,Bacillales,Bacillaceae,Bacillus,p,soil,172.115,1.9,4,0.16,30,16,39.19032095,34.14,1.373,4.456551526,2.7409699247539585,Klebsiella pneumoniae,2.45701350386404,0.28395642088991835,550.7695538452256,286.42670294567824
49,ZnO,Bacillus subtilis,non-pathogenic,green_synthesis,MBEC,rod-shaped,Bacteria,Bacillota,Bacilli,Bacillales,Bacillaceae,Bacillus,p,soil,81.3794,26.38,4,0.16,30,8,22.60496136,17.07,0.6865,4.082482905,1.7463965719030632,Klebsiella pneumoniae,1.482315930676034,0.2640806412270291,55.76947702030524,30.36099013330909
50,Ag,Bacillus subtilis,non-pathogenic,green_synthesis,MBEC,nanoplates,Bacteria,Bacillota,Bacilli,Bacillales,Bacillaceae,Bacillus,p,soil,107.8682,8.0,4,0.16,30,11,23.00188061,0.0,0.0,1.78376517,2.425299457372984,Klebsiella pneumoniae,2.1689182379881475,0.25638121938483627,266.25603317885236,147.54287370267014
51,Au,Bacillus subtilis,non-pathogenic,green_synthesis,MBC,quasi-spherical,Bacteria,Bacillota,Bacilli,Bacillales,Bacillaceae,Bacillus,p,soil,196.966569,3.0,1,0.16,30,11,23.00188061,0.0,0.0,2.46797672,1.2941820495878542,Klebsiella pneumoniae,1.0464316002757654,0.24775044931208878,19.687113703847444,11.128371113990747
52,Ag,Bacillus subtilis,non-pathogenic,green_synthesis,MBC,quasi-spherical,Bacteria,Bacillota,Bacilli,Bacillales,Bacillaceae,Bacillus,p,soil,107.87,79.0,0,0.16,30,11,23.00188061,0.0,0.0,1.78376517,0.7372612225275981,Klebsiella pneumoniae,0.5049133283545753,0.23234789417302282,5.4608622614712266,3.198256773607219
53,ZnO,Bacillus subtilis,non-pathogenic,chemical_synthesis,MBC,rod-shaped,Bacteria,Bacillota,Bacilli,Bacillales,Bacillaceae,Bacillus,p,soil,81.3794,20.0,4,0.16,30,8,22.60496136,17.07,0.6865,4.082482905,1.2045743561649878,Klebsiella pneumoniae,0.9812528219394848,0.22332153422550294,16.01674849859173,9.577514583321074
54,Au,Bacillus subtilis,non-pathogenic,chemical_synthesis,MBC,quasi-hexagonal,Bacteria,Bacillota,Bacilli,Bacillales,Bacillaceae,Bacillus,p,soil,196.966569,26.06,1,0.16,30,11,23.00188061,0.0,0.0,2.46797672,0.5107770020630702,Klebsiella pneumoniae,0.29227467275863894,0.21850232930443125,3.241731208757057,1.9600839511680614
55,CuO,Bacillus subtilis,non-pathogenic,green_synthesis,MBEC,nanoplates,Bacteria,Bacillota,Bacilli,Bacillales,Bacillaceae,Bacillus,p,soil,79.5454,25.0,4,0.16,30,17,20.67942236,17.07,0.6865,1.651411411,3.249085768597296,Klebsiella pneumoniae,3.0715872257948975,0.17749854280239852,1774.5398992730989,1179.199335534188
56,Ag,Bacillus subtilis,non-pathogenic,green_synthesis,MBC,nanoplates,Bacteria,Bacillota,Bacilli,Bacillales,Bacillaceae,Bacillus,p,soil,107.8682,41.23,0,0.16,30,11,23.00188061,0.0,0.0,1.78376517,1.2093043670764467,Klebsiella pneumoniae,1.0772932303871823,0.13201113668926445,16.19214435908805,11.947945430251979
57,ZnO,Bacillus subtilis,non-pathogenic,chemical_synthesis,MBEC,hexagonal,Bacteria,Bacillota,Bacilli,Bacillales,Bacillaceae,Bacillus,p,soil,81.3794,4.0,24,0.16,30,8,22.60496136,17.07,0.6865,4.082482905,2.6192708999048624,Klebsiella pneumoniae,2.490949602561433,0.12832129734342956,416.17012401986875,309.7059881935627
58,Au,Bacillus subtilis,non-pathogenic,green_synthesis,MBEC,quasi-hexagonal,Bacteria,Bacillota,Bacilli,Bacillales,Bacillaceae,Bacillus,p,soil,196.966569,18.0,3,0.16,30,11,23.00188061,0.0,0.0,2.46797672,0.9551632810671967,Klebsiella pneumoniae,0.8297536352342298,0.12540964583296688,9.019101637280388,6.7569955861798405
59,Ag,Bacillus subtilis,non-pathogenic,green_synthesis,MBC,cubic,Bacteria,Bacillota,Bacilli,Bacillales,Bacillaceae,Bacillus,p,soil,107.87,28.0,4,0.16,30,11,23.00188061,0.0,0.0,1.78376517,1.4228866078427886,Klebsiella pneumoniae,1.3061804349603987,0.11670617288238994,26.478087184895024,20.23859850707654
60,Ag,Bacillus subtilis,non-pathogenic,chemical_synthesis,MBC,quasi-hexagonal,Bacteria,Bacillota,Bacilli,Bacillales,Bacillaceae,Bacillus,p,soil,107.8682,22.5,0,0.16,30,11,23.00188061,0.0,0.0,1.78376517,0.7686878762990506,Klebsiella pneumoniae,0.6759416510590457,0.09274622524000486,5.870672806835645,4.741782735163682
61,Cu,Bacillus subtilis,non-pathogenic,chemical_synthesis,MIC,quasi-hexagonal,Bacteria,Bacillota,Bacilli,Bacillales,Bacillaceae,Bacillus,p,soil,63.55,6.0,1,0.16,30,11,17.96409803,0.0,0.0,1.243163121,1.0618665273083256,Klebsiella pneumoniae,0.9908564933965253,0.07101003391180039,11.530988189270056,9.79166379961792
62,Ag,Bacillus subtilis,non-pathogenic,green_synthesis,MBC,rod-shaped,Bacteria,Bacillota,Bacilli,Bacillales,Bacillaceae,Bacillus,p,soil,107.87,9.0,1,0.16,30,11,23.00188061,0.0,0.0,1.78376517,1.524313457583414,Klebsiella pneumoniae,1.4840946977594103,0.0402187598240038,33.443633662917506,30.485596545234824
63,ZnO,Bacillus subtilis,non-pathogenic,green_synthesis,MIC,quasi-spherical,Bacteria,Bacillota,Bacilli,Bacillales,Bacillaceae,Bacillus,p,soil,81.3794,17.5,18,0.16,30,8,22.60496136,17.07,0.6865,4.082482905,1.23407445293516,Klebsiella pneumoniae,1.2092346760238155,0.024839776911344424,17.14251163627979,16.18954622096784
64,Ag,Bacillus subtilis,non-pathogenic,chemical_synthesis,MIC,triangular,Bacteria,Bacillota,Bacilli,Bacillales,Bacillaceae,Bacillus,p,soil,107.8682,25.0,3,0.16,30,11,23.00188061,0.0,0.0,1.78376517,-0.27960922748970596,Klebsiella pneumoniae,-0.3014306461994307,0.02182141870972476,0.5252798876675585,0.499538946725674
65,Ag,Bacillus subtilis,non-pathogenic,chemical_synthesis,MIC,hexagonal,Bacteria,Bacillota,Bacilli,Bacillales,Bacillaceae,Bacillus,p,soil,107.8682,25.0,1,0.16,30,11,23.00188061,0.0,0.0,1.78376517,2.187416487128459,Klebsiella pneumoniae,2.1789007199371038,0.008515767191355383,153.9630433598387,150.97349880977512
66,ZnO,Bacillus subtilis,non-pathogenic,green_synthesis,MBC,tetragonal,Bacteria,Bacillota,Bacilli,Bacillales,Bacillaceae,Bacillus,p,soil,81.3794,100.0,4,0.16,30,8,22.60496136,17.07,0.6865,4.082482905,0.5912297448642423,Klebsiella pneumoniae,0.6087738464538428,-0.017544101589600514,3.901483233278908,4.062317338642329
67,ZnO,Bacillus subtilis,non-pathogenic,chemical_synthesis,MBEC,quasi-hexagonal,Bacteria,Bacillota,Bacilli,Bacillales,Bacillaceae,Bacillus,p,soil,81.3794,38.0,18,0.16,30,8,22.60496136,17.07,0.6865,4.082482905,0.5656822827197361,Klebsiella pneumoniae,0.5976486806777785,-0.03196639795804246,3.6785975962076503,3.959575976833987
68,Au,Bacillus subtilis,non-pathogenic,green_synthesis,MIC,spheroidal,Bacteria,Bacillota,Bacilli,Bacillales,Bacillaceae,Bacillus,p,soil,196.966569,4.7,2,0.16,30,11,23.00188061,0.0,0.0,2.46797672,1.7041011647261282,Klebsiella pneumoniae,1.800749399416234,-0.09664823469010586,50.594250272171294,63.20470365560047
69,Ag,Bacillus subtilis,non-pathogenic,chemical_synthesis,MBEC,spherical,Bacteria,Bacillota,Bacilli,Bacillales,Bacillaceae,Bacillus,p,soil,107.8682,18.0,4,0.16,30,11,23.00188061,0.0,0.0,1.78376517,2.090759222505542,Klebsiella pneumoniae,2.231506429947702,-0.14074720744216007,123.24213762282274,170.41445498438375
70,Ag2O,Bacillus subtilis,non-pathogenic,green_synthesis,MBC,cubic,Bacteria,Bacillota,Bacilli,Bacillales,Bacillaceae,Bacillus,p,soil,231.7358,100.0,18,0.16,30,28,46.55109718,17.07,0.6865,3.975778631,1.8161879576347442,Klebsiella pneumoniae,1.960181104850202,-0.14399314721545786,65.49195543584082,91.239123569237
71,Cu,Bacillus subtilis,non-pathogenic,chemical_synthesis,MBC,cubic,Bacteria,Bacillota,Bacilli,Bacillales,Bacillaceae,Bacillus,p,soil,63.55,12.0,2,0.16,30,11,17.96409803,0.0,0.0,1.243163121,1.473141763329944,Klebsiella pneumoniae,1.6677464993372233,-0.19460473600727934,29.726362076293597,46.531440703256706
