,np,bacteria,bac_type,np_synthesis,method,shape,kingdom,phylum,class,order,family,genus,gram,isolated_from,mol_weight (g/mol),np_size_avg (nm),time_set,"min_Incub_period, h","growth_temp, C",Valance_electron,labuteASA,tpsa,CrippenMR,chi0v,pred_MIC_norm,pathogenic_bacteria,pred_MIC_pathogen,Fitness,pred_norm_MIC_original,pred_path_MIC_original
0,ZnO,Bacillus subtilis,non-pathogenic,green_synthesis,MBC,quasi-hexagonal,Bacteria,Bacillota,Bacilli,Bacillales,Bacillaceae,Bacillus,p,soil,81.3794,6.0,4,0.16,30,8,22.60496136,17.07,0.6865,4.082482905,1.357451039866873,Klebsiella pneumoniae,0.45374927268746146,0.9037017671794116,22.774614780546944,2.842819414333345
1,Ag,Bacillus subtilis,non-pathogenic,chemical_synthesis,MIC,cubic,Bacteria,Bacillota,Bacilli,Bacillales,Bacillaceae,Bacillus,p,soil,107.87,3.0,2,0.16,30,11,23.00188061,0.0,0.0,1.78376517,1.443245319248525,Klebsiella pneumoniae,0.6351275401654715,0.8081177790830536,27.748871081997127,4.316458205438796
2,ZnO,Bacillus subtilis,non-pathogenic,green_synthesis,MIC,hexagonal,Bacteria,Bacillota,Bacilli,Bacillales,Bacillaceae,Bacillus,p,soil,81.3794,1.9,1,0.16,30,8,22.60496136,17.07,0.6865,4.082482905,1.5556996365756148,Klebsiella pneumoniae,0.7822722698132741,0.7734273667623407,35.95006140941858,6.057204967113784
3,Ag,Bacillus subtilis,non-pathogenic,chemical_synthesis,MIC,nanoplates,Bacteria,Bacillota,Bacilli,Bacillales,Bacillaceae,Bacillus,p,soil,107.87,4.0,0,0.16,30,11,23.00188061,0.0,0.0,1.78376517,1.4573657061829441,Klebsiella pneumoniae,0.734397279911396,0.7229684262715481,28.66590822871599,5.424969238345333
4,ZnO,Bacillus subtilis,non-pathogenic,green_synthesis,MBC,hexagonal,Bacteria,Bacillota,Bacilli,Bacillales,Bacillaceae,Bacillus,p,soil,81.3794,5.1,0,0.16,30,8,22.60496136,17.07,0.6865,4.082482905,2.5223201898114485,Klebsiella pneumoniae,1.8015174258695665,0.7208027639418819,332.90490173450905,63.316576669100954
5,CeO2,Bacillus subtilis,non-pathogenic,green_synthesis,MIC,quasi-spherical,Bacteria,Bacillota,Bacilli,Bacillales,Bacillaceae,Bacillus,p,soil,172.115,4.0,0,0.16,30,16,39.19032095,34.14,1.373,4.456551526,2.425018804682535,Klebsiella pneumoniae,1.7184387742919522,0.7065800303905827,266.0840270042977,52.292424048423825
6,Ag,Bacillus subtilis,non-pathogenic,chemical_synthesis,MIC,spheroidal,Bacteria,Bacillota,Bacilli,Bacillales,Bacillaceae,Bacillus,p,soil,107.87,26.38,18,0.16,30,11,23.00188061,0.0,0.0,1.78376517,0.8104898244971092,Klebsiella pneumoniae,0.10494188458681109,0.7055479399102981,6.4638284909699255,1.2733326777322653
7,ZnO,Bacillus subtilis,non-pathogenic,green_synthesis,MBC,quasi-spherical,Bacteria,Bacillota,Bacilli,Bacillales,Bacillaceae,Bacillus,p,soil,81.3794,10.0,3,0.16,30,8,22.60496136,17.07,0.6865,4.082482905,2.221544244437962,Klebsiella pneumoniae,1.524100628412362,0.6974436160256001,166.5498494438451,33.42724838207539
8,ZnO,Bacillus subtilis,non-pathogenic,green_synthesis,MBEC,spheroidal,Bacteria,Bacillota,Bacilli,Bacillales,Bacillaceae,Bacillus,p,soil,81.3794,5.1,18,0.16,30,8,22.60496136,17.07,0.6865,4.082482905,2.542719272335935,Klebsiella pneumoniae,1.8554988937293464,0.6872203786065887,348.91470433632696,71.69665492618819
9,TiO2,Bacillus subtilis,non-pathogenic,green_synthesis,MBC,quasi-hexagonal,Bacteria,Bacillota,Bacilli,Bacillales,Bacillaceae,Bacillus,p,soil,79.866,4.0,3,0.16,30,16,26.40611331,34.14,1.373,2.878049394,2.1342474185137394,Klebsiella pneumoniae,1.508938676608457,0.6253087419052825,136.22205214490944,32.28038283012737
10,Au,Bacillus subtilis,non-pathogenic,chemical_synthesis,MIC,quasi-hexagonal,Bacteria,Bacillota,Bacilli,Bacillales,Bacillaceae,Bacillus,p,soil,196.966569,4.0,3,0.16,30,11,23.00188061,0.0,0.0,2.46797672,1.1074961435952697,Klebsiella pneumoniae,0.4829605806075188,0.6245355629877509,12.808437209777356,3.0406090276947406
11,CeO2,Bacillus subtilis,non-pathogenic,chemical_synthesis,MIC,nanoplates,Bacteria,Bacillota,Bacilli,Bacillales,Bacillaceae,Bacillus,p,soil,172.115,5.1,0,0.16,30,16,39.19032095,34.14,1.373,4.456551526,3.1164815068643206,Klebsiella pneumoniae,2.4956751535974426,0.6208063532668779,1307.61985664172,313.094294523593
12,Ag,Bacillus subtilis,non-pathogenic,green_synthesis,MIC,quasi-hexagonal,Bacteria,Bacillota,Bacilli,Bacillales,Bacillaceae,Bacillus,p,soil,107.87,0.8,2,0.16,30,11,23.00188061,0.0,0.0,1.78376517,0.9519515657604812,Klebsiella pneumoniae,0.33270382956760036,0.6192477361928809,8.952649164950541,2.1513141292897555
13,ZnO,Bacillus subtilis,non-pathogenic,green_synthesis,MBC,hexagonal,Bacteria,Bacillota,Bacilli,Bacillales,Bacillaceae,Bacillus,p,soil,81.3794,3.0,2,0.16,30,8,22.60496136,17.07,0.6865,4.082482905,2.0232239701908696,Klebsiella pneumoniae,1.4091179568901606,0.614106013300709,105.49307949383818,25.651806597959737
14,TiO2,Bacillus subtilis,non-pathogenic,green_synthesis,MIC,hexagonal,Bacteria,Bacillota,Bacilli,Bacillales,Bacillaceae,Bacillus,p,soil,79.866,6.0,4,0.16,30,16,26.40611331,34.14,1.373,2.878049394,2.7995866338114936,Klebsiella pneumoniae,2.217158931991089,0.5824277018204045,630.3570781657903,164.8765654236384
15,Au,Bacillus subtilis,non-pathogenic,green_synthesis,MIC,quasi-spherical,Bacteria,Bacillota,Bacilli,Bacillales,Bacillaceae,Bacillus,p,soil,196.966569,1.9,4,0.16,30,11,23.00188061,0.0,0.0,2.46797672,1.7903664817537663,Klebsiella pneumoniae,1.213480861081339,0.5768856206724273,61.71155384955866,16.348611028666536
16,Ag,Bacillus subtilis,non-pathogenic,chemical_synthesis,MIC,cubic,Bacteria,Bacillota,Bacilli,Bacillales,Bacillaceae,Bacillus,p,soil,107.87,4.0,18,0.16,30,11,23.00188061,0.0,0.0,1.78376517,1.3208121785613585,Klebsiella pneumoniae,0.7520116475309035,0.5688005310304549,20.93207000699038,5.649521263037103
17,ZnO,Bacillus subtilis,non-pathogenic,green_synthesis,MBEC,nanoplates,Bacteria,Bacillota,Bacilli,Bacillales,Bacillaceae,Bacillus,p,soil,81.3794,3.0,4,0.16,30,8,22.60496136,17.07,0.6865,4.082482905,2.0763210445767206,Klebsiella pneumoniae,1.5095309555074823,0.5667900890692383,119.21229383493332,32.324435962978946
18,CeO2,Bacillus subtilis,non-pathogenic,green_synthesis,MIC,spheroidal,Bacteria,Bacillota,Bacilli,Bacillales,Bacillaceae,Bacillus,p,soil,172.115,4.0,0,0.16,30,16,39.19032095,34.14,1.373,4.456551526,2.373270446672401,Klebsiella pneumoniae,1.8068735909424363,0.5663968557299648,236.1948623251054,64.10229684043081
19,ZnO,Bacillus subtilis,non-pathogenic,green_synthesis,MIC,spheroidal,Bacteria,Bacillota,Bacilli,Bacillales,Bacillaceae,Bacillus,p,soil,81.3794,6.0,24,0.16,30,8,22.60496136,17.07,0.6865,4.082482905,1.997216705751122,Klebsiella pneumoniae,1.4309089676109537,0.5663077381401684,99.36117205310491,26.971740190228626
20,Au,Bacillus subtilis,non-pathogenic,chemical_synthesis,MIC,cubic,Bacteria,Bacillota,Bacilli,Bacillales,Bacillaceae,Bacillus,p,soil,196.966569,3.0,2,0.16,30,11,23.00188061,0.0,0.0,2.46797672,2.000413598781657,Klebsiella pneumoniae,1.4361814688196368,0.5642321299620203,100.09528000149382,27.301183173444496
21,ZnO,Bacillus subtilis,non-pathogenic,chemical_synthesis,MBC,rod-shaped,Bacteria,Bacillota,Bacilli,Bacillales,Bacillaceae,Bacillus,p,soil,81.3794,6.0,3,0.16,30,8,22.60496136,17.07,0.6865,4.082482905,1.6090752617168984,Klebsiella pneumoniae,1.0542212461280944,0.554854015588804,40.6513770478055,11.329773980223143
22,Ag,Bacillus subtilis,non-pathogenic,green_synthesis,MIC,nanoplates,Bacteria,Bacillota,Bacilli,Bacillales,Bacillaceae,Bacillus,p,soil,107.87,0.8,3,0.16,30,11,23.00188061,0.0,0.0,1.78376517,1.8848141218843282,Klebsiella pneumoniae,1.3322566738993045,0.5525574479850237,76.70331287817883,21.491002461134396
23,Pt,Bacillus subtilis,non-pathogenic,chemical_synthesis,MIC,spherical,Bacteria,Bacillota,Bacilli,Bacillales,Bacillaceae,Bacillus,p,soil,195.084,1.4,24,0.16,30,10,21.75656585,0.0,0.0,2.588435821,1.6410933573915985,Klebsiella pneumoniae,1.0904017430710593,0.5506916143205391,43.76161664800256,12.314073545352212
24,CuO,Bacillus subtilis,non-pathogenic,green_synthesis,MBC,quasi-hexagonal,Bacteria,Bacillota,Bacilli,Bacillales,Bacillaceae,Bacillus,p,soil,79.5454,10.0,4,0.16,30,17,20.67942236,17.07,0.6865,1.651411411,2.6912843073411405,Klebsiella pneumoniae,2.142244867735829,0.5490394396053118,491.2293502043397,138.75379422126744
25,ZnO,Bacillus subtilis,non-pathogenic,green_synthesis,MBC,spherical,Bacteria,Bacillota,Bacilli,Bacillales,Bacillaceae,Bacillus,p,soil,81.3794,0.8,2,0.16,30,8,22.60496136,17.07,0.6865,4.082482905,1.7568274002625193,Klebsiella pneumoniae,1.209541740496864,0.5472856597656552,57.12515615674736,16.20099695897328
26,TiO2,Bacillus subtilis,non-pathogenic,chemical_synthesis,MIC,triangular,Bacteria,Bacillota,Bacilli,Bacillales,Bacillaceae,Bacillus,p,soil,79.866,3.0,24,0.16,30,16,26.40611331,34.14,1.373,2.878049394,1.2586466930104803,Klebsiella pneumoniae,0.7147022463266857,0.5439444466837946,18.140393061509833,5.184444698814657
27,Au,Bacillus subtilis,non-pathogenic,chemical_synthesis,MIC,quasi-spherical,Bacteria,Bacillota,Bacilli,Bacillales,Bacillaceae,Bacillus,p,soil,196.966569,1.4,0,0.16,30,11,23.00188061,0.0,0.0,2.46797672,1.751990362231766,Klebsiella pneumoniae,1.214059381046329,0.5379309811854371,56.49244379935236,16.37040338507776
28,Ag,Bacillus subtilis,non-pathogenic,green_synthesis,MIC,cubic,Bacteria,Bacillota,Bacilli,Bacillales,Bacillaceae,Bacillus,p,soil,107.87,0.8,24,0.16,30,11,23.00188061,0.0,0.0,1.78376517,2.6372031795039366,Klebsiella pneumoniae,2.0997012318274115,0.537501947676525,433.7137387410887,125.80596455598541
29,TiO2,Bacillus subtilis,non-pathogenic,green_synthesis,MIC,quasi-spherical,Bacteria,Bacillota,Bacilli,Bacillales,Bacillaceae,Bacillus,p,soil,79.866,3.0,24,0.16,30,16,26.40611331,34.14,1.373,2.878049394,3.378784752067764,Klebsiella pneumoniae,2.842760038723798,0.536024713343966,2392.129859168126,696.2417125041819
30,ZnO,Bacillus subtilis,non-pathogenic,green_synthesis,MBC,spheroidal,Bacteria,Bacillota,Bacilli,Bacillales,Bacillaceae,Bacillus,p,soil,81.3794,4.7,3,0.16,30,8,22.60496136,17.07,0.6865,4.082482905,2.444895132315624,Klebsiella pneumoniae,1.9147806127249827,0.5301145195906414,278.54484941768527,82.1827392496299
31,Au,Bacillus subtilis,non-pathogenic,green_synthesis,MIC,rod-shaped,Bacteria,Bacillota,Bacilli,Bacillales,Bacillaceae,Bacillus,p,soil,196.966569,1.4,0,0.16,30,11,23.00188061,0.0,0.0,2.46797672,1.717070675616667,Klebsiella pneumoniae,1.1914531108321194,0.5256175647845476,52.12795354732728,15.54007501275435
32,ZnO,Bacillus subtilis,non-pathogenic,green_synthesis,MBEC,rod-shaped,Bacteria,Bacillota,Bacilli,Bacillales,Bacillaceae,Bacillus,p,soil,81.3794,10.4,3,0.16,30,8,22.60496136,17.07,0.6865,4.082482905,2.191881481339404,Klebsiella pneumoniae,1.672741604437738,0.519139876901666,155.55410676058708,47.069718870379944
33,Ag,Bacillus subtilis,non-pathogenic,green_synthesis,MIC,nanoplates,Bacteria,Bacillota,Bacilli,Bacillales,Bacillaceae,Bacillus,p,soil,107.87,4.0,2,0.16,30,11,23.00188061,0.0,0.0,1.78376517,1.785405355017068,Klebsiella pneumoniae,1.2745130199134025,0.5108923351036656,61.01060828800208,18.81538112866629
34,Au,Bacillus subtilis,non-pathogenic,green_synthesis,MIC,spheroidal,Bacteria,Bacillota,Bacilli,Bacillales,Bacillaceae,Bacillus,p,soil,196.966569,50.0,18,0.16,30,11,23.00188061,0.0,0.0,2.46797672,1.4042552511611208,Klebsiella pneumoniae,0.9033934376397224,0.5008618135213985,25.366190586558123,8.005591720802986
35,TiO2,Bacillus subtilis,non-pathogenic,green_synthesis,MBC,quasi-hexagonal,Bacteria,Bacillota,Bacilli,Bacillales,Bacillaceae,Bacillus,p,soil,79.866,44.45,1,0.16,30,16,26.40611331,34.14,1.373,2.878049394,0.9095734720204138,Klebsiella pneumoniae,0.4149800089890776,0.4945934630313362,8.12032613403495,2.6000398779653215
36,Ag,Bacillus subtilis,non-pathogenic,chemical_synthesis,MIC,spheroidal,Bacteria,Bacillota,Bacilli,Bacillales,Bacillaceae,Bacillus,p,soil,107.87,26.06,24,0.16,30,11,23.00188061,0.0,0.0,1.78376517,0.9862616825558871,Klebsiella pneumoniae,0.5023344679965411,0.48392721455934595,9.688614643593432,3.1793216540674494
37,ZnO,Bacillus subtilis,non-pathogenic,green_synthesis,MIC,spheroidal,Bacteria,Bacillota,Bacilli,Bacillales,Bacillaceae,Bacillus,p,soil,81.3794,0.8,2,0.16,30,8,22.60496136,17.07,0.6865,4.082482905,1.153298733038702,Klebsiella pneumoniae,0.6735686056904877,0.4797301273482142,14.233074842653078,4.715943634217102
38,CuO,Bacillus subtilis,non-pathogenic,green_synthesis,MBEC,nanoplates,Bacteria,Bacillota,Bacilli,Bacillales,Bacillaceae,Bacillus,p,soil,79.5454,6.0,0,0.16,30,17,20.67942236,17.07,0.6865,1.651411411,3.7956863797470595,Klebsiella pneumoniae,3.3159769862421826,0.47970939350487685,6247.213952122548,2070.031652556433
39,ZnO,Bacillus subtilis,non-pathogenic,green_synthesis,MBC,tetragonal,Bacteria,Bacillota,Bacilli,Bacillales,Bacillaceae,Bacillus,p,soil,81.3794,6.0,3,0.16,30,8,22.60496136,17.07,0.6865,4.082482905,1.8330881529585799,Klebsiella pneumoniae,1.3596889855365064,0.47339916742207344,68.09075550710476,22.892276643655645
40,Au,Bacillus subtilis,non-pathogenic,chemical_synthesis,MIC,rod-shaped,Bacteria,Bacillota,Bacilli,Bacillales,Bacillaceae,Bacillus,p,soil,196.966569,4.0,0,0.16,30,11,23.00188061,0.0,0.0,2.46797672,1.451898996192123,Klebsiella pneumoniae,0.9944311236321971,0.4574678725599258,28.30733575919926,9.872590502670274
41,Ag,Bacillus subtilis,non-pathogenic,chemical_synthesis,MIC,spheroidal,Bacteria,Bacillota,Bacilli,Bacillales,Bacillaceae,Bacillus,p,soil,107.87,11.3,1,0.16,30,11,23.00188061,0.0,0.0,1.78376517,1.153986991907476,Klebsiella pneumoniae,0.7571940979726842,0.39679289393479167,14.255648941009685,5.717341030439697
42,ZnO,Bacillus subtilis,non-pathogenic,chemical_synthesis,MBEC,rod-shaped,Bacteria,Bacillota,Bacilli,Bacillales,Bacillaceae,Bacillus,p,soil,81.3794,1.4,3,0.16,30,8,22.60496136,17.07,0.6865,4.082482905,1.4658500823882104,Klebsiella pneumoniae,1.0806810694575293,0.38516901293068107,29.231431403243995,12.041513293528542
43,TiO2,Bacillus subtilis,non-pathogenic,green_synthesis,MBC,quasi-hexagonal,Bacteria,Bacillota,Bacilli,Bacillales,Bacillaceae,Bacillus,p,soil,79.866,26.06,18,0.16,30,16,26.40611331,34.14,1.373,2.878049394,1.9830002208200652,Klebsiella pneumoniae,1.605793913879622,0.3772063069404432,96.16127673222739,40.34538962239448
44,Ag,Bacillus subtilis,non-pathogenic,chemical_synthesis,MBEC,triangular,Bacteria,Bacillota,Bacilli,Bacillales,Bacillaceae,Bacillus,p,soil,107.87,38.0,18,0.16,30,11,23.00188061,0.0,0.0,1.78376517,-0.3458991918980394,Klebsiella pneumoniae,-0.6908745254044413,0.34497533350640186,0.4509213599148567,0.20376306966453359
45,Ag,Bacillus subtilis,non-pathogenic,chemical_synthesis,MIC,spherical,Bacteria,Bacillota,Bacilli,Bacillales,Bacillaceae,Bacillus,p,soil,107.87,20.0,4,0.16,30,11,23.00188061,0.0,0.0,1.78376517,0.883779941793401,Klebsiella pneumoniae,0.562154814699503,0.321625127093898,7.652087752741008,3.648839954091821
46,Au,Bacillus subtilis,non-pathogenic,green_synthesis,MIC,spherical,Bacteria,Bacillota,Bacilli,Bacillales,Bacillaceae,Bacillus,p,soil,196.966569,100.0,1,0.16,30,11,23.00188061,0.0,0.0,2.46797672,0.8213253979297666,Klebsiella pneumoniae,0.5089932673561286,0.31233213057363796,6.627128595958611,3.228444072417547
47,CuO,Bacillus subtilis,non-pathogenic,green_synthesis,MBC,triangular,Bacteria,Bacillota,Bacilli,Bacillales,Bacillaceae,Bacillus,p,soil,79.5454,20.0,0,0.16,30,17,20.67942236,17.07,0.6865,1.651411411,2.038503137803913,Klebsiella pneumoniae,1.8122040688282686,0.22629906897564456,109.2705522023911,64.89392893032343
48,Ag,Bacillus subtilis,non-pathogenic,green_synthesis,MBC,tetragonal,Bacteria,Bacillota,Bacilli,Bacillales,Bacillaceae,Bacillus,p,soil,107.8682,4.7,2,0.16,30,11,23.00188061,0.0,0.0,1.78376517,0.8899230713871525,Klebsiella pneumoniae,0.6869937889943176,0.20292928239283492,7.7610962852360075,4.864002494522237
49,ZnO,Bacillus subtilis,non-pathogenic,green_synthesis,MIC,spherical,Bacteria,Bacillota,Bacilli,Bacillales,Bacillaceae,Bacillus,p,soil,81.3794,8.7,18,0.16,30,8,22.60496136,17.07,0.6865,4.082482905,1.3046876520992337,Klebsiella pneumoniae,1.1066574732780667,0.1980301788211669,20.169152610971498,12.783726578688693
50,Ag,Bacillus subtilis,non-pathogenic,chemical_synthesis,MIC,cubic,Bacteria,Bacillota,Bacilli,Bacillales,Bacillaceae,Bacillus,p,soil,107.87,35.0,0,0.16,30,11,23.00188061,0.0,0.0,1.78376517,1.8310596192238362,Klebsiella pneumoniae,1.6509000551111577,0.18015956411267853,67.77345394947709,44.761028304699444
51,Al2O3,Bacillus subtilis,non-pathogenic,green_synthesis,MBEC,spheroidal,Bacteria,Bacillota,Bacilli,Bacillales,Bacillaceae,Bacillus,p,soil,101.961276,1.4,3,0.16,30,24,51.55776403,85.5,13.5675,4.688846487,2.572380149797155,Klebsiella pneumoniae,2.4177388684594847,0.1546412813376703,373.5770168656146,261.66092266302934
52,Ag,Bacillus subtilis,non-pathogenic,green_synthesis,MIC,spheroidal,Bacteria,Bacillota,Bacilli,Bacillales,Bacillaceae,Bacillus,p,soil,107.87,30.0,4,0.16,30,11,23.00188061,0.0,0.0,1.78376517,1.144679113162915,Klebsiella pneumoniae,1.0116132148872572,0.13306589827565785,13.953370084798893,10.271011485978557
53,ZnO,Bacillus subtilis,non-pathogenic,chemical_synthesis,MBEC,tetragonal,Bacteria,Bacillota,Bacilli,Bacillales,Bacillaceae,Bacillus,p,soil,81.3794,41.23,18,0.16,30,8,22.60496136,17.07,0.6865,4.082482905,0.8405232397002993,Klebsiella pneumoniae,0.7430734641900694,0.09744977551022993,6.926649939105482,5.5344372048121055
54,Ag,Bacillus subtilis,non-pathogenic,chemical_synthesis,MBEC,quasi-hexagonal,Bacteria,Bacillota,Bacilli,Bacillales,Bacillaceae,Bacillus,p,soil,107.87,4.0,24,0.16,30,11,23.00188061,0.0,0.0,1.78376517,1.307146338329665,Klebsiella pneumoniae,1.2353886724835519,0.0717576658461132,20.28366075429324,17.19446519962745
55,Ag,Bacillus subtilis,non-pathogenic,green_synthesis,MBC,hexagonal,Bacteria,Bacillota,Bacilli,Bacillales,Bacillaceae,Bacillus,p,soil,107.87,10.4,3,0.16,30,11,23.00188061,0.0,0.0,1.78376517,2.080836924551569,Klebsiella pneumoniae,2.0334290131081354,0.047407911443433814,120.45835402273066,108.00130746889218
56,Au,Bacillus subtilis,non-pathogenic,chemical_synthesis,MBC,cubic,Bacteria,Bacillota,Bacilli,Bacillales,Bacillaceae,Bacillus,p,soil,196.966569,18.5,3,0.16,30,11,23.00188061,0.0,0.0,2.46797672,1.6026606532551682,Klebsiella pneumoniae,1.558433316421622,0.04422733683354618,40.05536128356464,36.17706385347917
57,Ag,Bacillus subtilis,non-pathogenic,green_synthesis,MBC,triangular,Bacteria,Bacillota,Bacilli,Bacillales,Bacillaceae,Bacillus,p,soil,107.87,1.9,3,0.16,30,11,23.00188061,0.0,0.0,1.78376517,0.37064162499712716,Klebsiella pneumoniae,0.32868777840114527,0.04195384659598189,2.3476947295887998,2.131511982415846
58,ZnO,Bacillus subtilis,non-pathogenic,chemical_synthesis,MBEC,cubic,Bacteria,Bacillota,Bacilli,Bacillales,Bacillaceae,Bacillus,p,soil,81.3794,44.45,4,0.16,30,8,22.60496136,17.07,0.6865,4.082482905,2.094043093130374,Klebsiella pneumoniae,2.0576263477378682,0.036416745392505945,124.17755173998215,114.18954638562978
59,Ag,Bacillus subtilis,non-pathogenic,green_synthesis,MBEC,nanoplates,Bacteria,Bacillota,Bacilli,Bacillales,Bacillaceae,Bacillus,p,soil,107.8682,45.26,2,0.16,30,11,23.00188061,0.0,0.0,1.78376517,1.7649238121989386,Klebsiella pneumoniae,1.7628378376050553,0.0020859745938832663,58.200110900328255,57.9212382361352
60,ZnO,Bacillus subtilis,non-pathogenic,chemical_synthesis,MBC,triangular,Bacteria,Bacillota,Bacilli,Bacillales,Bacillaceae,Bacillus,p,soil,81.3794,27.43,1,0.16,30,8,22.60496136,17.07,0.6865,4.082482905,0.36170328637624816,Klebsiella pneumoniae,0.35963234696373325,0.002070939412514905,2.2998699901067536,2.2889291339013025
61,Pd,Bacillus subtilis,non-pathogenic,chemical_synthesis,MBC,rod-shaped,Bacteria,Bacillota,Bacilli,Bacillales,Bacillaceae,Bacillus,p,soil,195.084,26.38,0,0.16,30,10,21.14774404,0.0,0.0,1.870828693,1.1213129738231609,Klebsiella pneumoniae,1.1416629934847413,-0.020350019661580454,13.222481675585088,13.85680142928729
62,Ag,Bacillus subtilis,non-pathogenic,chemical_synthesis,MBC,spheroidal,Bacteria,Bacillota,Bacilli,Bacillales,Bacillaceae,Bacillus,p,soil,107.87,38.0,3,0.16,30,11,23.00188061,0.0,0.0,1.78376517,1.2559535034290004,Klebsiella pneumoniae,1.3188412655817159,-0.06288776215271552,18.028247159460225,20.83729141927234
63,Au,Bacillus subtilis,non-pathogenic,green_synthesis,MIC,nanoplates,Bacteria,Bacillota,Bacilli,Bacillales,Bacillaceae,Bacillus,p,soil,196.966569,12.5,2,0.16,30,11,23.00188061,0.0,0.0,2.46797672,2.6099829268383234,Klebsiella pneumoniae,2.6964200226590496,-0.08643709582072612,407.364263019389,497.0728270320667
64,ZnO,Bacillus subtilis,non-pathogenic,chemical_synthesis,MBEC,triangular,Bacteria,Bacillota,Bacilli,Bacillales,Bacillaceae,Bacillus,p,soil,81.3794,50.0,4,0.16,30,8,22.60496136,17.07,0.6865,4.082482905,0.22011821088621808,Klebsiella pneumoniae,0.31592415235893556,-0.09580594147271748,1.6600386929172974,2.0697798391834064
65,CuO,Bacillus subtilis,non-pathogenic,chemical_synthesis,MBEC,spheroidal,Bacteria,Bacillota,Bacilli,Bacillales,Bacillaceae,Bacillus,p,soil,79.5454,22.5,3,0.16,30,17,20.67942236,17.07,0.6865,1.651411411,2.85620472399199,Klebsiella pneumoniae,2.9554661307626304,-0.09926140677064055,718.1327352533626,902.5393185720056
66,Cu,Bacillus subtilis,non-pathogenic,green_synthesis,MIC,quasi-spherical,Bacteria,Bacillota,Bacilli,Bacillales,Bacillaceae,Bacillus,p,soil,63.55,40.0,1,0.16,30,11,17.96409803,0.0,0.0,1.243163121,0.4154709267823187,Klebsiella pneumoniae,0.526559411166615,-0.1110884843842963,2.602980572761498,3.3617035375949293
67,Ag,Bacillus subtilis,non-pathogenic,green_synthesis,MBC,nanoplates,Bacteria,Bacillota,Bacilli,Bacillales,Bacillaceae,Bacillus,p,soil,107.87,10.4,18,0.16,30,11,23.00188061,0.0,0.0,1.78376517,1.9735276017864865,Klebsiella pneumoniae,2.1252515067245095,-0.151723904938023,94.08656252860042,133.42939189318147
68,Au,Bacillus subtilis,non-pathogenic,green_synthesis,MIC,quasi-hexagonal,Bacteria,Bacillota,Bacilli,Bacillales,Bacillaceae,Bacillus,p,soil,196.966569,12.5,18,0.16,30,11,23.00188061,0.0,0.0,2.46797672,1.408000396570683,Klebsiella pneumoniae,1.570808896420789,-0.16280849985010581,25.58588223248055,37.22278779406896
69,ZnO,Bacillus subtilis,non-pathogenic,chemical_synthesis,MBC,hexagonal,Bacteria,Bacillota,Bacilli,Bacillales,Bacillaceae,Bacillus,p,soil,81.3794,45.26,18,0.16,30,8,22.60496136,17.07,0.6865,4.082482905,1.8870638033688178,Klebsiella pneumoniae,2.0709230292773837,-0.18385922590856585,77.10167328833997,117.73972829784505
70,Ag,Bacillus subtilis,non-pathogenic,chemical_synthesis,MBC,tetragonal,Bacteria,Bacillota,Bacilli,Bacillales,Bacillaceae,Bacillus,p,soil,107.87,45.26,24,0.16,30,11,23.00188061,0.0,0.0,1.78376517,0.6347589358304029,Klebsiella pneumoniae,0.8384285878630329,-0.20366965203263,4.312796196683643,6.893322352133514
71,ZnO,Bacillus subtilis,non-pathogenic,green_synthesis,MBC,spherical,Bacteria,Bacillota,Bacilli,Bacillales,Bacillaceae,Bacillus,p,soil,81.3794,60.0,24,0.16,30,8,22.60496136,17.07,0.6865,4.082482905,1.6212013008457886,Klebsiella pneumoniae,1.8751412691585079,-0.25393996831271926,41.802408106308214,75.01381777916755
72,Ag,Bacillus subtilis,non-pathogenic,chemical_synthesis,MBC,cubic,Bacteria,Bacillota,Bacilli,Bacillales,Bacillaceae,Bacillus,p,soil,107.8682,11.3,24,0.16,30,11,23.00188061,0.0,0.0,1.78376517,1.9733599222572575,Klebsiella pneumoniae,2.3260152911959975,-0.35265536893873994,94.0502430588464,211.8435722531839
