,np,bacteria,bac_type,np_synthesis,method,shape,kingdom,phylum,class,order,family,genus,gram,isolated_from,mol_weight (g/mol),np_size_avg (nm),time_set,"min_Incub_period, h","growth_temp, C",Valance_electron,labuteASA,tpsa,CrippenMR,chi0v,pred_MIC_norm,pathogenic_bacteria,pred_MIC_pathogen,Fitness,pred_norm_MIC_original,pred_path_MIC_original
0,Pt,Bacillus subtilis,non-pathogenic,chemical_synthesis,MIC,nanoplates,Bacteria,Bacillota,Bacilli,Bacillales,Bacillaceae,Bacillus,p,soil,195.084,4.0,1,0.16,30,10,21.75656585,0.0,0.0,2.588435821,0.4906280801064833,Klebsiella pneumoniae,-0.35775081294255795,0.8483788930490412,3.094767875413331,0.4387823876643671
1,Ag,Bacillus subtilis,non-pathogenic,chemical_synthesis,MIC,cubic,Bacteria,Bacillota,Bacilli,Bacillales,Bacillaceae,Bacillus,p,soil,107.87,1.9,0,0.16,30,11,23.00188061,0.0,0.0,1.78376517,1.6264396568301127,Klebsiella pneumoniae,0.8053174644731664,0.8211221923569463,42.30967183388638,6.387302203227054
2,ZnO,Bacillus subtilis,non-pathogenic,green_synthesis,MIC,quasi-spherical,Bacteria,Bacillota,Bacilli,Bacillales,Bacillaceae,Bacillus,p,soil,81.3794,3.0,3,0.16,30,8,22.60496136,17.07,0.6865,4.082482905,1.2251816440734513,Klebsiella pneumoniae,0.40826739537952017,0.8169142486939311,16.795063263343923,2.560161694872466
3,Pd,Bacillus subtilis,non-pathogenic,chemical_synthesis,MIC,cubic,Bacteria,Bacillota,Bacilli,Bacillales,Bacillaceae,Bacillus,p,soil,195.084,4.0,2,0.16,30,10,21.14774404,0.0,0.0,1.870828693,0.7530847764139271,Klebsiella pneumoniae,-0.036312297019540196,0.7893970734334673,5.663498325149428,0.9197879231666792
4,Ag,Bacillus subtilis,non-pathogenic,chemical_synthesis,MIC,hexagonal,Bacteria,Bacillota,Bacilli,Bacillales,Bacillaceae,Bacillus,p,soil,107.87,0.8,2,0.16,30,11,23.00188061,0.0,0.0,1.78376517,1.4678888105734422,Klebsiella pneumoniae,0.7055687816617531,0.7623200289116892,29.368976420137262,5.076551328635159
5,TiO2,Bacillus subtilis,non-pathogenic,green_synthesis,MIC,quasi-spherical,Bacteria,Bacillota,Bacilli,Bacillales,Bacillaceae,Bacillus,p,soil,79.866,1.9,3,0.16,30,16,26.40611331,34.14,1.373,2.878049394,2.239212077179548,Klebsiella pneumoniae,1.4844704968049351,0.7547415803746127,173.46508656523662,30.51198743133007
6,TiO2,Bacillus subtilis,non-pathogenic,green_synthesis,MIC,quasi-spherical,Bacteria,Bacillota,Bacilli,Bacillales,Bacillaceae,Bacillus,p,soil,79.866,1.9,3,0.16,30,16,26.40611331,34.14,1.373,2.878049394,2.239212077179548,Klebsiella pneumoniae,1.4844704968049351,0.7547415803746127,173.46508656523662,30.51198743133007
7,Pt,Bacillus subtilis,non-pathogenic,green_synthesis,MIC,cubic,Bacteria,Bacillota,Bacilli,Bacillales,Bacillaceae,Bacillus,p,soil,195.084,4.0,3,0.16,30,10,21.75656585,0.0,0.0,2.588435821,0.9518854705224881,Klebsiella pneumoniae,0.26649230800087276,0.6853931625216153,8.951286765756699,1.847108079597412
8,ZnO,Bacillus subtilis,non-pathogenic,green_synthesis,MBEC,quasi-hexagonal,Bacteria,Bacillota,Bacilli,Bacillales,Bacillaceae,Bacillus,p,soil,81.3794,8.7,0,0.16,30,8,22.60496136,17.07,0.6865,4.082482905,1.5224680303350617,Klebsiella pneumoniae,0.8532536644641722,0.6692143658708896,33.30182469762094,7.132695178056804
9,CeO2,Bacillus subtilis,non-pathogenic,chemical_synthesis,MIC,cubic,Bacteria,Bacillota,Bacilli,Bacillales,Bacillaceae,Bacillus,p,soil,172.115,5.1,3,0.16,30,16,39.19032095,34.14,1.373,4.456551526,3.0619190986695903,Klebsiella pneumoniae,2.3985415162282004,0.6633775824413899,1153.2384100254028,250.3464954796348
10,Ag,Bacillus subtilis,non-pathogenic,green_synthesis,MIC,quasi-hexagonal,Bacteria,Bacillota,Bacilli,Bacillales,Bacillaceae,Bacillus,p,soil,107.87,1.9,24,0.16,30,11,23.00188061,0.0,0.0,1.78376517,1.9276572388719064,Klebsiella pneumoniae,1.2991716698503402,0.6284855690215663,84.65590149998549,19.914603767214828
11,ZnO,Bacillus subtilis,non-pathogenic,green_synthesis,MBC,nanoplates,Bacteria,Bacillota,Bacilli,Bacillales,Bacillaceae,Bacillus,p,soil,81.3794,3.0,3,0.16,30,8,22.60496136,17.07,0.6865,4.082482905,2.051519164846228,Klebsiella pneumoniae,1.428692920169425,0.6228262446768031,112.5950154503113,26.834463703039166
12,ZnO,Bacillus subtilis,non-pathogenic,green_synthesis,MBEC,quasi-spherical,Bacteria,Bacillota,Bacilli,Bacillales,Bacillaceae,Bacillus,p,soil,81.3794,3.0,0,0.16,30,8,22.60496136,17.07,0.6865,4.082482905,2.022672445216014,Klebsiella pneumoniae,1.4100078493031125,0.6126645959129013,105.35919536129131,25.70442239720968
13,Ni,Bacillus subtilis,non-pathogenic,green_synthesis,MBEC,quasi-hexagonal,Bacteria,Bacillota,Bacilli,Bacillales,Bacillaceae,Bacillus,p,soil,58.6934,5.1,4,0.16,30,10,17.41523038,0.0,0.0,1.303840481,2.1288118371243234,Klebsiella pneumoniae,1.5477235717138065,0.581088265410517,134.52773715101605,35.29584403553113
14,Pd,Bacillus subtilis,non-pathogenic,green_synthesis,MIC,hexagonal,Bacteria,Bacillota,Bacilli,Bacillales,Bacillaceae,Bacillus,p,soil,195.084,4.0,1,0.16,30,10,21.14774404,0.0,0.0,1.870828693,1.0835811802658188,Klebsiella pneumoniae,0.503538400962424,0.5800427793033949,12.122192610411092,3.1881474639620353
15,TiO2,Bacillus subtilis,non-pathogenic,chemical_synthesis,MIC,cubic,Bacteria,Bacillota,Bacilli,Bacillales,Bacillaceae,Bacillus,p,soil,79.866,1.4,2,0.16,30,16,26.40611331,34.14,1.373,2.878049394,2.5238581243994282,Klebsiella pneumoniae,1.956728473055301,0.5671296513441273,334.08588280631864,90.51665012758889
16,Ag,Bacillus subtilis,non-pathogenic,green_synthesis,MIC,spheroidal,Bacteria,Bacillota,Bacilli,Bacillales,Bacillaceae,Bacillus,p,soil,107.87,4.0,2,0.16,30,11,23.00188061,0.0,0.0,1.78376517,1.3457048455321878,Klebsiella pneumoniae,0.7860283165867451,0.5596765289454427,22.16689405125125,6.109818604493391
17,ZnO,Bacillus subtilis,non-pathogenic,chemical_synthesis,MBC,spherical,Bacteria,Bacillota,Bacilli,Bacillales,Bacillaceae,Bacillus,p,soil,81.3794,5.1,0,0.16,30,8,22.60496136,17.07,0.6865,4.082482905,1.8854067703212505,Klebsiella pneumoniae,1.3456990578615846,0.5397077124596659,76.80805546894781,22.166598643799514
18,ZnO,Bacillus subtilis,non-pathogenic,green_synthesis,MBEC,rod-shaped,Bacteria,Bacillota,Bacilli,Bacillales,Bacillaceae,Bacillus,p,soil,81.3794,12.0,1,0.16,30,8,22.60496136,17.07,0.6865,4.082482905,2.117492349423706,Klebsiella pneumoniae,1.6068127281633477,0.5106796212603582,131.06669533187545,40.44014724027584
19,Ag,Bacillus subtilis,non-pathogenic,chemical_synthesis,MIC,rod-shaped,Bacteria,Bacillota,Bacilli,Bacillales,Bacillaceae,Bacillus,p,soil,107.87,6.0,3,0.16,30,11,23.00188061,0.0,0.0,1.78376517,1.366703103743351,Klebsiella pneumoniae,0.8595077242998003,0.5071953794435508,23.265002511027017,7.236152722839698
20,Ag,Bacillus subtilis,non-pathogenic,chemical_synthesis,MIC,quasi-hexagonal,Bacteria,Bacillota,Bacilli,Bacillales,Bacillaceae,Bacillus,p,soil,107.8682,3.0,1,0.16,30,11,23.00188061,0.0,0.0,1.78376517,0.9917039054414313,Klebsiella pneumoniae,0.5073680348288556,0.48433587061257566,9.810788321640445,3.2163850501005977
21,TiO2,Bacillus subtilis,non-pathogenic,green_synthesis,MBEC,cubic,Bacteria,Bacillota,Bacilli,Bacillales,Bacillaceae,Bacillus,p,soil,79.866,1.4,4,0.16,30,16,26.40611331,34.14,1.373,2.878049394,2.734314384182198,Klebsiella pneumoniae,2.252540552393435,0.48177383178876276,542.3933849033275,178.8712542945958
22,ZnO,Bacillus subtilis,non-pathogenic,chemical_synthesis,MBEC,quasi-spherical,Bacteria,Bacillota,Bacilli,Bacillales,Bacillaceae,Bacillus,p,soil,81.3794,10.4,1,0.16,30,8,22.60496136,17.07,0.6865,4.082482905,2.041147790096729,Klebsiella pneumoniae,1.5618786230108213,0.4792691670859077,109.93798939630172,36.46520194280251
23,TiO2,Bacillus subtilis,non-pathogenic,green_synthesis,MBC,quasi-spherical,Bacteria,Bacillota,Bacilli,Bacillales,Bacillaceae,Bacillus,p,soil,79.866,18.5,2,0.16,30,16,26.40611331,34.14,1.373,2.878049394,2.56375974468017,Klebsiella pneumoniae,2.085734882041545,0.478024862638625,366.2349143953648,121.82456856934178
24,ZnO,Bacillus subtilis,non-pathogenic,green_synthesis,MBC,quasi-hexagonal,Bacteria,Bacillota,Bacilli,Bacillales,Bacillaceae,Bacillus,p,soil,81.3794,60.0,3,0.16,30,8,22.60496136,17.07,0.6865,4.082482905,0.22757135105110415,Klebsiella pneumoniae,-0.2305687895368529,0.45814014058795705,1.6887732884123594,0.588072959677211
25,CuO,Bacillus subtilis,non-pathogenic,green_synthesis,MBC,quasi-hexagonal,Bacteria,Bacillota,Bacilli,Bacillales,Bacillaceae,Bacillus,p,soil,79.5454,0.8,4,0.16,30,17,20.67942236,17.07,0.6865,1.651411411,2.1220151621873304,Klebsiella pneumoniae,1.6757866628340021,0.4462284993533283,132.4387771713442,47.400908201174865
26,TiO2,Bacillus subtilis,non-pathogenic,green_synthesis,MBEC,spheroidal,Bacteria,Bacillota,Bacilli,Bacillales,Bacillaceae,Bacillus,p,soil,79.866,10.0,3,0.16,30,16,26.40611331,34.14,1.373,2.878049394,3.0092606003748017,Klebsiella pneumoniae,2.564812829109349,0.44444777126545265,1021.5522869174405,367.12404441462377
27,ZnO,Bacillus subtilis,non-pathogenic,green_synthesis,MIC,hexagonal,Bacteria,Bacillota,Bacilli,Bacillales,Bacillaceae,Bacillus,p,soil,81.3794,10.0,4,0.16,30,8,22.60496136,17.07,0.6865,4.082482905,1.8981631278631939,Klebsiella pneumoniae,1.4562268774869183,0.4419362503762756,79.09756751584965,28.59083752156371
28,Ag,Bacillus subtilis,non-pathogenic,chemical_synthesis,MIC,spheroidal,Bacteria,Bacillota,Bacilli,Bacillales,Bacillaceae,Bacillus,p,soil,107.87,26.06,3,0.16,30,11,23.00188061,0.0,0.0,1.78376517,0.8602536828183377,Klebsiella pneumoniae,0.4294512775774999,0.4308024052408378,7.248592457685551,2.6881362507979847
29,ZnO,Bacillus subtilis,non-pathogenic,green_synthesis,MIC,spherical,Bacteria,Bacillota,Bacilli,Bacillales,Bacillaceae,Bacillus,p,soil,81.3794,8.7,3,0.16,30,8,22.60496136,17.07,0.6865,4.082482905,1.4462632882014461,Klebsiella pneumoniae,1.0165829552737113,0.4296803329277348,27.942373160326813,10.389220296059477
30,Ag,Bacillus subtilis,non-pathogenic,chemical_synthesis,MIC,spheroidal,Bacteria,Bacillota,Bacilli,Bacillales,Bacillaceae,Bacillus,p,soil,107.87,10.0,1,0.16,30,11,23.00188061,0.0,0.0,1.78376517,1.1683494663876584,Klebsiella pneumoniae,0.7447016675223468,0.42364779886531156,14.734977138991054,5.555225178006257
31,ZnO,Bacillus subtilis,non-pathogenic,chemical_synthesis,MBEC,quasi-hexagonal,Bacteria,Bacillota,Bacilli,Bacillales,Bacillaceae,Bacillus,p,soil,81.3794,0.8,4,0.16,30,8,22.60496136,17.07,0.6865,4.082482905,0.8432573490554938,Klebsiella pneumoniae,0.42202071000093544,0.4212366390545583,6.9703943508967905,2.6425347676558166
32,TiO2,Bacillus subtilis,non-pathogenic,chemical_synthesis,MBEC,spheroidal,Bacteria,Bacillota,Bacilli,Bacillales,Bacillaceae,Bacillus,p,soil,79.866,8.7,18,0.16,30,16,26.40611331,34.14,1.373,2.878049394,2.804013753773715,Klebsiella pneumoniae,2.384690599504456,0.41932315426925904,636.8156880538239,242.488194282661
33,Ag,Bacillus subtilis,non-pathogenic,chemical_synthesis,MIC,cubic,Bacteria,Bacillota,Bacilli,Bacillales,Bacillaceae,Bacillus,p,soil,107.87,9.0,0,0.16,30,11,23.00188061,0.0,0.0,1.78376517,1.9976392448996436,Klebsiella pneumoniae,1.5800444537463867,0.41759479115325693,99.45789079395813,38.02283139414601
34,CuO,Bacillus subtilis,non-pathogenic,green_synthesis,MBC,spherical,Bacteria,Bacillota,Bacilli,Bacillales,Bacillaceae,Bacillus,p,soil,79.5454,8.0,4,0.16,30,17,20.67942236,17.07,0.6865,1.651411411,3.3387839697456254,Klebsiella pneumoniae,2.926838949338603,0.4119450204070225,2181.6444307705183,844.9654461082008
35,Ag,Bacillus subtilis,non-pathogenic,chemical_synthesis,MIC,cubic,Bacteria,Bacillota,Bacilli,Bacillales,Bacillaceae,Bacillus,p,soil,107.87,12.0,3,0.16,30,11,23.00188061,0.0,0.0,1.78376517,1.9520554603926736,Klebsiella pneumoniae,1.544785197004516,0.4072702633881575,89.54791129667535,35.05784342080826
36,ZnO,Bacillus subtilis,non-pathogenic,chemical_synthesis,MBEC,rod-shaped,Bacteria,Bacillota,Bacilli,Bacillales,Bacillaceae,Bacillus,p,soil,81.3794,3.0,0,0.16,30,8,22.60496136,17.07,0.6865,4.082482905,1.5196227870736256,Klebsiella pneumoniae,1.1124292183701014,0.4071935687035242,33.08436374933556,12.954755427661128
37,Ag,Bacillus subtilis,non-pathogenic,green_synthesis,MIC,quasi-spherical,Bacteria,Bacillota,Bacilli,Bacillales,Bacillaceae,Bacillus,p,soil,107.87,5.1,2,0.16,30,11,23.00188061,0.0,0.0,1.78376517,2.0305692545760614,Klebsiella pneumoniae,1.6236394229251672,0.40692983165089425,107.29247276582491,42.03774611172577
38,ZnO,Bacillus subtilis,non-pathogenic,chemical_synthesis,MBC,quasi-hexagonal,Bacteria,Bacillota,Bacilli,Bacillales,Bacillaceae,Bacillus,p,soil,81.3794,4.7,18,0.16,30,8,22.60496136,17.07,0.6865,4.082482905,0.573673445518563,Klebsiella pneumoniae,0.16723185479229175,0.4064415907262713,3.7469115871534298,1.4697106959099657
39,ZnO,Bacillus subtilis,non-pathogenic,green_synthesis,MBC,nanoplates,Bacteria,Bacillota,Bacilli,Bacillales,Bacillaceae,Bacillus,p,soil,81.3794,44.45,4,0.16,30,8,22.60496136,17.07,0.6865,4.082482905,1.1858676174843417,Klebsiella pneumoniae,0.78889101714999,0.39697660033435167,15.34149269058767,6.15022518187092
40,Ag,Bacillus subtilis,non-pathogenic,chemical_synthesis,MIC,nanoplates,Bacteria,Bacillota,Bacilli,Bacillales,Bacillaceae,Bacillus,p,soil,107.87,9.0,2,0.16,30,11,23.00188061,0.0,0.0,1.78376517,1.9642319495060023,Klebsiella pneumoniae,1.5694372918913027,0.3947946576146997,92.09412999591417,37.10541488355659
41,ZnO,Bacillus subtilis,non-pathogenic,green_synthesis,MIC,nanoplates,Bacteria,Bacillota,Bacilli,Bacillales,Bacillaceae,Bacillus,p,soil,81.3794,10.4,3,0.16,30,8,22.60496136,17.07,0.6865,4.082482905,1.9798592432167932,Klebsiella pneumoniae,1.5860238104659834,0.3938354327508098,95.46831188073362,38.54994923366366
42,Ag,Bacillus subtilis,non-pathogenic,green_synthesis,MBC,tetragonal,Bacteria,Bacillota,Bacilli,Bacillales,Bacillaceae,Bacillus,p,soil,107.87,1.4,18,0.16,30,11,23.00188061,0.0,0.0,1.78376517,0.691407352515101,Klebsiella pneumoniae,0.31525269479410434,0.37615465772099665,4.913685459957904,2.066582249554891
43,Au,Bacillus subtilis,non-pathogenic,green_synthesis,MBEC,spheroidal,Bacteria,Bacillota,Bacilli,Bacillales,Bacillaceae,Bacillus,p,soil,196.966569,79.0,18,0.16,30,11,23.00188061,0.0,0.0,2.46797672,1.3901500345811442,Klebsiella pneumoniae,1.0170246093651467,0.37312542521599745,24.555570840661062,10.399790947384638
44,CeO2,Bacillus subtilis,non-pathogenic,green_synthesis,MBC,quasi-hexagonal,Bacteria,Bacillota,Bacilli,Bacillales,Bacillaceae,Bacillus,p,soil,172.115,6.0,0,0.16,30,16,39.19032095,34.14,1.373,4.456551526,2.543084392728921,Klebsiella pneumoniae,2.1704113665778038,0.3726730261511171,349.20816751964156,148.051007305911
45,ZnO,Bacillus subtilis,non-pathogenic,green_synthesis,MBC,spherical,Bacteria,Bacillota,Bacilli,Bacillales,Bacillaceae,Bacillus,p,soil,81.3794,37.86,1,0.16,30,8,22.60496136,17.07,0.6865,4.082482905,1.3351525696142423,Klebsiella pneumoniae,0.973003242042089,0.36214932757215335,21.63478429990029,9.397303256984317
46,TiO2,Bacillus subtilis,non-pathogenic,chemical_synthesis,MIC,tetragonal,Bacteria,Bacillota,Bacilli,Bacillales,Bacillaceae,Bacillus,p,soil,79.866,6.0,4,0.16,30,16,26.40611331,34.14,1.373,2.878049394,1.209992561038408,Klebsiella pneumoniae,0.8594078025340213,0.35058475850438664,16.21782317867822,7.234488032140111
47,Ag,Bacillus subtilis,non-pathogenic,chemical_synthesis,MIC,rod-shaped,Bacteria,Bacillota,Bacilli,Bacillales,Bacillaceae,Bacillus,p,soil,107.87,8.7,0,0.16,30,11,23.00188061,0.0,0.0,1.78376517,1.3064808408155266,Klebsiella pneumoniae,0.9568001228577034,0.3496807179578232,20.252602591762294,9.053158477535352
48,ZnO,Bacillus subtilis,non-pathogenic,green_synthesis,MBEC,quasi-hexagonal,Bacteria,Bacillota,Bacilli,Bacillales,Bacillaceae,Bacillus,p,soil,81.3794,79.0,3,0.16,30,8,22.60496136,17.07,0.6865,4.082482905,0.6000138486953117,Klebsiella pneumoniae,0.25773879112793097,0.34227505756738075,3.9811986551749063,1.8102509794372708
49,ZnO,Bacillus subtilis,non-pathogenic,green_synthesis,MBEC,quasi-hexagonal,Bacteria,Bacillota,Bacilli,Bacillales,Bacillaceae,Bacillus,p,soil,81.3794,79.0,3,0.16,30,8,22.60496136,17.07,0.6865,4.082482905,0.6000138486953117,Klebsiella pneumoniae,0.25773879112793097,0.34227505756738075,3.9811986551749063,1.8102509794372708
50,CuO,Bacillus subtilis,non-pathogenic,green_synthesis,MBC,spherical,Bacteria,Bacillota,Bacilli,Bacillales,Bacillaceae,Bacillus,p,soil,79.5454,27.43,4,0.16,30,17,20.67942236,17.07,0.6865,1.651411411,2.829045142171773,Klebsiella pneumoniae,2.4928311951263487,0.3362139470454242,674.5981442753612,311.0507086621132
51,Pd,Bacillus subtilis,non-pathogenic,green_synthesis,MBC,quasi-spherical,Bacteria,Bacillota,Bacilli,Bacillales,Bacillaceae,Bacillus,p,soil,195.084,27.43,2,0.16,30,10,21.14774404,0.0,0.0,1.870828693,1.4093820785982527,Klebsiella pneumoniae,1.0785329776637116,0.3308491009345411,25.667411814894542,11.9821010447424
52,Ag,Bacillus subtilis,non-pathogenic,chemical_synthesis,MIC,hexagonal,Bacteria,Bacillota,Bacilli,Bacillales,Bacillaceae,Bacillus,p,soil,107.87,17.5,1,0.16,30,11,23.00188061,0.0,0.0,1.78376517,1.5440116563198516,Klebsiella pneumoniae,1.2153859613168323,0.3286256950030193,34.99545595666196,16.420484277900805
53,ZnO,Bacillus subtilis,non-pathogenic,chemical_synthesis,MBC,triangular,Bacteria,Bacillota,Bacilli,Bacillales,Bacillaceae,Bacillus,p,soil,81.3794,3.0,24,0.16,30,8,22.60496136,17.07,0.6865,4.082482905,0.9141413258428193,Klebsiella pneumoniae,0.5874568919563881,0.3266844338864312,8.20618542286446,3.8677366159773277
54,CuO,Bacillus subtilis,non-pathogenic,green_synthesis,MIC,hexagonal,Bacteria,Bacillota,Bacilli,Bacillales,Bacillaceae,Bacillus,p,soil,79.5454,1.4,24,0.16,30,17,20.67942236,17.07,0.6865,1.651411411,3.10793470183237,Klebsiella pneumoniae,2.787770056872148,0.32016464496022223,1282.137792864154,613.437126525985
55,Al2O3,Bacillus subtilis,non-pathogenic,green_synthesis,MBC,cubic,Bacteria,Bacillota,Bacilli,Bacillales,Bacillaceae,Bacillus,p,soil,101.961276,10.4,2,0.16,30,24,51.55776403,85.5,13.5675,4.688846487,2.999226721581837,Klebsiella pneumoniae,2.6822869540175427,0.31693976756429443,998.2210448614128,481.15716132187043
56,TiO2,Bacillus subtilis,non-pathogenic,chemical_synthesis,MIC,quasi-spherical,Bacteria,Bacillota,Bacilli,Bacillales,Bacillaceae,Bacillus,p,soil,79.866,10.0,2,0.16,30,16,26.40611331,34.14,1.373,2.878049394,2.493846754852395,Klebsiella pneumoniae,2.207577276198134,0.286269478654261,311.778924688275,161.27879732714086
57,CuO,Bacillus subtilis,non-pathogenic,green_synthesis,MIC,spherical,Bacteria,Bacillota,Bacilli,Bacillales,Bacillaceae,Bacillus,p,soil,79.5454,6.0,0,0.16,30,17,20.67942236,17.07,0.6865,1.651411411,2.5698509980545774,Klebsiella pneumoniae,2.2838420937003323,0.2860089043542451,371.4077810666547,192.23926339126666
58,CuO,Bacillus subtilis,non-pathogenic,green_synthesis,MIC,spherical,Bacteria,Bacillota,Bacilli,Bacillales,Bacillaceae,Bacillus,p,soil,79.5454,6.0,0,0.16,30,17,20.67942236,17.07,0.6865,1.651411411,2.5698509980545774,Klebsiella pneumoniae,2.2838420937003323,0.2860089043542451,371.4077810666547,192.23926339126666
59,CeO2,Bacillus subtilis,non-pathogenic,green_synthesis,MIC,spheroidal,Bacteria,Bacillota,Bacilli,Bacillales,Bacillaceae,Bacillus,p,soil,172.115,8.0,4,0.16,30,16,39.19032095,34.14,1.373,4.456551526,2.692766217052364,Klebsiella pneumoniae,2.4121687319736838,0.2805974850786801,492.90839740743723,258.32636445779235
60,ZnO,Bacillus subtilis,non-pathogenic,chemical_synthesis,MBEC,triangular,Bacteria,Bacillota,Bacilli,Bacillales,Bacillaceae,Bacillus,p,soil,81.3794,10.0,0,0.16,30,8,22.60496136,17.07,0.6865,4.082482905,0.5523042786303045,Klebsiella pneumoniae,0.3648924769593902,0.1874118016709143,3.567009603783092,2.316820978216474
61,ZnO,Bacillus subtilis,non-pathogenic,chemical_synthesis,MBEC,cubic,Bacteria,Bacillota,Bacilli,Bacillales,Bacillaceae,Bacillus,p,soil,81.3794,13.0,0,0.16,30,8,22.60496136,17.07,0.6865,4.082482905,2.4763818356240166,Klebsiella pneumoniae,2.3149696840112397,0.1614121516127769,299.48966195164644,206.52359866836855
62,TiO2,Bacillus subtilis,non-pathogenic,green_synthesis,MIC,cubic,Bacteria,Bacillota,Bacilli,Bacillales,Bacillaceae,Bacillus,p,soil,79.866,18.0,0,0.16,30,16,26.40611331,34.14,1.373,2.878049394,2.5632103581963426,Klebsiella pneumoniae,2.430539584580942,0.1326707736154007,365.771916795517,269.4880951109521
63,TiO2,Bacillus subtilis,non-pathogenic,green_synthesis,MIC,cubic,Bacteria,Bacillota,Bacilli,Bacillales,Bacillaceae,Bacillus,p,soil,79.866,18.0,0,0.16,30,16,26.40611331,34.14,1.373,2.878049394,2.5632103581963426,Klebsiella pneumoniae,2.430539584580942,0.1326707736154007,365.771916795517,269.4880951109521
64,Au,Bacillus subtilis,non-pathogenic,green_synthesis,MBC,rod-shaped,Bacteria,Bacillota,Bacilli,Bacillales,Bacillaceae,Bacillus,p,soil,196.966569,3.0,4,0.16,30,11,23.00188061,0.0,0.0,2.46797672,1.1851433182132358,Klebsiella pneumoniae,1.0560875777014465,0.12905574051178936,15.315928075685292,11.378567173109367
65,TiO2,Bacillus subtilis,non-pathogenic,chemical_synthesis,MBEC,quasi-hexagonal,Bacteria,Bacillota,Bacilli,Bacillales,Bacillaceae,Bacillus,p,soil,79.866,40.0,4,0.16,30,16,26.40611331,34.14,1.373,2.878049394,1.7096371991175952,Klebsiella pneumoniae,1.590792739481277,0.11884445963631807,51.24331288006665,38.97559371182373
66,ZnO,Bacillus subtilis,non-pathogenic,chemical_synthesis,MBC,nanoplates,Bacteria,Bacillota,Bacilli,Bacillales,Bacillaceae,Bacillus,p,soil,81.3794,60.0,3,0.16,30,8,22.60496136,17.07,0.6865,4.082482905,2.170955698528265,Klebsiella pneumoniae,2.067538727274608,0.10341697125365723,148.23668642898943,116.8257902097651
67,Ag,Bacillus subtilis,non-pathogenic,chemical_synthesis,MBC,tetragonal,Bacteria,Bacillota,Bacilli,Bacillales,Bacillaceae,Bacillus,p,soil,107.8682,50.0,18,0.16,30,11,23.00188061,0.0,0.0,1.78376517,1.0962380399098528,Klebsiella pneumoniae,0.9959109972723691,0.10032704263748371,12.4806740146797,9.906289082121837
68,ZnO,Bacillus subtilis,non-pathogenic,green_synthesis,MIC,cubic,Bacteria,Bacillota,Bacilli,Bacillales,Bacillaceae,Bacillus,p,soil,81.3794,37.86,3,0.16,30,8,22.60496136,17.07,0.6865,4.082482905,1.1455603091007218,Klebsiella pneumoniae,1.0757535264576297,0.06980678264309215,13.981710614341388,11.90566138657782
69,Ag,Bacillus subtilis,non-pathogenic,chemical_synthesis,MBC,quasi-spherical,Bacteria,Bacillota,Bacilli,Bacillales,Bacillaceae,Bacillus,p,soil,107.87,3.0,4,0.16,30,11,23.00188061,0.0,0.0,1.78376517,1.1022670873635199,Klebsiella pneumoniae,1.0448496563834626,0.05741743098005725,12.655143886448407,11.087909087210283
70,CuO,Bacillus subtilis,non-pathogenic,chemical_synthesis,MBEC,quasi-spherical,Bacteria,Bacillota,Bacilli,Bacillales,Bacillaceae,Bacillus,p,soil,79.5454,11.3,2,0.16,30,17,20.67942236,17.07,0.6865,1.651411411,3.041913082544302,Klebsiella pneumoniae,3.003791694116382,0.038121388427920344,1101.3188752093881,1008.7689220553106
71,ZnO,Bacillus subtilis,non-pathogenic,chemical_synthesis,MIC,cubic,Bacteria,Bacillota,Bacilli,Bacillales,Bacillaceae,Bacillus,p,soil,81.3794,18.0,1,0.16,30,8,22.60496136,17.07,0.6865,4.082482905,1.8463051206441112,Klebsiella pneumoniae,1.8167114567119584,0.02959366393215279,70.19482903956893,65.5709471144062
72,Ag,Bacillus subtilis,non-pathogenic,chemical_synthesis,MIC,rod-shaped,Bacteria,Bacillota,Bacilli,Bacillales,Bacillaceae,Bacillus,p,soil,107.87,100.0,24,0.16,30,11,23.00188061,0.0,0.0,1.78376517,0.6584006425303348,Klebsiella pneumoniae,0.6477088894993113,0.010691753031023543,4.554079864501145,4.443333280183665
73,Ag2O,Bacillus subtilis,non-pathogenic,green_synthesis,MBC,quasi-spherical,Bacteria,Bacillota,Bacilli,Bacillales,Bacillaceae,Bacillus,p,soil,231.7358,25.0,2,0.16,30,28,46.55109718,17.07,0.6865,3.975778631,1.7012613271662798,Klebsiella pneumoniae,1.6999051767820013,0.0013561503842784983,50.2644954104418,50.10778170896702
74,CuO,Bacillus subtilis,non-pathogenic,green_synthesis,MIC,quasi-spherical,Bacteria,Bacillota,Bacilli,Bacillales,Bacillaceae,Bacillus,p,soil,79.5454,28.0,2,0.16,30,17,20.67942236,17.07,0.6865,1.651411411,2.155148670146252,Klebsiella pneumoniae,2.1583972071760265,-0.0032485370297745675,142.93831893154913,144.01151101761698
75,Au,Bacillus subtilis,non-pathogenic,chemical_synthesis,MIC,spheroidal,Bacteria,Bacillota,Bacilli,Bacillales,Bacillaceae,Bacillus,p,soil,196.966569,11.3,2,0.16,30,11,23.00188061,0.0,0.0,2.46797672,1.9503733815639606,Klebsiella pneumoniae,1.9603595041385184,-0.009986122574557887,89.20175142133765,91.27661043350948
76,CuO,Bacillus subtilis,non-pathogenic,green_synthesis,MIC,hexagonal,Bacteria,Bacillota,Bacilli,Bacillales,Bacillaceae,Bacillus,p,soil,79.5454,17.5,4,0.16,30,17,20.67942236,17.07,0.6865,1.651411411,2.461474847995598,Klebsiella pneumoniae,2.4785580981235023,-0.017083250127904126,289.3842216409438,300.9941799533702
77,Ag,Bacillus subtilis,non-pathogenic,green_synthesis,MBC,triangular,Bacteria,Bacillota,Bacilli,Bacillales,Bacillaceae,Bacillus,p,soil,107.87,37.86,24,0.16,30,11,23.00188061,0.0,0.0,1.78376517,0.13509566537040718,Klebsiella pneumoniae,0.20149153348308357,-0.06639586811267639,1.3648837568721675,1.5903456799290017
78,CuO,Bacillus subtilis,non-pathogenic,chemical_synthesis,MBC,rod-shaped,Bacteria,Bacillota,Bacilli,Bacillales,Bacillaceae,Bacillus,p,soil,79.5454,17.5,2,0.16,30,17,20.67942236,17.07,0.6865,1.651411411,2.4303957122639055,Klebsiella pneumoniae,2.497468523649424,-0.06707281138551835,269.39883435162403,314.38985517426033
79,Pd,Bacillus subtilis,non-pathogenic,chemical_synthesis,MBEC,nanoplates,Bacteria,Bacillota,Bacilli,Bacillales,Bacillaceae,Bacillus,p,soil,195.084,6.0,24,0.16,30,10,21.14774404,0.0,0.0,1.870828693,2.135433486419663,Klebsiella pneumoniae,2.2131969077356444,-0.07776342131598124,136.59458607195327,163.37925363266945
80,Au,Bacillus subtilis,non-pathogenic,chemical_synthesis,MBC,rod-shaped,Bacteria,Bacillota,Bacilli,Bacillales,Bacillaceae,Bacillus,p,soil,196.966569,17.5,3,0.16,30,11,23.00188061,0.0,0.0,2.46797672,1.0706561022433085,Klebsiella pneumoniae,1.1496237041963697,-0.07896760195306118,11.7667385080035,14.113141771488669
81,Ag,Bacillus subtilis,non-pathogenic,chemical_synthesis,MBEC,nanoplates,Bacteria,Bacillota,Bacilli,Bacillales,Bacillaceae,Bacillus,p,soil,107.8682,27.43,3,0.16,30,11,23.00188061,0.0,0.0,1.78376517,2.3885266499668827,Klebsiella pneumoniae,2.4739237597463757,-0.085397109779493,244.63953916032304,297.79935977413095
82,TiO2,Bacillus subtilis,non-pathogenic,green_synthesis,MBC,triangular,Bacteria,Bacillota,Bacilli,Bacillales,Bacillaceae,Bacillus,p,soil,79.866,50.0,24,0.16,30,16,26.40611331,34.14,1.373,2.878049394,1.5462340379980148,Klebsiella pneumoniae,1.6463251033421737,-0.1000910653441589,35.17499448363762,44.291980836703125
83,ZnO,Bacillus subtilis,non-pathogenic,green_synthesis,MIC,tetragonal,Bacteria,Bacillota,Bacilli,Bacillales,Bacillaceae,Bacillus,p,soil,81.3794,35.0,1,0.16,30,8,22.60496136,17.07,0.6865,4.082482905,-0.21598568480889524,Klebsiella pneumoniae,-0.08787815359174256,-0.12810753121715268,0.6081550469219424,0.8168115052575055
84,Ag,Bacillus subtilis,non-pathogenic,green_synthesis,MBC,nanoplates,Bacteria,Bacillota,Bacilli,Bacillales,Bacillaceae,Bacillus,p,soil,107.87,1.9,18,0.16,30,11,23.00188061,0.0,0.0,1.78376517,1.269863293927512,Klebsiella pneumoniae,1.4080208689654696,-0.13815757503795756,18.615010860238495,25.58708836483996
85,Au,Bacillus subtilis,non-pathogenic,green_synthesis,MIC,spherical,Bacteria,Bacillota,Bacilli,Bacillales,Bacillaceae,Bacillus,p,soil,196.966569,26.06,18,0.16,30,11,23.00188061,0.0,0.0,2.46797672,1.2967954862969422,Klebsiella pneumoniae,1.442395576481998,-0.14560009018505582,19.80594124182883,27.69463058226348
86,Ag2O,Bacillus subtilis,non-pathogenic,chemical_synthesis,MBC,spherical,Bacteria,Bacillota,Bacilli,Bacillales,Bacillaceae,Bacillus,p,soil,231.7358,44.45,3,0.16,30,28,46.55109718,17.07,0.6865,3.975778631,1.6503514630963045,Klebsiella pneumoniae,1.7996235346508398,-0.14927207155453526,44.70452277395336,63.04106401944813
87,Cu,Bacillus subtilis,non-pathogenic,green_synthesis,MBEC,triangular,Bacteria,Bacillota,Bacilli,Bacillales,Bacillaceae,Bacillus,p,soil,63.55,0.8,18,0.16,30,11,17.96409803,0.0,0.0,1.243163121,0.6061376274594534,Klebsiella pneumoniae,0.76055854123199,-0.15442091377253653,4.037733280335417,5.76180480246364
88,Al2O3,Bacillus subtilis,non-pathogenic,chemical_synthesis,MIC,cubic,Bacteria,Bacillota,Bacilli,Bacillales,Bacillaceae,Bacillus,p,soil,101.961276,28.0,0,0.16,30,24,51.55776403,85.5,13.5675,4.688846487,2.929899207368337,Klebsiella pneumoniae,3.09595619278417,-0.16605698541583314,850.9405259334494,1247.2576972104578
89,ZnO,Bacillus subtilis,non-pathogenic,green_synthesis,MIC,quasi-spherical,Bacteria,Bacillota,Bacilli,Bacillales,Bacillaceae,Bacillus,p,soil,81.3794,12.5,24,0.16,30,8,22.60496136,17.07,0.6865,4.082482905,2.1025908522953514,Klebsiella pneumoniae,2.2781497550251033,-0.17555890272975194,126.64581766978901,189.73600631180466
90,Cu,Bacillus subtilis,non-pathogenic,chemical_synthesis,MBC,quasi-hexagonal,Bacteria,Bacillota,Bacilli,Bacillales,Bacillaceae,Bacillus,p,soil,63.55,30.0,18,0.16,30,11,17.96409803,0.0,0.0,1.243163121,0.6317103580210561,Klebsiella pneumoniae,0.8817379321457693,-0.2500275741247132,4.282628058313411,7.616192847156051
91,Au,Bacillus subtilis,non-pathogenic,green_synthesis,MBC,quasi-spherical,Bacteria,Bacillota,Bacilli,Bacillales,Bacillaceae,Bacillus,p,soil,196.966569,26.06,24,0.16,30,11,23.00188061,0.0,0.0,2.46797672,1.6534747112771295,Klebsiella pneumoniae,1.9251537635589604,-0.27167905228183087,45.02717614538611,84.16930934326923
92,Cu,Bacillus subtilis,non-pathogenic,green_synthesis,MBEC,triangular,Bacteria,Bacillota,Bacilli,Bacillales,Bacillaceae,Bacillus,p,soil,63.55,13.0,24,0.16,30,11,17.96409803,0.0,0.0,1.243163121,0.8837897919998046,Klebsiella pneumoniae,1.161546343787866,-0.27775655178806136,7.652261311240399,14.50595559845609
