,np,bacteria,bac_type,np_synthesis,method,shape,kingdom,phylum,class,order,family,genus,gram,isolated_from,mol_weight (g/mol),np_size_avg (nm),time_set,"min_Incub_period, h","growth_temp, C",Valance_electron,labuteASA,tpsa,CrippenMR,chi0v,pred_MIC_norm,pathogenic_bacteria,pred_MIC_pathogen,Fitness,pred_norm_MIC_original,pred_path_MIC_original
0,ZnO,Bacillus subtilis,non-pathogenic,green_synthesis,MIC,spherical,Bacteria,Bacillota,Bacilli,Bacillales,Bacillaceae,Bacillus,p,soil,81.3794,4.0,4,0.16,30,8,22.60496136,17.07,0.6865,4.082482905,1.0088831221286227,Klebsiella pneumoniae,0.23036540658385185,0.7785177155447709,10.206647641715245,1.6996731215651986
1,ZnO,Bacillus subtilis,non-pathogenic,chemical_synthesis,MIC,cubic,Bacteria,Bacillota,Bacilli,Bacillales,Bacillaceae,Bacillus,p,soil,81.3794,4.0,4,0.16,30,8,22.60496136,17.07,0.6865,4.082482905,1.4553647608818654,Klebsiella pneumoniae,0.7694191065003275,0.6859456543815379,28.53413823566059,5.880565700744283
2,Pt,Bacillus subtilis,non-pathogenic,green_synthesis,MIC,cubic,Bacteria,Bacillota,Bacilli,Bacillales,Bacillaceae,Bacillus,p,soil,195.084,4.0,3,0.16,30,10,21.75656585,0.0,0.0,2.588435821,0.9518854705224881,Klebsiella pneumoniae,0.26649230800087276,0.6853931625216153,8.951286765756699,1.847108079597412
3,ZnO,Bacillus subtilis,non-pathogenic,chemical_synthesis,MIC,cubic,Bacteria,Bacillota,Bacilli,Bacillales,Bacillaceae,Bacillus,p,soil,81.3794,1.4,3,0.16,30,8,22.60496136,17.07,0.6865,4.082482905,1.6634980923718816,Klebsiella pneumoniae,1.0106110939099304,0.6528869984619512,46.078474469986276,10.247338769717066
4,Ag,Bacillus subtilis,non-pathogenic,green_synthesis,MIC,quasi-hexagonal,Bacteria,Bacillota,Bacilli,Bacillales,Bacillaceae,Bacillus,p,soil,107.87,1.9,24,0.16,30,11,23.00188061,0.0,0.0,1.78376517,1.9276572388719064,Klebsiella pneumoniae,1.2991716698503402,0.6284855690215663,84.65590149998549,19.914603767214828
5,ZnO,Bacillus subtilis,non-pathogenic,green_synthesis,MBC,cubic,Bacteria,Bacillota,Bacilli,Bacillales,Bacillaceae,Bacillus,p,soil,81.3794,11.3,1,0.16,30,8,22.60496136,17.07,0.6865,4.082482905,2.44631648808405,Klebsiella pneumoniae,1.8479305499467493,0.5983859381373007,279.4579623403705,70.45803872264764
6,Ni,Bacillus subtilis,non-pathogenic,green_synthesis,MBEC,quasi-hexagonal,Bacteria,Bacillota,Bacilli,Bacillales,Bacillaceae,Bacillus,p,soil,58.6934,5.1,4,0.16,30,10,17.41523038,0.0,0.0,1.303840481,2.1288118371243234,Klebsiella pneumoniae,1.5477235717138065,0.581088265410517,134.52773715101605,35.29584403553113
7,TiO2,Bacillus subtilis,non-pathogenic,chemical_synthesis,MIC,cubic,Bacteria,Bacillota,Bacilli,Bacillales,Bacillaceae,Bacillus,p,soil,79.866,1.4,2,0.16,30,16,26.40611331,34.14,1.373,2.878049394,2.5238581243994282,Klebsiella pneumoniae,1.956728473055301,0.5671296513441273,334.08588280631864,90.51665012758889
8,ZnO,Bacillus subtilis,non-pathogenic,green_synthesis,MBEC,hexagonal,Bacteria,Bacillota,Bacilli,Bacillales,Bacillaceae,Bacillus,p,soil,81.3794,1.4,4,0.16,30,8,22.60496136,17.07,0.6865,4.082482905,2.074646463376454,Klebsiella pneumoniae,1.5433111881975943,0.5313352751788598,118.75351230747324,34.93905771894882
9,Ag,Bacillus subtilis,non-pathogenic,chemical_synthesis,MIC,quasi-hexagonal,Bacteria,Bacillota,Bacilli,Bacillales,Bacillaceae,Bacillus,p,soil,107.8682,3.0,1,0.16,30,11,23.00188061,0.0,0.0,1.78376517,0.9917039054414313,Klebsiella pneumoniae,0.5073680348288556,0.48433587061257566,9.810788321640445,3.2163850501005977
10,TiO2,Bacillus subtilis,non-pathogenic,green_synthesis,MBEC,cubic,Bacteria,Bacillota,Bacilli,Bacillales,Bacillaceae,Bacillus,p,soil,79.866,1.4,4,0.16,30,16,26.40611331,34.14,1.373,2.878049394,2.734314384182198,Klebsiella pneumoniae,2.252540552393435,0.48177383178876276,542.3933849033275,178.8712542945958
11,ZnO,Bacillus subtilis,non-pathogenic,chemical_synthesis,MBEC,quasi-spherical,Bacteria,Bacillota,Bacilli,Bacillales,Bacillaceae,Bacillus,p,soil,81.3794,10.4,1,0.16,30,8,22.60496136,17.07,0.6865,4.082482905,2.041147790096729,Klebsiella pneumoniae,1.5618786230108213,0.4792691670859077,109.93798939630172,36.46520194280251
12,ZnO,Bacillus subtilis,non-pathogenic,green_synthesis,MBC,quasi-spherical,Bacteria,Bacillota,Bacilli,Bacillales,Bacillaceae,Bacillus,p,soil,81.3794,26.06,2,0.16,30,8,22.60496136,17.07,0.6865,4.082482905,1.8799380372513694,Klebsiella pneumoniae,1.4180209533867272,0.46191708386464225,75.84693530723962,26.183093306264997
13,Ag,Bacillus subtilis,non-pathogenic,chemical_synthesis,MIC,spheroidal,Bacteria,Bacillota,Bacilli,Bacillales,Bacillaceae,Bacillus,p,soil,107.87,26.06,3,0.16,30,11,23.00188061,0.0,0.0,1.78376517,0.8602536828183377,Klebsiella pneumoniae,0.4294512775774999,0.4308024052408378,7.248592457685551,2.6881362507979847
14,ZnO,Bacillus subtilis,non-pathogenic,chemical_synthesis,MBEC,quasi-hexagonal,Bacteria,Bacillota,Bacilli,Bacillales,Bacillaceae,Bacillus,p,soil,81.3794,0.8,4,0.16,30,8,22.60496136,17.07,0.6865,4.082482905,0.8432573490554938,Klebsiella pneumoniae,0.42202071000093544,0.4212366390545583,6.9703943508967905,2.6425347676558166
15,Ag,Bacillus subtilis,non-pathogenic,chemical_synthesis,MIC,cubic,Bacteria,Bacillota,Bacilli,Bacillales,Bacillaceae,Bacillus,p,soil,107.87,12.0,3,0.16,30,11,23.00188061,0.0,0.0,1.78376517,1.9520554603926736,Klebsiella pneumoniae,1.544785197004516,0.4072702633881575,89.54791129667535,35.05784342080826
16,ZnO,Bacillus subtilis,non-pathogenic,green_synthesis,MBEC,spheroidal,Bacteria,Bacillota,Bacilli,Bacillales,Bacillaceae,Bacillus,p,soil,81.3794,37.86,18,0.16,30,8,22.60496136,17.07,0.6865,4.082482905,1.658097515888837,Klebsiella pneumoniae,1.2628186775581247,0.3952788383307122,45.50902340171964,18.315495718099495
17,ZnO,Bacillus subtilis,non-pathogenic,green_synthesis,MBC,nanoplates,Bacteria,Bacillota,Bacilli,Bacillales,Bacillaceae,Bacillus,p,soil,81.3794,27.43,0,0.16,30,8,22.60496136,17.07,0.6865,4.082482905,2.220246310220428,Klebsiella pneumoniae,1.8575626019323734,0.3626837082880545,166.05284095147462,72.03815840774448
18,ZnO,Bacillus subtilis,non-pathogenic,chemical_synthesis,MBC,triangular,Bacteria,Bacillota,Bacilli,Bacillales,Bacillaceae,Bacillus,p,soil,81.3794,3.0,24,0.16,30,8,22.60496136,17.07,0.6865,4.082482905,0.9141413258428193,Klebsiella pneumoniae,0.5874568919563881,0.3266844338864312,8.20618542286446,3.8677366159773277
19,Pd,Bacillus subtilis,non-pathogenic,green_synthesis,MBC,spheroidal,Bacteria,Bacillota,Bacilli,Bacillales,Bacillaceae,Bacillus,p,soil,195.084,44.45,24,0.16,30,10,21.14774404,0.0,0.0,1.870828693,1.7676010382950307,Klebsiella pneumoniae,1.453234841451089,0.31436619684394174,58.5599959878132,28.39454026639435
20,CeO2,Bacillus subtilis,non-pathogenic,green_synthesis,MBC,quasi-spherical,Bacteria,Bacillota,Bacilli,Bacillales,Bacillaceae,Bacillus,p,soil,172.115,79.0,1,0.16,30,16,39.19032095,34.14,1.373,4.456551526,1.7067746930952037,Klebsiella pneumoniae,1.3933465824062452,0.3134281106889585,50.90667046792467,24.736974558671626
21,ZnO,Bacillus subtilis,non-pathogenic,green_synthesis,MBC,rod-shaped,Bacteria,Bacillota,Bacilli,Bacillales,Bacillaceae,Bacillus,p,soil,81.3794,0.8,18,0.16,30,8,22.60496136,17.07,0.6865,4.082482905,1.3780480839215334,Klebsiella pneumoniae,1.070611835297678,0.30743624862385555,23.880756696171453,11.765539204189434
22,ZnO,Bacillus subtilis,non-pathogenic,green_synthesis,MBEC,spherical,Bacteria,Bacillota,Bacilli,Bacillales,Bacillaceae,Bacillus,p,soil,81.3794,13.0,3,0.16,30,8,22.60496136,17.07,0.6865,4.082482905,2.375491322574031,Klebsiella pneumoniae,2.0694111202134913,0.30608020236053957,237.40579873677197,117.33055371022402
23,Au,Bacillus subtilis,non-pathogenic,chemical_synthesis,MBEC,quasi-hexagonal,Bacteria,Bacillota,Bacilli,Bacillales,Bacillaceae,Bacillus,p,soil,196.966569,10.4,2,0.16,30,11,23.00188061,0.0,0.0,2.46797672,1.4048802474397322,Klebsiella pneumoniae,1.1071659222307004,0.29771432520903174,25.402721531560815,12.798701852377285
24,TiO2,Bacillus subtilis,non-pathogenic,green_synthesis,MBC,spherical,Bacteria,Bacillota,Bacilli,Bacillales,Bacillaceae,Bacillus,p,soil,79.866,79.0,0,0.16,30,16,26.40611331,34.14,1.373,2.878049394,1.929789146627062,Klebsiella pneumoniae,1.6413967243686813,0.2883924222583807,85.07249043155646,43.792196053818415
25,Ni,Bacillus subtilis,non-pathogenic,chemical_synthesis,MBC,tetragonal,Bacteria,Bacillota,Bacilli,Bacillales,Bacillaceae,Bacillus,p,soil,81.3794,12.0,24,0.16,30,8,22.60496136,17.07,0.6865,4.082482905,1.4454504086004496,Klebsiella pneumoniae,1.1660851925126696,0.27936521608778,27.89012165271224,14.658353554301945
26,ZnO,Bacillus subtilis,non-pathogenic,chemical_synthesis,MIC,cubic,Bacteria,Bacillota,Bacilli,Bacillales,Bacillaceae,Bacillus,p,soil,81.3794,10.0,2,0.16,30,8,22.60496136,17.07,0.6865,4.082482905,2.0234103756522615,Klebsiella pneumoniae,1.7578857506616579,0.2655246249906036,105.53836836514739,57.26453660264333
27,Pd,Bacillus subtilis,non-pathogenic,green_synthesis,MIC,hexagonal,Bacteria,Bacillota,Bacilli,Bacillales,Bacillaceae,Bacillus,p,soil,195.084,8.0,1,0.16,30,10,21.14774404,0.0,0.0,1.870828693,1.6916864812749604,Klebsiella pneumoniae,1.4286144539939862,0.2630720272809741,49.16844587785758,26.829615823037397
28,Ag,Bacillus subtilis,non-pathogenic,green_synthesis,MBC,triangular,Bacteria,Bacillota,Bacilli,Bacillales,Bacillaceae,Bacillus,p,soil,107.8682,13.0,18,0.16,30,11,23.00188061,0.0,0.0,1.78376517,0.6135846265125164,Klebsiella pneumoniae,0.3521602855091408,0.26142434100337564,4.107566720179033,2.249884819916679
29,ZnO,Bacillus subtilis,non-pathogenic,green_synthesis,MBEC,rod-shaped,Bacteria,Bacillota,Bacilli,Bacillales,Bacillaceae,Bacillus,p,soil,81.3794,25.0,3,0.16,30,8,22.60496136,17.07,0.6865,4.082482905,1.865767933938024,Klebsiella pneumoniae,1.6096531264217349,0.2561148075162891,73.4121484154115,40.70550306659749
30,Pd,Bacillus subtilis,non-pathogenic,green_synthesis,MBEC,rod-shaped,Bacteria,Bacillota,Bacilli,Bacillales,Bacillaceae,Bacillus,p,soil,195.084,4.0,2,0.16,30,10,21.14774404,0.0,0.0,1.870828693,1.4185275612466781,Klebsiella pneumoniae,1.1744720566395634,0.24405550460711467,26.21365390750497,14.944178854894636
31,ZnO,Bacillus subtilis,non-pathogenic,chemical_synthesis,MBC,spheroidal,Bacteria,Bacillota,Bacilli,Bacillales,Bacillaceae,Bacillus,p,soil,81.3794,10.0,3,0.16,30,8,22.60496136,17.07,0.6865,4.082482905,1.9222663146201429,Klebsiella pneumoniae,1.6907434454468058,0.2315228691733371,83.61155772290437,49.061796351680535
32,Ag,Bacillus subtilis,non-pathogenic,chemical_synthesis,MIC,rod-shaped,Bacteria,Bacillota,Bacilli,Bacillales,Bacillaceae,Bacillus,p,soil,107.8682,3.0,1,0.16,30,11,23.00188061,0.0,0.0,1.78376517,1.4161867238619466,Klebsiella pneumoniae,1.185299126132338,0.23088759772960854,26.072743003281776,15.321423819003735
33,ZnO,Bacillus subtilis,non-pathogenic,green_synthesis,MBEC,triangular,Bacteria,Bacillota,Bacilli,Bacillales,Bacillaceae,Bacillus,p,soil,81.3794,45.26,18,0.16,30,8,22.60496136,17.07,0.6865,4.082482905,0.29049878669302553,Klebsiella pneumoniae,0.0705177919681268,0.21998099472489874,1.952085280411973,1.1762991737582367
34,CuO,Bacillus subtilis,non-pathogenic,green_synthesis,MBC,nanoplates,Bacteria,Bacillota,Bacilli,Bacillales,Bacillaceae,Bacillus,p,soil,79.5454,18.0,18,0.16,30,17,20.67942236,17.07,0.6865,1.651411411,3.198515535312355,Klebsiella pneumoniae,2.97875580825604,0.21975972705631497,1579.4851070878478,952.2605837472386
35,ZnO,Bacillus subtilis,non-pathogenic,chemical_synthesis,MBC,spheroidal,Bacteria,Bacillota,Bacilli,Bacillales,Bacillaceae,Bacillus,p,soil,81.3794,12.0,4,0.16,30,8,22.60496136,17.07,0.6865,4.082482905,1.8348195956858224,Klebsiella pneumoniae,1.620457478346492,0.21436211733933042,68.36276119218978,41.7308737881052
36,ZnO,Bacillus subtilis,non-pathogenic,chemical_synthesis,MBC,spherical,Bacteria,Bacillota,Bacilli,Bacillales,Bacillaceae,Bacillus,p,soil,81.3794,22.5,4,0.16,30,8,22.60496136,17.07,0.6865,4.082482905,1.408658441419209,Klebsiella pneumoniae,1.1986307713555684,0.21002767006364054,25.624679455638933,15.799042645296192
37,ZrO2,Bacillus subtilis,non-pathogenic,green_synthesis,MBC,spherical,Bacteria,Bacillota,Bacilli,Bacillales,Bacillaceae,Bacillus,p,soil,123.2218,18.0,4,0.16,30,16,29.29254423,34.14,1.373,3.774536472,2.202078746619117,Klebsiella pneumoniae,1.9935116021490975,0.20856714447001945,159.24974537727653,98.51709612312294
38,Ag,Bacillus subtilis,non-pathogenic,green_synthesis,MIC,spherical,Bacteria,Bacillota,Bacilli,Bacillales,Bacillaceae,Bacillus,p,soil,107.87,40.0,1,0.16,30,11,23.00188061,0.0,0.0,1.78376517,0.7405528715025597,Klebsiella pneumoniae,0.5448695751658132,0.19568329633674642,5.502409033846988,3.5064655397178854
39,Au,Bacillus subtilis,non-pathogenic,chemical_synthesis,MIC,quasi-hexagonal,Bacteria,Bacillota,Bacilli,Bacillales,Bacillaceae,Bacillus,p,soil,196.966569,30.0,1,0.16,30,11,23.00188061,0.0,0.0,2.46797672,1.179611436710311,Klebsiella pneumoniae,0.9842177374460421,0.19539369926426886,15.12207670742227,9.643123691316463
40,ZnO,Bacillus subtilis,non-pathogenic,green_synthesis,MBEC,triangular,Bacteria,Bacillota,Bacilli,Bacillales,Bacillaceae,Bacillus,p,soil,81.3794,12.0,4,0.16,30,8,22.60496136,17.07,0.6865,4.082482905,0.6318317310550114,Klebsiella pneumoniae,0.43940763921809367,0.19242409183691778,4.283825099084716,2.750474603314749
41,Ag,Bacillus subtilis,non-pathogenic,green_synthesis,MBC,quasi-spherical,Bacteria,Bacillota,Bacilli,Bacillales,Bacillaceae,Bacillus,p,soil,107.87,1.4,4,0.16,30,11,23.00188061,0.0,0.0,1.78376517,1.030459553287002,Klebsiella pneumoniae,0.8392725649870656,0.1911869882999364,10.726537447966624,6.906731371212542
42,ZnO,Bacillus subtilis,non-pathogenic,chemical_synthesis,MBC,hexagonal,Bacteria,Bacillota,Bacilli,Bacillales,Bacillaceae,Bacillus,p,soil,81.3794,26.06,4,0.16,30,8,22.60496136,17.07,0.6865,4.082482905,1.6828811864681599,Klebsiella pneumoniae,1.491700791536649,0.19118039493151096,48.18159652158061,31.024214292796998
43,ZnO,Bacillus subtilis,non-pathogenic,chemical_synthesis,MBC,nanoplates,Bacteria,Bacillota,Bacilli,Bacillales,Bacillaceae,Bacillus,p,soil,81.3794,26.38,1,0.16,30,8,22.60496136,17.07,0.6865,4.082482905,1.689381269043639,Klebsiella pneumoniae,1.5088186375014978,0.18056263154214114,48.908153776839065,32.27146175692664
44,Ag,Bacillus subtilis,non-pathogenic,green_synthesis,MBEC,spheroidal,Bacteria,Bacillota,Bacilli,Bacillales,Bacillaceae,Bacillus,p,soil,107.87,4.7,0,0.16,30,11,23.00188061,0.0,0.0,1.78376517,1.9815319209973483,Klebsiella pneumoniae,1.8061000518663124,0.17543186913103592,95.8367154482381,63.98822332515131
45,ZnO,Bacillus subtilis,non-pathogenic,green_synthesis,MIC,rod-shaped,Bacteria,Bacillota,Bacilli,Bacillales,Bacillaceae,Bacillus,p,soil,81.3794,18.0,0,0.16,30,8,22.60496136,17.07,0.6865,4.082482905,1.1893893793408747,Klebsiella pneumoniae,1.0188111021016486,0.17057827723922614,15.466405035854212,10.44265913328893
46,Ag,Bacillus subtilis,non-pathogenic,green_synthesis,MBEC,triangular,Bacteria,Bacillota,Bacilli,Bacillales,Bacillaceae,Bacillus,p,soil,107.87,38.0,0,0.16,30,11,23.00188061,0.0,0.0,1.78376517,-0.20844616187356424,Klebsiella pneumoniae,-0.36600397926229045,0.1575578173887262,0.6188050341201898,0.4305226657709532
47,Ni,Bacillus subtilis,non-pathogenic,chemical_synthesis,MBC,triangular,Bacteria,Bacillota,Bacilli,Bacillales,Bacillaceae,Bacillus,p,soil,58.6934,18.0,2,0.16,30,10,17.41523038,0.0,0.0,1.303840481,1.361272268736334,Klebsiella pneumoniae,1.2043070603556254,0.1569652083807085,22.975886053858392,16.006893681823595
48,Ag,Bacillus subtilis,non-pathogenic,green_synthesis,MIC,nanoplates,Bacteria,Bacillota,Bacilli,Bacillales,Bacillaceae,Bacillus,p,soil,107.8682,10.4,4,0.16,30,11,23.00188061,0.0,0.0,1.78376517,2.0261769964175227,Klebsiella pneumoniae,1.8780149569281328,0.14816203948938989,106.21283386770531,75.51182331873406
49,Au,Bacillus subtilis,non-pathogenic,green_synthesis,MBEC,rod-shaped,Bacteria,Bacillota,Bacilli,Bacillales,Bacillaceae,Bacillus,p,soil,196.966569,27.43,0,0.16,30,11,23.00188061,0.0,0.0,2.46797672,1.3064809079155366,Klebsiella pneumoniae,1.1609338671802356,0.145547040735301,20.25260572086017,14.485512565136565
50,Au,Bacillus subtilis,non-pathogenic,chemical_synthesis,MBEC,hexagonal,Bacteria,Bacillota,Bacilli,Bacillales,Bacillaceae,Bacillus,p,soil,196.966569,28.0,3,0.16,30,11,23.00188061,0.0,0.0,2.46797672,2.1201396669661876,Klebsiella pneumoniae,1.9810988137872458,0.13904085317894177,131.86807516068254,95.74118837154084
51,ZnO,Bacillus subtilis,non-pathogenic,chemical_synthesis,MIC,hexagonal,Bacteria,Bacillota,Bacilli,Bacillales,Bacillaceae,Bacillus,p,soil,81.3794,4.7,24,0.16,30,8,22.60496136,17.07,0.6865,4.082482905,2.4906234140154893,Klebsiella pneumoniae,2.352384878788362,0.13823853522712737,309.47346251844215,225.10486378149272
52,Ag,Bacillus subtilis,non-pathogenic,green_synthesis,MBC,nanoplates,Bacteria,Bacillota,Bacilli,Bacillales,Bacillaceae,Bacillus,p,soil,107.8682,0.8,4,0.16,30,11,23.00188061,0.0,0.0,1.78376517,1.3187703000404185,Klebsiella pneumoniae,1.1811494193469998,0.1376208806934187,20.833886796562137,15.17572399590373
53,ZnO,Bacillus subtilis,non-pathogenic,chemical_synthesis,MBEC,nanoplates,Bacteria,Bacillota,Bacilli,Bacillales,Bacillaceae,Bacillus,p,soil,81.3794,17.5,3,0.16,30,8,22.60496136,17.07,0.6865,4.082482905,2.2975005824037154,Klebsiella pneumoniae,2.1624403706593798,0.13506021174433558,198.38123171947132,145.35847923432152
54,Ag,Bacillus subtilis,non-pathogenic,chemical_synthesis,MIC,quasi-hexagonal,Bacteria,Bacillota,Bacilli,Bacillales,Bacillaceae,Bacillus,p,soil,107.8682,26.38,3,0.16,30,11,23.00188061,0.0,0.0,1.78376517,1.0847935442500194,Klebsiella pneumoniae,0.9507000241060615,0.13409352014395792,12.156079851953194,8.926886727965943
55,Ag,Bacillus subtilis,non-pathogenic,green_synthesis,MIC,rod-shaped,Bacteria,Bacillota,Bacilli,Bacillales,Bacillaceae,Bacillus,p,soil,107.87,18.5,0,0.16,30,11,23.00188061,0.0,0.0,1.78376517,1.2179585122937868,Klebsiella pneumoniae,1.093973537627467,0.12398497466631975,16.518039955510435,12.41576653707114
56,ZnO,Bacillus subtilis,non-pathogenic,green_synthesis,MBEC,spheroidal,Bacteria,Bacillota,Bacilli,Bacillales,Bacillaceae,Bacillus,p,soil,81.3794,26.38,4,0.16,30,8,22.60496136,17.07,0.6865,4.082482905,2.1048886788121877,Klebsiella pneumoniae,1.9834252723134567,0.121463406498731,127.31766902525877,96.25543750172605
57,Cu,Bacillus subtilis,non-pathogenic,green_synthesis,MBEC,hexagonal,Bacteria,Bacillota,Bacilli,Bacillales,Bacillaceae,Bacillus,p,soil,63.55,27.43,4,0.16,30,11,17.96409803,0.0,0.0,1.243163121,1.9261593769706922,Klebsiella pneumoniae,1.8049965668773449,0.12116281009334728,84.3644300735866,63.82584407012211
58,Ag,Bacillus subtilis,non-pathogenic,chemical_synthesis,MBEC,hexagonal,Bacteria,Bacillota,Bacilli,Bacillales,Bacillaceae,Bacillus,p,soil,107.87,17.5,2,0.16,30,11,23.00188061,0.0,0.0,1.78376517,1.8835111577244041,Klebsiella pneumoniae,1.7655113101636957,0.11799984756070847,76.47353354683555,58.27889519466497
59,Ni,Bacillus subtilis,non-pathogenic,green_synthesis,MBC,tetragonal,Bacteria,Bacillota,Bacilli,Bacillales,Bacillaceae,Bacillus,p,soil,58.6934,12.0,24,0.16,30,10,17.41523038,0.0,0.0,1.303840481,2.5480891450677206,Klebsiella pneumoniae,2.430958227926448,0.11713091714127266,353.25567305977347,269.7479966217777
60,Al2O3,Bacillus subtilis,non-pathogenic,chemical_synthesis,MBEC,quasi-spherical,Bacteria,Bacillota,Bacilli,Bacillales,Bacillaceae,Bacillus,p,soil,101.961276,50.0,4,0.16,30,24,51.55776403,85.5,13.5675,4.688846487,2.3913092086747385,Klebsiella pneumoniae,2.279860565871192,0.1114486428035466,246.2119958661488,190.48490509484773
61,Ag,Bacillus subtilis,non-pathogenic,green_synthesis,MBC,nanoplates,Bacteria,Bacillota,Bacilli,Bacillales,Bacillaceae,Bacillus,p,soil,107.8682,37.86,2,0.16,30,11,23.00188061,0.0,0.0,1.78376517,1.1234257370400287,Klebsiella pneumoniae,1.0146056541784279,0.10882008286160083,13.286963348991081,10.342026688648142
62,Ag,Bacillus subtilis,non-pathogenic,chemical_synthesis,MBEC,quasi-spherical,Bacteria,Bacillota,Bacilli,Bacillales,Bacillaceae,Bacillus,p,soil,107.87,60.0,4,0.16,30,11,23.00188061,0.0,0.0,1.78376517,0.9786132112014978,Klebsiella pneumoniae,0.9011613595146112,0.07745185168688662,9.519479680687093,7.964552136170223
63,ZnO,Bacillus subtilis,non-pathogenic,chemical_synthesis,MBEC,rod-shaped,Bacteria,Bacillota,Bacilli,Bacillales,Bacillaceae,Bacillus,p,soil,81.3794,44.45,0,0.16,30,8,22.60496136,17.07,0.6865,4.082482905,1.758920867680034,Klebsiella pneumoniae,1.7022849109933185,0.056635956686715616,57.40118626078672,50.383102957305454
64,Ag,Bacillus subtilis,non-pathogenic,green_synthesis,MBEC,cubic,Bacteria,Bacillota,Bacilli,Bacillales,Bacillaceae,Bacillus,p,soil,107.87,26.38,4,0.16,30,11,23.00188061,0.0,0.0,1.78376517,1.9507503714452412,Klebsiella pneumoniae,1.9010704445873297,0.04967992685791156,89.27921673297992,79.62885016455878
65,ZnO,Bacillus subtilis,non-pathogenic,chemical_synthesis,MIC,rod-shaped,Bacteria,Bacillota,Bacilli,Bacillales,Bacillaceae,Bacillus,p,soil,81.3794,4.7,24,0.16,30,8,22.60496136,17.07,0.6865,4.082482905,1.9528646575891093,Klebsiella pneumoniae,1.9033656212942769,0.04949903629483243,89.71491656822653,80.05078983057611
66,Ag,Bacillus subtilis,non-pathogenic,green_synthesis,MIC,tetragonal,Bacteria,Bacillota,Bacilli,Bacillales,Bacillaceae,Bacillus,p,soil,107.87,13.0,2,0.16,30,11,23.00188061,0.0,0.0,1.78376517,0.4240559451834449,Klebsiella pneumoniae,0.3767947035375434,0.04726124164590151,2.6549475464292076,2.3811935831212647
67,ZnO,Bacillus subtilis,non-pathogenic,green_synthesis,MBC,tetragonal,Bacteria,Bacillota,Bacilli,Bacillales,Bacillaceae,Bacillus,p,soil,81.3794,26.38,3,0.16,30,8,22.60496136,17.07,0.6865,4.082482905,1.5191917125171879,Klebsiella pneumoniae,1.4791465846186704,0.04004512789851744,33.051540970508064,30.14023156342492
68,Au,Bacillus subtilis,non-pathogenic,chemical_synthesis,MIC,tetragonal,Bacteria,Bacillota,Bacilli,Bacillales,Bacillaceae,Bacillus,p,soil,196.966569,8.7,1,0.16,30,11,23.00188061,0.0,0.0,2.46797672,0.8841646243213883,Klebsiella pneumoniae,0.8596222361629584,0.024542388158429906,7.658868701262078,7.238060954736984
69,Ag,Bacillus subtilis,non-pathogenic,green_synthesis,MBC,quasi-spherical,Bacteria,Bacillota,Bacilli,Bacillales,Bacillaceae,Bacillus,p,soil,107.87,13.0,3,0.16,30,11,23.00188061,0.0,0.0,1.78376517,1.5779043327141737,Klebsiella pneumoniae,1.5751654254501979,0.002738907263975854,37.83592297837177,37.598059034526486
70,Al2O3,Bacillus subtilis,non-pathogenic,chemical_synthesis,MBC,cubic,Bacteria,Bacillota,Bacilli,Bacillales,Bacillaceae,Bacillus,p,soil,101.961276,38.0,4,0.16,30,24,51.55776403,85.5,13.5675,4.688846487,2.8686347528604497,Klebsiella pneumoniae,2.8936475946955467,-0.025012841835097,738.9835191779102,782.7941919603268
71,Au,Bacillus subtilis,non-pathogenic,chemical_synthesis,MBEC,tetragonal,Bacteria,Bacillota,Bacilli,Bacillales,Bacillaceae,Bacillus,p,soil,196.966569,8.7,3,0.16,30,11,23.00188061,0.0,0.0,2.46797672,1.2908904629794546,Klebsiella pneumoniae,1.32065640210405,-0.029765939124595464,19.53846597735968,20.92456325955643
72,Ag,Bacillus subtilis,non-pathogenic,chemical_synthesis,MBC,tetragonal,Bacteria,Bacillota,Bacilli,Bacillales,Bacillaceae,Bacillus,p,soil,107.87,27.43,1,0.16,30,11,23.00188061,0.0,0.0,1.78376517,0.464641790746394,Klebsiella pneumoniae,0.4944910313667501,-0.0298492406203561,2.9150216910395113,3.1224179243761845
73,Ag,Bacillus subtilis,non-pathogenic,green_synthesis,MIC,cubic,Bacteria,Bacillota,Bacilli,Bacillales,Bacillaceae,Bacillus,p,soil,107.8682,35.0,0,0.16,30,11,23.00188061,0.0,0.0,1.78376517,1.6503451133953324,Klebsiella pneumoniae,1.7067605433120676,-0.056415429916735205,44.70386916611713,50.90501190065507
74,ZnO,Bacillus subtilis,non-pathogenic,chemical_synthesis,MIC,tetragonal,Bacteria,Bacillota,Bacilli,Bacillales,Bacillaceae,Bacillus,p,soil,81.3794,18.0,1,0.16,30,8,22.60496136,17.07,0.6865,4.082482905,0.05039795621546417,Klebsiella pneumoniae,0.12521665923769887,-0.0748187030222347,1.1230470624828668,1.3341868604120921
75,Ag,Bacillus subtilis,non-pathogenic,chemical_synthesis,MBC,hexagonal,Bacteria,Bacillota,Bacilli,Bacillales,Bacillaceae,Bacillus,p,soil,107.87,0.8,0,0.16,30,11,23.00188061,0.0,0.0,1.78376517,1.250229398974503,Klebsiella pneumoniae,1.3270877871703766,-0.07685838819587354,17.792189642974964,21.23673692559063
76,CeO2,Bacillus subtilis,non-pathogenic,green_synthesis,MBEC,hexagonal,Bacteria,Bacillota,Bacilli,Bacillales,Bacillaceae,Bacillus,p,soil,172.115,1.4,18,0.16,30,16,39.19032095,34.14,1.373,4.456551526,2.7973437133504566,Klebsiella pneumoniae,2.878986664480119,-0.08164295112966258,627.1099814999475,756.809655938773
77,Au,Bacillus subtilis,non-pathogenic,chemical_synthesis,MBEC,hexagonal,Bacteria,Bacillota,Bacilli,Bacillales,Bacillaceae,Bacillus,p,soil,196.966569,8.0,24,0.16,30,11,23.00188061,0.0,0.0,2.46797672,3.064844738862421,Klebsiella pneumoniae,3.222912753567162,-0.15806801470474108,1161.0334678723432,1670.7549387325373
78,CuO,Bacillus subtilis,non-pathogenic,chemical_synthesis,MBEC,hexagonal,Bacteria,Bacillota,Bacilli,Bacillales,Bacillaceae,Bacillus,p,soil,79.5454,50.0,4,0.16,30,17,20.67942236,17.07,0.6865,1.651411411,3.3701386974970635,Klebsiella pneumoniae,3.5563781883861796,-0.18623949088911607,2344.9775943325576,3600.62745253249
79,Ag,Bacillus subtilis,non-pathogenic,chemical_synthesis,MBC,tetragonal,Bacteria,Bacillota,Bacilli,Bacillales,Bacillaceae,Bacillus,p,soil,107.8682,26.06,3,0.16,30,11,23.00188061,0.0,0.0,1.78376517,0.9133497038789953,Klebsiella pneumoniae,1.1051955950833943,-0.191845891204399,8.191241001677067,12.740767632811618
80,ZnO,Bacillus subtilis,non-pathogenic,chemical_synthesis,MBEC,quasi-hexagonal,Bacteria,Bacillota,Bacilli,Bacillales,Bacillaceae,Bacillus,p,soil,81.3794,37.86,24,0.16,30,8,22.60496136,17.07,0.6865,4.082482905,0.9260131181194402,Klebsiella pneumoniae,1.1784742344435046,-0.2524611163240644,8.4336023156978,15.08253127170187
81,CuO,Bacillus subtilis,non-pathogenic,chemical_synthesis,MBC,nanoplates,Bacteria,Bacillota,Bacilli,Bacillales,Bacillaceae,Bacillus,p,soil,79.5454,1.4,24,0.16,30,17,20.67942236,17.07,0.6865,1.651411411,2.0500517799264655,Klebsiella pneumoniae,2.3200199779930006,-0.26996819806653516,112.21522379420105,208.93922428362833
82,Ag,Bacillus subtilis,non-pathogenic,chemical_synthesis,MBEC,spherical,Bacteria,Bacillota,Bacilli,Bacillales,Bacillaceae,Bacillus,p,soil,107.87,79.0,18,0.16,30,11,23.00188061,0.0,0.0,1.78376517,1.1953953395403523,Klebsiella pneumoniae,1.470281290206493,-0.27488595066614074,15.681779375437051,29.53121328215139
