,np,bacteria,bac_type,np_synthesis,method,shape,kingdom,phylum,class,order,family,genus,gram,isolated_from,mol_weight (g/mol),np_size_avg (nm),time_set,"min_Incub_period, h","growth_temp, C",Valance_electron,labuteASA,tpsa,CrippenMR,chi0v,pred_MIC_norm,pathogenic_bacteria,pred_MIC_pathogen,Fitness,pred_norm_MIC_original,pred_path_MIC_original
0,ZnO,Bacillus subtilis,non-pathogenic,green_synthesis,MBEC,quasi-hexagonal,Bacteria,Bacillota,Bacilli,Bacillales,Bacillaceae,Bacillus,p,soil,81.3794,6.0,1,0.16,30,8,22.60496136,17.07,0.6865,4.082482905,1.4873642385211594,Klebsiella pneumoniae,0.6849590019290139,0.8024052365921455,30.715970267017454,4.841266631208592
1,CeO2,Bacillus subtilis,non-pathogenic,green_synthesis,MIC,spheroidal,Bacteria,Bacillota,Bacilli,Bacillales,Bacillaceae,Bacillus,p,soil,172.115,4.0,0,0.16,30,16,39.19032095,34.14,1.373,4.456551526,2.373270446672401,Klebsiella pneumoniae,1.8068735909424363,0.5663968557299648,236.1948623251054,64.10229684043081
2,Ag,Bacillus subtilis,non-pathogenic,green_synthesis,MIC,nanoplates,Bacteria,Bacillota,Bacilli,Bacillales,Bacillaceae,Bacillus,p,soil,107.87,0.8,3,0.16,30,11,23.00188061,0.0,0.0,1.78376517,1.8848141218843282,Klebsiella pneumoniae,1.3322566738993045,0.5525574479850237,76.70331287817883,21.491002461134396
3,ZnO,Bacillus subtilis,non-pathogenic,chemical_synthesis,MBC,cubic,Bacteria,Bacillota,Bacilli,Bacillales,Bacillaceae,Bacillus,p,soil,81.3794,4.7,1,0.16,30,8,22.60496136,17.07,0.6865,4.082482905,1.6955757384549757,Klebsiella pneumoniae,1.1704422570722897,0.525133481382686,49.61074381306065,14.806153825130986
4,Ag,Bacillus subtilis,non-pathogenic,chemical_synthesis,MIC,rod-shaped,Bacteria,Bacillota,Bacilli,Bacillales,Bacillaceae,Bacillus,p,soil,107.87,6.0,3,0.16,30,11,23.00188061,0.0,0.0,1.78376517,1.366703103743351,Klebsiella pneumoniae,0.8595077242998003,0.5071953794435508,23.265002511027017,7.236152722839698
5,Ag,Bacillus subtilis,non-pathogenic,chemical_synthesis,MIC,rod-shaped,Bacteria,Bacillota,Bacilli,Bacillales,Bacillaceae,Bacillus,p,soil,107.87,6.0,3,0.16,30,11,23.00188061,0.0,0.0,1.78376517,1.366703103743351,Klebsiella pneumoniae,0.8595077242998003,0.5071953794435508,23.265002511027017,7.236152722839698
6,ZnO,Bacillus subtilis,non-pathogenic,chemical_synthesis,MBEC,hexagonal,Bacteria,Bacillota,Bacilli,Bacillales,Bacillaceae,Bacillus,p,soil,81.3794,9.0,4,0.16,30,8,22.60496136,17.07,0.6865,4.082482905,2.4558960991202277,Klebsiella pneumoniae,2.039775866084252,0.4161202330359757,285.69069734225747,109.59124635435617
7,ZnO,Bacillus subtilis,non-pathogenic,green_synthesis,MBC,rod-shaped,Bacteria,Bacillota,Bacilli,Bacillales,Bacillaceae,Bacillus,p,soil,81.3794,37.86,4,0.16,30,8,22.60496136,17.07,0.6865,4.082482905,1.035443416512,Klebsiella pneumoniae,0.6664953344765154,0.36894808203548446,10.850341731696304,4.639758055723879
8,TiO2,Bacillus subtilis,non-pathogenic,green_synthesis,MIC,hexagonal,Bacteria,Bacillota,Bacilli,Bacillales,Bacillaceae,Bacillus,p,soil,79.866,8.7,0,0.16,30,16,26.40611331,34.14,1.373,2.878049394,2.8275731901341548,Klebsiella pneumoniae,2.4602649748962837,0.36730821523787105,672.3156025681923,288.5791666232696
9,ZnO,Bacillus subtilis,non-pathogenic,chemical_synthesis,MIC,cubic,Bacteria,Bacillota,Bacilli,Bacillales,Bacillaceae,Bacillus,p,soil,81.3794,8.7,4,0.16,30,8,22.60496136,17.07,0.6865,4.082482905,1.9909162293950717,Klebsiella pneumoniae,1.6327666375674226,0.35814959182764916,97.93010708380118,42.93056830098247
10,TiO2,Bacillus subtilis,non-pathogenic,green_synthesis,MBC,nanoplates,Bacteria,Bacillota,Bacilli,Bacillales,Bacillaceae,Bacillus,p,soil,79.866,18.5,2,0.16,30,16,26.40611331,34.14,1.373,2.878049394,2.9975503180138015,Klebsiella pneumoniae,2.646529058229617,0.35102125978418464,994.3752770986308,443.12786276012497
11,Pt,Bacillus subtilis,non-pathogenic,green_synthesis,MIC,cubic,Bacteria,Bacillota,Bacilli,Bacillales,Bacillaceae,Bacillus,p,soil,195.084,8.0,1,0.16,30,10,21.75656585,0.0,0.0,2.588435821,1.4981018192827842,Klebsiella pneumoniae,1.1684202050784651,0.3296816142043191,31.484863825373996,14.73737739487385
12,Ag,Bacillus subtilis,non-pathogenic,chemical_synthesis,MBEC,tetragonal,Bacteria,Bacillota,Bacilli,Bacillales,Bacillaceae,Bacillus,p,soil,107.87,6.0,3,0.16,30,11,23.00188061,0.0,0.0,1.78376517,0.745287337487505,Klebsiella pneumoniae,0.4255767741467389,0.3197105633407661,5.562721757952735,2.664261040557239
13,ZnO,Bacillus subtilis,non-pathogenic,green_synthesis,MBEC,cubic,Bacteria,Bacillota,Bacilli,Bacillales,Bacillaceae,Bacillus,p,soil,81.3794,13.0,1,0.16,30,8,22.60496136,17.07,0.6865,4.082482905,2.4885210181881923,Klebsiella pneumoniae,2.1921813720532235,0.29633964613496877,307.97893878966926,155.66155768149662
14,Pd,Bacillus subtilis,non-pathogenic,green_synthesis,MBEC,rod-shaped,Bacteria,Bacillota,Bacilli,Bacillales,Bacillaceae,Bacillus,p,soil,195.084,38.0,4,0.16,30,10,21.14774404,0.0,0.0,1.870828693,1.3226750236939233,Klebsiella pneumoniae,1.0323099700951044,0.2903650535988189,21.022048014975777,10.7723379610826
15,CeO2,Bacillus subtilis,non-pathogenic,chemical_synthesis,MBEC,spheroidal,Bacteria,Bacillota,Bacilli,Bacillales,Bacillaceae,Bacillus,p,soil,172.115,6.0,4,0.16,30,16,39.19032095,34.14,1.373,4.456551526,2.9301277918166413,Klebsiella pneumoniae,2.6567375323629068,0.2733902594537345,851.3885237251322,453.6673580702819
16,Au,Bacillus subtilis,non-pathogenic,green_synthesis,MBEC,quasi-hexagonal,Bacteria,Bacillota,Bacilli,Bacillales,Bacillaceae,Bacillus,p,soil,196.966569,60.0,2,0.16,30,11,23.00188061,0.0,0.0,2.46797672,0.6006382273472317,Klebsiella pneumoniae,0.33035830583937953,0.2702799215078522,3.9869264810871377,2.13972669951811
17,ZnO,Bacillus subtilis,non-pathogenic,green_synthesis,MBEC,spherical,Bacteria,Bacillota,Bacilli,Bacillales,Bacillaceae,Bacillus,p,soil,81.3794,25.0,4,0.16,30,8,22.60496136,17.07,0.6865,4.082482905,2.0587861550381548,Klebsiella pneumoniae,1.807549495027423,0.25123666001073186,114.49490340459825,64.20213862770196
18,Au,Bacillus subtilis,non-pathogenic,green_synthesis,MBEC,hexagonal,Bacteria,Bacillota,Bacilli,Bacillales,Bacillaceae,Bacillus,p,soil,196.966569,44.45,3,0.16,30,11,23.00188061,0.0,0.0,2.46797672,1.431587763167552,Klebsiella pneumoniae,1.1855644095458089,0.2460233536217431,27.013929564969363,15.33078558023471
19,Ag,Bacillus subtilis,non-pathogenic,green_synthesis,MIC,triangular,Bacteria,Bacillota,Bacilli,Bacillales,Bacillaceae,Bacillus,p,soil,107.87,79.0,2,0.16,30,11,23.00188061,0.0,0.0,1.78376517,-0.7208824484222518,Klebsiella pneumoniae,-0.950470975474389,0.22958852705213717,0.19015929192003483,0.11208023284672748
20,Ag,Bacillus subtilis,non-pathogenic,green_synthesis,MIC,quasi-hexagonal,Bacteria,Bacillota,Bacilli,Bacillales,Bacillaceae,Bacillus,p,soil,107.87,45.26,0,0.16,30,11,23.00188061,0.0,0.0,1.78376517,0.11048594028046188,Klebsiella pneumoniae,-0.11593716293829037,0.22642310321875225,1.2896918051265167,0.7657073873234231
21,ZnO,Bacillus subtilis,non-pathogenic,green_synthesis,MIC,quasi-spherical,Bacteria,Bacillota,Bacilli,Bacillales,Bacillaceae,Bacillus,p,soil,81.3794,18.5,1,0.16,30,8,22.60496136,17.07,0.6865,4.082482905,1.2341159826219354,Klebsiella pneumoniae,1.0085210100460573,0.22559497257587813,17.144150978266858,10.19814094824982
22,Ag,Bacillus subtilis,non-pathogenic,green_synthesis,MBEC,spheroidal,Bacteria,Bacillota,Bacilli,Bacillales,Bacillaceae,Bacillus,p,soil,107.87,10.0,1,0.16,30,11,23.00188061,0.0,0.0,1.78376517,2.141018281758941,Klebsiella pneumoniae,1.9170157054738195,0.22400257628512144,138.3624621847204,82.60678222845529
23,ZnO,Bacillus subtilis,non-pathogenic,chemical_synthesis,MBC,spherical,Bacteria,Bacillota,Bacilli,Bacillales,Bacillaceae,Bacillus,p,soil,81.3794,25.0,4,0.16,30,8,22.60496136,17.07,0.6865,4.082482905,1.4456082138878503,Klebsiella pneumoniae,1.2244679010487027,0.2211403128391476,27.900257651568197,16.767484017439497
24,ZnO,Bacillus subtilis,non-pathogenic,chemical_synthesis,MBC,spherical,Bacteria,Bacillota,Bacilli,Bacillales,Bacillaceae,Bacillus,p,soil,81.3794,22.5,0,0.16,30,8,22.60496136,17.07,0.6865,4.082482905,1.537145404000635,Klebsiella pneumoniae,1.3169927580814487,0.22015264591918626,34.44652401729557,20.74878918283062
25,Au,Bacillus subtilis,non-pathogenic,green_synthesis,MIC,cubic,Bacteria,Bacillota,Bacilli,Bacillales,Bacillaceae,Bacillus,p,soil,196.966569,38.0,0,0.16,30,11,23.00188061,0.0,0.0,2.46797672,1.6572101259924277,Klebsiella pneumoniae,1.4414833777155769,0.2157267482768508,45.416130171549504,27.636521405041
26,Ag,Bacillus subtilis,non-pathogenic,chemical_synthesis,MBEC,spheroidal,Bacteria,Bacillota,Bacilli,Bacillales,Bacillaceae,Bacillus,p,soil,107.87,10.4,2,0.16,30,11,23.00188061,0.0,0.0,1.78376517,1.8300487023931227,Klebsiella pneumoniae,1.6220695367909908,0.20797916560213192,67.61587965375968,41.88606253577652
27,ZnO,Bacillus subtilis,non-pathogenic,green_synthesis,MIC,quasi-spherical,Bacteria,Bacillota,Bacilli,Bacillales,Bacillaceae,Bacillus,p,soil,81.3794,41.23,1,0.16,30,8,22.60496136,17.07,0.6865,4.082482905,0.3752548026629341,Klebsiella pneumoniae,0.18198910703911775,0.19326569562381635,2.3727654102489333,1.5205093918842538
28,Ag,Bacillus subtilis,non-pathogenic,green_synthesis,MBEC,nanoplates,Bacteria,Bacillota,Bacilli,Bacillales,Bacillaceae,Bacillus,p,soil,107.87,5.1,0,0.16,30,11,23.00188061,0.0,0.0,1.78376517,2.554362664018248,Klebsiella pneumoniae,2.3633685280142642,0.19099413600398396,358.395595709745,230.87054492603443
29,Ag,Bacillus subtilis,non-pathogenic,chemical_synthesis,MIC,nanoplates,Bacteria,Bacillota,Bacilli,Bacillales,Bacillaceae,Bacillus,p,soil,107.87,60.0,2,0.16,30,11,23.00188061,0.0,0.0,1.78376517,1.4103735567683295,Klebsiella pneumoniae,1.22848261116647,0.1818909456018596,25.726076501808677,16.92320483805017
30,ZnO,Bacillus subtilis,non-pathogenic,green_synthesis,MBC,rod-shaped,Bacteria,Bacillota,Bacilli,Bacillales,Bacillaceae,Bacillus,p,soil,81.3794,5.1,24,0.16,30,8,22.60496136,17.07,0.6865,4.082482905,2.5832476348360767,Klebsiella pneumoniae,2.404519859443022,0.1787277753930545,383.043092338861,253.81650486672822
31,Ag,Bacillus subtilis,non-pathogenic,green_synthesis,MBC,quasi-hexagonal,Bacteria,Bacillota,Bacilli,Bacillales,Bacillaceae,Bacillus,p,soil,107.87,18.5,1,0.16,30,11,23.00188061,0.0,0.0,1.78376517,0.33397341379549594,Klebsiella pneumoniae,0.15566981105175537,0.17830360274374057,2.1576123225601327,1.4310994376096933
32,Au,Bacillus subtilis,non-pathogenic,green_synthesis,MBC,spherical,Bacteria,Bacillota,Bacilli,Bacillales,Bacillaceae,Bacillus,p,soil,196.966569,27.43,2,0.16,30,11,23.00188061,0.0,0.0,2.46797672,1.2940472161940948,Klebsiella pneumoniae,1.1475988549631533,0.14644836123094152,19.68100248566451,14.047493990073077
33,Ag,Bacillus subtilis,non-pathogenic,green_synthesis,MIC,spherical,Bacteria,Bacillota,Bacilli,Bacillales,Bacillaceae,Bacillus,p,soil,107.87,100.0,0,0.16,30,11,23.00188061,0.0,0.0,1.78376517,0.6234632158598288,Klebsiella pneumoniae,0.4790161149424317,0.1444471009173971,4.202069352255081,3.013117826940914
34,ZnO,Bacillus subtilis,non-pathogenic,green_synthesis,MBC,spheroidal,Bacteria,Bacillota,Bacilli,Bacillales,Bacillaceae,Bacillus,p,soil,81.3794,38.0,1,0.16,30,8,22.60496136,17.07,0.6865,4.082482905,1.4514478607320536,Klebsiella pneumoniae,1.3227735113937378,0.12867434933831579,28.277945995012082,21.026815858037892
35,Ag,Bacillus subtilis,non-pathogenic,green_synthesis,MIC,spherical,Bacteria,Bacillota,Bacilli,Bacillales,Bacillaceae,Bacillus,p,soil,107.87,20.0,1,0.16,30,11,23.00188061,0.0,0.0,1.78376517,1.270592674116379,Klebsiella pneumoniae,1.1434285542072748,0.12716411990910426,18.646300292767126,13.913248891349848
36,Pt,Bacillus subtilis,non-pathogenic,green_synthesis,MIC,quasi-hexagonal,Bacteria,Bacillota,Bacilli,Bacillales,Bacillaceae,Bacillus,p,soil,195.084,26.06,2,0.16,30,10,21.75656585,0.0,0.0,2.588435821,0.5615641174207273,Klebsiella pneumoniae,0.44052150797427836,0.12104260944644896,3.643880428239989,2.7575380131145586
37,Ag,Bacillus subtilis,non-pathogenic,green_synthesis,MBC,quasi-spherical,Bacteria,Bacillota,Bacilli,Bacillales,Bacillaceae,Bacillus,p,soil,107.87,35.0,2,0.16,30,11,23.00188061,0.0,0.0,1.78376517,0.7031211736432803,Klebsiella pneumoniae,0.5821142622937769,0.12100691134950337,5.048021240820112,3.820447730841611
38,Cu,Bacillus subtilis,non-pathogenic,green_synthesis,MBEC,cubic,Bacteria,Bacillota,Bacilli,Bacillales,Bacillaceae,Bacillus,p,soil,63.55,25.0,4,0.16,30,11,17.96409803,0.0,0.0,1.243163121,2.0073651612646253,Klebsiella pneumoniae,1.9179767689316072,0.0893883923330181,101.71035292271836,82.7897877018826
39,Ag,Bacillus subtilis,non-pathogenic,chemical_synthesis,MBEC,tetragonal,Bacteria,Bacillota,Bacilli,Bacillales,Bacillaceae,Bacillus,p,soil,107.87,100.0,4,0.16,30,11,23.00188061,0.0,0.0,1.78376517,0.05432854817518873,Klebsiella pneumoniae,-0.031064332237788816,0.08539288041297755,1.1332573597045323,0.9309699602526003
40,CeO2,Bacillus subtilis,non-pathogenic,chemical_synthesis,MBEC,hexagonal,Bacteria,Bacillota,Bacilli,Bacillales,Bacillaceae,Bacillus,p,soil,172.115,79.0,0,0.16,30,16,39.19032095,34.14,1.373,4.456551526,2.8093386958475204,Klebsiella pneumoniae,2.7323948626479755,0.0769438331995449,644.6718336163786,540.0013712498885
41,Ag,Bacillus subtilis,non-pathogenic,green_synthesis,MBEC,triangular,Bacteria,Bacillota,Bacilli,Bacillales,Bacillaceae,Bacillus,p,soil,107.87,17.5,4,0.16,30,11,23.00188061,0.0,0.0,1.78376517,-0.020888921790708892,Klebsiella pneumoniae,-0.09660722259702825,0.07571830080631936,0.9530398890347255,0.8005579550301017
42,ZnO,Bacillus subtilis,non-pathogenic,chemical_synthesis,MIC,tetragonal,Bacteria,Bacillota,Bacilli,Bacillales,Bacillaceae,Bacillus,p,soil,81.3794,11.3,3,0.16,30,8,22.60496136,17.07,0.6865,4.082482905,0.3511500141500976,Klebsiella pneumoniae,0.2912619703242807,0.05988804382581692,2.24465714013275,1.95551868647834
43,Au,Bacillus subtilis,non-pathogenic,chemical_synthesis,MBEC,spherical,Bacteria,Bacillota,Bacilli,Bacillales,Bacillaceae,Bacillus,p,soil,196.966569,1.4,2,0.16,30,11,23.00188061,0.0,0.0,2.46797672,1.5941392209949254,Klebsiella pneumoniae,1.5418891344884065,0.05225008650651897,39.27708250519212,34.82484037846784
44,Ag,Bacillus subtilis,non-pathogenic,green_synthesis,MBEC,nanoplates,Bacteria,Bacillota,Bacilli,Bacillales,Bacillaceae,Bacillus,p,soil,107.87,0.8,4,0.16,30,11,23.00188061,0.0,0.0,1.78376517,1.9124784212485841,Klebsiella pneumoniae,1.86514757904196,0.04733084220662409,81.74824187580782,73.30735989788833
45,Au,Bacillus subtilis,non-pathogenic,chemical_synthesis,MBEC,spherical,Bacteria,Bacillota,Bacilli,Bacillales,Bacillaceae,Bacillus,p,soil,196.966569,26.06,3,0.16,30,11,23.00188061,0.0,0.0,2.46797672,1.6131028617004983,Klebsiella pneumoniae,1.573149795635885,0.03995306606461324,41.030127043991435,37.423964770410066
46,ZnO,Bacillus subtilis,non-pathogenic,green_synthesis,MBC,tetragonal,Bacteria,Bacillota,Bacilli,Bacillales,Bacillaceae,Bacillus,p,soil,81.3794,100.0,24,0.16,30,8,22.60496136,17.07,0.6865,4.082482905,1.022722687573701,Klebsiella pneumoniae,0.9928560653652875,0.029866622208413518,10.537138478760552,9.836850371201999
47,Au,Bacillus subtilis,non-pathogenic,chemical_synthesis,MIC,tetragonal,Bacteria,Bacillota,Bacilli,Bacillales,Bacillaceae,Bacillus,p,soil,196.966569,100.0,2,0.16,30,11,23.00188061,0.0,0.0,2.46797672,-0.044334808692884975,Klebsiella pneumoniae,-0.07135961301665361,0.027024804323768636,0.9029530957574675,0.8484776110394905
48,ZnO,Bacillus subtilis,non-pathogenic,chemical_synthesis,MBEC,hexagonal,Bacteria,Bacillota,Bacilli,Bacillales,Bacillaceae,Bacillus,p,soil,81.3794,50.0,4,0.16,30,8,22.60496136,17.07,0.6865,4.082482905,2.1548779580365958,Klebsiella pneumoniae,2.134972612325222,0.019905345711373812,142.84924785669384,136.44970853441455
49,Au,Bacillus subtilis,non-pathogenic,green_synthesis,MIC,nanoplates,Bacteria,Bacillota,Bacilli,Bacillales,Bacillaceae,Bacillus,p,soil,196.966569,25.0,4,0.16,30,11,23.00188061,0.0,0.0,2.46797672,1.9740947477015172,Klebsiella pneumoniae,1.9559569114614745,0.018137836240042615,94.2095105949029,90.35598225632752
50,CeO2,Bacillus subtilis,non-pathogenic,chemical_synthesis,MBC,tetragonal,Bacteria,Bacillota,Bacilli,Bacillales,Bacillaceae,Bacillus,p,soil,172.115,0.8,2,0.16,30,16,39.19032095,34.14,1.373,4.456551526,1.5842405122059398,Klebsiella pneumoniae,1.5734440865843282,0.010796425621611538,38.39198013470604,37.449332963972644
51,CuO,Bacillus subtilis,non-pathogenic,chemical_synthesis,MBC,triangular,Bacteria,Bacillota,Bacilli,Bacillales,Bacillaceae,Bacillus,p,soil,79.5454,12.0,18,0.16,30,17,20.67942236,17.07,0.6865,1.651411411,1.620331714019148,Klebsiella pneumoniae,1.613319233680762,0.0070124803383859735,41.71879098332522,41.05057395753722
52,ZnO,Bacillus subtilis,non-pathogenic,chemical_synthesis,MBC,spheroidal,Bacteria,Bacillota,Bacilli,Bacillales,Bacillaceae,Bacillus,p,soil,81.3794,17.5,3,0.16,30,8,22.60496136,17.07,0.6865,4.082482905,1.6823389675140958,Klebsiella pneumoniae,1.6810061089615846,0.0013328585525111958,48.121479080168264,47.97401968085928
53,Ag,Bacillus subtilis,non-pathogenic,green_synthesis,MBEC,rod-shaped,Bacteria,Bacillota,Bacilli,Bacillales,Bacillaceae,Bacillus,p,soil,107.87,3.0,24,0.16,30,11,23.00188061,0.0,0.0,1.78376517,2.0923024406928334,Klebsiella pneumoniae,2.0913929430980014,0.0009094975948320538,123.68084413561022,123.42210327707221
54,ZnO,Bacillus subtilis,non-pathogenic,green_synthesis,MIC,nanoplates,Bacteria,Bacillota,Bacilli,Bacillales,Bacillaceae,Bacillus,p,soil,81.3794,44.45,18,0.16,30,8,22.60496136,17.07,0.6865,4.082482905,0.8848137334909612,Klebsiella pneumoniae,0.9149524662621623,-0.03013873277120116,7.6703244281763565,8.221526600223259
55,CeO2,Bacillus subtilis,non-pathogenic,chemical_synthesis,MBEC,tetragonal,Bacteria,Bacillota,Bacilli,Bacillales,Bacillaceae,Bacillus,p,soil,172.115,40.0,1,0.16,30,16,39.19032095,34.14,1.373,4.456551526,1.120397009074686,Klebsiella pneumoniae,1.1806351483267425,-0.060238139252056566,13.194623702111526,15.157764255706349
56,ZnO,Bacillus subtilis,non-pathogenic,chemical_synthesis,MBC,nanoplates,Bacteria,Bacillota,Bacilli,Bacillales,Bacillaceae,Bacillus,p,soil,81.3794,22.5,18,0.16,30,8,22.60496136,17.07,0.6865,4.082482905,1.6475171935586963,Klebsiella pneumoniae,1.7082077548125472,-0.06069056125385086,44.413724424757156,51.07492702738714
57,CeO2,Bacillus subtilis,non-pathogenic,chemical_synthesis,MBC,spheroidal,Bacteria,Bacillota,Bacilli,Bacillales,Bacillaceae,Bacillus,p,soil,172.115,25.0,0,0.16,30,16,39.19032095,34.14,1.373,4.456551526,2.4807130710342635,Klebsiella pneumoniae,2.5976595619031806,-0.11694649086891706,302.49142723762077,395.9675185044653
58,CuO,Bacillus subtilis,non-pathogenic,chemical_synthesis,MBEC,quasi-hexagonal,Bacteria,Bacillota,Bacilli,Bacillales,Bacillaceae,Bacillus,p,soil,79.5454,35.0,4,0.16,30,17,20.67942236,17.07,0.6865,1.651411411,2.0994424612760523,Klebsiella pneumoniae,2.2361400942855574,-0.1366976330095051,125.73102650513435,172.24241032484304
59,Ag,Bacillus subtilis,non-pathogenic,chemical_synthesis,MBC,triangular,Bacteria,Bacillota,Bacilli,Bacillales,Bacillaceae,Bacillus,p,soil,107.8682,12.0,2,0.16,30,11,23.00188061,0.0,0.0,1.78376517,0.5572747335800368,Klebsiella pneumoniae,0.7237974239658536,-0.1665226903858168,3.6080681631358917,5.294164407544711
60,Au,Bacillus subtilis,non-pathogenic,chemical_synthesis,MBC,spheroidal,Bacteria,Bacillota,Bacilli,Bacillales,Bacillaceae,Bacillus,p,soil,196.966569,1.4,2,0.16,30,11,23.00188061,0.0,0.0,2.46797672,1.118394704099614,Klebsiella pneumoniae,1.287382613367456,-0.1689879092678419,13.133930205774227,19.381287030878816
61,Ag,Bacillus subtilis,non-pathogenic,chemical_synthesis,MBEC,rod-shaped,Bacteria,Bacillota,Bacilli,Bacillales,Bacillaceae,Bacillus,p,soil,107.87,17.5,24,0.16,30,11,23.00188061,0.0,0.0,1.78376517,1.0013241212545512,Klebsiella pneumoniae,1.2137269921235359,-0.21240287086898468,10.030535544905959,16.35787902838138
62,ZnO,Bacillus subtilis,non-pathogenic,green_synthesis,MBEC,spherical,Bacteria,Bacillota,Bacilli,Bacillales,Bacillaceae,Bacillus,p,soil,81.3794,13.0,24,0.16,30,8,22.60496136,17.07,0.6865,4.082482905,2.6124637881867567,Klebsiella pneumoniae,2.8434016058667213,-0.23093781767996457,409.6979474543371,697.2710046633578
63,Cu,Bacillus subtilis,non-pathogenic,green_synthesis,MIC,tetragonal,Bacteria,Bacillota,Bacilli,Bacillales,Bacillaceae,Bacillus,p,soil,63.55,28.0,4,0.16,30,11,17.96409803,0.0,0.0,1.243163121,-0.11557860694403943,Klebsiella pneumoniae,0.13744086865706606,-0.2530194756011055,0.7663398207316413,1.3722741063766093
64,Ag,Bacillus subtilis,non-pathogenic,green_synthesis,MBC,cubic,Bacteria,Bacillota,Bacilli,Bacillales,Bacillaceae,Bacillus,p,soil,107.87,18.5,24,0.16,30,11,23.00188061,0.0,0.0,1.78376517,1.3716146107550427,Klebsiella pneumoniae,1.6808827423204065,-0.3092681315653638,23.529603600914392,47.960394011176426
65,Au,Bacillus subtilis,non-pathogenic,chemical_synthesis,MBEC,quasi-spherical,Bacteria,Bacillota,Bacilli,Bacillales,Bacillaceae,Bacillus,p,soil,196.966569,26.06,24,0.16,30,11,23.00188061,0.0,0.0,2.46797672,2.0416727390077924,Klebsiella pneumoniae,2.352140846863441,-0.3104681078556486,110.0709561356133,224.97841192701074
66,Ag,Bacillus subtilis,non-pathogenic,chemical_synthesis,MBC,cubic,Bacteria,Bacillota,Bacilli,Bacillales,Bacillaceae,Bacillus,p,soil,107.8682,22.5,24,0.16,30,11,23.00188061,0.0,0.0,1.78376517,2.130899500544961,Klebsiella pneumoniae,2.5628043225663477,-0.4319048220213868,135.17597182458468,365.43010488646405
67,ZnO,Bacillus subtilis,non-pathogenic,chemical_synthesis,MIC,spherical,Bacteria,Bacillota,Bacilli,Bacillales,Bacillaceae,Bacillus,p,soil,81.3794,26.06,24,0.16,30,8,22.60496136,17.07,0.6865,4.082482905,1.7273178574575616,Klebsiella pneumoniae,2.1960322547940963,-0.46871439733653464,53.3725382894374,157.04794385806
