,np,bacteria,bac_type,np_synthesis,method,shape,kingdom,phylum,class,order,family,genus,gram,isolated_from,mol_weight (g/mol),np_size_avg (nm),time_set,"min_Incub_period, h","growth_temp, C",Valance_electron,labuteASA,tpsa,CrippenMR,chi0v,pred_MIC_norm,pathogenic_bacteria,pred_MIC_pathogen,Fitness,pred_norm_MIC_original,pred_path_MIC_original
0,Ag,Bacillus subtilis,non-pathogenic,chemical_synthesis,MIC,quasi-hexagonal,Bacteria,Bacillota,Bacilli,Bacillales,Bacillaceae,Bacillus,p,soil,107.87,3.0,0,0.16,30,11,23.00188061,0.0,0.0,1.78376517,0.5983212077386824,Klebsiella pneumoniae,-0.27634232824313587,0.8746635359818182,3.9657123313234948,0.5292461065291406
1,Ag,Bacillus subtilis,non-pathogenic,chemical_synthesis,MIC,cubic,Bacteria,Bacillota,Bacilli,Bacillales,Bacillaceae,Bacillus,p,soil,107.87,1.9,0,0.16,30,11,23.00188061,0.0,0.0,1.78376517,1.6264396568301127,Klebsiella pneumoniae,0.8053174644731664,0.8211221923569463,42.30967183388638,6.387302203227054
2,ZnO,Bacillus subtilis,non-pathogenic,green_synthesis,MIC,quasi-spherical,Bacteria,Bacillota,Bacilli,Bacillales,Bacillaceae,Bacillus,p,soil,81.3794,3.0,3,0.16,30,8,22.60496136,17.07,0.6865,4.082482905,1.2251816440734513,Klebsiella pneumoniae,0.40826739537952017,0.8169142486939311,16.795063263343923,2.560161694872466
3,Pd,Bacillus subtilis,non-pathogenic,chemical_synthesis,MIC,cubic,Bacteria,Bacillota,Bacilli,Bacillales,Bacillaceae,Bacillus,p,soil,195.084,4.0,2,0.16,30,10,21.14774404,0.0,0.0,1.870828693,0.7530847764139271,Klebsiella pneumoniae,-0.036312297019540196,0.7893970734334673,5.663498325149428,0.9197879231666792
4,ZnO,Bacillus subtilis,non-pathogenic,green_synthesis,MBC,nanoplates,Bacteria,Bacillota,Bacilli,Bacillales,Bacillaceae,Bacillus,p,soil,81.3794,6.0,4,0.16,30,8,22.60496136,17.07,0.6865,4.082482905,2.5419714824307444,Klebsiella pneumoniae,1.7561470294351647,0.7858244529955798,348.3144425202836,57.035733281084354
5,ZnO,Bacillus subtilis,non-pathogenic,green_synthesis,MIC,spherical,Bacteria,Bacillota,Bacilli,Bacillales,Bacillaceae,Bacillus,p,soil,81.3794,1.4,0,0.16,30,8,22.60496136,17.07,0.6865,4.082482905,1.2398024613873786,Klebsiella pneumoniae,0.4586742415625922,0.7811282198247864,17.37010570710489,2.875240926219346
6,Ag,Bacillus subtilis,non-pathogenic,chemical_synthesis,MIC,hexagonal,Bacteria,Bacillota,Bacilli,Bacillales,Bacillaceae,Bacillus,p,soil,107.87,0.8,2,0.16,30,11,23.00188061,0.0,0.0,1.78376517,1.4678888105734422,Klebsiella pneumoniae,0.7055687816617531,0.7623200289116892,29.368976420137262,5.076551328635159
7,TiO2,Bacillus subtilis,non-pathogenic,green_synthesis,MIC,quasi-spherical,Bacteria,Bacillota,Bacilli,Bacillales,Bacillaceae,Bacillus,p,soil,79.866,1.9,3,0.16,30,16,26.40611331,34.14,1.373,2.878049394,2.239212077179548,Klebsiella pneumoniae,1.4844704968049351,0.7547415803746127,173.46508656523662,30.51198743133007
8,ZnO,Bacillus subtilis,non-pathogenic,green_synthesis,MBEC,quasi-spherical,Bacteria,Bacillota,Bacilli,Bacillales,Bacillaceae,Bacillus,p,soil,81.3794,5.1,0,0.16,30,8,22.60496136,17.07,0.6865,4.082482905,2.4711844576333686,Klebsiella pneumoniae,1.731380484035695,0.7398039735976736,295.92690882456344,53.874156562094804
9,Ag,Bacillus subtilis,non-pathogenic,green_synthesis,MIC,quasi-spherical,Bacteria,Bacillota,Bacilli,Bacillales,Bacillaceae,Bacillus,p,soil,107.87,3.0,4,0.16,30,11,23.00188061,0.0,0.0,1.78376517,1.538063397575005,Klebsiella pneumoniae,0.8425470219701556,0.6955163756048495,34.519412651365265,6.959002971996729
10,Pt,Bacillus subtilis,non-pathogenic,green_synthesis,MIC,cubic,Bacteria,Bacillota,Bacilli,Bacillales,Bacillaceae,Bacillus,p,soil,195.084,4.0,3,0.16,30,10,21.75656585,0.0,0.0,2.588435821,0.9518854705224881,Klebsiella pneumoniae,0.26649230800087276,0.6853931625216153,8.951286765756699,1.847108079597412
11,TiO2,Bacillus subtilis,non-pathogenic,chemical_synthesis,MIC,quasi-spherical,Bacteria,Bacillota,Bacilli,Bacillales,Bacillaceae,Bacillus,p,soil,79.866,3.0,4,0.16,30,16,26.40611331,34.14,1.373,2.878049394,2.0652604782080153,Klebsiella pneumoniae,1.388323331659771,0.6769371465482443,116.2145428581724,24.452503608042594
12,ZnO,Bacillus subtilis,non-pathogenic,green_synthesis,MBEC,quasi-hexagonal,Bacteria,Bacillota,Bacilli,Bacillales,Bacillaceae,Bacillus,p,soil,81.3794,8.7,0,0.16,30,8,22.60496136,17.07,0.6865,4.082482905,1.5224680303350617,Klebsiella pneumoniae,0.8532536644641722,0.6692143658708896,33.30182469762094,7.132695178056804
13,CeO2,Bacillus subtilis,non-pathogenic,chemical_synthesis,MIC,cubic,Bacteria,Bacillota,Bacilli,Bacillales,Bacillaceae,Bacillus,p,soil,172.115,5.1,3,0.16,30,16,39.19032095,34.14,1.373,4.456551526,3.0619190986695903,Klebsiella pneumoniae,2.3985415162282004,0.6633775824413899,1153.2384100254028,250.3464954796348
14,Au,Bacillus subtilis,non-pathogenic,chemical_synthesis,MIC,quasi-hexagonal,Bacteria,Bacillota,Bacilli,Bacillales,Bacillaceae,Bacillus,p,soil,196.966569,1.4,1,0.16,30,11,23.00188061,0.0,0.0,2.46797672,1.1948371346246411,Klebsiella pneumoniae,0.5440657622099931,0.650771372414648,15.66163630773771,3.499981608170642
15,ZnO,Bacillus subtilis,non-pathogenic,green_synthesis,MBEC,rod-shaped,Bacteria,Bacillota,Bacilli,Bacillales,Bacillaceae,Bacillus,p,soil,81.3794,5.1,2,0.16,30,8,22.60496136,17.07,0.6865,4.082482905,2.2417317601013194,Klebsiella pneumoniae,1.593413920557965,0.6483178395433544,174.47441871960237,39.2115419299145
16,Ag,Bacillus subtilis,non-pathogenic,green_synthesis,MIC,quasi-hexagonal,Bacteria,Bacillota,Bacilli,Bacillales,Bacillaceae,Bacillus,p,soil,107.87,0.8,4,0.16,30,11,23.00188061,0.0,0.0,1.78376517,0.9130868079982549,Klebsiella pneumoniae,0.2659269895381968,0.6471598184600581,8.18628401521788,1.8447052745398755
17,Au,Bacillus subtilis,non-pathogenic,chemical_synthesis,MIC,quasi-hexagonal,Bacteria,Bacillota,Bacilli,Bacillales,Bacillaceae,Bacillus,p,soil,196.966569,3.0,0,0.16,30,11,23.00188061,0.0,0.0,2.46797672,1.1554418109697528,Klebsiella pneumoniae,0.5256813936053426,0.6297604173644102,14.303483224837267,3.3549140129764834
18,ZnO,Bacillus subtilis,non-pathogenic,green_synthesis,MBEC,quasi-hexagonal,Bacteria,Bacillota,Bacilli,Bacillales,Bacillaceae,Bacillus,p,soil,81.3794,3.0,4,0.16,30,8,22.60496136,17.07,0.6865,4.082482905,1.069853824562839,Klebsiella pneumoniae,0.4442756293832104,0.6255781951796286,11.74502172838971,2.78147800082832
19,Ag,Bacillus subtilis,non-pathogenic,green_synthesis,MIC,cubic,Bacteria,Bacillota,Bacilli,Bacillales,Bacillaceae,Bacillus,p,soil,107.87,1.9,0,0.16,30,11,23.00188061,0.0,0.0,1.78376517,2.012224135231781,Klebsiella pneumoniae,1.3913006361619435,0.6209234990698376,102.85469844430024,24.620713595025794
20,ZnO,Bacillus subtilis,non-pathogenic,green_synthesis,MBC,rod-shaped,Bacteria,Bacillota,Bacilli,Bacillales,Bacillaceae,Bacillus,p,soil,81.3794,9.0,0,0.16,30,8,22.60496136,17.07,0.6865,4.082482905,2.191300433949975,Klebsiella pneumoniae,1.5761120947025673,0.6151883392474078,155.34612836047998,37.680104164303046
21,Ag,Bacillus subtilis,non-pathogenic,green_synthesis,MIC,spheroidal,Bacteria,Bacillota,Bacilli,Bacillales,Bacillaceae,Bacillus,p,soil,107.87,0.8,1,0.16,30,11,23.00188061,0.0,0.0,1.78376517,1.3492697838245786,Klebsiella pneumoniae,0.7354427433029589,0.6138270405216197,22.34960149416184,5.438044326785618
22,ZnO,Bacillus subtilis,non-pathogenic,chemical_synthesis,MIC,quasi-hexagonal,Bacteria,Bacillota,Bacilli,Bacillales,Bacillaceae,Bacillus,p,soil,81.3794,6.0,4,0.16,30,8,22.60496136,17.07,0.6865,4.082482905,0.9037504242585835,Klebsiella pneumoniae,0.29196280883297265,0.6117876154256109,8.012174959003143,1.958676933405208
23,TiO2,Bacillus subtilis,non-pathogenic,chemical_synthesis,MIC,spherical,Bacteria,Bacillota,Bacilli,Bacillales,Bacillaceae,Bacillus,p,soil,79.866,1.9,0,0.16,30,16,26.40611331,34.14,1.373,2.878049394,2.2251089765609864,Klebsiella pneumoniae,1.6136927093489,0.6114162672120864,167.92253295867087,41.0858909722656
24,Ag,Bacillus subtilis,non-pathogenic,green_synthesis,MIC,spherical,Bacteria,Bacillota,Bacilli,Bacillales,Bacillaceae,Bacillus,p,soil,107.87,1.4,24,0.16,30,11,23.00188061,0.0,0.0,1.78376517,2.4760120747042724,Klebsiella pneumoniae,1.865774133772303,0.6102379409319694,299.2347831800331,73.41319642873415
25,ZnO,Bacillus subtilis,non-pathogenic,green_synthesis,MBC,tetragonal,Bacteria,Bacillota,Bacilli,Bacillales,Bacillaceae,Bacillus,p,soil,81.3794,9.0,18,0.16,30,8,22.60496136,17.07,0.6865,4.082482905,1.7085480439138003,Klebsiella pneumoniae,1.1269649841593026,0.5815830597544978,51.1149621938815,13.395686777311841
26,Ni,Bacillus subtilis,non-pathogenic,green_synthesis,MBEC,quasi-hexagonal,Bacteria,Bacillota,Bacilli,Bacillales,Bacillaceae,Bacillus,p,soil,58.6934,5.1,4,0.16,30,10,17.41523038,0.0,0.0,1.303840481,2.1288118371243234,Klebsiella pneumoniae,1.5477235717138065,0.581088265410517,134.52773715101605,35.29584403553113
27,Pd,Bacillus subtilis,non-pathogenic,green_synthesis,MIC,hexagonal,Bacteria,Bacillota,Bacilli,Bacillales,Bacillaceae,Bacillus,p,soil,195.084,4.0,1,0.16,30,10,21.14774404,0.0,0.0,1.870828693,1.0835811802658188,Klebsiella pneumoniae,0.503538400962424,0.5800427793033949,12.122192610411092,3.1881474639620353
28,ZnO,Bacillus subtilis,non-pathogenic,green_synthesis,MBEC,cubic,Bacteria,Bacillota,Bacilli,Bacillales,Bacillaceae,Bacillus,p,soil,81.3794,4.7,2,0.16,30,8,22.60496136,17.07,0.6865,4.082482905,2.3177047266520225,Klebsiella pneumoniae,1.746338480528647,0.5713662461233755,207.82831985083845,55.7620177753877
29,TiO2,Bacillus subtilis,non-pathogenic,chemical_synthesis,MIC,cubic,Bacteria,Bacillota,Bacilli,Bacillales,Bacillaceae,Bacillus,p,soil,79.866,1.4,2,0.16,30,16,26.40611331,34.14,1.373,2.878049394,2.5238581243994282,Klebsiella pneumoniae,1.956728473055301,0.5671296513441273,334.08588280631864,90.51665012758889
30,ZnO,Bacillus subtilis,non-pathogenic,green_synthesis,MBEC,cubic,Bacteria,Bacillota,Bacilli,Bacillales,Bacillaceae,Bacillus,p,soil,81.3794,10.0,4,0.16,30,8,22.60496136,17.07,0.6865,4.082482905,2.5668620823290236,Klebsiella pneumoniae,2.0055006413471483,0.5613614409818752,368.86044200070444,101.27462443929078
31,Ag,Bacillus subtilis,non-pathogenic,green_synthesis,MIC,spheroidal,Bacteria,Bacillota,Bacilli,Bacillales,Bacillaceae,Bacillus,p,soil,107.87,4.0,2,0.16,30,11,23.00188061,0.0,0.0,1.78376517,1.3457048455321878,Klebsiella pneumoniae,0.7860283165867451,0.5596765289454427,22.16689405125125,6.109818604493391
32,ZnO,Bacillus subtilis,non-pathogenic,chemical_synthesis,MBC,spherical,Bacteria,Bacillota,Bacilli,Bacillales,Bacillaceae,Bacillus,p,soil,81.3794,5.1,0,0.16,30,8,22.60496136,17.07,0.6865,4.082482905,1.8854067703212505,Klebsiella pneumoniae,1.3456990578615846,0.5397077124596659,76.80805546894781,22.166598643799514
33,CeO2,Bacillus subtilis,non-pathogenic,chemical_synthesis,MIC,triangular,Bacteria,Bacillota,Bacilli,Bacillales,Bacillaceae,Bacillus,p,soil,172.115,4.0,3,0.16,30,16,39.19032095,34.14,1.373,4.456551526,0.45108724362672903,Klebsiella pneumoniae,-0.0825062913168193,0.5335935349435483,2.825447510402467,0.8269775286429348
34,ZnO,Bacillus subtilis,non-pathogenic,green_synthesis,MBEC,rod-shaped,Bacteria,Bacillota,Bacilli,Bacillales,Bacillaceae,Bacillus,p,soil,81.3794,4.0,1,0.16,30,8,22.60496136,17.07,0.6865,4.082482905,1.7351412489946596,Klebsiella pneumoniae,1.2021732998970003,0.5329679490976593,54.34270457866539,15.928442052356528
35,TiO2,Bacillus subtilis,non-pathogenic,green_synthesis,MBC,tetragonal,Bacteria,Bacillota,Bacilli,Bacillales,Bacillaceae,Bacillus,p,soil,79.866,4.7,18,0.16,30,16,26.40611331,34.14,1.373,2.878049394,2.030874170363272,Klebsiella pneumoniae,1.498425552164348,0.5324486181989239,107.36782867619877,31.50834210103598
36,Ag,Bacillus subtilis,non-pathogenic,chemical_synthesis,MIC,spherical,Bacteria,Bacillota,Bacilli,Bacillales,Bacillaceae,Bacillus,p,soil,107.87,6.0,1,0.16,30,11,23.00188061,0.0,0.0,1.78376517,1.3426242787803977,Klebsiella pneumoniae,0.8295321764261645,0.5130921023542332,22.01021469260143,6.753550884971727
37,ZnO,Bacillus subtilis,non-pathogenic,chemical_synthesis,MBEC,quasi-hexagonal,Bacteria,Bacillota,Bacilli,Bacillales,Bacillaceae,Bacillus,p,soil,81.3794,9.0,0,0.16,30,8,22.60496136,17.07,0.6865,4.082482905,1.3872169604693545,Klebsiella pneumoniae,0.8800141087935854,0.5072028516757691,24.390289796321635,7.5860221910991426
38,TiO2,Bacillus subtilis,non-pathogenic,green_synthesis,MBEC,hexagonal,Bacteria,Bacillota,Bacilli,Bacillales,Bacillaceae,Bacillus,p,soil,79.866,3.0,4,0.16,30,16,26.40611331,34.14,1.373,2.878049394,2.7177298011813016,Klebsiella pneumoniae,2.2106742967965385,0.5070555043847631,522.0712782778425,162.43301172985704
39,TiO2,Bacillus subtilis,non-pathogenic,chemical_synthesis,MBC,tetragonal,Bacteria,Bacillota,Bacilli,Bacillales,Bacillaceae,Bacillus,p,soil,79.866,5.1,4,0.16,30,16,26.40611331,34.14,1.373,2.878049394,1.6993611091970764,Klebsiella pneumoniae,1.2042787123627936,0.4950823968342828,50.04504789208865,16.005848887295496
40,ZnO,Bacillus subtilis,non-pathogenic,chemical_synthesis,MBEC,quasi-hexagonal,Bacteria,Bacillota,Bacilli,Bacillales,Bacillaceae,Bacillus,p,soil,81.3794,3.0,4,0.16,30,8,22.60496136,17.07,0.6865,4.082482905,0.8928693014258255,Klebsiella pneumoniae,0.4012967418614899,0.49157255956433565,7.813926133218077,2.519397777238363
41,ZnO,Bacillus subtilis,non-pathogenic,chemical_synthesis,MIC,rod-shaped,Bacteria,Bacillota,Bacilli,Bacillales,Bacillaceae,Bacillus,p,soil,81.3794,6.0,0,0.16,30,8,22.60496136,17.07,0.6865,4.082482905,1.445613259322853,Klebsiella pneumoniae,0.9550787917607622,0.49053446756209085,27.90058178590585,9.01734719748057
42,TiO2,Bacillus subtilis,non-pathogenic,green_synthesis,MBEC,cubic,Bacteria,Bacillota,Bacilli,Bacillales,Bacillaceae,Bacillus,p,soil,79.866,1.4,4,0.16,30,16,26.40611331,34.14,1.373,2.878049394,2.734314384182198,Klebsiella pneumoniae,2.252540552393435,0.48177383178876276,542.3933849033275,178.8712542945958
43,Au,Bacillus subtilis,non-pathogenic,chemical_synthesis,MIC,quasi-hexagonal,Bacteria,Bacillota,Bacilli,Bacillales,Bacillaceae,Bacillus,p,soil,196.966569,5.1,1,0.16,30,11,23.00188061,0.0,0.0,2.46797672,1.5150401691987692,Klebsiella pneumoniae,1.0333269377406324,0.4817132314581367,32.73709730014033,10.797592612477144
44,TiO2,Bacillus subtilis,non-pathogenic,green_synthesis,MBC,spheroidal,Bacteria,Bacillota,Bacilli,Bacillales,Bacillaceae,Bacillus,p,soil,79.866,12.0,3,0.16,30,16,26.40611331,34.14,1.373,2.878049394,3.185009518294952,Klebsiella pneumoniae,2.7048729537421474,0.4801365645528044,1531.1210184099311,506.8424175305559
45,ZnO,Bacillus subtilis,non-pathogenic,chemical_synthesis,MBEC,quasi-spherical,Bacteria,Bacillota,Bacilli,Bacillales,Bacillaceae,Bacillus,p,soil,81.3794,10.4,1,0.16,30,8,22.60496136,17.07,0.6865,4.082482905,2.041147790096729,Klebsiella pneumoniae,1.5618786230108213,0.4792691670859077,109.93798939630172,36.46520194280251
46,TiO2,Bacillus subtilis,non-pathogenic,green_synthesis,MBC,quasi-spherical,Bacteria,Bacillota,Bacilli,Bacillales,Bacillaceae,Bacillus,p,soil,79.866,18.5,2,0.16,30,16,26.40611331,34.14,1.373,2.878049394,2.56375974468017,Klebsiella pneumoniae,2.085734882041545,0.478024862638625,366.2349143953648,121.82456856934178
47,Ag,Bacillus subtilis,non-pathogenic,chemical_synthesis,MIC,quasi-hexagonal,Bacteria,Bacillota,Bacilli,Bacillales,Bacillaceae,Bacillus,p,soil,107.87,17.5,0,0.16,30,11,23.00188061,0.0,0.0,1.78376517,0.5671395149089324,Klebsiella pneumoniae,0.09238190527598822,0.4747576096329442,3.690961498011637,1.2370347658051688
48,ZnO,Bacillus subtilis,non-pathogenic,green_synthesis,MBC,quasi-spherical,Bacteria,Bacillota,Bacilli,Bacillales,Bacillaceae,Bacillus,p,soil,81.3794,28.0,2,0.16,30,8,22.60496136,17.07,0.6865,4.082482905,1.8169088785592822,Klebsiella pneumoniae,1.3456861867481558,0.4712226918111264,65.6007611709962,22.165941705731953
49,Ag,Bacillus subtilis,non-pathogenic,green_synthesis,MIC,quasi-hexagonal,Bacteria,Bacillota,Bacilli,Bacillales,Bacillaceae,Bacillus,p,soil,107.87,5.1,3,0.16,30,11,23.00188061,0.0,0.0,1.78376517,1.3409669715057897,Klebsiella pneumoniae,0.8754009691741133,0.46556600233167644,21.92638176862364,7.505868806024535
50,ZnO,Bacillus subtilis,non-pathogenic,green_synthesis,MBEC,spherical,Bacteria,Bacillota,Bacilli,Bacillales,Bacillaceae,Bacillus,p,soil,81.3794,0.8,2,0.16,30,8,22.60496136,17.07,0.6865,4.082482905,1.9762107472244155,Klebsiella pneumoniae,1.5196496844444058,0.45656106278000963,94.66964470725841,33.08641284273463
51,CuO,Bacillus subtilis,non-pathogenic,green_synthesis,MBEC,rod-shaped,Bacteria,Bacillota,Bacilli,Bacillales,Bacillaceae,Bacillus,p,soil,79.5454,5.1,1,0.16,30,17,20.67942236,17.07,0.6865,1.651411411,3.3458832812865493,Klebsiella pneumoniae,2.896750516146654,0.44913276513989553,2217.6003490343624,788.4070809072671
52,TiO2,Bacillus subtilis,non-pathogenic,green_synthesis,MBEC,spheroidal,Bacteria,Bacillota,Bacilli,Bacillales,Bacillaceae,Bacillus,p,soil,79.866,10.0,3,0.16,30,16,26.40611331,34.14,1.373,2.878049394,3.0092606003748017,Klebsiella pneumoniae,2.564812829109349,0.44444777126545265,1021.5522869174405,367.12404441462377
53,ZnO,Bacillus subtilis,non-pathogenic,green_synthesis,MBC,tetragonal,Bacteria,Bacillota,Bacilli,Bacillales,Bacillaceae,Bacillus,p,soil,81.3794,3.0,1,0.16,30,8,22.60496136,17.07,0.6865,4.082482905,1.343368568475462,Klebsiella pneumoniae,1.0178820388107033,0.32548652966475866,22.04796792761574,10.420343580851279
54,Ag,Bacillus subtilis,non-pathogenic,chemical_synthesis,MIC,spheroidal,Bacteria,Bacillota,Bacilli,Bacillales,Bacillaceae,Bacillus,p,soil,107.8682,3.0,4,0.16,30,11,23.00188061,0.0,0.0,1.78376517,1.3963736302608802,Klebsiella pneumoniae,1.1179939750259755,0.2783796552349047,24.909994420524136,13.121816949761026
55,ZnO,Bacillus subtilis,non-pathogenic,green_synthesis,MIC,quasi-spherical,Bacteria,Bacillota,Bacilli,Bacillales,Bacillaceae,Bacillus,p,soil,81.3794,18.0,0,0.16,30,8,22.60496136,17.07,0.6865,4.082482905,1.4024527331404664,Klebsiella pneumoniae,1.1662876076579356,0.23616512548253077,25.26112763246909,14.665187084173878
56,ZnO,Bacillus subtilis,non-pathogenic,chemical_synthesis,MBEC,quasi-spherical,Bacteria,Bacillota,Bacilli,Bacillales,Bacillaceae,Bacillus,p,soil,81.3794,1.9,24,0.16,30,8,22.60496136,17.07,0.6865,4.082482905,2.735017661823533,Klebsiella pneumoniae,2.526994030156043,0.20802363166748972,543.2724247655261,336.5069436944489
57,Au,Bacillus subtilis,non-pathogenic,chemical_synthesis,MIC,nanoplates,Bacteria,Bacillota,Bacilli,Bacillales,Bacillaceae,Bacillus,p,soil,196.966569,26.38,4,0.16,30,11,23.00188061,0.0,0.0,2.46797672,2.0962112322842583,Klebsiella pneumoniae,1.8931239725752858,0.20308725970897257,124.79903645899739,78.18509578810243
58,Ag,Bacillus subtilis,non-pathogenic,chemical_synthesis,MIC,quasi-hexagonal,Bacteria,Bacillota,Bacilli,Bacillales,Bacillaceae,Bacillus,p,soil,107.87,30.0,2,0.16,30,11,23.00188061,0.0,0.0,1.78376517,0.6718944368590831,Klebsiella pneumoniae,0.47207744714508326,0.19981698971399986,4.697799062101967,2.9653601510243535
59,ZnO,Bacillus subtilis,non-pathogenic,chemical_synthesis,MBC,spherical,Bacteria,Bacillota,Bacilli,Bacillales,Bacillaceae,Bacillus,p,soil,81.3794,9.0,18,0.16,30,8,22.60496136,17.07,0.6865,4.082482905,1.6664287667110047,Klebsiella pneumoniae,1.4785017692367457,0.187926997474259,46.39046937646691,30.09551429213484
60,Au,Bacillus subtilis,non-pathogenic,green_synthesis,MBEC,quasi-spherical,Bacteria,Bacillota,Bacilli,Bacillales,Bacillaceae,Bacillus,p,soil,196.966569,18.0,3,0.16,30,11,23.00188061,0.0,0.0,2.46797672,1.6156423016684713,Klebsiella pneumoniae,1.4507730247615012,0.16486927690697017,41.27074433872739,28.234039941869206
61,Ag,Bacillus subtilis,non-pathogenic,chemical_synthesis,MIC,cubic,Bacteria,Bacillota,Bacilli,Bacillales,Bacillaceae,Bacillus,p,soil,107.87,45.26,3,0.16,30,11,23.00188061,0.0,0.0,1.78376517,1.3614838347645044,Klebsiella pneumoniae,1.197705348709533,0.16377848605497136,22.98708145547155,15.765412870904688
62,Ag,Bacillus subtilis,non-pathogenic,chemical_synthesis,MBEC,cubic,Bacteria,Bacillota,Bacilli,Bacillales,Bacillaceae,Bacillus,p,soil,107.87,10.0,2,0.16,30,11,23.00188061,0.0,0.0,1.78376517,2.256064922940851,Klebsiella pneumoniae,2.0970367202212916,0.15902820271955953,180.32872952033006,125.0364745880936
63,ZnO,Bacillus subtilis,non-pathogenic,chemical_synthesis,MBEC,spheroidal,Bacteria,Bacillota,Bacilli,Bacillales,Bacillaceae,Bacillus,p,soil,81.3794,26.38,24,0.16,30,8,22.60496136,17.07,0.6865,4.082482905,2.3365162675306084,Klebsiella pneumoniae,2.2157626770690486,0.12075359046155976,217.0282495127834,164.3473391492755
64,Ag,Bacillus subtilis,non-pathogenic,green_synthesis,MIC,rod-shaped,Bacteria,Bacillota,Bacilli,Bacillales,Bacillaceae,Bacillus,p,soil,107.8682,4.7,1,0.16,30,11,23.00188061,0.0,0.0,1.78376517,1.1292618897408135,Klebsiella pneumoniae,1.0185397287547056,0.11072216098610799,13.466721841120135,10.436135969216112
65,ZnO,Bacillus subtilis,non-pathogenic,green_synthesis,MBEC,triangular,Bacteria,Bacillota,Bacilli,Bacillales,Bacillaceae,Bacillus,p,soil,81.3794,1.9,0,0.16,30,8,22.60496136,17.07,0.6865,4.082482905,0.4350612357463415,Klebsiella pneumoniae,0.3372896027223289,0.0977716330240126,2.723085237435611,2.174150495035293
66,Ag,Bacillus subtilis,non-pathogenic,chemical_synthesis,MBEC,rod-shaped,Bacteria,Bacillota,Bacilli,Bacillales,Bacillaceae,Bacillus,p,soil,107.87,18.5,4,0.16,30,11,23.00188061,0.0,0.0,1.78376517,0.9887799708227679,Klebsiella pneumoniae,0.9043492058247262,0.0844307649980417,9.74495798070372,8.023229328068167
67,Ag,Bacillus subtilis,non-pathogenic,green_synthesis,MBC,hexagonal,Bacteria,Bacillota,Bacilli,Bacillales,Bacillaceae,Bacillus,p,soil,107.87,100.0,3,0.16,30,11,23.00188061,0.0,0.0,1.78376517,1.31341158700758,Klebsiella pneumoniae,1.2380249013248217,0.0753866856827583,20.578399160598828,17.29915545264563
68,ZnO,Bacillus subtilis,non-pathogenic,chemical_synthesis,MIC,cubic,Bacteria,Bacillota,Bacilli,Bacillales,Bacillaceae,Bacillus,p,soil,81.3794,12.5,0,0.16,30,8,22.60496136,17.07,0.6865,4.082482905,2.1453737644618758,Klebsiella pneumoniae,2.105518655924807,0.03985510853706886,139.75706271236513,127.50248698249685
69,Ag,Bacillus subtilis,non-pathogenic,chemical_synthesis,MBEC,rod-shaped,Bacteria,Bacillota,Bacilli,Bacillales,Bacillaceae,Bacillus,p,soil,107.87,27.43,1,0.16,30,11,23.00188061,0.0,0.0,1.78376517,0.9496910776631508,Klebsiella pneumoniae,0.9245449152169907,0.02514616244616008,8.906171989675832,8.405139294878516
70,Ag,Bacillus subtilis,non-pathogenic,green_synthesis,MBEC,triangular,Bacteria,Bacillota,Bacilli,Bacillales,Bacillaceae,Bacillus,p,soil,107.87,1.9,1,0.16,30,11,23.00188061,0.0,0.0,1.78376517,0.02919897131262328,Klebsiella pneumoniae,0.03902747310851162,-0.009828501795888345,1.0695447771963849,1.0940255712328697
71,ZnO,Bacillus subtilis,non-pathogenic,chemical_synthesis,MBEC,spherical,Bacteria,Bacillota,Bacilli,Bacillales,Bacillaceae,Bacillus,p,soil,81.3794,41.23,4,0.16,30,8,22.60496136,17.07,0.6865,4.082482905,1.9604179682264449,Klebsiella pneumoniae,1.9787007148426625,-0.01828274661621765,91.28889878440027,95.21397902289338
72,Ag,Bacillus subtilis,non-pathogenic,green_synthesis,MBC,cubic,Bacteria,Bacillota,Bacilli,Bacillales,Bacillaceae,Bacillus,p,soil,107.8682,26.38,18,0.16,30,11,23.00188061,0.0,0.0,1.78376517,1.5857122033817945,Klebsiella pneumoniae,1.6173894109068234,-0.031677207525028894,38.522299495215776,41.437105482666915
73,ZnO,Bacillus subtilis,non-pathogenic,chemical_synthesis,MBC,tetragonal,Bacteria,Bacillota,Bacilli,Bacillales,Bacillaceae,Bacillus,p,soil,81.3794,50.0,24,0.16,30,8,22.60496136,17.07,0.6865,4.082482905,1.5477265199810761,Klebsiella pneumoniae,1.6053616082726652,-0.05763508829158903,35.29608364699128,40.30524897837795
74,Au,Bacillus subtilis,non-pathogenic,chemical_synthesis,MBEC,tetragonal,Bacteria,Bacillota,Bacilli,Bacillales,Bacillaceae,Bacillus,p,soil,196.966569,79.0,0,0.16,30,11,23.00188061,0.0,0.0,2.46797672,0.8636586983292746,Klebsiella pneumoniae,0.9270841086167787,-0.06342541028750415,7.305647244403461,8.454425638402988
75,Ag,Bacillus subtilis,non-pathogenic,green_synthesis,MIC,spherical,Bacteria,Bacillota,Bacilli,Bacillales,Bacillaceae,Bacillus,p,soil,107.87,30.0,3,0.16,30,11,23.00188061,0.0,0.0,1.78376517,1.2399083250642642,Klebsiella pneumoniae,1.303799185153198,-0.06389086008893385,17.374340362329992,20.12793332557719
76,Ag2O,Bacillus subtilis,non-pathogenic,green_synthesis,MBC,spheroidal,Bacteria,Bacillota,Bacilli,Bacillales,Bacillaceae,Bacillus,p,soil,231.7358,10.4,3,0.16,30,28,46.55109718,17.07,0.6865,3.975778631,2.324384539934319,Klebsiella pneumoniae,2.3967916303838708,-0.07240709044955196,211.04960318628997,249.33981354809748
77,ZnO,Bacillus subtilis,non-pathogenic,green_synthesis,MIC,tetragonal,Bacteria,Bacillota,Bacilli,Bacillales,Bacillaceae,Bacillus,p,soil,81.3794,100.0,0,0.16,30,8,22.60496136,17.07,0.6865,4.082482905,-0.18529002844070064,Klebsiella pneumoniae,-0.10730596552881133,-0.07798406291188931,0.6526945277684941,0.7810773326115641
78,Ag,Bacillus subtilis,non-pathogenic,chemical_synthesis,MBEC,cubic,Bacteria,Bacillota,Bacilli,Bacillales,Bacillaceae,Bacillus,p,soil,107.87,18.5,18,0.16,30,11,23.00188061,0.0,0.0,1.78376517,1.7109147634687123,Klebsiella pneumoniae,1.791156829235428,-0.08024206576671578,51.39427730306429,61.82396139846196
79,Al2O3,Bacillus subtilis,non-pathogenic,chemical_synthesis,MBC,hexagonal,Bacteria,Bacillota,Bacilli,Bacillales,Bacillaceae,Bacillus,p,soil,101.961276,25.0,2,0.16,30,24,51.55776403,85.5,13.5675,4.688846487,2.816925241711456,Klebsiella pneumoniae,2.8978820901239892,-0.08095684841253314,656.032328935369,790.4639898491586
80,Ag,Bacillus subtilis,non-pathogenic,chemical_synthesis,MBEC,quasi-hexagonal,Bacteria,Bacillota,Bacilli,Bacillales,Bacillaceae,Bacillus,p,soil,107.87,20.0,24,0.16,30,11,23.00188061,0.0,0.0,1.78376517,0.43501338387094357,Klebsiella pneumoniae,0.5174482182413707,-0.08243483437042709,2.7227852162230737,3.2919120089922176
81,CuO,Bacillus subtilis,non-pathogenic,chemical_synthesis,MBEC,spheroidal,Bacteria,Bacillota,Bacilli,Bacillales,Bacillaceae,Bacillus,p,soil,79.5454,22.5,18,0.16,30,17,20.67942236,17.07,0.6865,1.651411411,2.9504972626772608,Klebsiella pneumoniae,3.034163044803873,-0.08366578212661224,892.2719956524045,1081.8400243562414
82,Ag,Bacillus subtilis,non-pathogenic,chemical_synthesis,MBEC,hexagonal,Bacteria,Bacillota,Bacilli,Bacillales,Bacillaceae,Bacillus,p,soil,107.87,25.0,18,0.16,30,11,23.00188061,0.0,0.0,1.78376517,1.8042847944569316,Klebsiella pneumoniae,1.9263947116206044,-0.12210991716367281,63.72132450982492,84.4101576952924
83,Au,Bacillus subtilis,non-pathogenic,green_synthesis,MBEC,tetragonal,Bacteria,Bacillota,Bacilli,Bacillales,Bacillaceae,Bacillus,p,soil,196.966569,18.5,1,0.16,30,11,23.00188061,0.0,0.0,2.46797672,0.6548019586001552,Klebsiella pneumoniae,0.8000157382880002,-0.145213779687845,4.516499417950826,6.3098020999828766
84,Ag,Bacillus subtilis,non-pathogenic,green_synthesis,MBC,nanoplates,Bacteria,Bacillota,Bacilli,Bacillales,Bacillaceae,Bacillus,p,soil,107.87,12.5,0,0.16,30,11,23.00188061,0.0,0.0,1.78376517,2.056726094534937,Klebsiella pneumoniae,2.2647547895166045,-0.20802869498166743,113.9530869423345,183.97329618140478
85,CuO,Bacillus subtilis,non-pathogenic,chemical_synthesis,MIC,spheroidal,Bacteria,Bacillota,Bacilli,Bacillales,Bacillaceae,Bacillus,p,soil,79.5454,10.4,4,0.16,30,17,20.67942236,17.07,0.6865,1.651411411,2.2924083942400175,Klebsiella pneumoniae,2.531506946247397,-0.23909855200737962,196.06875639156885,340.0219441823028
86,Au,Bacillus subtilis,non-pathogenic,green_synthesis,MBEC,spherical,Bacteria,Bacillota,Bacilli,Bacillales,Bacillaceae,Bacillus,p,soil,196.966569,3.0,24,0.16,30,11,23.00188061,0.0,0.0,2.46797672,2.8852592379746085,Klebsiella pneumoniae,3.124806072799057,-0.2395468348244485,767.8196775971593,1332.9261025887718
87,CuO,Bacillus subtilis,non-pathogenic,chemical_synthesis,MIC,quasi-spherical,Bacteria,Bacillota,Bacilli,Bacillales,Bacillaceae,Bacillus,p,soil,79.5454,26.06,2,0.16,30,17,20.67942236,17.07,0.6865,1.651411411,2.4037455164185313,Klebsiella pneumoniae,2.656007499011828,-0.2522619825932968,253.364355606509,452.90540020475817
88,Ag,Bacillus subtilis,non-pathogenic,green_synthesis,MBC,spherical,Bacteria,Bacillota,Bacilli,Bacillales,Bacillaceae,Bacillus,p,soil,107.87,8.7,24,0.16,30,11,23.00188061,0.0,0.0,1.78376517,1.8631026703559246,Klebsiella pneumoniae,2.117620873412178,-0.2545182030562536,72.96299796704378,131.10548861144153
89,ZnO,Bacillus subtilis,non-pathogenic,chemical_synthesis,MIC,nanoplates,Bacteria,Bacillota,Bacilli,Bacillales,Bacillaceae,Bacillus,p,soil,81.3794,30.0,3,0.16,30,8,22.60496136,17.07,0.6865,4.082482905,2.00350726620017,Klebsiella pneumoniae,2.2634233510507995,-0.25991608485062967,100.81084759306606,183.4101436653401
