,np,bacteria,bac_type,np_synthesis,method,shape,kingdom,phylum,class,order,family,genus,gram,isolated_from,mol_weight (g/mol),np_size_avg (nm),time_set,"min_Incub_period, h","growth_temp, C",Valance_electron,labuteASA,tpsa,CrippenMR,chi0v,pred_MIC_norm,pathogenic_bacteria,pred_MIC_pathogen,Fitness,pred_norm_MIC_original,pred_path_MIC_original
0,Ag,Bacillus subtilis,non-pathogenic,chemical_synthesis,MIC,cubic,Bacteria,Bacillota,Bacilli,Bacillales,Bacillaceae,Bacillus,p,soil,107.87,1.9,0,0.16,30,11,23.00188061,0.0,0.0,1.78376517,1.6264396568301127,Klebsiella pneumoniae,0.8053174644731664,0.8211221923569463,42.30967183388638,6.387302203227054
1,ZnO,Bacillus subtilis,non-pathogenic,green_synthesis,MIC,quasi-spherical,Bacteria,Bacillota,Bacilli,Bacillales,Bacillaceae,Bacillus,p,soil,81.3794,3.0,3,0.16,30,8,22.60496136,17.07,0.6865,4.082482905,1.2251816440734513,Klebsiella pneumoniae,0.40826739537952017,0.8169142486939311,16.795063263343923,2.560161694872466
2,Pd,Bacillus subtilis,non-pathogenic,chemical_synthesis,MIC,cubic,Bacteria,Bacillota,Bacilli,Bacillales,Bacillaceae,Bacillus,p,soil,195.084,4.0,2,0.16,30,10,21.14774404,0.0,0.0,1.870828693,0.7530847764139271,Klebsiella pneumoniae,-0.036312297019540196,0.7893970734334673,5.663498325149428,0.9197879231666792
3,Ag,Bacillus subtilis,non-pathogenic,chemical_synthesis,MIC,hexagonal,Bacteria,Bacillota,Bacilli,Bacillales,Bacillaceae,Bacillus,p,soil,107.87,0.8,2,0.16,30,11,23.00188061,0.0,0.0,1.78376517,1.4678888105734422,Klebsiella pneumoniae,0.7055687816617531,0.7623200289116892,29.368976420137262,5.076551328635159
4,TiO2,Bacillus subtilis,non-pathogenic,green_synthesis,MIC,quasi-spherical,Bacteria,Bacillota,Bacilli,Bacillales,Bacillaceae,Bacillus,p,soil,79.866,1.9,3,0.16,30,16,26.40611331,34.14,1.373,2.878049394,2.239212077179548,Klebsiella pneumoniae,1.4844704968049351,0.7547415803746127,173.46508656523662,30.51198743133007
5,ZnO,Bacillus subtilis,non-pathogenic,green_synthesis,MBC,quasi-spherical,Bacteria,Bacillota,Bacilli,Bacillales,Bacillaceae,Bacillus,p,soil,81.3794,9.0,4,0.16,30,8,22.60496136,17.07,0.6865,4.082482905,2.155828851359791,Klebsiella pneumoniae,1.413761723600385,0.7420671277594062,143.16236076933922,25.927564516154256
6,ZnO,Bacillus subtilis,non-pathogenic,green_synthesis,MBC,quasi-spherical,Bacteria,Bacillota,Bacilli,Bacillales,Bacillaceae,Bacillus,p,soil,81.3794,10.0,4,0.16,30,8,22.60496136,17.07,0.6865,4.082482905,2.155821965436769,Klebsiella pneumoniae,1.4172623918884402,0.738559573548329,143.16009088744605,26.13740045992903
7,Pt,Bacillus subtilis,non-pathogenic,green_synthesis,MIC,cubic,Bacteria,Bacillota,Bacilli,Bacillales,Bacillaceae,Bacillus,p,soil,195.084,4.0,3,0.16,30,10,21.75656585,0.0,0.0,2.588435821,0.9518854705224881,Klebsiella pneumoniae,0.26649230800087276,0.6853931625216153,8.951286765756699,1.847108079597412
8,ZnO,Bacillus subtilis,non-pathogenic,green_synthesis,MBEC,quasi-hexagonal,Bacteria,Bacillota,Bacilli,Bacillales,Bacillaceae,Bacillus,p,soil,81.3794,8.7,0,0.16,30,8,22.60496136,17.07,0.6865,4.082482905,1.5224680303350617,Klebsiella pneumoniae,0.8532536644641722,0.6692143658708896,33.30182469762094,7.132695178056804
9,Ag,Bacillus subtilis,non-pathogenic,green_synthesis,MIC,quasi-hexagonal,Bacteria,Bacillota,Bacilli,Bacillales,Bacillaceae,Bacillus,p,soil,107.87,1.9,24,0.16,30,11,23.00188061,0.0,0.0,1.78376517,1.9276572388719064,Klebsiella pneumoniae,1.2991716698503402,0.6284855690215663,84.65590149998549,19.914603767214828
10,ZnO,Bacillus subtilis,non-pathogenic,chemical_synthesis,MIC,hexagonal,Bacteria,Bacillota,Bacilli,Bacillales,Bacillaceae,Bacillus,p,soil,81.3794,4.0,2,0.16,30,8,22.60496136,17.07,0.6865,4.082482905,1.4969394898192407,Klebsiella pneumoniae,0.8770825153619138,0.6198569744573269,31.40071157783407,7.5349871386672005
11,ZnO,Bacillus subtilis,non-pathogenic,green_synthesis,MBC,spherical,Bacteria,Bacillota,Bacilli,Bacillales,Bacillaceae,Bacillus,p,soil,81.3794,9.0,4,0.16,30,8,22.60496136,17.07,0.6865,4.082482905,2.3633284785289135,Klebsiella pneumoniae,1.7526853705913055,0.610643107937608,230.84925563829734,56.58292193221382
12,Ni,Bacillus subtilis,non-pathogenic,green_synthesis,MBEC,quasi-hexagonal,Bacteria,Bacillota,Bacilli,Bacillales,Bacillaceae,Bacillus,p,soil,58.6934,5.1,4,0.16,30,10,17.41523038,0.0,0.0,1.303840481,2.1288118371243234,Klebsiella pneumoniae,1.5477235717138065,0.581088265410517,134.52773715101605,35.29584403553113
13,Pd,Bacillus subtilis,non-pathogenic,green_synthesis,MIC,hexagonal,Bacteria,Bacillota,Bacilli,Bacillales,Bacillaceae,Bacillus,p,soil,195.084,4.0,1,0.16,30,10,21.14774404,0.0,0.0,1.870828693,1.0835811802658188,Klebsiella pneumoniae,0.503538400962424,0.5800427793033949,12.122192610411092,3.1881474639620353
14,TiO2,Bacillus subtilis,non-pathogenic,chemical_synthesis,MIC,cubic,Bacteria,Bacillota,Bacilli,Bacillales,Bacillaceae,Bacillus,p,soil,79.866,1.4,2,0.16,30,16,26.40611331,34.14,1.373,2.878049394,2.5238581243994282,Klebsiella pneumoniae,1.956728473055301,0.5671296513441273,334.08588280631864,90.51665012758889
15,Ag,Bacillus subtilis,non-pathogenic,green_synthesis,MIC,spheroidal,Bacteria,Bacillota,Bacilli,Bacillales,Bacillaceae,Bacillus,p,soil,107.87,4.0,2,0.16,30,11,23.00188061,0.0,0.0,1.78376517,1.3457048455321878,Klebsiella pneumoniae,0.7860283165867451,0.5596765289454427,22.16689405125125,6.109818604493391
16,ZnO,Bacillus subtilis,non-pathogenic,chemical_synthesis,MBC,spherical,Bacteria,Bacillota,Bacilli,Bacillales,Bacillaceae,Bacillus,p,soil,81.3794,5.1,0,0.16,30,8,22.60496136,17.07,0.6865,4.082482905,1.8854067703212505,Klebsiella pneumoniae,1.3456990578615846,0.5397077124596659,76.80805546894781,22.166598643799514
17,Ag,Bacillus subtilis,non-pathogenic,chemical_synthesis,MIC,quasi-hexagonal,Bacteria,Bacillota,Bacilli,Bacillales,Bacillaceae,Bacillus,p,soil,107.8682,3.0,1,0.16,30,11,23.00188061,0.0,0.0,1.78376517,0.9917039054414313,Klebsiella pneumoniae,0.5073680348288556,0.48433587061257566,9.810788321640445,3.2163850501005977
18,TiO2,Bacillus subtilis,non-pathogenic,green_synthesis,MBEC,cubic,Bacteria,Bacillota,Bacilli,Bacillales,Bacillaceae,Bacillus,p,soil,79.866,1.4,4,0.16,30,16,26.40611331,34.14,1.373,2.878049394,2.734314384182198,Klebsiella pneumoniae,2.252540552393435,0.48177383178876276,542.3933849033275,178.8712542945958
19,ZnO,Bacillus subtilis,non-pathogenic,chemical_synthesis,MBEC,quasi-spherical,Bacteria,Bacillota,Bacilli,Bacillales,Bacillaceae,Bacillus,p,soil,81.3794,10.4,1,0.16,30,8,22.60496136,17.07,0.6865,4.082482905,2.041147790096729,Klebsiella pneumoniae,1.5618786230108213,0.4792691670859077,109.93798939630172,36.46520194280251
20,TiO2,Bacillus subtilis,non-pathogenic,green_synthesis,MBC,quasi-spherical,Bacteria,Bacillota,Bacilli,Bacillales,Bacillaceae,Bacillus,p,soil,79.866,18.5,2,0.16,30,16,26.40611331,34.14,1.373,2.878049394,2.56375974468017,Klebsiella pneumoniae,2.085734882041545,0.478024862638625,366.2349143953648,121.82456856934178
21,ZnO,Bacillus subtilis,non-pathogenic,green_synthesis,MBC,quasi-hexagonal,Bacteria,Bacillota,Bacilli,Bacillales,Bacillaceae,Bacillus,p,soil,81.3794,60.0,3,0.16,30,8,22.60496136,17.07,0.6865,4.082482905,0.22757135105110415,Klebsiella pneumoniae,-0.2305687895368529,0.45814014058795705,1.6887732884123594,0.588072959677211
22,ZnO,Bacillus subtilis,non-pathogenic,green_synthesis,MBEC,quasi-spherical,Bacteria,Bacillota,Bacilli,Bacillales,Bacillaceae,Bacillus,p,soil,81.3794,4.7,18,0.16,30,8,22.60496136,17.07,0.6865,4.082482905,2.0497802391266178,Klebsiella pneumoniae,1.5985521848285928,0.4512280542980249,112.14508362677427,39.678220342020914
23,CuO,Bacillus subtilis,non-pathogenic,green_synthesis,MBC,quasi-hexagonal,Bacteria,Bacillota,Bacilli,Bacillales,Bacillaceae,Bacillus,p,soil,79.5454,0.8,4,0.16,30,17,20.67942236,17.07,0.6865,1.651411411,2.1220151621873304,Klebsiella pneumoniae,1.6757866628340021,0.4462284993533283,132.4387771713442,47.400908201174865
24,TiO2,Bacillus subtilis,non-pathogenic,green_synthesis,MBEC,spheroidal,Bacteria,Bacillota,Bacilli,Bacillales,Bacillaceae,Bacillus,p,soil,79.866,10.0,3,0.16,30,16,26.40611331,34.14,1.373,2.878049394,3.0092606003748017,Klebsiella pneumoniae,2.564812829109349,0.44444777126545265,1021.5522869174405,367.12404441462377
25,ZnO,Bacillus subtilis,non-pathogenic,green_synthesis,MIC,hexagonal,Bacteria,Bacillota,Bacilli,Bacillales,Bacillaceae,Bacillus,p,soil,81.3794,10.0,4,0.16,30,8,22.60496136,17.07,0.6865,4.082482905,1.8981631278631939,Klebsiella pneumoniae,1.4562268774869183,0.4419362503762756,79.09756751584965,28.59083752156371
26,ZnO,Bacillus subtilis,non-pathogenic,green_synthesis,MBC,spheroidal,Bacteria,Bacillota,Bacilli,Bacillales,Bacillaceae,Bacillus,p,soil,81.3794,8.7,2,0.16,30,8,22.60496136,17.07,0.6865,4.082482905,2.5510431027398908,Klebsiella pneumoniae,2.1116071746101333,0.4394359281297575,355.66661592033046,129.30257525996646
27,Ag,Bacillus subtilis,non-pathogenic,chemical_synthesis,MIC,spheroidal,Bacteria,Bacillota,Bacilli,Bacillales,Bacillaceae,Bacillus,p,soil,107.87,26.06,3,0.16,30,11,23.00188061,0.0,0.0,1.78376517,0.8602536828183377,Klebsiella pneumoniae,0.4294512775774999,0.4308024052408378,7.248592457685551,2.6881362507979847
28,ZnO,Bacillus subtilis,non-pathogenic,chemical_synthesis,MBEC,quasi-hexagonal,Bacteria,Bacillota,Bacilli,Bacillales,Bacillaceae,Bacillus,p,soil,81.3794,0.8,4,0.16,30,8,22.60496136,17.07,0.6865,4.082482905,0.8432573490554938,Klebsiella pneumoniae,0.42202071000093544,0.4212366390545583,6.9703943508967905,2.6425347676558166
29,Ag,Bacillus subtilis,non-pathogenic,chemical_synthesis,MIC,cubic,Bacteria,Bacillota,Bacilli,Bacillales,Bacillaceae,Bacillus,p,soil,107.87,9.0,0,0.16,30,11,23.00188061,0.0,0.0,1.78376517,1.9976392448996436,Klebsiella pneumoniae,1.5800444537463867,0.41759479115325693,99.45789079395813,38.02283139414601
30,CuO,Bacillus subtilis,non-pathogenic,green_synthesis,MBC,spherical,Bacteria,Bacillota,Bacilli,Bacillales,Bacillaceae,Bacillus,p,soil,79.5454,8.0,4,0.16,30,17,20.67942236,17.07,0.6865,1.651411411,3.3387839697456254,Klebsiella pneumoniae,2.926838949338603,0.4119450204070225,2181.6444307705183,844.9654461082008
31,CuO,Bacillus subtilis,non-pathogenic,green_synthesis,MBEC,quasi-spherical,Bacteria,Bacillota,Bacilli,Bacillales,Bacillaceae,Bacillus,p,soil,79.5454,1.4,1,0.16,30,17,20.67942236,17.07,0.6865,1.651411411,3.04403875771336,Klebsiella pneumoniae,2.636644819717809,0.4073939379955509,1106.7225467367734,433.1564838994889
32,Ag,Bacillus subtilis,non-pathogenic,chemical_synthesis,MIC,cubic,Bacteria,Bacillota,Bacilli,Bacillales,Bacillaceae,Bacillus,p,soil,107.87,12.0,3,0.16,30,11,23.00188061,0.0,0.0,1.78376517,1.9520554603926736,Klebsiella pneumoniae,1.544785197004516,0.4072702633881575,89.54791129667535,35.05784342080826
33,ZnO,Bacillus subtilis,non-pathogenic,chemical_synthesis,MBEC,rod-shaped,Bacteria,Bacillota,Bacilli,Bacillales,Bacillaceae,Bacillus,p,soil,81.3794,3.0,0,0.16,30,8,22.60496136,17.07,0.6865,4.082482905,1.5196227870736256,Klebsiella pneumoniae,1.1124292183701014,0.4071935687035242,33.08436374933556,12.954755427661128
34,Ag,Bacillus subtilis,non-pathogenic,green_synthesis,MIC,quasi-spherical,Bacteria,Bacillota,Bacilli,Bacillales,Bacillaceae,Bacillus,p,soil,107.87,5.1,2,0.16,30,11,23.00188061,0.0,0.0,1.78376517,2.0305692545760614,Klebsiella pneumoniae,1.6236394229251672,0.40692983165089425,107.29247276582491,42.03774611172577
35,ZnO,Bacillus subtilis,non-pathogenic,green_synthesis,MBC,nanoplates,Bacteria,Bacillota,Bacilli,Bacillales,Bacillaceae,Bacillus,p,soil,81.3794,44.45,4,0.16,30,8,22.60496136,17.07,0.6865,4.082482905,1.1858676174843417,Klebsiella pneumoniae,0.78889101714999,0.39697660033435167,15.34149269058767,6.15022518187092
36,Ag,Bacillus subtilis,non-pathogenic,chemical_synthesis,MIC,nanoplates,Bacteria,Bacillota,Bacilli,Bacillales,Bacillaceae,Bacillus,p,soil,107.87,9.0,2,0.16,30,11,23.00188061,0.0,0.0,1.78376517,1.9642319495060023,Klebsiella pneumoniae,1.5694372918913027,0.3947946576146997,92.09412999591417,37.10541488355659
37,ZnO,Bacillus subtilis,non-pathogenic,green_synthesis,MIC,nanoplates,Bacteria,Bacillota,Bacilli,Bacillales,Bacillaceae,Bacillus,p,soil,81.3794,10.4,3,0.16,30,8,22.60496136,17.07,0.6865,4.082482905,1.9798592432167932,Klebsiella pneumoniae,1.5860238104659834,0.3938354327508098,95.46831188073362,38.54994923366366
38,Ag,Bacillus subtilis,non-pathogenic,green_synthesis,MBC,tetragonal,Bacteria,Bacillota,Bacilli,Bacillales,Bacillaceae,Bacillus,p,soil,107.87,1.4,18,0.16,30,11,23.00188061,0.0,0.0,1.78376517,0.691407352515101,Klebsiella pneumoniae,0.31525269479410434,0.37615465772099665,4.913685459957904,2.066582249554891
39,Au,Bacillus subtilis,non-pathogenic,green_synthesis,MBEC,spheroidal,Bacteria,Bacillota,Bacilli,Bacillales,Bacillaceae,Bacillus,p,soil,196.966569,79.0,18,0.16,30,11,23.00188061,0.0,0.0,2.46797672,1.3901500345811442,Klebsiella pneumoniae,1.0170246093651467,0.37312542521599745,24.555570840661062,10.399790947384638
40,ZnO,Bacillus subtilis,non-pathogenic,green_synthesis,MBEC,quasi-hexagonal,Bacteria,Bacillota,Bacilli,Bacillales,Bacillaceae,Bacillus,p,soil,81.3794,79.0,3,0.16,30,8,22.60496136,17.07,0.6865,4.082482905,0.6000138486953117,Klebsiella pneumoniae,0.25773879112793097,0.34227505756738075,3.9811986551749063,1.8102509794372708
41,CuO,Bacillus subtilis,non-pathogenic,green_synthesis,MBC,spherical,Bacteria,Bacillota,Bacilli,Bacillales,Bacillaceae,Bacillus,p,soil,79.5454,27.43,4,0.16,30,17,20.67942236,17.07,0.6865,1.651411411,2.829045142171773,Klebsiella pneumoniae,2.4928311951263487,0.3362139470454242,674.5981442753612,311.0507086621132
42,Pd,Bacillus subtilis,non-pathogenic,green_synthesis,MBC,quasi-spherical,Bacteria,Bacillota,Bacilli,Bacillales,Bacillaceae,Bacillus,p,soil,195.084,27.43,2,0.16,30,10,21.14774404,0.0,0.0,1.870828693,1.4093820785982527,Klebsiella pneumoniae,1.0785329776637116,0.3308491009345411,25.667411814894542,11.9821010447424
43,ZnO,Bacillus subtilis,non-pathogenic,chemical_synthesis,MBC,triangular,Bacteria,Bacillota,Bacilli,Bacillales,Bacillaceae,Bacillus,p,soil,81.3794,3.0,24,0.16,30,8,22.60496136,17.07,0.6865,4.082482905,0.9141413258428193,Klebsiella pneumoniae,0.5874568919563881,0.3266844338864312,8.20618542286446,3.8677366159773277
44,Al2O3,Bacillus subtilis,non-pathogenic,green_synthesis,MBC,cubic,Bacteria,Bacillota,Bacilli,Bacillales,Bacillaceae,Bacillus,p,soil,101.961276,10.4,2,0.16,30,24,51.55776403,85.5,13.5675,4.688846487,2.999226721581837,Klebsiella pneumoniae,2.6822869540175427,0.31693976756429443,998.2210448614128,481.15716132187043
45,Pd,Bacillus subtilis,non-pathogenic,green_synthesis,MBC,spheroidal,Bacteria,Bacillota,Bacilli,Bacillales,Bacillaceae,Bacillus,p,soil,195.084,44.45,24,0.16,30,10,21.14774404,0.0,0.0,1.870828693,1.7676010382950307,Klebsiella pneumoniae,1.453234841451089,0.31436619684394174,58.5599959878132,28.39454026639435
46,CeO2,Bacillus subtilis,non-pathogenic,green_synthesis,MBC,quasi-spherical,Bacteria,Bacillota,Bacilli,Bacillales,Bacillaceae,Bacillus,p,soil,172.115,79.0,1,0.16,30,16,39.19032095,34.14,1.373,4.456551526,1.7067746930952037,Klebsiella pneumoniae,1.3933465824062452,0.3134281106889585,50.90667046792467,24.736974558671626
47,ZnO,Bacillus subtilis,non-pathogenic,green_synthesis,MBC,rod-shaped,Bacteria,Bacillota,Bacilli,Bacillales,Bacillaceae,Bacillus,p,soil,81.3794,0.8,18,0.16,30,8,22.60496136,17.07,0.6865,4.082482905,1.3780480839215334,Klebsiella pneumoniae,1.070611835297678,0.30743624862385555,23.880756696171453,11.765539204189434
48,CeO2,Bacillus subtilis,non-pathogenic,chemical_synthesis,MIC,hexagonal,Bacteria,Bacillota,Bacilli,Bacillales,Bacillaceae,Bacillus,p,soil,172.115,44.45,1,0.16,30,16,39.19032095,34.14,1.373,4.456551526,2.2190705984383765,Klebsiella pneumoniae,1.9167665596166965,0.30230403882168,165.60391455113486,82.55940599859318
49,Au,Bacillus subtilis,non-pathogenic,chemical_synthesis,MBEC,quasi-hexagonal,Bacteria,Bacillota,Bacilli,Bacillales,Bacillaceae,Bacillus,p,soil,196.966569,10.4,2,0.16,30,11,23.00188061,0.0,0.0,2.46797672,1.4048802474397322,Klebsiella pneumoniae,1.1071659222307004,0.29771432520903174,25.402721531560815,12.798701852377285
50,ZnO,Bacillus subtilis,non-pathogenic,chemical_synthesis,MBC,quasi-spherical,Bacteria,Bacillota,Bacilli,Bacillales,Bacillaceae,Bacillus,p,soil,81.3794,25.0,3,0.16,30,8,22.60496136,17.07,0.6865,4.082482905,1.3279048027385127,Klebsiella pneumoniae,1.031971123887121,0.29593367885139177,21.2767260946295,10.763936421525312
51,ZnO,Bacillus subtilis,non-pathogenic,green_synthesis,MBEC,rod-shaped,Bacteria,Bacillota,Bacilli,Bacillales,Bacillaceae,Bacillus,p,soil,81.3794,27.43,3,0.16,30,8,22.60496136,17.07,0.6865,4.082482905,1.7917095673233068,Klebsiella pneumoniae,1.4965913424428117,0.2951182248804951,61.90269648481033,31.375549630834833
52,TiO2,Bacillus subtilis,non-pathogenic,green_synthesis,MBC,spherical,Bacteria,Bacillota,Bacilli,Bacillales,Bacillaceae,Bacillus,p,soil,79.866,79.0,0,0.16,30,16,26.40611331,34.14,1.373,2.878049394,1.929789146627062,Klebsiella pneumoniae,1.6413967243686813,0.2883924222583807,85.07249043155646,43.792196053818415
53,Ni,Bacillus subtilis,non-pathogenic,chemical_synthesis,MBC,tetragonal,Bacteria,Bacillota,Bacilli,Bacillales,Bacillaceae,Bacillus,p,soil,81.3794,12.0,24,0.16,30,8,22.60496136,17.07,0.6865,4.082482905,1.4454504086004496,Klebsiella pneumoniae,1.1660851925126696,0.27936521608778,27.89012165271224,14.658353554301945
54,ZnO,Bacillus subtilis,non-pathogenic,green_synthesis,MBEC,spherical,Bacteria,Bacillota,Bacilli,Bacillales,Bacillaceae,Bacillus,p,soil,81.3794,27.43,2,0.16,30,8,22.60496136,17.07,0.6865,4.082482905,2.0352963474899703,Klebsiella pneumoniae,1.761412540263967,0.27388380722600325,108.46668005566345,57.731459938098034
55,ZnO,Bacillus subtilis,non-pathogenic,green_synthesis,MIC,quasi-spherical,Bacteria,Bacillota,Bacilli,Bacillales,Bacillaceae,Bacillus,p,soil,81.3794,13.0,4,0.16,30,8,22.60496136,17.07,0.6865,4.082482905,1.4809494056988333,Klebsiella pneumoniae,1.2159749320322744,0.2649744736665589,30.265608202377,16.44276810962154
56,Ag,Bacillus subtilis,non-pathogenic,chemical_synthesis,MBEC,tetragonal,Bacteria,Bacillota,Bacilli,Bacillales,Bacillaceae,Bacillus,p,soil,107.8682,10.0,18,0.16,30,11,23.00188061,0.0,0.0,1.78376517,1.0359595781131978,Klebsiella pneumoniae,0.771119522551529,0.2648400555616688,10.8632450943818,5.903635322633539
57,Pd,Bacillus subtilis,non-pathogenic,green_synthesis,MIC,hexagonal,Bacteria,Bacillota,Bacilli,Bacillales,Bacillaceae,Bacillus,p,soil,195.084,8.0,1,0.16,30,10,21.14774404,0.0,0.0,1.870828693,1.6916864812749604,Klebsiella pneumoniae,1.4286144539939862,0.2630720272809741,49.16844587785758,26.829615823037397
58,Ag,Bacillus subtilis,non-pathogenic,green_synthesis,MBC,triangular,Bacteria,Bacillota,Bacilli,Bacillales,Bacillaceae,Bacillus,p,soil,107.8682,13.0,18,0.16,30,11,23.00188061,0.0,0.0,1.78376517,0.6135846265125164,Klebsiella pneumoniae,0.3521602855091408,0.26142434100337564,4.107566720179033,2.249884819916679
59,Ag,Bacillus subtilis,non-pathogenic,green_synthesis,MIC,quasi-hexagonal,Bacteria,Bacillota,Bacilli,Bacillales,Bacillaceae,Bacillus,p,soil,107.87,37.86,0,0.16,30,11,23.00188061,0.0,0.0,1.78376517,0.005571157147653771,Klebsiella pneumoniae,-0.2505492089183119,0.25612036606596567,1.0129106959647525,0.5616306376621997
60,CuO,Bacillus subtilis,non-pathogenic,green_synthesis,MBC,spheroidal,Bacteria,Bacillota,Bacilli,Bacillales,Bacillaceae,Bacillus,p,soil,79.5454,50.0,3,0.16,30,17,20.67942236,17.07,0.6865,1.651411411,2.5762782075182287,Klebsiella pneumoniae,2.339243905699149,0.23703430181907947,376.9451914224537,218.39561069971842
61,ZnO,Bacillus subtilis,non-pathogenic,green_synthesis,MIC,quasi-hexagonal,Bacteria,Bacillota,Bacilli,Bacillales,Bacillaceae,Bacillus,p,soil,81.3794,41.23,0,0.16,30,8,22.60496136,17.07,0.6865,4.082482905,-0.3239646308327684,Klebsiella pneumoniae,-0.5547090424586298,0.23074441162586146,0.47428060934557265,0.2787988368436758
62,Ag,Bacillus subtilis,non-pathogenic,green_synthesis,MBC,quasi-hexagonal,Bacteria,Bacillota,Bacilli,Bacillales,Bacillaceae,Bacillus,p,soil,107.87,27.43,0,0.16,30,11,23.00188061,0.0,0.0,1.78376517,0.4117979092454731,Klebsiella pneumoniae,0.19396924307750418,0.21782866616796892,2.581058864036777,1.5630369437707194
63,CeO2,Bacillus subtilis,non-pathogenic,chemical_synthesis,MBC,quasi-hexagonal,Bacteria,Bacillota,Bacilli,Bacillales,Bacillaceae,Bacillus,p,soil,172.115,26.38,0,0.16,30,16,39.19032095,34.14,1.373,4.456551526,2.0830653549528524,Klebsiella pneumoniae,1.8691175029109004,0.213947852041952,121.07803245306366,73.98054100681247
64,Ag,Bacillus subtilis,non-pathogenic,green_synthesis,MBC,quasi-hexagonal,Bacteria,Bacillota,Bacilli,Bacillales,Bacillaceae,Bacillus,p,soil,107.87,3.0,3,0.16,30,11,23.00188061,0.0,0.0,1.78376517,0.7349125611583764,Klebsiella pneumoniae,0.5685538914031085,0.16635866975526792,5.43140966994003,3.703001529254434
65,Au,Bacillus subtilis,non-pathogenic,chemical_synthesis,MIC,cubic,Bacteria,Bacillota,Bacilli,Bacillales,Bacillaceae,Bacillus,p,soil,196.966569,13.0,1,0.16,30,11,23.00188061,0.0,0.0,2.46797672,2.4680935475329697,Klebsiella pneumoniae,2.3115310549186474,0.1565624926143223,293.82824932441866,204.89485580493846
66,CuO,Bacillus subtilis,non-pathogenic,chemical_synthesis,MBEC,quasi-hexagonal,Bacteria,Bacillota,Bacilli,Bacillales,Bacillaceae,Bacillus,p,soil,79.5454,10.0,0,0.16,30,17,20.67942236,17.07,0.6865,1.651411411,2.645532666530653,Klebsiella pneumoniae,2.5472406079527268,0.09829205857792633,442.112370197406,352.5661457410372
67,ZnO,Bacillus subtilis,non-pathogenic,chemical_synthesis,MBEC,rod-shaped,Bacteria,Bacillota,Bacilli,Bacillales,Bacillaceae,Bacillus,p,soil,81.3794,38.0,0,0.16,30,8,22.60496136,17.07,0.6865,4.082482905,1.769746613306276,Klebsiella pneumoniae,1.6767592969606189,0.09298731634565716,58.85001980123007,47.50718495065547
68,Au,Bacillus subtilis,non-pathogenic,chemical_synthesis,MIC,spherical,Bacteria,Bacillota,Bacilli,Bacillales,Bacillaceae,Bacillus,p,soil,196.966569,35.0,4,0.16,30,11,23.00188061,0.0,0.0,2.46797672,1.4387124390322255,Klebsiella pneumoniae,1.3501201548900528,0.08859228414217268,27.46075282294825,22.39340604202075
69,ZnO,Bacillus subtilis,non-pathogenic,green_synthesis,MIC,spherical,Bacteria,Bacillota,Bacilli,Bacillales,Bacillaceae,Bacillus,p,soil,81.3794,26.06,1,0.16,30,8,22.60496136,17.07,0.6865,4.082482905,1.0847627216500406,Klebsiella pneumoniae,1.0072728408717522,0.07748988077828844,12.155217145410486,10.168873408534607
70,CuO,Bacillus subtilis,non-pathogenic,chemical_synthesis,MBEC,quasi-hexagonal,Bacteria,Bacillota,Bacilli,Bacillales,Bacillaceae,Bacillus,p,soil,79.5454,18.5,3,0.16,30,17,20.67942236,17.07,0.6865,1.651411411,2.4308170260351125,Klebsiella pneumoniae,2.356002865709244,0.07481416032586852,269.66030788141757,226.9879829725864
71,ZnO,Bacillus subtilis,non-pathogenic,chemical_synthesis,MBC,tetragonal,Bacteria,Bacillota,Bacilli,Bacillales,Bacillaceae,Bacillus,p,soil,81.3794,40.0,18,0.16,30,8,22.60496136,17.07,0.6865,4.082482905,1.203436315394086,Klebsiella pneumoniae,1.1302556128579138,0.07318070253617215,15.974832581767089,13.497570758523528
72,Ag,Bacillus subtilis,non-pathogenic,chemical_synthesis,MBEC,spheroidal,Bacteria,Bacillota,Bacilli,Bacillales,Bacillaceae,Bacillus,p,soil,107.87,41.23,3,0.16,30,11,23.00188061,0.0,0.0,1.78376517,1.498642252242296,Klebsiella pneumoniae,1.4305459216696523,0.06809633057264364,31.52406775311587,26.949202742530556
73,Ag,Bacillus subtilis,non-pathogenic,green_synthesis,MBEC,spherical,Bacteria,Bacillota,Bacilli,Bacillales,Bacillaceae,Bacillus,p,soil,107.87,10.0,2,0.16,30,11,23.00188061,0.0,0.0,1.78376517,2.1916187321865306,Klebsiella pneumoniae,2.146203823542136,0.04541490864439446,155.46002463374916,140.02443325262692
74,ZnO,Bacillus subtilis,non-pathogenic,green_synthesis,MBC,tetragonal,Bacteria,Bacillota,Bacilli,Bacillales,Bacillaceae,Bacillus,p,soil,81.3794,26.38,3,0.16,30,8,22.60496136,17.07,0.6865,4.082482905,1.5191917125171879,Klebsiella pneumoniae,1.4791465846186704,0.04004512789851744,33.051540970508064,30.14023156342492
75,Ag,Bacillus subtilis,non-pathogenic,green_synthesis,MBC,triangular,Bacteria,Bacillota,Bacilli,Bacillales,Bacillaceae,Bacillus,p,soil,107.87,22.5,1,0.16,30,11,23.00188061,0.0,0.0,1.78376517,0.17914755391772608,Klebsiella pneumoniae,0.15408102175709226,0.025066532160633814,1.5105932992955213,1.4258735790381996
76,CuO,Bacillus subtilis,non-pathogenic,green_synthesis,MIC,quasi-spherical,Bacteria,Bacillota,Bacilli,Bacillales,Bacillaceae,Bacillus,p,soil,79.5454,13.0,0,0.16,30,17,20.67942236,17.07,0.6865,1.651411411,2.677244689244441,Klebsiella pneumoniae,2.6585477585886355,0.018696930655805577,475.60311373252597,455.56228078178015
77,Ag,Bacillus subtilis,non-pathogenic,chemical_synthesis,MIC,hexagonal,Bacteria,Bacillota,Bacilli,Bacillales,Bacillaceae,Bacillus,p,soil,107.87,60.0,18,0.16,30,11,23.00188061,0.0,0.0,1.78376517,1.320255497722797,Klebsiella pneumoniae,1.3142879772828553,0.005967520439941643,20.90525636358851,20.619967540103733
78,CuO,Bacillus subtilis,non-pathogenic,chemical_synthesis,MBEC,rod-shaped,Bacteria,Bacillota,Bacilli,Bacillales,Bacillaceae,Bacillus,p,soil,79.5454,11.3,2,0.16,30,17,20.67942236,17.07,0.6865,1.651411411,2.9068538636103076,Klebsiella pneumoniae,2.9589939561596728,-0.052140092549365136,806.9634482399744,909.9006099517551
79,ZrO2,Bacillus subtilis,non-pathogenic,chemical_synthesis,MBEC,rod-shaped,Bacteria,Bacillota,Bacilli,Bacillales,Bacillaceae,Bacillus,p,soil,123.2218,44.45,4,0.16,30,16,29.29254423,34.14,1.373,3.774536472,1.808232115801099,Klebsiella pneumoniae,1.8682413018738169,-0.06000918607271788,64.3031304106603,73.83143369944762
80,Ag,Bacillus subtilis,non-pathogenic,chemical_synthesis,MBC,rod-shaped,Bacteria,Bacillota,Bacilli,Bacillales,Bacillaceae,Bacillus,p,soil,107.87,27.43,3,0.16,30,11,23.00188061,0.0,0.0,1.78376517,0.9174395497371505,Klebsiella pneumoniae,0.980655073157099,-0.06321552341994852,8.26874406359201,9.564341471734359
81,Pd,Bacillus subtilis,non-pathogenic,green_synthesis,MIC,cubic,Bacteria,Bacillota,Bacilli,Bacillales,Bacillaceae,Bacillus,p,soil,195.084,18.5,2,0.16,30,10,21.14774404,0.0,0.0,1.870828693,1.5349692469081657,Klebsiella pneumoniae,1.6024804142222087,-0.06751116731404294,34.27435154666947,40.03874112839479
82,ZnO,Bacillus subtilis,non-pathogenic,chemical_synthesis,MBC,nanoplates,Bacteria,Bacillota,Bacilli,Bacillales,Bacillaceae,Bacillus,p,soil,81.3794,44.45,18,0.16,30,8,22.60496136,17.07,0.6865,4.082482905,1.8169817081753847,Klebsiella pneumoniae,1.9291030397315083,-0.11212133155612358,65.6117631041851,84.93819735875599
83,Cu,Bacillus subtilis,non-pathogenic,chemical_synthesis,MBEC,spheroidal,Bacteria,Bacillota,Bacilli,Bacillales,Bacillaceae,Bacillus,p,soil,63.55,25.0,2,0.16,30,11,17.96409803,0.0,0.0,1.243163121,1.9419332023588955,Klebsiella pneumoniae,2.123762848246439,-0.18182964588754347,87.48492067259222,132.97281055784805
84,Ag,Bacillus subtilis,non-pathogenic,chemical_synthesis,MBEC,nanoplates,Bacteria,Bacillota,Bacilli,Bacillales,Bacillaceae,Bacillus,p,soil,107.8682,12.5,0,0.16,30,11,23.00188061,0.0,0.0,1.78376517,2.6486572899474354,Klebsiella pneumoniae,2.8364909349318914,-0.18783364498445598,445.30471127902473,686.2635538205758
