,np,bacteria,bac_type,np_synthesis,method,shape,kingdom,phylum,class,order,family,genus,gram,isolated_from,mol_weight (g/mol),np_size_avg (nm),time_set,"min_Incub_period, h","growth_temp, C",Valance_electron,labuteASA,tpsa,CrippenMR,chi0v,pred_MIC_norm,pathogenic_bacteria,pred_MIC_pathogen,Fitness,pred_norm_MIC_original,pred_path_MIC_original
0,Ag,Bacillus subtilis,non-pathogenic,chemical_synthesis,MIC,spheroidal,Bacteria,Bacillota,Bacilli,Bacillales,Bacillaceae,Bacillus,p,soil,107.87,3.0,18,0.16,30,11,23.00188061,0.0,0.0,1.78376517,0.8698471494655605,Klebsiella pneumoniae,-0.20753855678344424,1.0773857062490046,7.410493820593606,0.6200995885980456
1,ZnO,Bacillus subtilis,non-pathogenic,green_synthesis,MBEC,quasi-hexagonal,Bacteria,Bacillota,Bacilli,Bacillales,Bacillaceae,Bacillus,p,soil,81.3794,6.0,1,0.16,30,8,22.60496136,17.07,0.6865,4.082482905,1.4873642385211594,Klebsiella pneumoniae,0.6849590019290139,0.8024052365921455,30.715970267017454,4.841266631208592
2,Ag,Bacillus subtilis,non-pathogenic,chemical_synthesis,MIC,nanoplates,Bacteria,Bacillota,Bacilli,Bacillales,Bacillaceae,Bacillus,p,soil,107.87,0.8,24,0.16,30,11,23.00188061,0.0,0.0,1.78376517,2.319105660722643,Klebsiella pneumoniae,1.582353118442238,0.7367525422804049,208.4998086427927,38.225495038461375
3,ZnO,Bacillus subtilis,non-pathogenic,green_synthesis,MBC,hexagonal,Bacteria,Bacillota,Bacilli,Bacillales,Bacillaceae,Bacillus,p,soil,81.3794,5.1,0,0.16,30,8,22.60496136,17.07,0.6865,4.082482905,2.5223201898114485,Klebsiella pneumoniae,1.8015174258695665,0.7208027639418819,332.90490173450905,63.316576669100954
4,ZnO,Bacillus subtilis,non-pathogenic,green_synthesis,MBC,spherical,Bacteria,Bacillota,Bacilli,Bacillales,Bacillaceae,Bacillus,p,soil,81.3794,4.7,2,0.16,30,8,22.60496136,17.07,0.6865,4.082482905,2.3077794339248494,Klebsiella pneumoniae,1.6202001970666287,0.6875792368582208,203.13250954607201,41.70615923736661
5,Ag,Bacillus subtilis,non-pathogenic,green_synthesis,MIC,quasi-hexagonal,Bacteria,Bacillota,Bacilli,Bacillales,Bacillaceae,Bacillus,p,soil,107.87,0.8,24,0.16,30,11,23.00188061,0.0,0.0,1.78376517,1.7592040655997434,Klebsiella pneumoniae,1.1633309427770562,0.5958731228226872,57.43862905248599,14.56568597879903
6,ZnO,Bacillus subtilis,non-pathogenic,green_synthesis,MBC,spherical,Bacteria,Bacillota,Bacilli,Bacillales,Bacillaceae,Bacillus,p,soil,81.3794,1.4,3,0.16,30,8,22.60496136,17.07,0.6865,4.082482905,1.819687711178863,Klebsiella pneumoniae,1.2259340207014295,0.5937536904774334,66.02185328926733,16.824184436819063
7,TiO2,Bacillus subtilis,non-pathogenic,green_synthesis,MIC,hexagonal,Bacteria,Bacillota,Bacilli,Bacillales,Bacillaceae,Bacillus,p,soil,79.866,6.0,4,0.16,30,16,26.40611331,34.14,1.373,2.878049394,2.7995866338114936,Klebsiella pneumoniae,2.217158931991089,0.5824277018204045,630.3570781657903,164.8765654236384
8,CeO2,Bacillus subtilis,non-pathogenic,green_synthesis,MIC,spheroidal,Bacteria,Bacillota,Bacilli,Bacillales,Bacillaceae,Bacillus,p,soil,172.115,4.0,0,0.16,30,16,39.19032095,34.14,1.373,4.456551526,2.373270446672401,Klebsiella pneumoniae,1.8068735909424363,0.5663968557299648,236.1948623251054,64.10229684043081
9,ZnO,Bacillus subtilis,non-pathogenic,green_synthesis,MIC,spheroidal,Bacteria,Bacillota,Bacilli,Bacillales,Bacillaceae,Bacillus,p,soil,81.3794,6.0,24,0.16,30,8,22.60496136,17.07,0.6865,4.082482905,1.997216705751122,Klebsiella pneumoniae,1.4309089676109537,0.5663077381401684,99.36117205310491,26.971740190228626
10,Au,Bacillus subtilis,non-pathogenic,chemical_synthesis,MIC,cubic,Bacteria,Bacillota,Bacilli,Bacillales,Bacillaceae,Bacillus,p,soil,196.966569,3.0,2,0.16,30,11,23.00188061,0.0,0.0,2.46797672,2.000413598781657,Klebsiella pneumoniae,1.4361814688196368,0.5642321299620203,100.09528000149382,27.301183173444496
11,ZnO,Bacillus subtilis,non-pathogenic,chemical_synthesis,MBC,rod-shaped,Bacteria,Bacillota,Bacilli,Bacillales,Bacillaceae,Bacillus,p,soil,81.3794,6.0,3,0.16,30,8,22.60496136,17.07,0.6865,4.082482905,1.6090752617168984,Klebsiella pneumoniae,1.0542212461280944,0.554854015588804,40.6513770478055,11.329773980223143
12,Ag,Bacillus subtilis,non-pathogenic,green_synthesis,MIC,nanoplates,Bacteria,Bacillota,Bacilli,Bacillales,Bacillaceae,Bacillus,p,soil,107.87,0.8,3,0.16,30,11,23.00188061,0.0,0.0,1.78376517,1.8848141218843282,Klebsiella pneumoniae,1.3322566738993045,0.5525574479850237,76.70331287817883,21.491002461134396
13,ZnO,Bacillus subtilis,non-pathogenic,green_synthesis,MBEC,nanoplates,Bacteria,Bacillota,Bacilli,Bacillales,Bacillaceae,Bacillus,p,soil,81.3794,10.0,4,0.16,30,8,22.60496136,17.07,0.6865,4.082482905,2.590220853303451,Klebsiella pneumoniae,2.0437162559423334,0.5465045973611176,389.24303780626246,110.59010131764468
14,Ag,Bacillus subtilis,non-pathogenic,green_synthesis,MIC,cubic,Bacteria,Bacillota,Bacilli,Bacillales,Bacillaceae,Bacillus,p,soil,107.87,0.8,24,0.16,30,11,23.00188061,0.0,0.0,1.78376517,2.6372031795039366,Klebsiella pneumoniae,2.0997012318274115,0.537501947676525,433.7137387410887,125.80596455598541
15,ZnO,Bacillus subtilis,non-pathogenic,green_synthesis,MBC,spheroidal,Bacteria,Bacillota,Bacilli,Bacillales,Bacillaceae,Bacillus,p,soil,81.3794,5.1,2,0.16,30,8,22.60496136,17.07,0.6865,4.082482905,2.600975821874341,Klebsiella pneumoniae,2.0760703595316494,0.5249054623426916,399.0026883896332,119.14350153600216
16,TiO2,Bacillus subtilis,non-pathogenic,green_synthesis,MIC,rod-shaped,Bacteria,Bacillota,Bacilli,Bacillales,Bacillaceae,Bacillus,p,soil,79.866,4.7,4,0.16,30,16,26.40611331,34.14,1.373,2.878049394,2.0711715189204454,Klebsiella pneumoniae,1.5876107139249502,0.48356080499549514,117.80711454351946,38.69106765169286
17,Ag,Bacillus subtilis,non-pathogenic,chemical_synthesis,MIC,quasi-hexagonal,Bacteria,Bacillota,Bacilli,Bacillales,Bacillaceae,Bacillus,p,soil,107.87,18.0,0,0.16,30,11,23.00188061,0.0,0.0,1.78376517,0.5515017359192511,Klebsiella pneumoniae,0.07989599123449409,0.471605744684757,3.5604241317088006,1.201976539945747
18,ZnO,Bacillus subtilis,non-pathogenic,chemical_synthesis,MBEC,cubic,Bacteria,Bacillota,Bacilli,Bacillales,Bacillaceae,Bacillus,p,soil,81.3794,8.7,4,0.16,30,8,22.60496136,17.07,0.6865,4.082482905,2.4452752182306616,Klebsiella pneumoniae,1.9818031694964917,0.4634720487341699,278.78873304962076,95.89659114563453
19,ZnO,Bacillus subtilis,non-pathogenic,chemical_synthesis,MIC,nanoplates,Bacteria,Bacillota,Bacilli,Bacillales,Bacillaceae,Bacillus,p,soil,81.3794,6.0,3,0.16,30,8,22.60496136,17.07,0.6865,4.082482905,2.1585759636951116,Klebsiella pneumoniae,1.7021133071000283,0.45646265659508334,144.0707986580389,50.36319888515371
20,CuO,Bacillus subtilis,non-pathogenic,green_synthesis,MBC,quasi-hexagonal,Bacteria,Bacillota,Bacilli,Bacillales,Bacillaceae,Bacillus,p,soil,79.5454,25.0,0,0.16,30,17,20.67942236,17.07,0.6865,1.651411411,2.3920001439706553,Klebsiella pneumoniae,1.937963766831922,0.45403637713873324,246.60401547380678,86.68895481871245
21,CeO2,Bacillus subtilis,non-pathogenic,chemical_synthesis,MIC,spheroidal,Bacteria,Bacillota,Bacilli,Bacillales,Bacillaceae,Bacillus,p,soil,172.115,9.0,18,0.16,30,16,39.19032095,34.14,1.373,4.456551526,2.5668364775330863,Klebsiella pneumoniae,2.117334291470509,0.4495021860625772,368.8386956550054,131.01900335055308
22,ZnO,Bacillus subtilis,non-pathogenic,chemical_synthesis,MBC,spheroidal,Bacteria,Bacillota,Bacilli,Bacillales,Bacillaceae,Bacillus,p,soil,81.3794,0.8,18,0.16,30,8,22.60496136,17.07,0.6865,4.082482905,1.139682148698931,Klebsiella pneumoniae,0.6912069082225247,0.4484752404764063,13.793743590358602,4.91141812064805
23,Ag,Bacillus subtilis,non-pathogenic,green_synthesis,MBEC,spheroidal,Bacteria,Bacillota,Bacilli,Bacillales,Bacillaceae,Bacillus,p,soil,107.87,3.0,18,0.16,30,11,23.00188061,0.0,0.0,1.78376517,1.8073648038411556,Klebsiella pneumoniae,1.3643768907860898,0.4429879130550658,64.17484137047681,23.140721243019588
24,TiO2,Bacillus subtilis,non-pathogenic,chemical_synthesis,MBEC,cubic,Bacteria,Bacillota,Bacilli,Bacillales,Bacillaceae,Bacillus,p,soil,79.866,4.7,3,0.16,30,16,26.40611331,34.14,1.373,2.878049394,2.926863863067008,Klebsiella pneumoniae,2.484359016675887,0.4425048463911212,845.0139197691323,305.041562386527
25,CuO,Bacillus subtilis,non-pathogenic,green_synthesis,MBC,quasi-spherical,Bacteria,Bacillota,Bacilli,Bacillales,Bacillaceae,Bacillus,p,soil,79.5454,79.0,1,0.16,30,17,20.67942236,17.07,0.6865,1.651411411,1.8568497071994194,Klebsiella pneumoniae,1.4149048379405902,0.44194486925882925,71.92000471539014,25.99589881895712
26,CeO2,Bacillus subtilis,non-pathogenic,chemical_synthesis,MBEC,quasi-spherical,Bacteria,Bacillota,Bacilli,Bacillales,Bacillaceae,Bacillus,p,soil,172.115,6.0,4,0.16,30,16,39.19032095,34.14,1.373,4.456551526,2.8793226967065806,Klebsiella pneumoniae,2.441083028826523,0.43823966788005775,757.3954585586092,276.11056765379675
27,ZnO,Bacillus subtilis,non-pathogenic,green_synthesis,MBC,spheroidal,Bacteria,Bacillota,Bacilli,Bacillales,Bacillaceae,Bacillus,p,soil,81.3794,27.43,18,0.16,30,8,22.60496136,17.07,0.6865,4.082482905,2.131120410496177,Klebsiella pneumoniae,1.7009930516738478,0.43012735882232933,135.2447484604012,50.23345525512172
28,ZrO2,Bacillus subtilis,non-pathogenic,chemical_synthesis,MIC,rod-shaped,Bacteria,Bacillota,Bacilli,Bacillales,Bacillaceae,Bacillus,p,soil,123.2218,6.0,18,0.16,30,16,29.29254423,34.14,1.373,3.774536472,2.006606282088007,Klebsiella pneumoniae,1.5782911737231444,0.4283151083648624,101.53278107991669,37.86963974839065
29,Au,Bacillus subtilis,non-pathogenic,green_synthesis,MIC,cubic,Bacteria,Bacillota,Bacilli,Bacillales,Bacillaceae,Bacillus,p,soil,196.966569,1.4,2,0.16,30,11,23.00188061,0.0,0.0,2.46797672,2.1325942448708237,Klebsiella pneumoniae,1.7100861790152928,0.4225080658555309,135.70449863861876,51.29631634897914
30,ZnO,Bacillus subtilis,non-pathogenic,green_synthesis,MIC,tetragonal,Bacteria,Bacillota,Bacilli,Bacillales,Bacillaceae,Bacillus,p,soil,81.3794,0.8,1,0.16,30,8,22.60496136,17.07,0.6865,4.082482905,0.22924075330895888,Klebsiella pneumoniae,-0.19102046298763997,0.42026121629659885,1.695277325436431,0.6441389144107356
31,ZnO,Bacillus subtilis,non-pathogenic,chemical_synthesis,MBEC,hexagonal,Bacteria,Bacillota,Bacilli,Bacillales,Bacillaceae,Bacillus,p,soil,81.3794,9.0,4,0.16,30,8,22.60496136,17.07,0.6865,4.082482905,2.4558960991202277,Klebsiella pneumoniae,2.039775866084252,0.4161202330359757,285.69069734225747,109.59124635435617
32,Ag,Bacillus subtilis,non-pathogenic,chemical_synthesis,MIC,quasi-hexagonal,Bacteria,Bacillota,Bacilli,Bacillales,Bacillaceae,Bacillus,p,soil,107.87,28.0,3,0.16,30,11,23.00188061,0.0,0.0,1.78376517,0.3866515137326081,Klebsiella pneumoniae,-0.023833873134678774,0.41048538686728686,2.4358554565712756,0.9465991864182541
33,TiO2,Bacillus subtilis,non-pathogenic,chemical_synthesis,MBC,rod-shaped,Bacteria,Bacillota,Bacilli,Bacillales,Bacillaceae,Bacillus,p,soil,79.866,9.0,4,0.16,30,16,26.40611331,34.14,1.373,2.878049394,2.3965338862418553,Klebsiella pneumoniae,1.9898573680730196,0.40667651816883565,249.19187980135112,97.69163273049436
34,ZnO,Bacillus subtilis,non-pathogenic,green_synthesis,MBC,rod-shaped,Bacteria,Bacillota,Bacilli,Bacillales,Bacillaceae,Bacillus,p,soil,81.3794,20.0,0,0.16,30,8,22.60496136,17.07,0.6865,4.082482905,1.9239394293165948,Klebsiella pneumoniae,1.5202754758326555,0.40366395348393924,83.93429159104268,33.134122674897824
35,CuO,Bacillus subtilis,non-pathogenic,green_synthesis,MBEC,quasi-spherical,Bacteria,Bacillota,Bacilli,Bacillales,Bacillaceae,Bacillus,p,soil,79.5454,3.0,2,0.16,30,17,20.67942236,17.07,0.6865,1.651411411,3.0752181917740837,Klebsiella pneumoniae,2.677191864277108,0.39802632749697553,1189.099487069431,475.54526774988955
36,Au,Bacillus subtilis,non-pathogenic,green_synthesis,MIC,hexagonal,Bacteria,Bacillota,Bacilli,Bacillales,Bacillaceae,Bacillus,p,soil,196.966569,3.0,1,0.16,30,11,23.00188061,0.0,0.0,2.46797672,1.9654838454729626,Klebsiella pneumoniae,1.5705614104923247,0.39492243498063795,92.35998324777812,37.2015821553073
37,CuO,Bacillus subtilis,non-pathogenic,green_synthesis,MIC,cubic,Bacteria,Bacillota,Bacilli,Bacillales,Bacillaceae,Bacillus,p,soil,79.5454,0.8,1,0.16,30,17,20.67942236,17.07,0.6865,1.651411411,2.2787135956843576,Klebsiella pneumoniae,1.8883270194987314,0.3903865761856262,189.98249885445964,77.32626251294282
38,CuO,Bacillus subtilis,non-pathogenic,green_synthesis,MIC,cubic,Bacteria,Bacillota,Bacilli,Bacillales,Bacillaceae,Bacillus,p,soil,79.5454,0.8,1,0.16,30,17,20.67942236,17.07,0.6865,1.651411411,2.2787135956843576,Klebsiella pneumoniae,1.8883270194987314,0.3903865761856262,189.98249885445964,77.32626251294282
39,Ag,Bacillus subtilis,non-pathogenic,chemical_synthesis,MIC,quasi-spherical,Bacteria,Bacillota,Bacilli,Bacillales,Bacillaceae,Bacillus,p,soil,107.87,10.0,3,0.16,30,11,23.00188061,0.0,0.0,1.78376517,1.4470741491177186,Klebsiella pneumoniae,1.0570045514484714,0.3900695976692472,27.994592435369775,11.40261737552623
40,ZnO,Bacillus subtilis,non-pathogenic,green_synthesis,MIC,rod-shaped,Bacteria,Bacillota,Bacilli,Bacillales,Bacillaceae,Bacillus,p,soil,81.3794,12.0,0,0.16,30,8,22.60496136,17.07,0.6865,4.082482905,1.4029466032456464,Klebsiella pneumoniae,1.015448286919985,0.38749831632566134,25.289870369310087,10.362112115122349
41,Ag,Bacillus subtilis,non-pathogenic,green_synthesis,MIC,cubic,Bacteria,Bacillota,Bacilli,Bacillales,Bacillaceae,Bacillus,p,soil,107.8682,1.9,3,0.16,30,11,23.00188061,0.0,0.0,1.78376517,1.7846766020676106,Klebsiella pneumoniae,1.4000392837755409,0.3846373182920697,60.90831737765448,25.12113652553951
42,ZnO,Bacillus subtilis,non-pathogenic,green_synthesis,MBC,hexagonal,Bacteria,Bacillota,Bacilli,Bacillales,Bacillaceae,Bacillus,p,soil,81.3794,26.38,4,0.16,30,8,22.60496136,17.07,0.6865,4.082482905,2.1852668404269515,Klebsiella pneumoniae,1.8094087006975734,0.3758581397293781,153.2028485774629,64.47757580143036
43,TiO2,Bacillus subtilis,non-pathogenic,green_synthesis,MBEC,quasi-spherical,Bacteria,Bacillota,Bacilli,Bacillales,Bacillaceae,Bacillus,p,soil,79.866,13.0,0,0.16,30,16,26.40611331,34.14,1.373,2.878049394,2.920059092925171,Klebsiella pneumoniae,2.5442915132321393,0.37576757969303154,831.8769539783731,350.1801409829922
44,TiO2,Bacillus subtilis,non-pathogenic,green_synthesis,MBEC,quasi-spherical,Bacteria,Bacillota,Bacilli,Bacillales,Bacillaceae,Bacillus,p,soil,79.866,13.0,0,0.16,30,16,26.40611331,34.14,1.373,2.878049394,2.920059092925171,Klebsiella pneumoniae,2.5442915132321393,0.37576757969303154,831.8769539783731,350.1801409829922
45,Al2O3,Bacillus subtilis,non-pathogenic,green_synthesis,MBEC,tetragonal,Bacteria,Bacillota,Bacilli,Bacillales,Bacillaceae,Bacillus,p,soil,101.961276,12.0,18,0.16,30,24,51.55776403,85.5,13.5675,4.688846487,1.754393339249667,Klebsiella pneumoniae,1.4467771764829473,0.30761616276671955,56.80588617527691,27.97545614324588
46,Ag,Bacillus subtilis,non-pathogenic,green_synthesis,MIC,spheroidal,Bacteria,Bacillota,Bacilli,Bacillales,Bacillaceae,Bacillus,p,soil,107.87,8.7,3,0.16,30,11,23.00188061,0.0,0.0,1.78376517,1.7221441302010372,Klebsiella pneumoniae,1.4439078830826513,0.2782362471183859,52.74048633165104,27.791237335284613
47,ZnO,Bacillus subtilis,non-pathogenic,green_synthesis,MBEC,spherical,Bacteria,Bacillota,Bacilli,Bacillales,Bacillaceae,Bacillus,p,soil,81.3794,37.86,2,0.16,30,8,22.60496136,17.07,0.6865,4.082482905,1.5967008342041624,Klebsiella pneumoniae,1.3425844095704855,0.2541164246336769,39.50943636962545,22.008194198148978
48,CeO2,Bacillus subtilis,non-pathogenic,green_synthesis,MBC,rod-shaped,Bacteria,Bacillota,Bacilli,Bacillales,Bacillaceae,Bacillus,p,soil,172.115,4.7,1,0.16,30,16,39.19032095,34.14,1.373,4.456551526,2.5269503722721103,Klebsiella pneumoniae,2.2908689935384468,0.23608137873366353,336.47311770009594,195.37500112970898
49,Ag,Bacillus subtilis,non-pathogenic,green_synthesis,MBEC,quasi-hexagonal,Bacteria,Bacillota,Bacilli,Bacillales,Bacillaceae,Bacillus,p,soil,107.87,12.0,4,0.16,30,11,23.00188061,0.0,0.0,1.78376517,1.3506332258393436,Klebsiella pneumoniae,1.1464500310778463,0.20418319476149738,22.419877010407934,14.01038375419534
50,ZnO,Bacillus subtilis,non-pathogenic,chemical_synthesis,MBEC,cubic,Bacteria,Bacillota,Bacilli,Bacillales,Bacillaceae,Bacillus,p,soil,81.3794,20.0,0,0.16,30,8,22.60496136,17.07,0.6865,4.082482905,2.421151977199189,Klebsiella pneumoniae,2.2520582857515343,0.16909369144765485,263.72541062121013,178.67273516921364
51,Ag,Bacillus subtilis,non-pathogenic,chemical_synthesis,MBEC,quasi-hexagonal,Bacteria,Bacillota,Bacilli,Bacillales,Bacillaceae,Bacillus,p,soil,107.87,1.4,24,0.16,30,11,23.00188061,0.0,0.0,1.78376517,1.6239967152327748,Klebsiella pneumoniae,1.459782995194042,0.1642137200387328,42.07234462491166,28.82590793218284
52,CuO,Bacillus subtilis,non-pathogenic,chemical_synthesis,MBC,spheroidal,Bacteria,Bacillota,Bacilli,Bacillales,Bacillaceae,Bacillus,p,soil,79.5454,5.1,4,0.16,30,17,20.67942236,17.07,0.6865,1.651411411,2.717603399532391,Klebsiella pneumoniae,2.598157983315261,0.11944541621713034,521.9193512541441,396.4222145491706
53,ZnO,Bacillus subtilis,non-pathogenic,green_synthesis,MIC,triangular,Bacteria,Bacillota,Bacilli,Bacillales,Bacillaceae,Bacillus,p,soil,81.3794,79.0,24,0.16,30,8,22.60496136,17.07,0.6865,4.082482905,0.1035146392514128,Klebsiella pneumoniae,-0.011339330202288389,0.11485396945370119,1.2691549245532978,0.9742281400968074
54,ZnO,Bacillus subtilis,non-pathogenic,chemical_synthesis,MIC,tetragonal,Bacteria,Bacillota,Bacilli,Bacillales,Bacillaceae,Bacillus,p,soil,81.3794,28.0,18,0.16,30,8,22.60496136,17.07,0.6865,4.082482905,0.013126362678441694,Klebsiella pneumoniae,-0.09143928444705551,0.10456564712549721,1.0306859660513645,0.8101411937119302
55,Ag,Bacillus subtilis,non-pathogenic,chemical_synthesis,MBEC,quasi-hexagonal,Bacteria,Bacillota,Bacilli,Bacillales,Bacillaceae,Bacillus,p,soil,107.8682,27.43,4,0.16,30,11,23.00188061,0.0,0.0,1.78376517,1.1524572744741208,Klebsiella pneumoniae,1.0577907510055735,0.09466652346854731,14.205524532299421,11.423278130825267
56,ZnO,Bacillus subtilis,non-pathogenic,green_synthesis,MBEC,quasi-spherical,Bacteria,Bacillota,Bacilli,Bacillales,Bacillaceae,Bacillus,p,soil,81.3794,10.0,24,0.16,30,8,22.60496136,17.07,0.6865,4.082482905,2.7097190544724685,Klebsiella pneumoniae,2.620504681005403,0.0892143734670654,512.5297207457974,417.35409685600655
57,Au,Bacillus subtilis,non-pathogenic,green_synthesis,MBC,spherical,Bacteria,Bacillota,Bacilli,Bacillales,Bacillaceae,Bacillus,p,soil,196.966569,18.0,4,0.16,30,11,23.00188061,0.0,0.0,2.46797672,1.364772397776795,Klebsiella pneumoniae,1.2885100888410146,0.07626230893578034,23.161804830593052,19.431668318758863
58,Ag,Bacillus subtilis,non-pathogenic,green_synthesis,MBC,tetragonal,Bacteria,Bacillota,Bacilli,Bacillales,Bacillaceae,Bacillus,p,soil,107.87,60.0,0,0.16,30,11,23.00188061,0.0,0.0,1.78376517,0.7019057306835284,Klebsiella pneumoniae,0.6748994120034706,0.02700631868005776,5.03391329234122,4.730416839426886
59,Au,Bacillus subtilis,non-pathogenic,green_synthesis,MIC,tetragonal,Bacteria,Bacillota,Bacilli,Bacillales,Bacillaceae,Bacillus,p,soil,196.966569,10.0,1,0.16,30,11,23.00188061,0.0,0.0,2.46797672,0.9299178842364325,Klebsiella pneumoniae,0.9862512138247765,-0.05633332958834403,8.509771214840837,9.688381100955173
60,Ag,Bacillus subtilis,non-pathogenic,green_synthesis,MIC,hexagonal,Bacteria,Bacillota,Bacilli,Bacillales,Bacillaceae,Bacillus,p,soil,107.87,12.5,2,0.16,30,11,23.00188061,0.0,0.0,1.78376517,2.352586700695151,Klebsiella pneumoniae,2.4191843174910503,-0.06659761679589948,225.2094970489054,262.533251570754
61,Cu,Bacillus subtilis,non-pathogenic,green_synthesis,MBEC,quasi-hexagonal,Bacteria,Bacillota,Bacilli,Bacillales,Bacillaceae,Bacillus,p,soil,63.55,28.0,24,0.16,30,11,17.96409803,0.0,0.0,1.243163121,1.482475712027506,Klebsiella pneumoniae,1.5935435418615163,-0.1110678298340102,30.372162305038938,39.22324691342433
62,ZnO,Bacillus subtilis,non-pathogenic,green_synthesis,MIC,cubic,Bacteria,Bacillota,Bacilli,Bacillales,Bacillaceae,Bacillus,p,soil,81.3794,22.5,18,0.16,30,8,22.60496136,17.07,0.6865,4.082482905,1.595880331743777,Klebsiella pneumoniae,1.7344982987454804,-0.13861796700170337,39.43486257816331,54.262312571634475
63,Au,Bacillus subtilis,non-pathogenic,chemical_synthesis,MBC,tetragonal,Bacteria,Bacillota,Bacilli,Bacillales,Bacillaceae,Bacillus,p,soil,196.966569,3.0,4,0.16,30,11,23.00188061,0.0,0.0,2.46797672,0.8748561295457001,Klebsiella pneumoniae,1.0448554798120444,-0.16999935026634427,7.496458300486711,11.08805776531302
64,Ag,Bacillus subtilis,non-pathogenic,green_synthesis,MBEC,spherical,Bacteria,Bacillota,Bacilli,Bacillales,Bacillaceae,Bacillus,p,soil,107.87,4.0,18,0.16,30,11,23.00188061,0.0,0.0,1.78376517,1.6900959075122375,Klebsiella pneumoniae,1.8838153129679862,-0.19371940545574873,48.98869917195799,76.52711003474157
65,CuO,Bacillus subtilis,non-pathogenic,chemical_synthesis,MIC,quasi-hexagonal,Bacteria,Bacillota,Bacilli,Bacillales,Bacillaceae,Bacillus,p,soil,79.5454,26.38,3,0.16,30,17,20.67942236,17.07,0.6865,1.651411411,1.9247208195796683,Klebsiella pneumoniae,2.1304665967948084,-0.2057457772151401,84.08544358021193,135.04129585732744
66,ZnO,Bacillus subtilis,non-pathogenic,green_synthesis,MIC,quasi-spherical,Bacteria,Bacillota,Bacilli,Bacillales,Bacillaceae,Bacillus,p,soil,81.3794,30.0,24,0.16,30,8,22.60496136,17.07,0.6865,4.082482905,1.6124956095336953,Klebsiella pneumoniae,1.9735186636171576,-0.36102305408346225,40.97279676795654,94.0846261628194
67,Au,Bacillus subtilis,non-pathogenic,chemical_synthesis,MBEC,rod-shaped,Bacteria,Bacillota,Bacilli,Bacillales,Bacillaceae,Bacillus,p,soil,196.966569,13.0,24,0.16,30,11,23.00188061,0.0,0.0,2.46797672,2.1352139721266528,Klebsiella pneumoniae,2.638381414335374,-0.5031674422087211,136.5255617378031,434.8919955989441
