,np,bacteria,bac_type,np_synthesis,method,shape,kingdom,phylum,class,order,family,genus,gram,isolated_from,mol_weight (g/mol),np_size_avg (nm),time_set,"min_Incub_period, h","growth_temp, C",Valance_electron,labuteASA,tpsa,CrippenMR,chi0v,pred_MIC_norm,pathogenic_bacteria,pred_MIC_pathogen,Fitness,pred_norm_MIC_original,pred_path_MIC_original
0,Ag,Bacillus subtilis,non-pathogenic,chemical_synthesis,MIC,quasi-hexagonal,Bacteria,Bacillota,Bacilli,Bacillales,Bacillaceae,Bacillus,p,soil,107.87,3.0,0,0.16,30,11,23.00188061,0.0,0.0,1.78376517,0.5983212077386824,Klebsiella pneumoniae,-0.27634232824313587,0.8746635359818182,3.9657123313234948,0.5292461065291406
1,ZnO,Bacillus subtilis,non-pathogenic,green_synthesis,MIC,quasi-spherical,Bacteria,Bacillota,Bacilli,Bacillales,Bacillaceae,Bacillus,p,soil,81.3794,3.0,3,0.16,30,8,22.60496136,17.07,0.6865,4.082482905,1.2251816440734513,Klebsiella pneumoniae,0.40826739537952017,0.8169142486939311,16.795063263343923,2.560161694872466
2,Pd,Bacillus subtilis,non-pathogenic,chemical_synthesis,MIC,cubic,Bacteria,Bacillota,Bacilli,Bacillales,Bacillaceae,Bacillus,p,soil,195.084,4.0,2,0.16,30,10,21.14774404,0.0,0.0,1.870828693,0.7530847764139271,Klebsiella pneumoniae,-0.036312297019540196,0.7893970734334673,5.663498325149428,0.9197879231666792
3,ZnO,Bacillus subtilis,non-pathogenic,green_synthesis,MBC,nanoplates,Bacteria,Bacillota,Bacilli,Bacillales,Bacillaceae,Bacillus,p,soil,81.3794,6.0,4,0.16,30,8,22.60496136,17.07,0.6865,4.082482905,2.5419714824307444,Klebsiella pneumoniae,1.7561470294351647,0.7858244529955798,348.3144425202836,57.035733281084354
4,Ag,Bacillus subtilis,non-pathogenic,chemical_synthesis,MIC,spherical,Bacteria,Bacillota,Bacilli,Bacillales,Bacillaceae,Bacillus,p,soil,107.87,3.0,4,0.16,30,11,23.00188061,0.0,0.0,1.78376517,0.9048859894226131,Klebsiella pneumoniae,0.12203194140296714,0.782854048019646,8.033152089521849,1.3244389411807578
5,TiO2,Bacillus subtilis,non-pathogenic,green_synthesis,MIC,quasi-spherical,Bacteria,Bacillota,Bacilli,Bacillales,Bacillaceae,Bacillus,p,soil,79.866,1.9,3,0.16,30,16,26.40611331,34.14,1.373,2.878049394,2.239212077179548,Klebsiella pneumoniae,1.4844704968049351,0.7547415803746127,173.46508656523662,30.51198743133007
6,ZnO,Bacillus subtilis,non-pathogenic,green_synthesis,MBEC,quasi-spherical,Bacteria,Bacillota,Bacilli,Bacillales,Bacillaceae,Bacillus,p,soil,81.3794,5.1,0,0.16,30,8,22.60496136,17.07,0.6865,4.082482905,2.4711844576333686,Klebsiella pneumoniae,1.731380484035695,0.7398039735976736,295.92690882456344,53.874156562094804
7,Ag,Bacillus subtilis,non-pathogenic,green_synthesis,MIC,quasi-spherical,Bacteria,Bacillota,Bacilli,Bacillales,Bacillaceae,Bacillus,p,soil,107.87,3.0,4,0.16,30,11,23.00188061,0.0,0.0,1.78376517,1.538063397575005,Klebsiella pneumoniae,0.8425470219701556,0.6955163756048495,34.519412651365265,6.959002971996729
8,Pt,Bacillus subtilis,non-pathogenic,green_synthesis,MIC,cubic,Bacteria,Bacillota,Bacilli,Bacillales,Bacillaceae,Bacillus,p,soil,195.084,4.0,3,0.16,30,10,21.75656585,0.0,0.0,2.588435821,0.9518854705224881,Klebsiella pneumoniae,0.26649230800087276,0.6853931625216153,8.951286765756699,1.847108079597412
9,ZnO,Bacillus subtilis,non-pathogenic,green_synthesis,MBC,quasi-spherical,Bacteria,Bacillota,Bacilli,Bacillales,Bacillaceae,Bacillus,p,soil,81.3794,0.8,0,0.16,30,8,22.60496136,17.07,0.6865,4.082482905,1.56605291060889,Klebsiella pneumoniae,0.8873701556416714,0.6786827549672186,36.817382596167164,7.715608016361113
10,TiO2,Bacillus subtilis,non-pathogenic,chemical_synthesis,MIC,quasi-spherical,Bacteria,Bacillota,Bacilli,Bacillales,Bacillaceae,Bacillus,p,soil,79.866,3.0,4,0.16,30,16,26.40611331,34.14,1.373,2.878049394,2.0652604782080153,Klebsiella pneumoniae,1.388323331659771,0.6769371465482443,116.2145428581724,24.452503608042594
11,ZnO,Bacillus subtilis,non-pathogenic,green_synthesis,MBEC,quasi-hexagonal,Bacteria,Bacillota,Bacilli,Bacillales,Bacillaceae,Bacillus,p,soil,81.3794,8.7,0,0.16,30,8,22.60496136,17.07,0.6865,4.082482905,1.5224680303350617,Klebsiella pneumoniae,0.8532536644641722,0.6692143658708896,33.30182469762094,7.132695178056804
12,CeO2,Bacillus subtilis,non-pathogenic,chemical_synthesis,MIC,cubic,Bacteria,Bacillota,Bacilli,Bacillales,Bacillaceae,Bacillus,p,soil,172.115,5.1,3,0.16,30,16,39.19032095,34.14,1.373,4.456551526,3.0619190986695903,Klebsiella pneumoniae,2.3985415162282004,0.6633775824413899,1153.2384100254028,250.3464954796348
13,Au,Bacillus subtilis,non-pathogenic,chemical_synthesis,MIC,quasi-hexagonal,Bacteria,Bacillota,Bacilli,Bacillales,Bacillaceae,Bacillus,p,soil,196.966569,1.4,1,0.16,30,11,23.00188061,0.0,0.0,2.46797672,1.1948371346246411,Klebsiella pneumoniae,0.5440657622099931,0.650771372414648,15.66163630773771,3.499981608170642
14,ZnO,Bacillus subtilis,non-pathogenic,green_synthesis,MBEC,rod-shaped,Bacteria,Bacillota,Bacilli,Bacillales,Bacillaceae,Bacillus,p,soil,81.3794,5.1,2,0.16,30,8,22.60496136,17.07,0.6865,4.082482905,2.2417317601013194,Klebsiella pneumoniae,1.593413920557965,0.6483178395433544,174.47441871960237,39.2115419299145
15,Ag,Bacillus subtilis,non-pathogenic,green_synthesis,MIC,quasi-hexagonal,Bacteria,Bacillota,Bacilli,Bacillales,Bacillaceae,Bacillus,p,soil,107.87,0.8,4,0.16,30,11,23.00188061,0.0,0.0,1.78376517,0.9130868079982549,Klebsiella pneumoniae,0.2659269895381968,0.6471598184600581,8.18628401521788,1.8447052745398755
16,TiO2,Bacillus subtilis,non-pathogenic,green_synthesis,MBEC,rod-shaped,Bacteria,Bacillota,Bacilli,Bacillales,Bacillaceae,Bacillus,p,soil,79.866,6.0,0,0.16,30,16,26.40611331,34.14,1.373,2.878049394,2.95890092823912,Klebsiella pneumoniae,2.3180831965476267,0.6408177316914934,909.7057258350451,208.0095126792806
17,Au,Bacillus subtilis,non-pathogenic,chemical_synthesis,MIC,quasi-hexagonal,Bacteria,Bacillota,Bacilli,Bacillales,Bacillaceae,Bacillus,p,soil,196.966569,3.0,0,0.16,30,11,23.00188061,0.0,0.0,2.46797672,1.1554418109697528,Klebsiella pneumoniae,0.5256813936053426,0.6297604173644102,14.303483224837267,3.3549140129764834
18,ZnO,Bacillus subtilis,non-pathogenic,green_synthesis,MBEC,quasi-hexagonal,Bacteria,Bacillota,Bacilli,Bacillales,Bacillaceae,Bacillus,p,soil,81.3794,3.0,4,0.16,30,8,22.60496136,17.07,0.6865,4.082482905,1.069853824562839,Klebsiella pneumoniae,0.4442756293832104,0.6255781951796286,11.74502172838971,2.78147800082832
19,Ag,Bacillus subtilis,non-pathogenic,green_synthesis,MIC,cubic,Bacteria,Bacillota,Bacilli,Bacillales,Bacillaceae,Bacillus,p,soil,107.87,1.9,0,0.16,30,11,23.00188061,0.0,0.0,1.78376517,2.012224135231781,Klebsiella pneumoniae,1.3913006361619435,0.6209234990698376,102.85469844430024,24.620713595025794
20,ZnO,Bacillus subtilis,non-pathogenic,green_synthesis,MBC,rod-shaped,Bacteria,Bacillota,Bacilli,Bacillales,Bacillaceae,Bacillus,p,soil,81.3794,9.0,0,0.16,30,8,22.60496136,17.07,0.6865,4.082482905,2.191300433949975,Klebsiella pneumoniae,1.5761120947025673,0.6151883392474078,155.34612836047998,37.680104164303046
21,Ag,Bacillus subtilis,non-pathogenic,green_synthesis,MIC,spheroidal,Bacteria,Bacillota,Bacilli,Bacillales,Bacillaceae,Bacillus,p,soil,107.87,0.8,1,0.16,30,11,23.00188061,0.0,0.0,1.78376517,1.3492697838245786,Klebsiella pneumoniae,0.7354427433029589,0.6138270405216197,22.34960149416184,5.438044326785618
22,ZnO,Bacillus subtilis,non-pathogenic,chemical_synthesis,MIC,quasi-hexagonal,Bacteria,Bacillota,Bacilli,Bacillales,Bacillaceae,Bacillus,p,soil,81.3794,6.0,4,0.16,30,8,22.60496136,17.07,0.6865,4.082482905,0.9037504242585835,Klebsiella pneumoniae,0.29196280883297265,0.6117876154256109,8.012174959003143,1.958676933405208
23,TiO2,Bacillus subtilis,non-pathogenic,chemical_synthesis,MIC,spherical,Bacteria,Bacillota,Bacilli,Bacillales,Bacillaceae,Bacillus,p,soil,79.866,1.9,0,0.16,30,16,26.40611331,34.14,1.373,2.878049394,2.2251089765609864,Klebsiella pneumoniae,1.6136927093489,0.6114162672120864,167.92253295867087,41.0858909722656
24,Ag,Bacillus subtilis,non-pathogenic,green_synthesis,MIC,spherical,Bacteria,Bacillota,Bacilli,Bacillales,Bacillaceae,Bacillus,p,soil,107.87,1.4,24,0.16,30,11,23.00188061,0.0,0.0,1.78376517,2.4760120747042724,Klebsiella pneumoniae,1.865774133772303,0.6102379409319694,299.2347831800331,73.41319642873415
25,ZnO,Bacillus subtilis,non-pathogenic,green_synthesis,MBC,tetragonal,Bacteria,Bacillota,Bacilli,Bacillales,Bacillaceae,Bacillus,p,soil,81.3794,9.0,18,0.16,30,8,22.60496136,17.07,0.6865,4.082482905,1.7085480439138003,Klebsiella pneumoniae,1.1269649841593026,0.5815830597544978,51.1149621938815,13.395686777311841
26,Ni,Bacillus subtilis,non-pathogenic,green_synthesis,MBEC,quasi-hexagonal,Bacteria,Bacillota,Bacilli,Bacillales,Bacillaceae,Bacillus,p,soil,58.6934,5.1,4,0.16,30,10,17.41523038,0.0,0.0,1.303840481,2.1288118371243234,Klebsiella pneumoniae,1.5477235717138065,0.581088265410517,134.52773715101605,35.29584403553113
27,Pd,Bacillus subtilis,non-pathogenic,green_synthesis,MIC,hexagonal,Bacteria,Bacillota,Bacilli,Bacillales,Bacillaceae,Bacillus,p,soil,195.084,4.0,1,0.16,30,10,21.14774404,0.0,0.0,1.870828693,1.0835811802658188,Klebsiella pneumoniae,0.503538400962424,0.5800427793033949,12.122192610411092,3.1881474639620353
28,ZnO,Bacillus subtilis,non-pathogenic,green_synthesis,MBC,spherical,Bacteria,Bacillota,Bacilli,Bacillales,Bacillaceae,Bacillus,p,soil,81.3794,12.0,1,0.16,30,8,22.60496136,17.07,0.6865,4.082482905,2.3715912868284392,Klebsiella pneumoniae,1.7967720713693813,0.5748192154590579,235.28339969821408,62.62850882913344
29,ZnO,Bacillus subtilis,non-pathogenic,green_synthesis,MBEC,cubic,Bacteria,Bacillota,Bacilli,Bacillales,Bacillaceae,Bacillus,p,soil,81.3794,4.7,2,0.16,30,8,22.60496136,17.07,0.6865,4.082482905,2.3177047266520225,Klebsiella pneumoniae,1.746338480528647,0.5713662461233755,207.82831985083845,55.7620177753877
30,TiO2,Bacillus subtilis,non-pathogenic,chemical_synthesis,MIC,cubic,Bacteria,Bacillota,Bacilli,Bacillales,Bacillaceae,Bacillus,p,soil,79.866,1.4,2,0.16,30,16,26.40611331,34.14,1.373,2.878049394,2.5238581243994282,Klebsiella pneumoniae,1.956728473055301,0.5671296513441273,334.08588280631864,90.51665012758889
31,ZnO,Bacillus subtilis,non-pathogenic,green_synthesis,MBEC,cubic,Bacteria,Bacillota,Bacilli,Bacillales,Bacillaceae,Bacillus,p,soil,81.3794,10.0,4,0.16,30,8,22.60496136,17.07,0.6865,4.082482905,2.5668620823290236,Klebsiella pneumoniae,2.0055006413471483,0.5613614409818752,368.86044200070444,101.27462443929078
32,Ag,Bacillus subtilis,non-pathogenic,green_synthesis,MIC,spheroidal,Bacteria,Bacillota,Bacilli,Bacillales,Bacillaceae,Bacillus,p,soil,107.87,4.0,2,0.16,30,11,23.00188061,0.0,0.0,1.78376517,1.3457048455321878,Klebsiella pneumoniae,0.7860283165867451,0.5596765289454427,22.16689405125125,6.109818604493391
33,ZnO,Bacillus subtilis,non-pathogenic,green_synthesis,MBC,spheroidal,Bacteria,Bacillota,Bacilli,Bacillales,Bacillaceae,Bacillus,p,soil,81.3794,5.1,0,0.16,30,8,22.60496136,17.07,0.6865,4.082482905,2.637963569973498,Klebsiella pneumoniae,2.0950853872608217,0.5428781827126761,434.4737775765603,124.47593216293043
34,CeO2,Bacillus subtilis,non-pathogenic,chemical_synthesis,MIC,triangular,Bacteria,Bacillota,Bacilli,Bacillales,Bacillaceae,Bacillus,p,soil,172.115,4.0,3,0.16,30,16,39.19032095,34.14,1.373,4.456551526,0.45108724362672903,Klebsiella pneumoniae,-0.0825062913168193,0.5335935349435483,2.825447510402467,0.8269775286429348
35,ZnO,Bacillus subtilis,non-pathogenic,green_synthesis,MBEC,rod-shaped,Bacteria,Bacillota,Bacilli,Bacillales,Bacillaceae,Bacillus,p,soil,81.3794,4.0,1,0.16,30,8,22.60496136,17.07,0.6865,4.082482905,1.7351412489946596,Klebsiella pneumoniae,1.2021732998970003,0.5329679490976593,54.34270457866539,15.928442052356528
36,TiO2,Bacillus subtilis,non-pathogenic,green_synthesis,MBC,tetragonal,Bacteria,Bacillota,Bacilli,Bacillales,Bacillaceae,Bacillus,p,soil,79.866,4.7,18,0.16,30,16,26.40611331,34.14,1.373,2.878049394,2.030874170363272,Klebsiella pneumoniae,1.498425552164348,0.5324486181989239,107.36782867619877,31.50834210103598
37,Ag,Bacillus subtilis,non-pathogenic,chemical_synthesis,MIC,spherical,Bacteria,Bacillota,Bacilli,Bacillales,Bacillaceae,Bacillus,p,soil,107.87,6.0,1,0.16,30,11,23.00188061,0.0,0.0,1.78376517,1.3426242787803977,Klebsiella pneumoniae,0.8295321764261645,0.5130921023542332,22.01021469260143,6.753550884971727
38,ZnO,Bacillus subtilis,non-pathogenic,chemical_synthesis,MBEC,quasi-hexagonal,Bacteria,Bacillota,Bacilli,Bacillales,Bacillaceae,Bacillus,p,soil,81.3794,9.0,0,0.16,30,8,22.60496136,17.07,0.6865,4.082482905,1.3872169604693545,Klebsiella pneumoniae,0.8800141087935854,0.5072028516757691,24.390289796321635,7.5860221910991426
39,TiO2,Bacillus subtilis,non-pathogenic,green_synthesis,MBEC,hexagonal,Bacteria,Bacillota,Bacilli,Bacillales,Bacillaceae,Bacillus,p,soil,79.866,3.0,4,0.16,30,16,26.40611331,34.14,1.373,2.878049394,2.7177298011813016,Klebsiella pneumoniae,2.2106742967965385,0.5070555043847631,522.0712782778425,162.43301172985704
40,ZnO,Bacillus subtilis,non-pathogenic,green_synthesis,MBEC,cubic,Bacteria,Bacillota,Bacilli,Bacillales,Bacillaceae,Bacillus,p,soil,81.3794,11.3,3,0.16,30,8,22.60496136,17.07,0.6865,4.082482905,2.640927144797362,Klebsiella pneumoniae,2.137573596100496,0.5033535486968663,437.44871466069003,137.26935597118035
41,Ag,Bacillus subtilis,non-pathogenic,green_synthesis,MBEC,spheroidal,Bacteria,Bacillota,Bacilli,Bacillales,Bacillaceae,Bacillus,p,soil,107.87,79.0,18,0.16,30,11,23.00188061,0.0,0.0,1.78376517,1.2148735785497111,Klebsiella pneumoniae,0.7230113192911436,0.4918622592585675,16.40112273340523,5.284590251567445
42,ZnO,Bacillus subtilis,non-pathogenic,chemical_synthesis,MBEC,quasi-hexagonal,Bacteria,Bacillota,Bacilli,Bacillales,Bacillaceae,Bacillus,p,soil,81.3794,3.0,4,0.16,30,8,22.60496136,17.07,0.6865,4.082482905,0.8928693014258255,Klebsiella pneumoniae,0.4012967418614899,0.49157255956433565,7.813926133218077,2.519397777238363
43,TiO2,Bacillus subtilis,non-pathogenic,green_synthesis,MBEC,cubic,Bacteria,Bacillota,Bacilli,Bacillales,Bacillaceae,Bacillus,p,soil,79.866,1.4,4,0.16,30,16,26.40611331,34.14,1.373,2.878049394,2.734314384182198,Klebsiella pneumoniae,2.252540552393435,0.48177383178876276,542.3933849033275,178.8712542945958
44,Au,Bacillus subtilis,non-pathogenic,chemical_synthesis,MIC,quasi-hexagonal,Bacteria,Bacillota,Bacilli,Bacillales,Bacillaceae,Bacillus,p,soil,196.966569,5.1,1,0.16,30,11,23.00188061,0.0,0.0,2.46797672,1.5150401691987692,Klebsiella pneumoniae,1.0333269377406324,0.4817132314581367,32.73709730014033,10.797592612477144
45,TiO2,Bacillus subtilis,non-pathogenic,green_synthesis,MBC,spheroidal,Bacteria,Bacillota,Bacilli,Bacillales,Bacillaceae,Bacillus,p,soil,79.866,12.0,3,0.16,30,16,26.40611331,34.14,1.373,2.878049394,3.185009518294952,Klebsiella pneumoniae,2.7048729537421474,0.4801365645528044,1531.1210184099311,506.8424175305559
46,Pd,Bacillus subtilis,non-pathogenic,green_synthesis,MIC,spherical,Bacteria,Bacillota,Bacilli,Bacillales,Bacillaceae,Bacillus,p,soil,195.084,6.0,0,0.16,30,10,21.14774404,0.0,0.0,1.870828693,1.4036613763692238,Klebsiella pneumoniae,0.9241533349039757,0.47950804146524817,25.331527364642024,8.39756424184558
47,ZnO,Bacillus subtilis,non-pathogenic,chemical_synthesis,MBEC,quasi-spherical,Bacteria,Bacillota,Bacilli,Bacillales,Bacillaceae,Bacillus,p,soil,81.3794,10.4,1,0.16,30,8,22.60496136,17.07,0.6865,4.082482905,2.041147790096729,Klebsiella pneumoniae,1.5618786230108213,0.4792691670859077,109.93798939630172,36.46520194280251
48,TiO2,Bacillus subtilis,non-pathogenic,green_synthesis,MBC,quasi-spherical,Bacteria,Bacillota,Bacilli,Bacillales,Bacillaceae,Bacillus,p,soil,79.866,18.5,2,0.16,30,16,26.40611331,34.14,1.373,2.878049394,2.56375974468017,Klebsiella pneumoniae,2.085734882041545,0.478024862638625,366.2349143953648,121.82456856934178
49,Ag,Bacillus subtilis,non-pathogenic,chemical_synthesis,MIC,quasi-hexagonal,Bacteria,Bacillota,Bacilli,Bacillales,Bacillaceae,Bacillus,p,soil,107.87,17.5,0,0.16,30,11,23.00188061,0.0,0.0,1.78376517,0.5671395149089324,Klebsiella pneumoniae,0.09238190527598822,0.4747576096329442,3.690961498011637,1.2370347658051688
50,ZnO,Bacillus subtilis,non-pathogenic,chemical_synthesis,MBC,nanoplates,Bacteria,Bacillota,Bacilli,Bacillales,Bacillaceae,Bacillus,p,soil,81.3794,8.7,4,0.16,30,8,22.60496136,17.07,0.6865,4.082482905,1.9644435919255985,Klebsiella pneumoniae,1.4905945352773369,0.4738490566482616,92.1390206756615,30.945288453201783
51,Ag,Bacillus subtilis,non-pathogenic,green_synthesis,MIC,quasi-hexagonal,Bacteria,Bacillota,Bacilli,Bacillales,Bacillaceae,Bacillus,p,soil,107.87,5.1,3,0.16,30,11,23.00188061,0.0,0.0,1.78376517,1.3409669715057897,Klebsiella pneumoniae,0.8754009691741133,0.46556600233167644,21.92638176862364,7.505868806024535
52,Ag,Bacillus subtilis,non-pathogenic,chemical_synthesis,MIC,cubic,Bacteria,Bacillota,Bacilli,Bacillales,Bacillaceae,Bacillus,p,soil,107.87,12.0,1,0.16,30,11,23.00188061,0.0,0.0,1.78376517,1.8698719257829768,Klebsiella pneumoniae,1.4813352665271795,0.3885366592557973,74.10916598206833,30.29251046025362
53,CuO,Bacillus subtilis,non-pathogenic,green_synthesis,MBC,rod-shaped,Bacteria,Bacillota,Bacilli,Bacillales,Bacillaceae,Bacillus,p,soil,79.5454,18.5,1,0.16,30,17,20.67942236,17.07,0.6865,1.651411411,2.8460683577163035,Klebsiella pneumoniae,2.517229139988986,0.3288392177273174,701.5657157937302,329.02518348692075
54,Pt,Bacillus subtilis,non-pathogenic,green_synthesis,MBEC,cubic,Bacteria,Bacillota,Bacilli,Bacillales,Bacillaceae,Bacillus,p,soil,195.084,8.0,0,0.16,30,10,21.75656585,0.0,0.0,2.588435821,2.155627764490611,Klebsiella pneumoniae,1.8526359361486306,0.3029918283419806,143.0960891301211,71.2255704388174
55,Ag,Bacillus subtilis,non-pathogenic,green_synthesis,MIC,cubic,Bacteria,Bacillota,Bacilli,Bacillales,Bacillaceae,Bacillus,p,soil,107.87,44.45,3,0.16,30,11,23.00188061,0.0,0.0,1.78376517,0.9634970308911576,Klebsiella pneumoniae,0.6863839652410624,0.2771130656500952,9.193841892968633,4.857177395793432
56,TiO2,Bacillus subtilis,non-pathogenic,chemical_synthesis,MIC,rod-shaped,Bacteria,Bacillota,Bacilli,Bacillales,Bacillaceae,Bacillus,p,soil,79.866,10.0,4,0.16,30,16,26.40611331,34.14,1.373,2.878049394,2.340487824107568,Klebsiella pneumoniae,2.0931655592421743,0.24732226486539366,219.0220422125695,123.92689234584434
57,Ag,Bacillus subtilis,non-pathogenic,chemical_synthesis,MBEC,spheroidal,Bacteria,Bacillota,Bacilli,Bacillales,Bacillaceae,Bacillus,p,soil,107.87,26.38,4,0.16,30,11,23.00188061,0.0,0.0,1.78376517,1.280937914274805,Klebsiella pneumoniae,1.0473405673433742,0.23359734693143075,19.095802499180905,11.151686896768611
58,ZnO,Bacillus subtilis,non-pathogenic,chemical_synthesis,MBC,triangular,Bacteria,Bacillota,Bacilli,Bacillales,Bacillaceae,Bacillus,p,soil,81.3794,8.0,1,0.16,30,8,22.60496136,17.07,0.6865,4.082482905,0.6225987016972212,Klebsiella pneumoniae,0.40938125038058515,0.21321745131663605,4.193712959737379,2.566736286611771
59,Ag,Bacillus subtilis,non-pathogenic,chemical_synthesis,MIC,triangular,Bacteria,Bacillota,Bacilli,Bacillales,Bacillaceae,Bacillus,p,soil,107.8682,0.8,0,0.16,30,11,23.00188061,0.0,0.0,1.78376517,0.1483020365044656,Klebsiella pneumoniae,-0.033731826886670646,0.18203386339113625,1.4070257207348018,0.9252693434483183
60,ZnO,Bacillus subtilis,non-pathogenic,green_synthesis,MBEC,quasi-hexagonal,Bacteria,Bacillota,Bacilli,Bacillales,Bacillaceae,Bacillus,p,soil,81.3794,12.5,18,0.16,30,8,22.60496136,17.07,0.6865,4.082482905,1.3351819592816918,Klebsiella pneumoniae,1.1536550310733944,0.1815269282082974,21.636248423109805,14.244756541601838
61,ZnO,Bacillus subtilis,non-pathogenic,green_synthesis,MBEC,spheroidal,Bacteria,Bacillota,Bacilli,Bacillales,Bacillaceae,Bacillus,p,soil,81.3794,17.5,3,0.16,30,8,22.60496136,17.07,0.6865,4.082482905,2.2540524475668535,Klebsiella pneumoniae,2.1225636003503947,0.13148884721645882,179.49503809010156,132.6061298878725
62,TiO2,Bacillus subtilis,non-pathogenic,green_synthesis,MBC,triangular,Bacteria,Bacillota,Bacilli,Bacillales,Bacillaceae,Bacillus,p,soil,79.866,37.86,18,0.16,30,16,26.40611331,34.14,1.373,2.878049394,0.8130961257911197,Klebsiella pneumoniae,0.6824238590017997,0.13067226678931998,6.502736045536033,4.8130886299009985
63,ZnO,Bacillus subtilis,non-pathogenic,chemical_synthesis,MIC,spheroidal,Bacteria,Bacillota,Bacilli,Bacillales,Bacillaceae,Bacillus,p,soil,81.3794,8.0,3,0.16,30,8,22.60496136,17.07,0.6865,4.082482905,1.4720893077860957,Klebsiella pneumoniae,1.3484489308353467,0.12364037695074903,29.65441136516818,22.307398769086
64,Ag,Bacillus subtilis,non-pathogenic,green_synthesis,MBC,tetragonal,Bacteria,Bacillota,Bacilli,Bacillales,Bacillaceae,Bacillus,p,soil,107.87,8.7,1,0.16,30,11,23.00188061,0.0,0.0,1.78376517,1.0617605231354819,Klebsiella pneumoniae,0.9435033075081718,0.11825721562731006,11.528174007298102,8.780177738955217
65,Pd,Bacillus subtilis,non-pathogenic,green_synthesis,MBEC,quasi-hexagonal,Bacteria,Bacillota,Bacilli,Bacillales,Bacillaceae,Bacillus,p,soil,195.084,26.38,2,0.16,30,10,21.14774404,0.0,0.0,1.870828693,1.0975355375730906,Klebsiella pneumoniae,0.985811548001388,0.1117239895717026,12.518017016285954,9.67857785732154
66,Ag,Bacillus subtilis,non-pathogenic,chemical_synthesis,MBEC,cubic,Bacteria,Bacillota,Bacilli,Bacillales,Bacillaceae,Bacillus,p,soil,107.87,18.5,2,0.16,30,11,23.00188061,0.0,0.0,1.78376517,1.7952365270153978,Klebsiella pneumoniae,1.6907390033196663,0.10449752369573151,62.40746287026326,49.06129453175975
67,ZnO,Bacillus subtilis,non-pathogenic,green_synthesis,MBC,triangular,Bacteria,Bacillota,Bacilli,Bacillales,Bacillaceae,Bacillus,p,soil,81.3794,28.0,24,0.16,30,8,22.60496136,17.07,0.6865,4.082482905,1.28320807195475,Klebsiella pneumoniae,1.1845425705740311,0.09866550138071895,19.195882015923267,15.294756618990819
68,Ag,Bacillus subtilis,non-pathogenic,green_synthesis,MBC,cubic,Bacteria,Bacillota,Bacilli,Bacillales,Bacillaceae,Bacillus,p,soil,107.8682,30.0,4,0.16,30,11,23.00188061,0.0,0.0,1.78376517,1.525001781898057,Klebsiella pneumoniae,1.443888236152877,0.08111354574517993,33.49668135144326,27.789980123506094
69,ZnO,Bacillus subtilis,non-pathogenic,chemical_synthesis,MIC,hexagonal,Bacteria,Bacillota,Bacilli,Bacillales,Bacillaceae,Bacillus,p,soil,81.3794,9.0,18,0.16,30,8,22.60496136,17.07,0.6865,4.082482905,1.9494697321921945,Klebsiella pneumoniae,1.8878768861675108,0.061592846024683734,89.01633966197612,77.2461576588896
70,Ag,Bacillus subtilis,non-pathogenic,chemical_synthesis,MBC,quasi-hexagonal,Bacteria,Bacillota,Bacilli,Bacillales,Bacillaceae,Bacillus,p,soil,107.8682,37.86,4,0.16,30,11,23.00188061,0.0,0.0,1.78376517,0.44225153072994217,Klebsiella pneumoniae,0.3822837784033353,0.059967752326606893,2.7685446416795676,2.411480633123693
71,Ag,Bacillus subtilis,non-pathogenic,green_synthesis,MBEC,rod-shaped,Bacteria,Bacillota,Bacilli,Bacillales,Bacillaceae,Bacillus,p,soil,107.87,10.4,3,0.16,30,11,23.00188061,0.0,0.0,1.78376517,1.9419653534992154,Klebsiella pneumoniae,1.891403159054029,0.05056219444518639,87.4913974854342,77.8759143958656
72,Ag,Bacillus subtilis,non-pathogenic,chemical_synthesis,MIC,rod-shaped,Bacteria,Bacillota,Bacilli,Bacillales,Bacillaceae,Bacillus,p,soil,107.87,40.0,24,0.16,30,11,23.00188061,0.0,0.0,1.78376517,0.7734960848824902,Klebsiella pneumoniae,0.74328846163565,0.03020762324684023,5.936029969008075,5.53717770575651
73,ZnO,Bacillus subtilis,non-pathogenic,chemical_synthesis,MBEC,spherical,Bacteria,Bacillota,Bacilli,Bacillales,Bacillaceae,Bacillus,p,soil,81.3794,79.0,3,0.16,30,8,22.60496136,17.07,0.6865,4.082482905,1.7307644735434087,Klebsiella pneumoniae,1.7021935189111541,0.028570954632254564,53.7977947346169,50.37250155107596
74,CuO,Bacillus subtilis,non-pathogenic,green_synthesis,MBC,rod-shaped,Bacteria,Bacillota,Bacilli,Bacillales,Bacillaceae,Bacillus,p,soil,79.5454,10.0,24,0.16,30,17,20.67942236,17.07,0.6865,1.651411411,2.9450119053399666,Klebsiella pneumoniae,3.015885557459,-0.07087365211903363,881.0730255832116,1037.2550488973557
75,Ag,Bacillus subtilis,non-pathogenic,chemical_synthesis,MBC,tetragonal,Bacteria,Bacillota,Bacilli,Bacillales,Bacillaceae,Bacillus,p,soil,107.87,60.0,2,0.16,30,11,23.00188061,0.0,0.0,1.78376517,0.41297253519226285,Klebsiella pneumoniae,0.48719072222373017,-0.07421818703146732,2.588049241596543,3.070370058115082
76,Ni,Bacillus subtilis,non-pathogenic,green_synthesis,MIC,quasi-spherical,Bacteria,Bacillota,Bacilli,Bacillales,Bacillaceae,Bacillus,p,soil,58.6934,40.0,1,0.16,30,10,17.41523038,0.0,0.0,1.303840481,1.2191756397220952,Klebsiella pneumoniae,1.350273030750232,-0.13109739102813678,16.564397343360202,22.4012901251978
77,ZnO,Bacillus subtilis,non-pathogenic,chemical_synthesis,MIC,quasi-hexagonal,Bacteria,Bacillota,Bacilli,Bacillales,Bacillaceae,Bacillus,p,soil,81.3794,26.38,18,0.16,30,8,22.60496136,17.07,0.6865,4.082482905,0.5872351610718505,Klebsiella pneumoniae,0.7253107300797577,-0.13807556900790718,3.8657624306970693,5.31264418649903
78,Ag,Bacillus subtilis,non-pathogenic,chemical_synthesis,MBC,triangular,Bacteria,Bacillota,Bacilli,Bacillales,Bacillaceae,Bacillus,p,soil,107.8682,20.0,4,0.16,30,11,23.00188061,0.0,0.0,1.78376517,0.49266113775828435,Klebsiella pneumoniae,0.6507616051431095,-0.1581004673848252,3.109289338940024,4.474676108396288
79,ZnO,Bacillus subtilis,non-pathogenic,green_synthesis,MIC,nanoplates,Bacteria,Bacillota,Bacilli,Bacillales,Bacillaceae,Bacillus,p,soil,81.3794,44.45,24,0.16,30,8,22.60496136,17.07,0.6865,4.082482905,1.4219893318409664,Klebsiella pneumoniae,1.596685201972808,-0.1746958701318415,26.423438490815652,39.508014271117645
80,ZnO,Bacillus subtilis,non-pathogenic,chemical_synthesis,MBC,spheroidal,Bacteria,Bacillota,Bacilli,Bacillales,Bacillaceae,Bacillus,p,soil,81.3794,41.23,3,0.16,30,8,22.60496136,17.07,0.6865,4.082482905,2.0388887467301626,Klebsiella pneumoniae,2.2243786836970285,-0.1854899369668659,109.36761632290894,167.64039817860265
81,Au,Bacillus subtilis,non-pathogenic,green_synthesis,MIC,nanoplates,Bacteria,Bacillota,Bacilli,Bacillales,Bacillaceae,Bacillus,p,soil,196.966569,13.0,18,0.16,30,11,23.00188061,0.0,0.0,2.46797672,2.4126422220348736,Klebsiella pneumoniae,2.6155778297022305,-0.20293560766735697,258.60815866073165,412.6461806115505
82,CuO,Bacillus subtilis,non-pathogenic,green_synthesis,MIC,tetragonal,Bacteria,Bacillota,Bacilli,Bacillales,Bacillaceae,Bacillus,p,soil,79.5454,13.0,4,0.16,30,17,20.67942236,17.07,0.6865,1.651411411,1.2153180664246563,Klebsiella pneumoniae,1.4207945790113405,-0.2054765125866842,16.417917402393886,26.350846977733077
83,Ag,Bacillus subtilis,non-pathogenic,green_synthesis,MBC,rod-shaped,Bacteria,Bacillota,Bacilli,Bacillales,Bacillaceae,Bacillus,p,soil,107.87,25.0,24,0.16,30,11,23.00188061,0.0,0.0,1.78376517,1.1262254726564997,Klebsiella pneumoniae,1.416910936725575,-0.29068546406907525,13.372896169734682,26.116257183281164
84,ZnO,Bacillus subtilis,non-pathogenic,chemical_synthesis,MIC,tetragonal,Bacteria,Bacillota,Bacilli,Bacillales,Bacillaceae,Bacillus,p,soil,81.3794,30.0,0,0.16,30,8,22.60496136,17.07,0.6865,4.082482905,0.1023516169751646,Klebsiella pneumoniae,0.3995568477008935,-0.2972052307257289,1.2657607280652363,2.5093246202023742
85,Ag,Bacillus subtilis,non-pathogenic,chemical_synthesis,MIC,quasi-spherical,Bacteria,Bacillota,Bacilli,Bacillales,Bacillaceae,Bacillus,p,soil,107.8682,37.86,24,0.16,30,11,23.00188061,0.0,0.0,1.78376517,1.324853813990884,Klebsiella pneumoniae,1.6393255052188376,-0.3144716912279535,21.12777747044608,43.58384136999145
86,CuO,Bacillus subtilis,non-pathogenic,chemical_synthesis,MIC,quasi-spherical,Bacteria,Bacillota,Bacilli,Bacillales,Bacillaceae,Bacillus,p,soil,79.5454,12.5,3,0.16,30,17,20.67942236,17.07,0.6865,1.651411411,2.5845943225004193,Klebsiella pneumoniae,2.9255310455891808,-0.34093672308876144,384.2326999204614,842.4246101026437
87,Ag,Bacillus subtilis,non-pathogenic,chemical_synthesis,MBEC,hexagonal,Bacteria,Bacillota,Bacilli,Bacillales,Bacillaceae,Bacillus,p,soil,107.8682,30.0,18,0.16,30,11,23.00188061,0.0,0.0,1.78376517,2.5304882211678166,Klebsiella pneumoniae,2.9445242949834407,-0.41403607381562413,339.22528902864894,880.0843433432433
