,np,bacteria,bac_type,np_synthesis,method,shape,kingdom,phylum,class,order,family,genus,gram,isolated_from,mol_weight (g/mol),np_size_avg (nm),time_set,"min_Incub_period, h","growth_temp, C",Valance_electron,labuteASA,tpsa,CrippenMR,chi0v,pred_MIC_norm,pathogenic_bacteria,pred_MIC_pathogen,Fitness,pred_norm_MIC_original,pred_path_MIC_original
0,Ag,Bacillus subtilis,non-pathogenic,chemical_synthesis,MIC,spheroidal,Bacteria,Bacillota,Bacilli,Bacillales,Bacillaceae,Bacillus,p,soil,107.87,3.0,18,0.16,30,11,23.00188061,0.0,0.0,1.78376517,0.8698471494655605,Klebsiella pneumoniae,-0.20753855678344424,1.0773857062490046,7.410493820593606,0.6200995885980456
1,ZnO,Bacillus subtilis,non-pathogenic,green_synthesis,MBEC,quasi-hexagonal,Bacteria,Bacillota,Bacilli,Bacillales,Bacillaceae,Bacillus,p,soil,81.3794,6.0,1,0.16,30,8,22.60496136,17.07,0.6865,4.082482905,1.4873642385211594,Klebsiella pneumoniae,0.6849590019290139,0.8024052365921455,30.715970267017454,4.841266631208592
2,ZnO,Bacillus subtilis,non-pathogenic,green_synthesis,MIC,cubic,Bacteria,Bacillota,Bacilli,Bacillales,Bacillaceae,Bacillus,p,soil,81.3794,5.1,2,0.16,30,8,22.60496136,17.07,0.6865,4.082482905,1.9138591899277282,Klebsiella pneumoniae,1.2742551631648975,0.6396040267628307,82.00856071817961,18.804213054519145
3,ZnO,Bacillus subtilis,non-pathogenic,green_synthesis,MIC,nanoplates,Bacteria,Bacillota,Bacilli,Bacillales,Bacillaceae,Bacillus,p,soil,81.3794,6.0,1,0.16,30,8,22.60496136,17.07,0.6865,4.082482905,1.9875131788335638,Klebsiella pneumoniae,1.3979111123023387,0.5896020665312252,97.16574364494232,24.998336646584587
4,CeO2,Bacillus subtilis,non-pathogenic,green_synthesis,MIC,spheroidal,Bacteria,Bacillota,Bacilli,Bacillales,Bacillaceae,Bacillus,p,soil,172.115,4.0,0,0.16,30,16,39.19032095,34.14,1.373,4.456551526,2.373270446672401,Klebsiella pneumoniae,1.8068735909424363,0.5663968557299648,236.1948623251054,64.10229684043081
5,Ag,Bacillus subtilis,non-pathogenic,green_synthesis,MIC,nanoplates,Bacteria,Bacillota,Bacilli,Bacillales,Bacillaceae,Bacillus,p,soil,107.87,0.8,3,0.16,30,11,23.00188061,0.0,0.0,1.78376517,1.8848141218843282,Klebsiella pneumoniae,1.3322566738993045,0.5525574479850237,76.70331287817883,21.491002461134396
6,ZnO,Bacillus subtilis,non-pathogenic,chemical_synthesis,MBC,cubic,Bacteria,Bacillota,Bacilli,Bacillales,Bacillaceae,Bacillus,p,soil,81.3794,4.7,1,0.16,30,8,22.60496136,17.07,0.6865,4.082482905,1.6955757384549757,Klebsiella pneumoniae,1.1704422570722897,0.525133481382686,49.61074381306065,14.806153825130986
7,Ag,Bacillus subtilis,non-pathogenic,chemical_synthesis,MIC,rod-shaped,Bacteria,Bacillota,Bacilli,Bacillales,Bacillaceae,Bacillus,p,soil,107.87,6.0,3,0.16,30,11,23.00188061,0.0,0.0,1.78376517,1.366703103743351,Klebsiella pneumoniae,0.8595077242998003,0.5071953794435508,23.265002511027017,7.236152722839698
8,ZnO,Bacillus subtilis,non-pathogenic,chemical_synthesis,MBEC,hexagonal,Bacteria,Bacillota,Bacilli,Bacillales,Bacillaceae,Bacillus,p,soil,81.3794,9.0,4,0.16,30,8,22.60496136,17.07,0.6865,4.082482905,2.4558960991202277,Klebsiella pneumoniae,2.039775866084252,0.4161202330359757,285.69069734225747,109.59124635435617
9,ZnO,Bacillus subtilis,non-pathogenic,green_synthesis,MIC,spherical,Bacteria,Bacillota,Bacilli,Bacillales,Bacillaceae,Bacillus,p,soil,81.3794,11.3,4,0.16,30,8,22.60496136,17.07,0.6865,4.082482905,1.3428423238065192,Klebsiella pneumoniae,0.9590143854416532,0.38382793836486606,22.02126807459053,9.099434128288857
10,TiO2,Bacillus subtilis,non-pathogenic,green_synthesis,MIC,hexagonal,Bacteria,Bacillota,Bacilli,Bacillales,Bacillaceae,Bacillus,p,soil,79.866,8.7,0,0.16,30,16,26.40611331,34.14,1.373,2.878049394,2.8275731901341548,Klebsiella pneumoniae,2.4602649748962837,0.36730821523787105,672.3156025681923,288.5791666232696
11,ZnO,Bacillus subtilis,non-pathogenic,chemical_synthesis,MIC,cubic,Bacteria,Bacillota,Bacilli,Bacillales,Bacillaceae,Bacillus,p,soil,81.3794,8.7,4,0.16,30,8,22.60496136,17.07,0.6865,4.082482905,1.9909162293950717,Klebsiella pneumoniae,1.6327666375674226,0.35814959182764916,97.93010708380118,42.93056830098247
12,TiO2,Bacillus subtilis,non-pathogenic,green_synthesis,MBC,nanoplates,Bacteria,Bacillota,Bacilli,Bacillales,Bacillaceae,Bacillus,p,soil,79.866,18.5,2,0.16,30,16,26.40611331,34.14,1.373,2.878049394,2.9975503180138015,Klebsiella pneumoniae,2.646529058229617,0.35102125978418464,994.3752770986308,443.12786276012497
13,Pt,Bacillus subtilis,non-pathogenic,green_synthesis,MIC,cubic,Bacteria,Bacillota,Bacilli,Bacillales,Bacillaceae,Bacillus,p,soil,195.084,8.0,1,0.16,30,10,21.75656585,0.0,0.0,2.588435821,1.4981018192827842,Klebsiella pneumoniae,1.1684202050784651,0.3296816142043191,31.484863825373996,14.73737739487385
14,Ag,Bacillus subtilis,non-pathogenic,chemical_synthesis,MBEC,tetragonal,Bacteria,Bacillota,Bacilli,Bacillales,Bacillaceae,Bacillus,p,soil,107.87,6.0,3,0.16,30,11,23.00188061,0.0,0.0,1.78376517,0.745287337487505,Klebsiella pneumoniae,0.4255767741467389,0.3197105633407661,5.562721757952735,2.664261040557239
15,ZnO,Bacillus subtilis,non-pathogenic,chemical_synthesis,MIC,hexagonal,Bacteria,Bacillota,Bacilli,Bacillales,Bacillaceae,Bacillus,p,soil,81.3794,10.0,4,0.16,30,8,22.60496136,17.07,0.6865,4.082482905,1.9935633723408293,Klebsiella pneumoniae,1.6933927341078747,0.30017063823295453,98.52884058032431,49.36199845627129
16,ZnO,Bacillus subtilis,non-pathogenic,chemical_synthesis,MIC,hexagonal,Bacteria,Bacillota,Bacilli,Bacillales,Bacillaceae,Bacillus,p,soil,81.3794,10.0,4,0.16,30,8,22.60496136,17.07,0.6865,4.082482905,1.9935633723408293,Klebsiella pneumoniae,1.6933927341078747,0.30017063823295453,98.52884058032431,49.36199845627129
17,ZnO,Bacillus subtilis,non-pathogenic,green_synthesis,MBEC,cubic,Bacteria,Bacillota,Bacilli,Bacillales,Bacillaceae,Bacillus,p,soil,81.3794,13.0,1,0.16,30,8,22.60496136,17.07,0.6865,4.082482905,2.4885210181881923,Klebsiella pneumoniae,2.1921813720532235,0.29633964613496877,307.97893878966926,155.66155768149662
18,Pd,Bacillus subtilis,non-pathogenic,green_synthesis,MBEC,rod-shaped,Bacteria,Bacillota,Bacilli,Bacillales,Bacillaceae,Bacillus,p,soil,195.084,38.0,4,0.16,30,10,21.14774404,0.0,0.0,1.870828693,1.3226750236939233,Klebsiella pneumoniae,1.0323099700951044,0.2903650535988189,21.022048014975777,10.7723379610826
19,Ag,Bacillus subtilis,non-pathogenic,chemical_synthesis,MIC,quasi-spherical,Bacteria,Bacillota,Bacilli,Bacillales,Bacillaceae,Bacillus,p,soil,107.87,50.0,4,0.16,30,11,23.00188061,0.0,0.0,1.78376517,0.5308537478867252,Klebsiella pneumoniae,0.24828606537353637,0.28256768251318887,3.3951092034024453,1.7712752952327089
20,ZnO,Bacillus subtilis,non-pathogenic,green_synthesis,MIC,spheroidal,Bacteria,Bacillota,Bacilli,Bacillales,Bacillaceae,Bacillus,p,soil,81.3794,60.0,18,0.16,30,8,22.60496136,17.07,0.6865,4.082482905,0.7013715753541789,Klebsiella pneumoniae,0.4193764206871189,0.28199515466706004,5.02772569655732,2.6264940462972075
21,CeO2,Bacillus subtilis,non-pathogenic,chemical_synthesis,MBEC,spheroidal,Bacteria,Bacillota,Bacilli,Bacillales,Bacillaceae,Bacillus,p,soil,172.115,6.0,4,0.16,30,16,39.19032095,34.14,1.373,4.456551526,2.9301277918166413,Klebsiella pneumoniae,2.6567375323629068,0.2733902594537345,851.3885237251322,453.6673580702819
22,Au,Bacillus subtilis,non-pathogenic,green_synthesis,MBEC,quasi-hexagonal,Bacteria,Bacillota,Bacilli,Bacillales,Bacillaceae,Bacillus,p,soil,196.966569,60.0,2,0.16,30,11,23.00188061,0.0,0.0,2.46797672,0.6006382273472317,Klebsiella pneumoniae,0.33035830583937953,0.2702799215078522,3.9869264810871377,2.13972669951811
23,ZnO,Bacillus subtilis,non-pathogenic,green_synthesis,MBEC,spherical,Bacteria,Bacillota,Bacilli,Bacillales,Bacillaceae,Bacillus,p,soil,81.3794,25.0,4,0.16,30,8,22.60496136,17.07,0.6865,4.082482905,2.0587861550381548,Klebsiella pneumoniae,1.807549495027423,0.25123666001073186,114.49490340459825,64.20213862770196
24,Au,Bacillus subtilis,non-pathogenic,green_synthesis,MBEC,hexagonal,Bacteria,Bacillota,Bacilli,Bacillales,Bacillaceae,Bacillus,p,soil,196.966569,44.45,3,0.16,30,11,23.00188061,0.0,0.0,2.46797672,1.431587763167552,Klebsiella pneumoniae,1.1855644095458089,0.2460233536217431,27.013929564969363,15.33078558023471
25,Cu,Bacillus subtilis,non-pathogenic,green_synthesis,MBC,cubic,Bacteria,Bacillota,Bacilli,Bacillales,Bacillaceae,Bacillus,p,soil,63.55,0.8,2,0.16,30,11,17.96409803,0.0,0.0,1.243163121,1.457827017415579,Klebsiella pneumoniae,1.220180417948002,0.23764659946757694,28.696373573706108,16.60276488997972
26,ZnO,Bacillus subtilis,non-pathogenic,chemical_synthesis,MBEC,quasi-hexagonal,Bacteria,Bacillota,Bacilli,Bacillales,Bacillaceae,Bacillus,p,soil,81.3794,26.06,0,0.16,30,8,22.60496136,17.07,0.6865,4.082482905,0.994135067314524,Klebsiella pneumoniae,0.763545417745449,0.2305896495690749,9.86586270184676,5.801568411222119
27,ZnO,Bacillus subtilis,non-pathogenic,green_synthesis,MIC,quasi-spherical,Bacteria,Bacillota,Bacilli,Bacillales,Bacillaceae,Bacillus,p,soil,81.3794,18.5,1,0.16,30,8,22.60496136,17.07,0.6865,4.082482905,1.2341159826219354,Klebsiella pneumoniae,1.0085210100460573,0.22559497257587813,17.144150978266858,10.19814094824982
28,Ag,Bacillus subtilis,non-pathogenic,green_synthesis,MBEC,spheroidal,Bacteria,Bacillota,Bacilli,Bacillales,Bacillaceae,Bacillus,p,soil,107.87,10.0,1,0.16,30,11,23.00188061,0.0,0.0,1.78376517,2.141018281758941,Klebsiella pneumoniae,1.9170157054738195,0.22400257628512144,138.3624621847204,82.60678222845529
29,ZnO,Bacillus subtilis,non-pathogenic,chemical_synthesis,MBC,spherical,Bacteria,Bacillota,Bacilli,Bacillales,Bacillaceae,Bacillus,p,soil,81.3794,25.0,4,0.16,30,8,22.60496136,17.07,0.6865,4.082482905,1.4456082138878503,Klebsiella pneumoniae,1.2244679010487027,0.2211403128391476,27.900257651568197,16.767484017439497
30,TiO2,Bacillus subtilis,non-pathogenic,chemical_synthesis,MBC,hexagonal,Bacteria,Bacillota,Bacilli,Bacillales,Bacillaceae,Bacillus,p,soil,79.866,22.5,1,0.16,30,16,26.40611331,34.14,1.373,2.878049394,2.715686500706629,Klebsiella pneumoniae,2.4967578664012944,0.2189286343053345,519.6207682948683,313.87582439800445
31,Au,Bacillus subtilis,non-pathogenic,green_synthesis,MIC,cubic,Bacteria,Bacillota,Bacilli,Bacillales,Bacillaceae,Bacillus,p,soil,196.966569,38.0,0,0.16,30,11,23.00188061,0.0,0.0,2.46797672,1.6572101259924277,Klebsiella pneumoniae,1.4414833777155769,0.2157267482768508,45.416130171549504,27.636521405041
32,Ag,Bacillus subtilis,non-pathogenic,chemical_synthesis,MBEC,spheroidal,Bacteria,Bacillota,Bacilli,Bacillales,Bacillaceae,Bacillus,p,soil,107.87,10.4,2,0.16,30,11,23.00188061,0.0,0.0,1.78376517,1.8300487023931227,Klebsiella pneumoniae,1.6220695367909908,0.20797916560213192,67.61587965375968,41.88606253577652
33,ZnO,Bacillus subtilis,non-pathogenic,green_synthesis,MIC,quasi-hexagonal,Bacteria,Bacillota,Bacilli,Bacillales,Bacillaceae,Bacillus,p,soil,81.3794,37.86,2,0.16,30,8,22.60496136,17.07,0.6865,4.082482905,-0.3137596438370025,Klebsiella pneumoniae,-0.5185723041528285,0.204812660315826,0.48555715281576955,0.3029895819152471
34,Ag,Bacillus subtilis,non-pathogenic,chemical_synthesis,MBC,triangular,Bacteria,Bacillota,Bacilli,Bacillales,Bacillaceae,Bacillus,p,soil,107.87,100.0,18,0.16,30,11,23.00188061,0.0,0.0,1.78376517,-0.14399735310230732,Klebsiella pneumoniae,-0.34467600571511703,0.2006786526128097,0.7177986660307066,0.4521931657115291
35,ZnO,Bacillus subtilis,non-pathogenic,green_synthesis,MIC,quasi-spherical,Bacteria,Bacillota,Bacilli,Bacillales,Bacillaceae,Bacillus,p,soil,81.3794,41.23,1,0.16,30,8,22.60496136,17.07,0.6865,4.082482905,0.3752548026629341,Klebsiella pneumoniae,0.18198910703911775,0.19326569562381635,2.3727654102489333,1.5205093918842538
36,ZnO,Bacillus subtilis,non-pathogenic,green_synthesis,MBEC,nanoplates,Bacteria,Bacillota,Bacilli,Bacillales,Bacillaceae,Bacillus,p,soil,81.3794,25.0,3,0.16,30,8,22.60496136,17.07,0.6865,4.082482905,2.3766100435738022,Klebsiella pneumoniae,2.185359314830274,0.19125072874352833,238.01813260681823,153.23547356127992
37,Ag,Bacillus subtilis,non-pathogenic,green_synthesis,MBEC,nanoplates,Bacteria,Bacillota,Bacilli,Bacillales,Bacillaceae,Bacillus,p,soil,107.87,5.1,0,0.16,30,11,23.00188061,0.0,0.0,1.78376517,2.554362664018248,Klebsiella pneumoniae,2.3633685280142642,0.19099413600398396,358.395595709745,230.87054492603443
38,ZnO,Bacillus subtilis,non-pathogenic,green_synthesis,MBC,rod-shaped,Bacteria,Bacillota,Bacilli,Bacillales,Bacillaceae,Bacillus,p,soil,81.3794,5.1,24,0.16,30,8,22.60496136,17.07,0.6865,4.082482905,2.5832476348360767,Klebsiella pneumoniae,2.404519859443022,0.1787277753930545,383.043092338861,253.81650486672822
39,Ag,Bacillus subtilis,non-pathogenic,green_synthesis,MBC,quasi-hexagonal,Bacteria,Bacillota,Bacilli,Bacillales,Bacillaceae,Bacillus,p,soil,107.87,18.5,1,0.16,30,11,23.00188061,0.0,0.0,1.78376517,0.33397341379549594,Klebsiella pneumoniae,0.15566981105175537,0.17830360274374057,2.1576123225601327,1.4310994376096933
40,ZnO,Bacillus subtilis,non-pathogenic,green_synthesis,MIC,spherical,Bacteria,Bacillota,Bacilli,Bacillales,Bacillaceae,Bacillus,p,soil,81.3794,13.0,0,0.16,30,8,22.60496136,17.07,0.6865,4.082482905,1.4359362320655005,Klebsiella pneumoniae,1.280232864883216,0.1557033671822845,27.28577113426979,19.064826832087906
41,Au,Bacillus subtilis,non-pathogenic,green_synthesis,MBC,spherical,Bacteria,Bacillota,Bacilli,Bacillales,Bacillaceae,Bacillus,p,soil,196.966569,27.43,2,0.16,30,11,23.00188061,0.0,0.0,2.46797672,1.2940472161940948,Klebsiella pneumoniae,1.1475988549631533,0.14644836123094152,19.68100248566451,14.047493990073077
42,Ag,Bacillus subtilis,non-pathogenic,green_synthesis,MIC,spherical,Bacteria,Bacillota,Bacilli,Bacillales,Bacillaceae,Bacillus,p,soil,107.87,100.0,0,0.16,30,11,23.00188061,0.0,0.0,1.78376517,0.6234632158598288,Klebsiella pneumoniae,0.4790161149424317,0.1444471009173971,4.202069352255081,3.013117826940914
43,Ag,Bacillus subtilis,non-pathogenic,green_synthesis,MBC,hexagonal,Bacteria,Bacillota,Bacilli,Bacillales,Bacillaceae,Bacillus,p,soil,107.87,5.1,0,0.16,30,11,23.00188061,0.0,0.0,1.78376517,2.0810138068983464,Klebsiella pneumoniae,1.9439105710089248,0.13710323588942153,120.50742509511382,87.88415290287551
44,ZnO,Bacillus subtilis,non-pathogenic,chemical_synthesis,MBC,nanoplates,Bacteria,Bacillota,Bacilli,Bacillales,Bacillaceae,Bacillus,p,soil,81.3794,100.0,0,0.16,30,8,22.60496136,17.07,0.6865,4.082482905,1.9180211133059242,Klebsiella pneumoniae,1.7833605376302706,0.1346605756756536,82.7982415250948,60.724023215447836
45,ZnO,Bacillus subtilis,non-pathogenic,green_synthesis,MBC,spheroidal,Bacteria,Bacillota,Bacilli,Bacillales,Bacillaceae,Bacillus,p,soil,81.3794,38.0,1,0.16,30,8,22.60496136,17.07,0.6865,4.082482905,1.4514478607320536,Klebsiella pneumoniae,1.3227735113937378,0.12867434933831579,28.277945995012082,21.026815858037892
46,Ag,Bacillus subtilis,non-pathogenic,green_synthesis,MIC,spherical,Bacteria,Bacillota,Bacilli,Bacillales,Bacillaceae,Bacillus,p,soil,107.87,20.0,1,0.16,30,11,23.00188061,0.0,0.0,1.78376517,1.270592674116379,Klebsiella pneumoniae,1.1434285542072748,0.12716411990910426,18.646300292767126,13.913248891349848
47,Pt,Bacillus subtilis,non-pathogenic,green_synthesis,MIC,quasi-hexagonal,Bacteria,Bacillota,Bacilli,Bacillales,Bacillaceae,Bacillus,p,soil,195.084,26.06,2,0.16,30,10,21.75656585,0.0,0.0,2.588435821,0.5615641174207273,Klebsiella pneumoniae,0.44052150797427836,0.12104260944644896,3.643880428239989,2.7575380131145586
48,Ag,Bacillus subtilis,non-pathogenic,green_synthesis,MBC,quasi-spherical,Bacteria,Bacillota,Bacilli,Bacillales,Bacillaceae,Bacillus,p,soil,107.87,35.0,2,0.16,30,11,23.00188061,0.0,0.0,1.78376517,0.7031211736432803,Klebsiella pneumoniae,0.5821142622937769,0.12100691134950337,5.048021240820112,3.820447730841611
49,Cu,Bacillus subtilis,non-pathogenic,green_synthesis,MBEC,cubic,Bacteria,Bacillota,Bacilli,Bacillales,Bacillaceae,Bacillus,p,soil,63.55,25.0,4,0.16,30,11,17.96409803,0.0,0.0,1.243163121,2.0073651612646253,Klebsiella pneumoniae,1.9179767689316072,0.0893883923330181,101.71035292271836,82.7897877018826
50,Ag,Bacillus subtilis,non-pathogenic,chemical_synthesis,MBEC,tetragonal,Bacteria,Bacillota,Bacilli,Bacillales,Bacillaceae,Bacillus,p,soil,107.87,100.0,4,0.16,30,11,23.00188061,0.0,0.0,1.78376517,0.05432854817518873,Klebsiella pneumoniae,-0.031064332237788816,0.08539288041297755,1.1332573597045323,0.9309699602526003
51,Ag,Bacillus subtilis,non-pathogenic,chemical_synthesis,MBEC,triangular,Bacteria,Bacillota,Bacilli,Bacillales,Bacillaceae,Bacillus,p,soil,107.87,10.0,24,0.16,30,11,23.00188061,0.0,0.0,1.78376517,0.2546745468305187,Klebsiella pneumoniae,0.1699721270408443,0.08470241978967441,1.7975233757118074,1.4790134622447597
52,CeO2,Bacillus subtilis,non-pathogenic,chemical_synthesis,MBEC,hexagonal,Bacteria,Bacillota,Bacilli,Bacillales,Bacillaceae,Bacillus,p,soil,172.115,79.0,0,0.16,30,16,39.19032095,34.14,1.373,4.456551526,2.8093386958475204,Klebsiella pneumoniae,2.7323948626479755,0.0769438331995449,644.6718336163786,540.0013712498885
53,ZnO,Bacillus subtilis,non-pathogenic,chemical_synthesis,MBC,triangular,Bacteria,Bacillota,Bacilli,Bacillales,Bacillaceae,Bacillus,p,soil,81.3794,0.8,2,0.16,30,8,22.60496136,17.07,0.6865,4.082482905,0.3315749201533127,Klebsiella pneumoniae,0.2568667896347887,0.07470813051852399,2.1457292437017084,1.8066198997448168
54,Ag,Bacillus subtilis,non-pathogenic,chemical_synthesis,MBEC,triangular,Bacteria,Bacillota,Bacilli,Bacillales,Bacillaceae,Bacillus,p,soil,107.87,100.0,4,0.16,30,11,23.00188061,0.0,0.0,1.78376517,-0.4180257311838802,Klebsiella pneumoniae,-0.4836004374688265,0.06557470628494633,0.3819216419844244,0.3283972884527039
55,ZnO,Bacillus subtilis,non-pathogenic,chemical_synthesis,MBEC,spherical,Bacteria,Bacillota,Bacilli,Bacillales,Bacillaceae,Bacillus,p,soil,81.3794,100.0,4,0.16,30,8,22.60496136,17.07,0.6865,4.082482905,1.3439351706794354,Klebsiella pneumoniae,1.302994785926387,0.04094038475304829,22.07675157651793,20.090686918902456
56,Ag,Bacillus subtilis,non-pathogenic,green_synthesis,MBEC,spherical,Bacteria,Bacillota,Bacilli,Bacillales,Bacillaceae,Bacillus,p,soil,107.87,26.06,0,0.16,30,11,23.00188061,0.0,0.0,1.78376517,1.7034930809214899,Klebsiella pneumoniae,1.6724883073611756,0.03100477356031428,50.52345955961613,47.042274022486644
57,ZnO,Bacillus subtilis,non-pathogenic,chemical_synthesis,MIC,quasi-hexagonal,Bacteria,Bacillota,Bacilli,Bacillales,Bacillaceae,Bacillus,p,soil,81.3794,100.0,2,0.16,30,8,22.60496136,17.07,0.6865,4.082482905,0.32394867545476735,Klebsiella pneumoniae,0.3585882027439129,-0.034639527289145544,2.108378968811517,2.283432629794384
58,Cu,Bacillus subtilis,non-pathogenic,chemical_synthesis,MBEC,triangular,Bacteria,Bacillota,Bacilli,Bacillales,Bacillaceae,Bacillus,p,soil,63.55,10.4,18,0.16,30,11,17.96409803,0.0,0.0,1.243163121,0.5741538865296152,Klebsiella pneumoniae,0.7175009210080849,-0.14334703447846975,3.7510589253267006,5.217962108107854
59,Au,Bacillus subtilis,non-pathogenic,green_synthesis,MBEC,triangular,Bacteria,Bacillota,Bacilli,Bacillales,Bacillaceae,Bacillus,p,soil,196.966569,26.06,0,0.16,30,11,23.00188061,0.0,0.0,2.46797672,0.1806549859265103,Klebsiella pneumoniae,0.32650874525692597,-0.14585375933041567,1.5158456644260245,2.120844099457737
60,Cu,Bacillus subtilis,non-pathogenic,chemical_synthesis,MBC,rod-shaped,Bacteria,Bacillota,Bacilli,Bacillales,Bacillaceae,Bacillus,p,soil,63.55,25.0,2,0.16,30,11,17.96409803,0.0,0.0,1.243163121,1.061726752578705,Klebsiella pneumoniae,1.2269765871114555,-0.16524983453275044,11.527277616173974,16.864621054823303
61,Ag,Bacillus subtilis,non-pathogenic,green_synthesis,MIC,nanoplates,Bacteria,Bacillota,Bacilli,Bacillales,Bacillaceae,Bacillus,p,soil,107.87,22.5,24,0.16,30,11,23.00188061,0.0,0.0,1.78376517,1.9143506743514034,Klebsiella pneumoniae,2.1046918320991934,-0.19034115774779004,82.10142108663857,127.25997456496421
62,ZnO,Bacillus subtilis,non-pathogenic,chemical_synthesis,MIC,tetragonal,Bacteria,Bacillota,Bacilli,Bacillales,Bacillaceae,Bacillus,p,soil,81.3794,100.0,3,0.16,30,8,22.60496136,17.07,0.6865,4.082482905,-0.3114251873880294,Klebsiella pneumoniae,-0.09781547448108618,-0.2136097129069432,0.48817418806460905,0.7983338158468983
63,Ag,Bacillus subtilis,non-pathogenic,chemical_synthesis,MBC,spherical,Bacteria,Bacillota,Bacilli,Bacillales,Bacillaceae,Bacillus,p,soil,107.8682,8.0,3,0.16,30,11,23.00188061,0.0,0.0,1.78376517,1.8031395225329891,Klebsiella pneumoniae,2.032958329155246,-0.22981880662225684,63.55350726477946,107.88432015398328
64,Ag,Bacillus subtilis,non-pathogenic,chemical_synthesis,MBC,tetragonal,Bacteria,Bacillota,Bacilli,Bacillales,Bacillaceae,Bacillus,p,soil,107.8682,30.0,4,0.16,30,11,23.00188061,0.0,0.0,1.78376517,0.9525979239765486,Klebsiella pneumoniae,1.2689830526781265,-0.31638512870157787,8.965983266162175,18.577319600518393
65,Cu,Bacillus subtilis,non-pathogenic,chemical_synthesis,MIC,spherical,Bacteria,Bacillota,Bacilli,Bacillales,Bacillaceae,Bacillus,p,soil,63.55,28.0,4,0.16,30,11,17.96409803,0.0,0.0,1.243163121,1.1972562816784564,Klebsiella pneumoniae,1.5795130769599115,-0.38225679528145506,15.749119621886942,37.97633737830909
