,np,bacteria,bac_type,np_synthesis,method,shape,kingdom,phylum,class,order,family,genus,gram,isolated_from,mol_weight (g/mol),np_size_avg (nm),time_set,"min_Incub_period, h","growth_temp, C",Valance_electron,labuteASA,tpsa,CrippenMR,chi0v,pred_MIC_norm,pathogenic_bacteria,pred_MIC_pathogen,Fitness,pred_norm_MIC_original,pred_path_MIC_original
0,Ag,Bacillus subtilis,non-pathogenic,chemical_synthesis,MIC,spheroidal,Bacteria,Bacillota,Bacilli,Bacillales,Bacillaceae,Bacillus,p,soil,107.87,4.0,24,0.16,30,11,23.00188061,0.0,0.0,1.78376517,1.576650266999707,Klebsiella pneumoniae,0.6041259074956504,0.9725243595040565,37.72682582118388,4.019073120035886
1,ZrO2,Bacillus subtilis,non-pathogenic,green_synthesis,MIC,quasi-spherical,Bacteria,Bacillota,Bacilli,Bacillales,Bacillaceae,Bacillus,p,soil,123.2218,4.0,3,0.16,30,16,29.29254423,34.14,1.373,3.774536472,1.9021583629103502,Klebsiella pneumoniae,1.0790941473498576,0.8230642155604926,79.82857243631432,11.997593615353713
2,ZnO,Bacillus subtilis,non-pathogenic,green_synthesis,MIC,quasi-spherical,Bacteria,Bacillota,Bacilli,Bacillales,Bacillaceae,Bacillus,p,soil,81.3794,3.0,3,0.16,30,8,22.60496136,17.07,0.6865,4.082482905,1.2251816440734513,Klebsiella pneumoniae,0.40826739537952017,0.8169142486939311,16.795063263343923,2.560161694872466
3,Pd,Bacillus subtilis,non-pathogenic,chemical_synthesis,MIC,cubic,Bacteria,Bacillota,Bacilli,Bacillales,Bacillaceae,Bacillus,p,soil,195.084,4.0,2,0.16,30,10,21.14774404,0.0,0.0,1.870828693,0.7530847764139271,Klebsiella pneumoniae,-0.036312297019540196,0.7893970734334673,5.663498325149428,0.9197879231666792
4,ZnO,Bacillus subtilis,non-pathogenic,green_synthesis,MBC,nanoplates,Bacteria,Bacillota,Bacilli,Bacillales,Bacillaceae,Bacillus,p,soil,81.3794,6.0,4,0.16,30,8,22.60496136,17.07,0.6865,4.082482905,2.5419714824307444,Klebsiella pneumoniae,1.7561470294351647,0.7858244529955798,348.3144425202836,57.035733281084354
5,Ag,Bacillus subtilis,non-pathogenic,chemical_synthesis,MIC,spherical,Bacteria,Bacillota,Bacilli,Bacillales,Bacillaceae,Bacillus,p,soil,107.87,3.0,4,0.16,30,11,23.00188061,0.0,0.0,1.78376517,0.9048859894226131,Klebsiella pneumoniae,0.12203194140296714,0.782854048019646,8.033152089521849,1.3244389411807578
6,TiO2,Bacillus subtilis,non-pathogenic,green_synthesis,MIC,quasi-spherical,Bacteria,Bacillota,Bacilli,Bacillales,Bacillaceae,Bacillus,p,soil,79.866,1.9,3,0.16,30,16,26.40611331,34.14,1.373,2.878049394,2.239212077179548,Klebsiella pneumoniae,1.4844704968049351,0.7547415803746127,173.46508656523662,30.51198743133007
7,ZnO,Bacillus subtilis,non-pathogenic,green_synthesis,MBC,hexagonal,Bacteria,Bacillota,Bacilli,Bacillales,Bacillaceae,Bacillus,p,soil,81.3794,6.0,3,0.16,30,8,22.60496136,17.07,0.6865,4.082482905,2.605719112907295,Klebsiella pneumoniae,1.8576174916095898,0.7481016212977054,403.3844130824218,72.04726375288816
8,Ag,Bacillus subtilis,non-pathogenic,green_synthesis,MIC,quasi-spherical,Bacteria,Bacillota,Bacilli,Bacillales,Bacillaceae,Bacillus,p,soil,107.87,3.0,4,0.16,30,11,23.00188061,0.0,0.0,1.78376517,1.538063397575005,Klebsiella pneumoniae,0.8425470219701556,0.6955163756048495,34.519412651365265,6.959002971996729
9,Pt,Bacillus subtilis,non-pathogenic,green_synthesis,MIC,cubic,Bacteria,Bacillota,Bacilli,Bacillales,Bacillaceae,Bacillus,p,soil,195.084,4.0,3,0.16,30,10,21.75656585,0.0,0.0,2.588435821,0.9518854705224881,Klebsiella pneumoniae,0.26649230800087276,0.6853931625216153,8.951286765756699,1.847108079597412
10,ZnO,Bacillus subtilis,non-pathogenic,green_synthesis,MBC,quasi-spherical,Bacteria,Bacillota,Bacilli,Bacillales,Bacillaceae,Bacillus,p,soil,81.3794,0.8,0,0.16,30,8,22.60496136,17.07,0.6865,4.082482905,1.56605291060889,Klebsiella pneumoniae,0.8873701556416714,0.6786827549672186,36.817382596167164,7.715608016361113
11,TiO2,Bacillus subtilis,non-pathogenic,chemical_synthesis,MIC,quasi-spherical,Bacteria,Bacillota,Bacilli,Bacillales,Bacillaceae,Bacillus,p,soil,79.866,3.0,4,0.16,30,16,26.40611331,34.14,1.373,2.878049394,2.0652604782080153,Klebsiella pneumoniae,1.388323331659771,0.6769371465482443,116.2145428581724,24.452503608042594
12,ZnO,Bacillus subtilis,non-pathogenic,green_synthesis,MBEC,quasi-hexagonal,Bacteria,Bacillota,Bacilli,Bacillales,Bacillaceae,Bacillus,p,soil,81.3794,8.7,0,0.16,30,8,22.60496136,17.07,0.6865,4.082482905,1.5224680303350617,Klebsiella pneumoniae,0.8532536644641722,0.6692143658708896,33.30182469762094,7.132695178056804
13,CeO2,Bacillus subtilis,non-pathogenic,chemical_synthesis,MIC,cubic,Bacteria,Bacillota,Bacilli,Bacillales,Bacillaceae,Bacillus,p,soil,172.115,5.1,3,0.16,30,16,39.19032095,34.14,1.373,4.456551526,3.0619190986695903,Klebsiella pneumoniae,2.3985415162282004,0.6633775824413899,1153.2384100254028,250.3464954796348
14,Au,Bacillus subtilis,non-pathogenic,chemical_synthesis,MIC,quasi-hexagonal,Bacteria,Bacillota,Bacilli,Bacillales,Bacillaceae,Bacillus,p,soil,196.966569,1.4,1,0.16,30,11,23.00188061,0.0,0.0,2.46797672,1.1948371346246411,Klebsiella pneumoniae,0.5440657622099931,0.650771372414648,15.66163630773771,3.499981608170642
15,ZnO,Bacillus subtilis,non-pathogenic,green_synthesis,MBEC,rod-shaped,Bacteria,Bacillota,Bacilli,Bacillales,Bacillaceae,Bacillus,p,soil,81.3794,5.1,2,0.16,30,8,22.60496136,17.07,0.6865,4.082482905,2.2417317601013194,Klebsiella pneumoniae,1.593413920557965,0.6483178395433544,174.47441871960237,39.2115419299145
16,Ag,Bacillus subtilis,non-pathogenic,green_synthesis,MIC,quasi-hexagonal,Bacteria,Bacillota,Bacilli,Bacillales,Bacillaceae,Bacillus,p,soil,107.87,0.8,4,0.16,30,11,23.00188061,0.0,0.0,1.78376517,0.9130868079982549,Klebsiella pneumoniae,0.2659269895381968,0.6471598184600581,8.18628401521788,1.8447052745398755
17,TiO2,Bacillus subtilis,non-pathogenic,green_synthesis,MBEC,rod-shaped,Bacteria,Bacillota,Bacilli,Bacillales,Bacillaceae,Bacillus,p,soil,79.866,6.0,0,0.16,30,16,26.40611331,34.14,1.373,2.878049394,2.95890092823912,Klebsiella pneumoniae,2.3180831965476267,0.6408177316914934,909.7057258350451,208.0095126792806
18,Au,Bacillus subtilis,non-pathogenic,chemical_synthesis,MIC,quasi-hexagonal,Bacteria,Bacillota,Bacilli,Bacillales,Bacillaceae,Bacillus,p,soil,196.966569,3.0,0,0.16,30,11,23.00188061,0.0,0.0,2.46797672,1.1554418109697528,Klebsiella pneumoniae,0.5256813936053426,0.6297604173644102,14.303483224837267,3.3549140129764834
19,ZnO,Bacillus subtilis,non-pathogenic,green_synthesis,MBEC,quasi-hexagonal,Bacteria,Bacillota,Bacilli,Bacillales,Bacillaceae,Bacillus,p,soil,81.3794,3.0,4,0.16,30,8,22.60496136,17.07,0.6865,4.082482905,1.069853824562839,Klebsiella pneumoniae,0.4442756293832104,0.6255781951796286,11.74502172838971,2.78147800082832
20,Ag,Bacillus subtilis,non-pathogenic,green_synthesis,MIC,cubic,Bacteria,Bacillota,Bacilli,Bacillales,Bacillaceae,Bacillus,p,soil,107.87,1.9,0,0.16,30,11,23.00188061,0.0,0.0,1.78376517,2.012224135231781,Klebsiella pneumoniae,1.3913006361619435,0.6209234990698376,102.85469844430024,24.620713595025794
21,ZnO,Bacillus subtilis,non-pathogenic,green_synthesis,MBEC,quasi-hexagonal,Bacteria,Bacillota,Bacilli,Bacillales,Bacillaceae,Bacillus,p,soil,81.3794,10.4,3,0.16,30,8,22.60496136,17.07,0.6865,4.082482905,1.4714448150966266,Klebsiella pneumoniae,0.8517705953522863,0.6196742197443403,29.61043687779044,7.10837933007983
22,Ag,Bacillus subtilis,non-pathogenic,green_synthesis,MIC,spheroidal,Bacteria,Bacillota,Bacilli,Bacillales,Bacillaceae,Bacillus,p,soil,107.87,0.8,1,0.16,30,11,23.00188061,0.0,0.0,1.78376517,1.3492697838245786,Klebsiella pneumoniae,0.7354427433029589,0.6138270405216197,22.34960149416184,5.438044326785618
23,ZnO,Bacillus subtilis,non-pathogenic,chemical_synthesis,MIC,quasi-hexagonal,Bacteria,Bacillota,Bacilli,Bacillales,Bacillaceae,Bacillus,p,soil,81.3794,6.0,4,0.16,30,8,22.60496136,17.07,0.6865,4.082482905,0.9037504242585835,Klebsiella pneumoniae,0.29196280883297265,0.6117876154256109,8.012174959003143,1.958676933405208
24,TiO2,Bacillus subtilis,non-pathogenic,chemical_synthesis,MIC,spherical,Bacteria,Bacillota,Bacilli,Bacillales,Bacillaceae,Bacillus,p,soil,79.866,1.9,0,0.16,30,16,26.40611331,34.14,1.373,2.878049394,2.2251089765609864,Klebsiella pneumoniae,1.6136927093489,0.6114162672120864,167.92253295867087,41.0858909722656
25,Ag,Bacillus subtilis,non-pathogenic,green_synthesis,MIC,spherical,Bacteria,Bacillota,Bacilli,Bacillales,Bacillaceae,Bacillus,p,soil,107.87,1.4,24,0.16,30,11,23.00188061,0.0,0.0,1.78376517,2.4760120747042724,Klebsiella pneumoniae,1.865774133772303,0.6102379409319694,299.2347831800331,73.41319642873415
26,ZnO,Bacillus subtilis,non-pathogenic,green_synthesis,MBC,tetragonal,Bacteria,Bacillota,Bacilli,Bacillales,Bacillaceae,Bacillus,p,soil,81.3794,9.0,18,0.16,30,8,22.60496136,17.07,0.6865,4.082482905,1.7085480439138003,Klebsiella pneumoniae,1.1269649841593026,0.5815830597544978,51.1149621938815,13.395686777311841
27,Ni,Bacillus subtilis,non-pathogenic,green_synthesis,MBEC,quasi-hexagonal,Bacteria,Bacillota,Bacilli,Bacillales,Bacillaceae,Bacillus,p,soil,58.6934,5.1,4,0.16,30,10,17.41523038,0.0,0.0,1.303840481,2.1288118371243234,Klebsiella pneumoniae,1.5477235717138065,0.581088265410517,134.52773715101605,35.29584403553113
28,Pd,Bacillus subtilis,non-pathogenic,green_synthesis,MIC,hexagonal,Bacteria,Bacillota,Bacilli,Bacillales,Bacillaceae,Bacillus,p,soil,195.084,4.0,1,0.16,30,10,21.14774404,0.0,0.0,1.870828693,1.0835811802658188,Klebsiella pneumoniae,0.503538400962424,0.5800427793033949,12.122192610411092,3.1881474639620353
29,ZnO,Bacillus subtilis,non-pathogenic,green_synthesis,MBC,spherical,Bacteria,Bacillota,Bacilli,Bacillales,Bacillaceae,Bacillus,p,soil,81.3794,12.0,1,0.16,30,8,22.60496136,17.07,0.6865,4.082482905,2.3715912868284392,Klebsiella pneumoniae,1.7967720713693813,0.5748192154590579,235.28339969821408,62.62850882913344
30,TiO2,Bacillus subtilis,non-pathogenic,chemical_synthesis,MIC,cubic,Bacteria,Bacillota,Bacilli,Bacillales,Bacillaceae,Bacillus,p,soil,79.866,1.4,2,0.16,30,16,26.40611331,34.14,1.373,2.878049394,2.5238581243994282,Klebsiella pneumoniae,1.956728473055301,0.5671296513441273,334.08588280631864,90.51665012758889
31,ZnO,Bacillus subtilis,non-pathogenic,green_synthesis,MBEC,cubic,Bacteria,Bacillota,Bacilli,Bacillales,Bacillaceae,Bacillus,p,soil,81.3794,10.0,4,0.16,30,8,22.60496136,17.07,0.6865,4.082482905,2.5668620823290236,Klebsiella pneumoniae,2.0055006413471483,0.5613614409818752,368.86044200070444,101.27462443929078
32,Ag,Bacillus subtilis,non-pathogenic,green_synthesis,MIC,spheroidal,Bacteria,Bacillota,Bacilli,Bacillales,Bacillaceae,Bacillus,p,soil,107.87,4.0,2,0.16,30,11,23.00188061,0.0,0.0,1.78376517,1.3457048455321878,Klebsiella pneumoniae,0.7860283165867451,0.5596765289454427,22.16689405125125,6.109818604493391
33,ZnO,Bacillus subtilis,non-pathogenic,green_synthesis,MBC,spheroidal,Bacteria,Bacillota,Bacilli,Bacillales,Bacillaceae,Bacillus,p,soil,81.3794,5.1,0,0.16,30,8,22.60496136,17.07,0.6865,4.082482905,2.637963569973498,Klebsiella pneumoniae,2.0950853872608217,0.5428781827126761,434.4737775765603,124.47593216293043
34,TiO2,Bacillus subtilis,non-pathogenic,green_synthesis,MIC,tetragonal,Bacteria,Bacillota,Bacilli,Bacillales,Bacillaceae,Bacillus,p,soil,79.866,1.9,1,0.16,30,16,26.40611331,34.14,1.373,2.878049394,0.9842623670602155,Klebsiella pneumoniae,0.4427987205697712,0.5414636464904443,9.644114703225583,2.7720350711587454
35,CeO2,Bacillus subtilis,non-pathogenic,chemical_synthesis,MIC,triangular,Bacteria,Bacillota,Bacilli,Bacillales,Bacillaceae,Bacillus,p,soil,172.115,4.0,3,0.16,30,16,39.19032095,34.14,1.373,4.456551526,0.45108724362672903,Klebsiella pneumoniae,-0.0825062913168193,0.5335935349435483,2.825447510402467,0.8269775286429348
36,ZnO,Bacillus subtilis,non-pathogenic,green_synthesis,MBEC,rod-shaped,Bacteria,Bacillota,Bacilli,Bacillales,Bacillaceae,Bacillus,p,soil,81.3794,4.0,1,0.16,30,8,22.60496136,17.07,0.6865,4.082482905,1.7351412489946596,Klebsiella pneumoniae,1.2021732998970003,0.5329679490976593,54.34270457866539,15.928442052356528
37,TiO2,Bacillus subtilis,non-pathogenic,green_synthesis,MBC,tetragonal,Bacteria,Bacillota,Bacilli,Bacillales,Bacillaceae,Bacillus,p,soil,79.866,4.7,18,0.16,30,16,26.40611331,34.14,1.373,2.878049394,2.030874170363272,Klebsiella pneumoniae,1.498425552164348,0.5324486181989239,107.36782867619877,31.50834210103598
38,ZnO,Bacillus subtilis,non-pathogenic,green_synthesis,MBC,quasi-hexagonal,Bacteria,Bacillota,Bacilli,Bacillales,Bacillaceae,Bacillus,p,soil,81.3794,22.5,4,0.16,30,8,22.60496136,17.07,0.6865,4.082482905,0.9361532289021983,Klebsiella pneumoniae,0.4062393273700746,0.5299139015321237,8.632830798096036,2.5482341252772662
39,Ag,Bacillus subtilis,non-pathogenic,chemical_synthesis,MIC,spherical,Bacteria,Bacillota,Bacilli,Bacillales,Bacillaceae,Bacillus,p,soil,107.87,6.0,1,0.16,30,11,23.00188061,0.0,0.0,1.78376517,1.3426242787803977,Klebsiella pneumoniae,0.8295321764261645,0.5130921023542332,22.01021469260143,6.753550884971727
40,ZnO,Bacillus subtilis,non-pathogenic,chemical_synthesis,MBEC,quasi-hexagonal,Bacteria,Bacillota,Bacilli,Bacillales,Bacillaceae,Bacillus,p,soil,81.3794,9.0,0,0.16,30,8,22.60496136,17.07,0.6865,4.082482905,1.3872169604693545,Klebsiella pneumoniae,0.8800141087935854,0.5072028516757691,24.390289796321635,7.5860221910991426
41,TiO2,Bacillus subtilis,non-pathogenic,green_synthesis,MBEC,hexagonal,Bacteria,Bacillota,Bacilli,Bacillales,Bacillaceae,Bacillus,p,soil,79.866,3.0,4,0.16,30,16,26.40611331,34.14,1.373,2.878049394,2.7177298011813016,Klebsiella pneumoniae,2.2106742967965385,0.5070555043847631,522.0712782778425,162.43301172985704
42,Ag,Bacillus subtilis,non-pathogenic,chemical_synthesis,MIC,cubic,Bacteria,Bacillota,Bacilli,Bacillales,Bacillaceae,Bacillus,p,soil,107.87,8.0,4,0.16,30,11,23.00188061,0.0,0.0,1.78376517,1.9258158115519868,Klebsiella pneumoniae,1.420115467300781,0.5057003442512058,84.29771672529726,26.309674028613756
43,ZnO,Bacillus subtilis,non-pathogenic,green_synthesis,MBEC,cubic,Bacteria,Bacillota,Bacilli,Bacillales,Bacillaceae,Bacillus,p,soil,81.3794,11.3,3,0.16,30,8,22.60496136,17.07,0.6865,4.082482905,2.640927144797362,Klebsiella pneumoniae,2.137573596100496,0.5033535486968663,437.44871466069003,137.26935597118035
44,Ag,Bacillus subtilis,non-pathogenic,green_synthesis,MBEC,spheroidal,Bacteria,Bacillota,Bacilli,Bacillales,Bacillaceae,Bacillus,p,soil,107.87,79.0,18,0.16,30,11,23.00188061,0.0,0.0,1.78376517,1.2148735785497111,Klebsiella pneumoniae,0.7230113192911436,0.4918622592585675,16.40112273340523,5.284590251567445
45,ZnO,Bacillus subtilis,non-pathogenic,chemical_synthesis,MBEC,quasi-hexagonal,Bacteria,Bacillota,Bacilli,Bacillales,Bacillaceae,Bacillus,p,soil,81.3794,3.0,4,0.16,30,8,22.60496136,17.07,0.6865,4.082482905,0.8928693014258255,Klebsiella pneumoniae,0.4012967418614899,0.49157255956433565,7.813926133218077,2.519397777238363
46,ZnO,Bacillus subtilis,non-pathogenic,green_synthesis,MBC,quasi-hexagonal,Bacteria,Bacillota,Bacilli,Bacillales,Bacillaceae,Bacillus,p,soil,81.3794,17.5,3,0.16,30,8,22.60496136,17.07,0.6865,4.082482905,1.0436717001267164,Klebsiella pneumoniae,0.5602345834859748,0.4834371166407416,11.057875606778326,3.632742237896348
47,TiO2,Bacillus subtilis,non-pathogenic,green_synthesis,MBEC,cubic,Bacteria,Bacillota,Bacilli,Bacillales,Bacillaceae,Bacillus,p,soil,79.866,1.4,4,0.16,30,16,26.40611331,34.14,1.373,2.878049394,2.734314384182198,Klebsiella pneumoniae,2.252540552393435,0.48177383178876276,542.3933849033275,178.8712542945958
48,Au,Bacillus subtilis,non-pathogenic,chemical_synthesis,MIC,quasi-hexagonal,Bacteria,Bacillota,Bacilli,Bacillales,Bacillaceae,Bacillus,p,soil,196.966569,5.1,1,0.16,30,11,23.00188061,0.0,0.0,2.46797672,1.5150401691987692,Klebsiella pneumoniae,1.0333269377406324,0.4817132314581367,32.73709730014033,10.797592612477144
49,TiO2,Bacillus subtilis,non-pathogenic,green_synthesis,MBC,spheroidal,Bacteria,Bacillota,Bacilli,Bacillales,Bacillaceae,Bacillus,p,soil,79.866,12.0,3,0.16,30,16,26.40611331,34.14,1.373,2.878049394,3.185009518294952,Klebsiella pneumoniae,2.7048729537421474,0.4801365645528044,1531.1210184099311,506.8424175305559
50,TiO2,Bacillus subtilis,non-pathogenic,green_synthesis,MBC,spheroidal,Bacteria,Bacillota,Bacilli,Bacillales,Bacillaceae,Bacillus,p,soil,79.866,12.0,3,0.16,30,16,26.40611331,34.14,1.373,2.878049394,3.185009518294952,Klebsiella pneumoniae,2.7048729537421474,0.4801365645528044,1531.1210184099311,506.8424175305559
51,ZnO,Bacillus subtilis,non-pathogenic,chemical_synthesis,MBEC,spherical,Bacteria,Bacillota,Bacilli,Bacillales,Bacillaceae,Bacillus,p,soil,81.3794,8.0,2,0.16,30,8,22.60496136,17.07,0.6865,4.082482905,2.1692549349867223,Klebsiella pneumoniae,1.7359328432656365,0.4333220917210858,147.6573041329649,54.441846067689184
52,Ag,Bacillus subtilis,non-pathogenic,green_synthesis,MBEC,triangular,Bacteria,Bacillota,Bacilli,Bacillales,Bacillaceae,Bacillus,p,soil,107.87,28.0,18,0.16,30,11,23.00188061,0.0,0.0,1.78376517,-0.22390004296107202,Klebsiella pneumoniae,-0.5994396217987945,0.3755395788377225,0.5971727157940029,0.2515129656970221
53,ZnO,Bacillus subtilis,non-pathogenic,chemical_synthesis,MBEC,nanoplates,Bacteria,Bacillota,Bacilli,Bacillales,Bacillaceae,Bacillus,p,soil,81.3794,10.4,1,0.16,30,8,22.60496136,17.07,0.6865,4.082482905,2.470514943017798,Klebsiella pneumoniae,2.1067470647030797,0.36376787831471846,295.47105511405425,127.86364029707127
54,Ni,Bacillus subtilis,non-pathogenic,green_synthesis,MBC,quasi-spherical,Bacteria,Bacillota,Bacilli,Bacillales,Bacillaceae,Bacillus,p,soil,58.6934,18.5,0,0.16,30,10,17.41523038,0.0,0.0,1.303840481,2.2516991390826657,Klebsiella pneumoniae,1.8919835164872518,0.3597156225954139,178.52504001175922,77.9800512874277
55,ZnO,Bacillus subtilis,non-pathogenic,green_synthesis,MIC,quasi-spherical,Bacteria,Bacillota,Bacilli,Bacillales,Bacillaceae,Bacillus,p,soil,81.3794,44.45,4,0.16,30,8,22.60496136,17.07,0.6865,4.082482905,0.27950026984683474,Klebsiella pneumoniae,-0.04952154680649867,0.3290218166533334,1.9032694201634899,0.8922333517992761
56,Au,Bacillus subtilis,non-pathogenic,chemical_synthesis,MIC,rod-shaped,Bacteria,Bacillota,Bacilli,Bacillales,Bacillaceae,Bacillus,p,soil,196.966569,6.0,1,0.16,30,11,23.00188061,0.0,0.0,2.46797672,1.8382540634600395,Klebsiella pneumoniae,1.5633657688955909,0.27488829456444863,68.90552776827259,36.590283036638134
57,Ag,Bacillus subtilis,non-pathogenic,green_synthesis,MBC,cubic,Bacteria,Bacillota,Bacilli,Bacillales,Bacillaceae,Bacillus,p,soil,107.8682,79.0,4,0.16,30,11,23.00188061,0.0,0.0,1.78376517,1.6039310163656337,Klebsiella pneumoniae,1.3567562069766195,0.24717480938901426,40.17269951884473,22.738206537117858
58,Au,Bacillus subtilis,non-pathogenic,chemical_synthesis,MIC,nanoplates,Bacteria,Bacillota,Bacilli,Bacillales,Bacillaceae,Bacillus,p,soil,196.966569,3.0,24,0.16,30,11,23.00188061,0.0,0.0,2.46797672,3.3987900333145795,Klebsiella pneumoniae,3.1825230881188338,0.21626694519574574,2504.897926856526,1522.3800640435154
59,Ag,Bacillus subtilis,non-pathogenic,chemical_synthesis,MIC,triangular,Bacteria,Bacillota,Bacilli,Bacillales,Bacillaceae,Bacillus,p,soil,107.8682,1.4,3,0.16,30,11,23.00188061,0.0,0.0,1.78376517,-0.01942858828856786,Klebsiella pneumoniae,-0.20960584182928055,0.1901772535407127,0.9562499197421478,0.6171548668589245
60,ZnO,Bacillus subtilis,non-pathogenic,green_synthesis,MBC,spheroidal,Bacteria,Bacillota,Bacilli,Bacillales,Bacillaceae,Bacillus,p,soil,81.3794,13.0,1,0.16,30,8,22.60496136,17.07,0.6865,4.082482905,2.3949790835350937,Klebsiella pneumoniae,2.2166004358625315,0.17837864767256217,248.3013515667075,164.6646729311866
61,CuO,Bacillus subtilis,non-pathogenic,green_synthesis,MIC,quasi-spherical,Bacteria,Bacillota,Bacilli,Bacillales,Bacillaceae,Bacillus,p,soil,79.5454,8.7,2,0.16,30,17,20.67942236,17.07,0.6865,1.651411411,2.5980223362194264,Klebsiella pneumoniae,2.4204327118698146,0.17758962434961179,396.29841577331933,263.2889980930524
62,Pt,Bacillus subtilis,non-pathogenic,chemical_synthesis,MBC,quasi-hexagonal,Bacteria,Bacillota,Bacilli,Bacillales,Bacillaceae,Bacillus,p,soil,195.084,17.5,1,0.16,30,10,21.75656585,0.0,0.0,2.588435821,0.5022619420968697,Klebsiella pneumoniae,0.3605473417856033,0.14171460031126637,3.1787907610429453,2.2937566557689295
63,CuO,Bacillus subtilis,non-pathogenic,chemical_synthesis,MIC,triangular,Bacteria,Bacillota,Bacilli,Bacillales,Bacillaceae,Bacillus,p,soil,79.5454,4.0,24,0.16,30,17,20.67942236,17.07,0.6865,1.651411411,0.864739132578055,Klebsiella pneumoniae,0.7233543841589118,0.14138474841914317,7.323844800156123,5.288766389142683
64,ZnO,Bacillus subtilis,non-pathogenic,green_synthesis,MBEC,spheroidal,Bacteria,Bacillota,Bacilli,Bacillales,Bacillaceae,Bacillus,p,soil,81.3794,13.0,0,0.16,30,8,22.60496136,17.07,0.6865,4.082482905,2.487470072472809,Klebsiella pneumoniae,2.3544449907418854,0.13302508173092376,307.2345640551405,226.17520402011172
65,Ag,Bacillus subtilis,non-pathogenic,chemical_synthesis,MIC,cubic,Bacteria,Bacillota,Bacilli,Bacillales,Bacillaceae,Bacillus,p,soil,107.87,26.06,18,0.16,30,11,23.00188061,0.0,0.0,1.78376517,1.4768127297208302,Klebsiella pneumoniae,1.3676950140352466,0.1091177156855836,29.978695416444193,23.318199522923525
66,Au,Bacillus subtilis,non-pathogenic,green_synthesis,MBC,quasi-hexagonal,Bacteria,Bacillota,Bacilli,Bacillales,Bacillaceae,Bacillus,p,soil,196.966569,17.5,2,0.16,30,11,23.00188061,0.0,0.0,2.46797672,0.570468239496172,Klebsiella pneumoniae,0.48911102709934307,0.08135721239682892,3.7193602001656827,3.0839762659877574
67,ZnO,Bacillus subtilis,non-pathogenic,chemical_synthesis,MBEC,spheroidal,Bacteria,Bacillota,Bacilli,Bacillales,Bacillaceae,Bacillus,p,soil,81.3794,18.5,1,0.16,30,8,22.60496136,17.07,0.6865,4.082482905,1.9387224314230178,Klebsiella pneumoniae,1.8579143045448598,0.08080812687815797,86.84052321585186,72.09652035155385
68,Ag,Bacillus subtilis,non-pathogenic,chemical_synthesis,MBC,quasi-hexagonal,Bacteria,Bacillota,Bacilli,Bacillales,Bacillaceae,Bacillus,p,soil,107.87,50.0,2,0.16,30,11,23.00188061,0.0,0.0,1.78376517,0.1061476358296416,Klebsiella pneumoniae,0.030558547262979907,0.07558908856666169,1.2768728003652685,1.0728982755621839
69,ZnO,Bacillus subtilis,non-pathogenic,green_synthesis,MBC,hexagonal,Bacteria,Bacillota,Bacilli,Bacillales,Bacillaceae,Bacillus,p,soil,81.3794,40.0,18,0.16,30,8,22.60496136,17.07,0.6865,4.082482905,1.2307549419877417,Klebsiella pneumoniae,1.1622814792026726,0.06847346278506916,17.01198307576207,14.530530794851568
70,Au,Bacillus subtilis,non-pathogenic,green_synthesis,MBC,quasi-hexagonal,Bacteria,Bacillota,Bacilli,Bacillales,Bacillaceae,Bacillus,p,soil,196.966569,13.0,3,0.16,30,11,23.00188061,0.0,0.0,2.46797672,1.0026212658399896,Klebsiella pneumoniae,0.9660186382999995,0.03660262753999011,10.060539391121953,9.247378593879002
71,ZnO,Bacillus subtilis,non-pathogenic,chemical_synthesis,MIC,triangular,Bacteria,Bacillota,Bacilli,Bacillales,Bacillaceae,Bacillus,p,soil,81.3794,38.0,24,0.16,30,8,22.60496136,17.07,0.6865,4.082482905,-0.003259077514640163,Klebsiella pneumoniae,-0.03163540298324263,0.02837632546860247,0.9925237836802435,0.9297465960584188
72,Ag,Bacillus subtilis,non-pathogenic,green_synthesis,MIC,quasi-spherical,Bacteria,Bacillota,Bacilli,Bacillales,Bacillaceae,Bacillus,p,soil,107.8682,28.0,3,0.16,30,11,23.00188061,0.0,0.0,1.78376517,1.1017897457209884,Klebsiella pneumoniae,1.0953400591405718,0.006449686580416669,12.641242009172657,12.45489467127729
73,Ag2O,Bacillus subtilis,non-pathogenic,chemical_synthesis,MBC,quasi-hexagonal,Bacteria,Bacillota,Bacilli,Bacillales,Bacillaceae,Bacillus,p,soil,231.7358,12.0,4,0.16,30,28,46.55109718,17.07,0.6865,3.975778631,1.3479269977516375,Klebsiella pneumoniae,1.3562665371169282,-0.008339539365290749,22.280605944211196,22.712583508787716
74,Pd,Bacillus subtilis,non-pathogenic,chemical_synthesis,MBC,rod-shaped,Bacteria,Bacillota,Bacilli,Bacillales,Bacillaceae,Bacillus,p,soil,195.084,26.38,0,0.16,30,10,21.14774404,0.0,0.0,1.870828693,1.1213129738231609,Klebsiella pneumoniae,1.1416629934847413,-0.020350019661580454,13.222481675585088,13.85680142928729
75,Ag,Bacillus subtilis,non-pathogenic,chemical_synthesis,MBC,nanoplates,Bacteria,Bacillota,Bacilli,Bacillales,Bacillaceae,Bacillus,p,soil,107.87,0.8,4,0.16,30,11,23.00188061,0.0,0.0,1.78376517,1.1873224064142125,Klebsiella pneumoniae,1.2311149354701472,-0.04379252905593467,15.392969413512064,17.026090420457038
76,Ag,Bacillus subtilis,non-pathogenic,chemical_synthesis,MBEC,spherical,Bacteria,Bacillota,Bacilli,Bacillales,Bacillaceae,Bacillus,p,soil,107.87,35.0,1,0.16,30,11,23.00188061,0.0,0.0,1.78376517,1.3738624251039844,Klebsiella pneumoniae,1.4412314232054064,-0.06736899810142205,23.651703450966217,27.62049281828505
77,Cu,Bacillus subtilis,non-pathogenic,chemical_synthesis,MBC,quasi-spherical,Bacteria,Bacillota,Bacilli,Bacillales,Bacillaceae,Bacillus,p,soil,63.55,3.0,3,0.16,30,11,17.96409803,0.0,0.0,1.243163121,0.8253777859448266,Klebsiella pneumoniae,0.9148509994190334,-0.08947321347420678,6.689255523802305,8.219605979673986
78,Ag,Bacillus subtilis,non-pathogenic,green_synthesis,MIC,spherical,Bacteria,Bacillota,Bacilli,Bacillales,Bacillaceae,Bacillus,p,soil,107.87,35.0,24,0.16,30,11,23.00188061,0.0,0.0,1.78376517,1.0339739952275082,Klebsiella pneumoniae,1.1339484140647544,-0.09997441883724623,10.813691989165555,13.612829783015096
79,Ag,Bacillus subtilis,non-pathogenic,chemical_synthesis,MBC,rod-shaped,Bacteria,Bacillota,Bacilli,Bacillales,Bacillaceae,Bacillus,p,soil,107.87,12.0,0,0.16,30,11,23.00188061,0.0,0.0,1.78376517,1.4209923995364644,Klebsiella pneumoniae,1.5933046367582715,-0.1723122372218071,26.362852485474086,39.201676165172515
80,Au,Bacillus subtilis,non-pathogenic,chemical_synthesis,MBC,spherical,Bacteria,Bacillota,Bacilli,Bacillales,Bacillaceae,Bacillus,p,soil,196.966569,13.0,1,0.16,30,11,23.00188061,0.0,0.0,2.46797672,1.5725313236504377,Klebsiella pneumoniae,1.7733669933560645,-0.20083566970562683,37.370707817160664,59.34265780594441
81,Ni,Bacillus subtilis,non-pathogenic,chemical_synthesis,MBEC,tetragonal,Bacteria,Bacillota,Bacilli,Bacillales,Bacillaceae,Bacillus,p,soil,58.6934,35.0,18,0.16,30,10,17.41523038,0.0,0.0,1.303840481,1.6066813635081554,Klebsiella pneumoniae,1.8366869257558356,-0.2300055622476802,40.42791682322768,68.65733245378836
82,CeO2,Bacillus subtilis,non-pathogenic,green_synthesis,MIC,nanoplates,Bacteria,Bacillota,Bacilli,Bacillales,Bacillaceae,Bacillus,p,soil,172.115,26.38,24,0.16,30,16,39.19032095,34.14,1.373,4.456551526,3.1325235908476277,Klebsiella pneumoniae,3.3856415043971184,-0.25311791354949076,1356.8242309009163,2430.197134242359
83,Ag,Bacillus subtilis,non-pathogenic,chemical_synthesis,MBC,nanoplates,Bacteria,Bacillota,Bacilli,Bacillales,Bacillaceae,Bacillus,p,soil,107.87,4.0,24,0.16,30,11,23.00188061,0.0,0.0,1.78376517,2.032936521087434,Klebsiella pneumoniae,2.320258763098764,-0.28732224201133016,107.87890288621395,209.05413546746925
84,ZnO,Bacillus subtilis,non-pathogenic,green_synthesis,MIC,rod-shaped,Bacteria,Bacillota,Bacilli,Bacillales,Bacillaceae,Bacillus,p,soil,81.3794,27.43,24,0.16,30,8,22.60496136,17.07,0.6865,4.082482905,1.5608967397127147,Klebsiella pneumoniae,1.8731312983123094,-0.3122345585995947,36.38285199366423,74.667446304796
85,Ag,Bacillus subtilis,non-pathogenic,chemical_synthesis,MBC,hexagonal,Bacteria,Bacillota,Bacilli,Bacillales,Bacillaceae,Bacillus,p,soil,107.8682,18.0,24,0.16,30,11,23.00188061,0.0,0.0,1.78376517,1.7259169755069774,Klebsiella pneumoniae,2.138186407249102,-0.4122694317421247,53.20065453427371,137.4631865907805
