,np,bacteria,bac_type,np_synthesis,method,shape,kingdom,phylum,class,order,family,genus,gram,isolated_from,mol_weight (g/mol),np_size_avg (nm),time_set,"min_Incub_period, h","growth_temp, C",Valance_electron,labuteASA,tpsa,CrippenMR,chi0v,pred_MIC_norm,pathogenic_bacteria,pred_MIC_pathogen,Fitness,pred_norm_MIC_original,pred_path_MIC_original
0,Ag,Bacillus subtilis,non-pathogenic,chemical_synthesis,MIC,spheroidal,Bacteria,Bacillota,Bacilli,Bacillales,Bacillaceae,Bacillus,p,soil,107.87,3.0,18,0.16,30,11,23.00188061,0.0,0.0,1.78376517,0.8698471494655605,Klebsiella pneumoniae,-0.20753855678344424,1.0773857062490046,7.410493820593606,0.6200995885980456
1,ZnO,Bacillus subtilis,non-pathogenic,green_synthesis,MBEC,quasi-hexagonal,Bacteria,Bacillota,Bacilli,Bacillales,Bacillaceae,Bacillus,p,soil,81.3794,6.0,1,0.16,30,8,22.60496136,17.07,0.6865,4.082482905,1.4873642385211594,Klebsiella pneumoniae,0.6849590019290139,0.8024052365921455,30.715970267017454,4.841266631208592
2,Ag,Bacillus subtilis,non-pathogenic,chemical_synthesis,MIC,nanoplates,Bacteria,Bacillota,Bacilli,Bacillales,Bacillaceae,Bacillus,p,soil,107.87,0.8,24,0.16,30,11,23.00188061,0.0,0.0,1.78376517,2.319105660722643,Klebsiella pneumoniae,1.582353118442238,0.7367525422804049,208.4998086427927,38.225495038461375
3,ZnO,Bacillus subtilis,non-pathogenic,green_synthesis,MBC,spherical,Bacteria,Bacillota,Bacilli,Bacillales,Bacillaceae,Bacillus,p,soil,81.3794,4.7,2,0.16,30,8,22.60496136,17.07,0.6865,4.082482905,2.3077794339248494,Klebsiella pneumoniae,1.6202001970666287,0.6875792368582208,203.13250954607201,41.70615923736661
4,ZnO,Bacillus subtilis,non-pathogenic,green_synthesis,MBC,cubic,Bacteria,Bacillota,Bacilli,Bacillales,Bacillaceae,Bacillus,p,soil,81.3794,0.8,2,0.16,30,8,22.60496136,17.07,0.6865,4.082482905,1.7191910103201409,Klebsiella pneumoniae,1.1223805897943182,0.5968104205258227,52.38307758789373,13.255026178455648
5,Ag,Bacillus subtilis,non-pathogenic,green_synthesis,MIC,quasi-hexagonal,Bacteria,Bacillota,Bacilli,Bacillales,Bacillaceae,Bacillus,p,soil,107.87,0.8,24,0.16,30,11,23.00188061,0.0,0.0,1.78376517,1.7592040655997434,Klebsiella pneumoniae,1.1633309427770562,0.5958731228226872,57.43862905248599,14.56568597879903
6,ZnO,Bacillus subtilis,non-pathogenic,green_synthesis,MBC,spherical,Bacteria,Bacillota,Bacilli,Bacillales,Bacillaceae,Bacillus,p,soil,81.3794,1.4,3,0.16,30,8,22.60496136,17.07,0.6865,4.082482905,1.819687711178863,Klebsiella pneumoniae,1.2259340207014295,0.5937536904774334,66.02185328926733,16.824184436819063
7,TiO2,Bacillus subtilis,non-pathogenic,green_synthesis,MIC,hexagonal,Bacteria,Bacillota,Bacilli,Bacillales,Bacillaceae,Bacillus,p,soil,79.866,6.0,4,0.16,30,16,26.40611331,34.14,1.373,2.878049394,2.7995866338114936,Klebsiella pneumoniae,2.217158931991089,0.5824277018204045,630.3570781657903,164.8765654236384
8,CeO2,Bacillus subtilis,non-pathogenic,green_synthesis,MIC,spheroidal,Bacteria,Bacillota,Bacilli,Bacillales,Bacillaceae,Bacillus,p,soil,172.115,4.0,0,0.16,30,16,39.19032095,34.14,1.373,4.456551526,2.373270446672401,Klebsiella pneumoniae,1.8068735909424363,0.5663968557299648,236.1948623251054,64.10229684043081
9,ZnO,Bacillus subtilis,non-pathogenic,green_synthesis,MIC,spheroidal,Bacteria,Bacillota,Bacilli,Bacillales,Bacillaceae,Bacillus,p,soil,81.3794,6.0,24,0.16,30,8,22.60496136,17.07,0.6865,4.082482905,1.997216705751122,Klebsiella pneumoniae,1.4309089676109537,0.5663077381401684,99.36117205310491,26.971740190228626
10,Au,Bacillus subtilis,non-pathogenic,chemical_synthesis,MIC,cubic,Bacteria,Bacillota,Bacilli,Bacillales,Bacillaceae,Bacillus,p,soil,196.966569,3.0,2,0.16,30,11,23.00188061,0.0,0.0,2.46797672,2.000413598781657,Klebsiella pneumoniae,1.4361814688196368,0.5642321299620203,100.09528000149382,27.301183173444496
11,ZnO,Bacillus subtilis,non-pathogenic,chemical_synthesis,MBC,rod-shaped,Bacteria,Bacillota,Bacilli,Bacillales,Bacillaceae,Bacillus,p,soil,81.3794,6.0,3,0.16,30,8,22.60496136,17.07,0.6865,4.082482905,1.6090752617168984,Klebsiella pneumoniae,1.0542212461280944,0.554854015588804,40.6513770478055,11.329773980223143
12,Ag,Bacillus subtilis,non-pathogenic,green_synthesis,MIC,nanoplates,Bacteria,Bacillota,Bacilli,Bacillales,Bacillaceae,Bacillus,p,soil,107.87,0.8,3,0.16,30,11,23.00188061,0.0,0.0,1.78376517,1.8848141218843282,Klebsiella pneumoniae,1.3322566738993045,0.5525574479850237,76.70331287817883,21.491002461134396
13,ZnO,Bacillus subtilis,non-pathogenic,green_synthesis,MBEC,nanoplates,Bacteria,Bacillota,Bacilli,Bacillales,Bacillaceae,Bacillus,p,soil,81.3794,10.0,4,0.16,30,8,22.60496136,17.07,0.6865,4.082482905,2.590220853303451,Klebsiella pneumoniae,2.0437162559423334,0.5465045973611176,389.24303780626246,110.59010131764468
14,Ag,Bacillus subtilis,non-pathogenic,green_synthesis,MIC,cubic,Bacteria,Bacillota,Bacilli,Bacillales,Bacillaceae,Bacillus,p,soil,107.87,0.8,24,0.16,30,11,23.00188061,0.0,0.0,1.78376517,2.6372031795039366,Klebsiella pneumoniae,2.0997012318274115,0.537501947676525,433.7137387410887,125.80596455598541
15,ZnO,Bacillus subtilis,non-pathogenic,green_synthesis,MBC,spheroidal,Bacteria,Bacillota,Bacilli,Bacillales,Bacillaceae,Bacillus,p,soil,81.3794,5.1,2,0.16,30,8,22.60496136,17.07,0.6865,4.082482905,2.600975821874341,Klebsiella pneumoniae,2.0760703595316494,0.5249054623426916,399.0026883896332,119.14350153600216
16,TiO2,Bacillus subtilis,non-pathogenic,green_synthesis,MIC,rod-shaped,Bacteria,Bacillota,Bacilli,Bacillales,Bacillaceae,Bacillus,p,soil,79.866,4.7,4,0.16,30,16,26.40611331,34.14,1.373,2.878049394,2.0711715189204454,Klebsiella pneumoniae,1.5876107139249502,0.48356080499549514,117.80711454351946,38.69106765169286
17,Ag,Bacillus subtilis,non-pathogenic,chemical_synthesis,MIC,quasi-hexagonal,Bacteria,Bacillota,Bacilli,Bacillales,Bacillaceae,Bacillus,p,soil,107.87,18.0,0,0.16,30,11,23.00188061,0.0,0.0,1.78376517,0.5515017359192511,Klebsiella pneumoniae,0.07989599123449409,0.471605744684757,3.5604241317088006,1.201976539945747
18,ZnO,Bacillus subtilis,non-pathogenic,chemical_synthesis,MBEC,cubic,Bacteria,Bacillota,Bacilli,Bacillales,Bacillaceae,Bacillus,p,soil,81.3794,8.7,4,0.16,30,8,22.60496136,17.07,0.6865,4.082482905,2.4452752182306616,Klebsiella pneumoniae,1.9818031694964917,0.4634720487341699,278.78873304962076,95.89659114563453
19,CuO,Bacillus subtilis,non-pathogenic,green_synthesis,MBC,quasi-hexagonal,Bacteria,Bacillota,Bacilli,Bacillales,Bacillaceae,Bacillus,p,soil,79.5454,25.0,0,0.16,30,17,20.67942236,17.07,0.6865,1.651411411,2.3920001439706553,Klebsiella pneumoniae,1.937963766831922,0.45403637713873324,246.60401547380678,86.68895481871245
20,CeO2,Bacillus subtilis,non-pathogenic,chemical_synthesis,MIC,spheroidal,Bacteria,Bacillota,Bacilli,Bacillales,Bacillaceae,Bacillus,p,soil,172.115,9.0,18,0.16,30,16,39.19032095,34.14,1.373,4.456551526,2.5668364775330863,Klebsiella pneumoniae,2.117334291470509,0.4495021860625772,368.8386956550054,131.01900335055308
21,ZnO,Bacillus subtilis,non-pathogenic,chemical_synthesis,MBC,spheroidal,Bacteria,Bacillota,Bacilli,Bacillales,Bacillaceae,Bacillus,p,soil,81.3794,0.8,18,0.16,30,8,22.60496136,17.07,0.6865,4.082482905,1.139682148698931,Klebsiella pneumoniae,0.6912069082225247,0.4484752404764063,13.793743590358602,4.91141812064805
22,TiO2,Bacillus subtilis,non-pathogenic,chemical_synthesis,MBEC,cubic,Bacteria,Bacillota,Bacilli,Bacillales,Bacillaceae,Bacillus,p,soil,79.866,4.7,3,0.16,30,16,26.40611331,34.14,1.373,2.878049394,2.926863863067008,Klebsiella pneumoniae,2.484359016675887,0.4425048463911212,845.0139197691323,305.041562386527
23,CeO2,Bacillus subtilis,non-pathogenic,chemical_synthesis,MBEC,quasi-spherical,Bacteria,Bacillota,Bacilli,Bacillales,Bacillaceae,Bacillus,p,soil,172.115,6.0,4,0.16,30,16,39.19032095,34.14,1.373,4.456551526,2.8793226967065806,Klebsiella pneumoniae,2.441083028826523,0.43823966788005775,757.3954585586092,276.11056765379675
24,ZnO,Bacillus subtilis,non-pathogenic,green_synthesis,MBC,spheroidal,Bacteria,Bacillota,Bacilli,Bacillales,Bacillaceae,Bacillus,p,soil,81.3794,27.43,18,0.16,30,8,22.60496136,17.07,0.6865,4.082482905,2.131120410496177,Klebsiella pneumoniae,1.7009930516738478,0.43012735882232933,135.2447484604012,50.23345525512172
25,ZrO2,Bacillus subtilis,non-pathogenic,chemical_synthesis,MIC,rod-shaped,Bacteria,Bacillota,Bacilli,Bacillales,Bacillaceae,Bacillus,p,soil,123.2218,6.0,18,0.16,30,16,29.29254423,34.14,1.373,3.774536472,2.006606282088007,Klebsiella pneumoniae,1.5782911737231444,0.4283151083648624,101.53278107991669,37.86963974839065
26,Au,Bacillus subtilis,non-pathogenic,green_synthesis,MIC,cubic,Bacteria,Bacillota,Bacilli,Bacillales,Bacillaceae,Bacillus,p,soil,196.966569,1.4,2,0.16,30,11,23.00188061,0.0,0.0,2.46797672,2.1325942448708237,Klebsiella pneumoniae,1.7100861790152928,0.4225080658555309,135.70449863861876,51.29631634897914
27,ZnO,Bacillus subtilis,non-pathogenic,chemical_synthesis,MBEC,hexagonal,Bacteria,Bacillota,Bacilli,Bacillales,Bacillaceae,Bacillus,p,soil,81.3794,9.0,4,0.16,30,8,22.60496136,17.07,0.6865,4.082482905,2.4558960991202277,Klebsiella pneumoniae,2.039775866084252,0.4161202330359757,285.69069734225747,109.59124635435617
28,Ag,Bacillus subtilis,non-pathogenic,chemical_synthesis,MIC,quasi-hexagonal,Bacteria,Bacillota,Bacilli,Bacillales,Bacillaceae,Bacillus,p,soil,107.87,28.0,3,0.16,30,11,23.00188061,0.0,0.0,1.78376517,0.3866515137326081,Klebsiella pneumoniae,-0.023833873134678774,0.41048538686728686,2.4358554565712756,0.9465991864182541
29,TiO2,Bacillus subtilis,non-pathogenic,chemical_synthesis,MBC,rod-shaped,Bacteria,Bacillota,Bacilli,Bacillales,Bacillaceae,Bacillus,p,soil,79.866,9.0,4,0.16,30,16,26.40611331,34.14,1.373,2.878049394,2.3965338862418553,Klebsiella pneumoniae,1.9898573680730196,0.40667651816883565,249.19187980135112,97.69163273049436
30,ZnO,Bacillus subtilis,non-pathogenic,green_synthesis,MBC,rod-shaped,Bacteria,Bacillota,Bacilli,Bacillales,Bacillaceae,Bacillus,p,soil,81.3794,20.0,0,0.16,30,8,22.60496136,17.07,0.6865,4.082482905,1.9239394293165948,Klebsiella pneumoniae,1.5202754758326555,0.40366395348393924,83.93429159104268,33.134122674897824
31,CuO,Bacillus subtilis,non-pathogenic,green_synthesis,MBEC,quasi-spherical,Bacteria,Bacillota,Bacilli,Bacillales,Bacillaceae,Bacillus,p,soil,79.5454,3.0,2,0.16,30,17,20.67942236,17.07,0.6865,1.651411411,3.0752181917740837,Klebsiella pneumoniae,2.677191864277108,0.39802632749697553,1189.099487069431,475.54526774988955
32,Au,Bacillus subtilis,non-pathogenic,green_synthesis,MIC,hexagonal,Bacteria,Bacillota,Bacilli,Bacillales,Bacillaceae,Bacillus,p,soil,196.966569,3.0,1,0.16,30,11,23.00188061,0.0,0.0,2.46797672,1.9654838454729626,Klebsiella pneumoniae,1.5705614104923247,0.39492243498063795,92.35998324777812,37.2015821553073
33,CuO,Bacillus subtilis,non-pathogenic,green_synthesis,MIC,cubic,Bacteria,Bacillota,Bacilli,Bacillales,Bacillaceae,Bacillus,p,soil,79.5454,0.8,1,0.16,30,17,20.67942236,17.07,0.6865,1.651411411,2.2787135956843576,Klebsiella pneumoniae,1.8883270194987314,0.3903865761856262,189.98249885445964,77.32626251294282
34,Ag,Bacillus subtilis,non-pathogenic,chemical_synthesis,MIC,quasi-spherical,Bacteria,Bacillota,Bacilli,Bacillales,Bacillaceae,Bacillus,p,soil,107.87,10.0,3,0.16,30,11,23.00188061,0.0,0.0,1.78376517,1.4470741491177186,Klebsiella pneumoniae,1.0570045514484714,0.3900695976692472,27.994592435369775,11.40261737552623
35,ZnO,Bacillus subtilis,non-pathogenic,green_synthesis,MIC,rod-shaped,Bacteria,Bacillota,Bacilli,Bacillales,Bacillaceae,Bacillus,p,soil,81.3794,12.0,0,0.16,30,8,22.60496136,17.07,0.6865,4.082482905,1.4029466032456464,Klebsiella pneumoniae,1.015448286919985,0.38749831632566134,25.289870369310087,10.362112115122349
36,ZnO,Bacillus subtilis,non-pathogenic,chemical_synthesis,MBC,nanoplates,Bacteria,Bacillota,Bacilli,Bacillales,Bacillaceae,Bacillus,p,soil,81.3794,10.4,1,0.16,30,8,22.60496136,17.07,0.6865,4.082482905,1.959317826537176,Klebsiella pneumoniae,1.5730540027224102,0.38626382381476576,91.05794114896807,37.4157110268584
37,Ag,Bacillus subtilis,non-pathogenic,green_synthesis,MIC,cubic,Bacteria,Bacillota,Bacilli,Bacillales,Bacillaceae,Bacillus,p,soil,107.8682,1.9,3,0.16,30,11,23.00188061,0.0,0.0,1.78376517,1.7846766020676106,Klebsiella pneumoniae,1.4000392837755409,0.3846373182920697,60.90831737765448,25.12113652553951
38,TiO2,Bacillus subtilis,non-pathogenic,green_synthesis,MBEC,quasi-spherical,Bacteria,Bacillota,Bacilli,Bacillales,Bacillaceae,Bacillus,p,soil,79.866,13.0,0,0.16,30,16,26.40611331,34.14,1.373,2.878049394,2.920059092925171,Klebsiella pneumoniae,2.5442915132321393,0.37576757969303154,831.8769539783731,350.1801409829922
39,Ag,Bacillus subtilis,non-pathogenic,chemical_synthesis,MIC,nanoplates,Bacteria,Bacillota,Bacilli,Bacillales,Bacillaceae,Bacillus,p,soil,107.87,10.4,2,0.16,30,11,23.00188061,0.0,0.0,1.78376517,1.951973120302506,Klebsiella pneumoniae,1.5767731487525825,0.37519997154992346,89.53093506404204,37.73750197435141
40,CuO,Bacillus subtilis,non-pathogenic,green_synthesis,MBEC,quasi-hexagonal,Bacteria,Bacillota,Bacilli,Bacillales,Bacillaceae,Bacillus,p,soil,79.5454,3.0,2,0.16,30,17,20.67942236,17.07,0.6865,1.651411411,2.523625548093482,Klebsiella pneumoniae,2.1490427457469874,0.37458280234649477,333.9070187817796,140.94275155128213
41,Au,Bacillus subtilis,non-pathogenic,chemical_synthesis,MBEC,quasi-hexagonal,Bacteria,Bacillota,Bacilli,Bacillales,Bacillaceae,Bacillus,p,soil,196.966569,18.5,0,0.16,30,11,23.00188061,0.0,0.0,2.46797672,1.1235936917227254,Klebsiella pneumoniae,0.8540311358836987,0.26956255583902666,13.292102809372667,7.145475523123559
42,ZnO,Bacillus subtilis,non-pathogenic,green_synthesis,MBC,triangular,Bacteria,Bacillota,Bacilli,Bacillales,Bacillaceae,Bacillus,p,soil,81.3794,12.0,4,0.16,30,8,22.60496136,17.07,0.6865,4.082482905,1.1858292398255545,Klebsiella pneumoniae,0.9436197313881811,0.24220950843737343,15.340137056144046,8.78253180844256
43,TiO2,Bacillus subtilis,non-pathogenic,green_synthesis,MBC,triangular,Bacteria,Bacillota,Bacilli,Bacillales,Bacillaceae,Bacillus,p,soil,79.866,17.5,18,0.16,30,16,26.40611331,34.14,1.373,2.878049394,1.4777040039153977,Klebsiella pneumoniae,1.2391123398439912,0.23859166407140653,30.040281908016123,17.342525423992296
44,ZnO,Bacillus subtilis,non-pathogenic,chemical_synthesis,MBEC,quasi-hexagonal,Bacteria,Bacillota,Bacilli,Bacillales,Bacillaceae,Bacillus,p,soil,81.3794,38.0,4,0.16,30,8,22.60496136,17.07,0.6865,4.082482905,0.6106963441735569,Klebsiella pneumoniae,0.4086800308012266,0.20201631337233028,4.080339919056741,2.562595332571516
45,ZnO,Bacillus subtilis,non-pathogenic,chemical_synthesis,MBEC,quasi-spherical,Bacteria,Bacillota,Bacilli,Bacillales,Bacillaceae,Bacillus,p,soil,81.3794,60.0,0,0.16,30,8,22.60496136,17.07,0.6865,4.082482905,1.5470132024002803,Klebsiella pneumoniae,1.4196962520719774,0.12731695032830292,35.23815831564856,26.284290112955077
46,Al2O3,Bacillus subtilis,non-pathogenic,green_synthesis,MIC,triangular,Bacteria,Bacillota,Bacilli,Bacillales,Bacillaceae,Bacillus,p,soil,101.961276,6.0,1,0.16,30,24,51.55776403,85.5,13.5675,4.688846487,0.5929163643663669,Klebsiella pneumoniae,0.46838054734492895,0.1245358170214379,3.916664434402945,2.9402248739534627
47,Ag,Bacillus subtilis,non-pathogenic,chemical_synthesis,MBEC,nanoplates,Bacteria,Bacillota,Bacilli,Bacillales,Bacillaceae,Bacillus,p,soil,107.87,10.4,1,0.16,30,11,23.00188061,0.0,0.0,1.78376517,2.219687375116641,Klebsiella pneumoniae,2.1049356243002815,0.11475175081635935,165.8392691319833,127.33143229746315
48,Ag,Bacillus subtilis,non-pathogenic,chemical_synthesis,MBEC,nanoplates,Bacteria,Bacillota,Bacilli,Bacillales,Bacillaceae,Bacillus,p,soil,107.87,4.0,0,0.16,30,11,23.00188061,0.0,0.0,1.78376517,1.73350684964021,Klebsiella pneumoniae,1.639630979825074,0.09387586981513585,54.13857864867066,43.61450821186341
49,ZnO,Bacillus subtilis,non-pathogenic,green_synthesis,MIC,spherical,Bacteria,Bacillota,Bacilli,Bacillales,Bacillaceae,Bacillus,p,soil,81.3794,37.86,3,0.16,30,8,22.60496136,17.07,0.6865,4.082482905,0.8208199011847317,Klebsiella pneumoniae,0.7315114642904468,0.08930843689428491,6.619419441871791,5.389040709080475
50,ZnO,Bacillus subtilis,non-pathogenic,green_synthesis,MIC,cubic,Bacteria,Bacillota,Bacilli,Bacillales,Bacillaceae,Bacillus,p,soil,81.3794,22.5,3,0.16,30,8,22.60496136,17.07,0.6865,4.082482905,1.6948856646244326,Klebsiella pneumoniae,1.634444598453698,0.060441066170734636,49.53197723215939,43.09675773543989
51,Au,Bacillus subtilis,non-pathogenic,green_synthesis,MBC,nanoplates,Bacteria,Bacillota,Bacilli,Bacillales,Bacillaceae,Bacillus,p,soil,196.966569,26.38,2,0.16,30,11,23.00188061,0.0,0.0,2.46797672,1.6456451992269494,Klebsiella pneumoniae,1.637660102618887,0.007985096608062348,44.22269434777477,43.417029098181615
52,ZnO,Bacillus subtilis,non-pathogenic,green_synthesis,MIC,spheroidal,Bacteria,Bacillota,Bacilli,Bacillales,Bacillaceae,Bacillus,p,soil,81.3794,100.0,1,0.16,30,8,22.60496136,17.07,0.6865,4.082482905,0.538147975142911,Klebsiella pneumoniae,0.5326464052866351,0.005501569856275923,3.4526135859686664,3.409152315798074
53,Ag,Bacillus subtilis,non-pathogenic,chemical_synthesis,MBC,cubic,Bacteria,Bacillota,Bacilli,Bacillales,Bacillaceae,Bacillus,p,soil,107.87,25.0,2,0.16,30,11,23.00188061,0.0,0.0,1.78376517,1.6599036427734841,Klebsiella pneumoniae,1.6712651079002507,-0.011361465126766612,45.69867863817885,46.909964890309766
54,CeO2,Bacillus subtilis,non-pathogenic,green_synthesis,MBC,cubic,Bacteria,Bacillota,Bacilli,Bacillales,Bacillaceae,Bacillus,p,soil,172.115,12.5,4,0.16,30,16,39.19032095,34.14,1.373,4.456551526,3.1047385360835493,Klebsiella pneumoniae,3.1263147570795384,-0.021576220995989104,1272.736608255653,1337.5645718970009
55,Ag2O,Bacillus subtilis,non-pathogenic,green_synthesis,MBC,cubic,Bacteria,Bacillota,Bacilli,Bacillales,Bacillaceae,Bacillus,p,soil,231.7358,5.1,0,0.16,30,28,46.55109718,17.07,0.6865,3.975778631,2.512285440728699,Klebsiella pneumoniae,2.5547074956533122,-0.04242205492461304,325.30103175192903,358.68027631556464
56,ZnO,Bacillus subtilis,non-pathogenic,chemical_synthesis,MIC,quasi-hexagonal,Bacteria,Bacillota,Bacilli,Bacillales,Bacillaceae,Bacillus,p,soil,81.3794,40.0,2,0.16,30,8,22.60496136,17.07,0.6865,4.082482905,0.07101512244547603,Klebsiella pneumoniae,0.11613284058431295,-0.045117718138836915,1.177646979319686,1.3065704765462687
57,Ag,Bacillus subtilis,non-pathogenic,chemical_synthesis,MBEC,hexagonal,Bacteria,Bacillota,Bacilli,Bacillales,Bacillaceae,Bacillus,p,soil,107.8682,5.1,18,0.16,30,11,23.00188061,0.0,0.0,1.78376517,2.4592735550339078,Klebsiella pneumoniae,2.5054348260618933,-0.046161271027985507,287.9211412148646,320.2099524175477
58,Au,Bacillus subtilis,non-pathogenic,chemical_synthesis,MBEC,triangular,Bacteria,Bacillota,Bacilli,Bacillales,Bacillaceae,Bacillus,p,soil,196.966569,50.0,2,0.16,30,11,23.00188061,0.0,0.0,2.46797672,0.1872743457556505,Klebsiella pneumoniae,0.265589562793751,-0.07831521703810052,1.539126606395259,1.8432725804228165
59,CeO2,Bacillus subtilis,non-pathogenic,chemical_synthesis,MBC,hexagonal,Bacteria,Bacillota,Bacilli,Bacillales,Bacillaceae,Bacillus,p,soil,172.115,60.0,18,0.16,30,16,39.19032095,34.14,1.373,4.456551526,2.6917574865793332,Klebsiella pneumoniae,2.7767359135034617,-0.08497842692412849,491.7648536725016,598.0478225749629
60,Cu,Bacillus subtilis,non-pathogenic,green_synthesis,MIC,rod-shaped,Bacteria,Bacillota,Bacilli,Bacillales,Bacillaceae,Bacillus,p,soil,63.55,10.4,18,0.16,30,11,17.96409803,0.0,0.0,1.243163121,1.3229840504481043,Klebsiella pneumoniae,1.4184056325531837,-0.09542158210507945,21.03701179500312,26.206295425922068
61,ZnO,Bacillus subtilis,non-pathogenic,green_synthesis,MIC,cubic,Bacteria,Bacillota,Bacilli,Bacillales,Bacillaceae,Bacillus,p,soil,81.3794,44.45,24,0.16,30,8,22.60496136,17.07,0.6865,4.082482905,1.3947964250032228,Klebsiella pneumoniae,1.5571818249437106,-0.16238539994048784,24.819694125102927,36.07296371523417
62,Au,Bacillus subtilis,non-pathogenic,chemical_synthesis,MBEC,spherical,Bacteria,Bacillota,Bacilli,Bacillales,Bacillaceae,Bacillus,p,soil,196.966569,4.7,18,0.16,30,11,23.00188061,0.0,0.0,2.46797672,1.635402637320623,Klebsiella pneumoniae,1.8261280175415813,-0.1907253802209583,43.19193265602027,67.00821012682634
63,ZnO,Bacillus subtilis,non-pathogenic,chemical_synthesis,MBEC,quasi-hexagonal,Bacteria,Bacillota,Bacilli,Bacillales,Bacillaceae,Bacillus,p,soil,81.3794,12.5,24,0.16,30,8,22.60496136,17.07,0.6865,4.082482905,1.5058037178180201,Klebsiella pneumoniae,1.7090144469247706,-0.20321072910675042,32.048205578943275,51.16988570596826
64,Pd,Bacillus subtilis,non-pathogenic,chemical_synthesis,MBC,tetragonal,Bacteria,Bacillota,Bacilli,Bacillales,Bacillaceae,Bacillus,p,soil,195.084,41.23,4,0.16,30,10,21.14774404,0.0,0.0,1.870828693,1.12191866381116,Klebsiella pneumoniae,1.3791802253456171,-0.2572615615344571,13.24093531106391,23.943091507232342
65,Ag,Bacillus subtilis,non-pathogenic,chemical_synthesis,MBC,spherical,Bacteria,Bacillota,Bacilli,Bacillales,Bacillaceae,Bacillus,p,soil,107.87,28.0,18,0.16,30,11,23.00188061,0.0,0.0,1.78376517,1.0701325853198145,Klebsiella pneumoniae,1.3486821382451577,-0.2785495529253432,11.752562929734014,22.319380610683066
66,Cu,Bacillus subtilis,non-pathogenic,green_synthesis,MIC,triangular,Bacteria,Bacillota,Bacilli,Bacillales,Bacillaceae,Bacillus,p,soil,63.55,12.5,1,0.16,30,11,17.96409803,0.0,0.0,1.243163121,-0.26826807444566647,Klebsiella pneumoniae,0.0983661533046638,-0.3666342277503303,0.53917770466995,1.2541981426913396
