,np,bacteria,bac_type,np_synthesis,method,shape,kingdom,phylum,class,order,family,genus,gram,isolated_from,mol_weight (g/mol),np_size_avg (nm),time_set,"min_Incub_period, h","growth_temp, C",Valance_electron,labuteASA,tpsa,CrippenMR,chi0v,pred_MIC_norm,pathogenic_bacteria,pred_MIC_pathogen,Fitness,pred_norm_MIC_original,pred_path_MIC_original
0,Ag,Bacillus subtilis,non-pathogenic,chemical_synthesis,MIC,spheroidal,Bacteria,Bacillota,Bacilli,Bacillales,Bacillaceae,Bacillus,p,soil,107.87,1.4,18,0.16,30,11,23.00188061,0.0,0.0,1.78376517,0.9613443682867477,Klebsiella pneumoniae,-0.10637156799076841,1.0677159362775162,9.148383633909223,0.7827596529338318
1,ZnO,Bacillus subtilis,non-pathogenic,green_synthesis,MIC,spheroidal,Bacteria,Bacillota,Bacilli,Bacillales,Bacillaceae,Bacillus,p,soil,81.3794,1.4,24,0.16,30,8,22.60496136,17.07,0.6865,4.082482905,2.5817280039996575,Klebsiella pneumoniae,1.6883109695805079,0.8934170344191497,381.7051363514844,48.78777020483659
2,ZrO2,Bacillus subtilis,non-pathogenic,green_synthesis,MIC,quasi-spherical,Bacteria,Bacillota,Bacilli,Bacillales,Bacillaceae,Bacillus,p,soil,123.2218,4.0,3,0.16,30,16,29.29254423,34.14,1.373,3.774536472,1.9021583629103502,Klebsiella pneumoniae,1.0790941473498576,0.8230642155604926,79.82857243631432,11.997593615353713
3,CeO2,Bacillus subtilis,non-pathogenic,chemical_synthesis,MIC,quasi-spherical,Bacteria,Bacillota,Bacilli,Bacillales,Bacillaceae,Bacillus,p,soil,172.115,1.4,2,0.16,30,16,39.19032095,34.14,1.373,4.456551526,2.3077831432749853,Klebsiella pneumoniae,1.4892367065826977,0.8185464366922877,203.13424452740637,30.84868859947867
4,ZnO,Bacillus subtilis,non-pathogenic,green_synthesis,MIC,quasi-spherical,Bacteria,Bacillota,Bacilli,Bacillales,Bacillaceae,Bacillus,p,soil,81.3794,3.0,3,0.16,30,8,22.60496136,17.07,0.6865,4.082482905,1.2251816440734513,Klebsiella pneumoniae,0.40826739537952017,0.8169142486939311,16.795063263343923,2.560161694872466
5,Ag,Bacillus subtilis,non-pathogenic,chemical_synthesis,MIC,quasi-spherical,Bacteria,Bacillota,Bacilli,Bacillales,Bacillaceae,Bacillus,p,soil,107.87,3.0,0,0.16,30,11,23.00188061,0.0,0.0,1.78376517,1.1323371029626659,Klebsiella pneumoniae,0.3279664655779433,0.8043706373847226,13.562417299181691,2.1279747262395015
6,ZnO,Bacillus subtilis,non-pathogenic,green_synthesis,MIC,nanoplates,Bacteria,Bacillota,Bacilli,Bacillales,Bacillaceae,Bacillus,p,soil,81.3794,3.0,4,0.16,30,8,22.60496136,17.07,0.6865,4.082482905,1.4260030198485072,Klebsiella pneumoniae,0.6262508474641295,0.7997521723843777,26.668772084760832,4.229128171748424
7,Pd,Bacillus subtilis,non-pathogenic,chemical_synthesis,MIC,cubic,Bacteria,Bacillota,Bacilli,Bacillales,Bacillaceae,Bacillus,p,soil,195.084,4.0,2,0.16,30,10,21.14774404,0.0,0.0,1.870828693,0.7530847764139271,Klebsiella pneumoniae,-0.036312297019540196,0.7893970734334673,5.663498325149428,0.9197879231666792
8,Ag,Bacillus subtilis,non-pathogenic,chemical_synthesis,MIC,nanoplates,Bacteria,Bacillota,Bacilli,Bacillales,Bacillaceae,Bacillus,p,soil,107.87,0.8,4,0.16,30,11,23.00188061,0.0,0.0,1.78376517,1.4393104510712567,Klebsiella pneumoniae,0.6512712131534837,0.788039237917773,27.498591600320356,4.479929845883857
9,ZnO,Bacillus subtilis,non-pathogenic,green_synthesis,MBC,nanoplates,Bacteria,Bacillota,Bacilli,Bacillales,Bacillaceae,Bacillus,p,soil,81.3794,6.0,4,0.16,30,8,22.60496136,17.07,0.6865,4.082482905,2.5419714824307444,Klebsiella pneumoniae,1.7561470294351647,0.7858244529955798,348.3144425202836,57.035733281084354
10,Ag,Bacillus subtilis,non-pathogenic,chemical_synthesis,MIC,spherical,Bacteria,Bacillota,Bacilli,Bacillales,Bacillaceae,Bacillus,p,soil,107.87,3.0,4,0.16,30,11,23.00188061,0.0,0.0,1.78376517,0.9048859894226131,Klebsiella pneumoniae,0.12203194140296714,0.782854048019646,8.033152089521849,1.3244389411807578
11,ZnO,Bacillus subtilis,non-pathogenic,green_synthesis,MBEC,quasi-spherical,Bacteria,Bacillota,Bacilli,Bacillales,Bacillaceae,Bacillus,p,soil,81.3794,6.0,1,0.16,30,8,22.60496136,17.07,0.6865,4.082482905,2.3723848453770904,Klebsiella pneumoniae,1.5896461836196765,0.7827386617574139,235.7137110367124,38.872832197552135
12,Ag,Bacillus subtilis,non-pathogenic,chemical_synthesis,MIC,cubic,Bacteria,Bacillota,Bacilli,Bacillales,Bacillaceae,Bacillus,p,soil,107.87,4.0,3,0.16,30,11,23.00188061,0.0,0.0,1.78376517,1.432411407202828,Klebsiella pneumoniae,0.6667579295089776,0.7656534776938504,27.065210377358028,4.642564321717733
13,TiO2,Bacillus subtilis,non-pathogenic,green_synthesis,MIC,quasi-spherical,Bacteria,Bacillota,Bacilli,Bacillales,Bacillaceae,Bacillus,p,soil,79.866,1.9,3,0.16,30,16,26.40611331,34.14,1.373,2.878049394,2.239212077179548,Klebsiella pneumoniae,1.4844704968049351,0.7547415803746127,173.46508656523662,30.51198743133007
14,Ag,Bacillus subtilis,non-pathogenic,chemical_synthesis,MIC,quasi-spherical,Bacteria,Bacillota,Bacilli,Bacillales,Bacillaceae,Bacillus,p,soil,107.87,4.0,3,0.16,30,11,23.00188061,0.0,0.0,1.78376517,1.0691712098029353,Klebsiella pneumoniae,0.31469229707431756,0.7544789127286178,11.726575655296768,2.063917327112145
15,ZnO,Bacillus subtilis,non-pathogenic,green_synthesis,MIC,cubic,Bacteria,Bacillota,Bacilli,Bacillales,Bacillaceae,Bacillus,p,soil,81.3794,0.8,2,0.16,30,8,22.60496136,17.07,0.6865,4.082482905,1.476668432143031,Klebsiella pneumoniae,0.724629458853215,0.7520389732898161,29.968736426068965,5.30431685459777
16,Ag,Bacillus subtilis,non-pathogenic,chemical_synthesis,MIC,rod-shaped,Bacteria,Bacillota,Bacilli,Bacillales,Bacillaceae,Bacillus,p,soil,107.87,0.8,1,0.16,30,11,23.00188061,0.0,0.0,1.78376517,0.8648132452317652,Klebsiella pneumoniae,0.13882503419622494,0.7259882110355402,7.325094725984019,1.3766547392367399
17,ZnO,Bacillus subtilis,non-pathogenic,chemical_synthesis,MBC,quasi-spherical,Bacteria,Bacillota,Bacilli,Bacillales,Bacillaceae,Bacillus,p,soil,81.3794,6.0,4,0.16,30,8,22.60496136,17.07,0.6865,4.082482905,1.6113024698266691,Klebsiella pneumoniae,0.9237103025568312,0.687592167269838,40.860386453170136,8.38900208926579
18,Pt,Bacillus subtilis,non-pathogenic,green_synthesis,MIC,cubic,Bacteria,Bacillota,Bacilli,Bacillales,Bacillaceae,Bacillus,p,soil,195.084,4.0,3,0.16,30,10,21.75656585,0.0,0.0,2.588435821,0.9518854705224881,Klebsiella pneumoniae,0.26649230800087276,0.6853931625216153,8.951286765756699,1.847108079597412
19,ZnO,Bacillus subtilis,non-pathogenic,green_synthesis,MBC,quasi-spherical,Bacteria,Bacillota,Bacilli,Bacillales,Bacillaceae,Bacillus,p,soil,81.3794,11.3,1,0.16,30,8,22.60496136,17.07,0.6865,4.082482905,2.160873318741285,Klebsiella pneumoniae,1.4766513487544088,0.6842219699868761,144.83493165690794,29.967557600357424
20,Ag,Bacillus subtilis,non-pathogenic,chemical_synthesis,MIC,quasi-hexagonal,Bacteria,Bacillota,Bacilli,Bacillales,Bacillaceae,Bacillus,p,soil,107.87,6.0,1,0.16,30,11,23.00188061,0.0,0.0,1.78376517,0.8949859934823743,Klebsiella pneumoniae,0.2142297894665035,0.6807562040158708,7.852103102279748,1.6376828062499427
21,TiO2,Bacillus subtilis,non-pathogenic,chemical_synthesis,MIC,quasi-spherical,Bacteria,Bacillota,Bacilli,Bacillales,Bacillaceae,Bacillus,p,soil,79.866,3.0,4,0.16,30,16,26.40611331,34.14,1.373,2.878049394,2.0652604782080153,Klebsiella pneumoniae,1.388323331659771,0.6769371465482443,116.2145428581724,24.452503608042594
22,Ag,Bacillus subtilis,non-pathogenic,chemical_synthesis,MIC,quasi-hexagonal,Bacteria,Bacillota,Bacilli,Bacillales,Bacillaceae,Bacillus,p,soil,107.87,5.1,2,0.16,30,11,23.00188061,0.0,0.0,1.78376517,0.9710220480911526,Klebsiella pneumoniae,0.2946069293481266,0.676415118743026,9.354531636597372,1.9706383460883405
23,ZnO,Bacillus subtilis,non-pathogenic,green_synthesis,MBEC,quasi-hexagonal,Bacteria,Bacillota,Bacilli,Bacillales,Bacillaceae,Bacillus,p,soil,81.3794,8.7,0,0.16,30,8,22.60496136,17.07,0.6865,4.082482905,1.5224680303350617,Klebsiella pneumoniae,0.8532536644641722,0.6692143658708896,33.30182469762094,7.132695178056804
24,Ag,Bacillus subtilis,non-pathogenic,green_synthesis,MIC,quasi-spherical,Bacteria,Bacillota,Bacilli,Bacillales,Bacillaceae,Bacillus,p,soil,107.87,3.0,1,0.16,30,11,23.00188061,0.0,0.0,1.78376517,1.5477984916503917,Klebsiella pneumoniae,0.8817293513889076,0.6660691402614841,35.30193343019083,7.616042368492048
25,CeO2,Bacillus subtilis,non-pathogenic,chemical_synthesis,MIC,cubic,Bacteria,Bacillota,Bacilli,Bacillales,Bacillaceae,Bacillus,p,soil,172.115,5.1,3,0.16,30,16,39.19032095,34.14,1.373,4.456551526,3.0619190986695903,Klebsiella pneumoniae,2.3985415162282004,0.6633775824413899,1153.2384100254028,250.3464954796348
26,ZnO,Bacillus subtilis,non-pathogenic,green_synthesis,MBEC,quasi-spherical,Bacteria,Bacillota,Bacilli,Bacillales,Bacillaceae,Bacillus,p,soil,81.3794,4.7,0,0.16,30,8,22.60496136,17.07,0.6865,4.082482905,2.214347831181693,Klebsiella pneumoniae,1.5555976282517494,0.6587502029299435,163.81279907259642,35.94161834828861
27,TiO2,Bacillus subtilis,non-pathogenic,green_synthesis,MBC,spherical,Bacteria,Bacillota,Bacilli,Bacillales,Bacillaceae,Bacillus,p,soil,79.866,5.1,0,0.16,30,16,26.40611331,34.14,1.373,2.878049394,3.15401392749087,Klebsiella pneumoniae,2.4985901707029017,0.6554237567879682,1425.6533124771547,315.20287544977236
28,Pd,Bacillus subtilis,non-pathogenic,chemical_synthesis,MIC,hexagonal,Bacteria,Bacillota,Bacilli,Bacillales,Bacillaceae,Bacillus,p,soil,195.084,1.9,24,0.16,30,10,21.14774404,0.0,0.0,1.870828693,2.010641500590088,Klebsiella pneumoniae,1.3570683747722936,0.6535731258177946,102.4805625168706,22.75455647423276
29,Au,Bacillus subtilis,non-pathogenic,chemical_synthesis,MIC,quasi-hexagonal,Bacteria,Bacillota,Bacilli,Bacillales,Bacillaceae,Bacillus,p,soil,196.966569,1.4,1,0.16,30,11,23.00188061,0.0,0.0,2.46797672,1.1948371346246411,Klebsiella pneumoniae,0.5440657622099931,0.650771372414648,15.66163630773771,3.499981608170642
30,ZnO,Bacillus subtilis,non-pathogenic,chemical_synthesis,MBEC,quasi-hexagonal,Bacteria,Bacillota,Bacilli,Bacillales,Bacillaceae,Bacillus,p,soil,81.3794,6.0,2,0.16,30,8,22.60496136,17.07,0.6865,4.082482905,1.3944919872882546,Klebsiella pneumoniae,0.7446139382707064,0.6498780490175482,24.802301771465263,5.554103113261577
31,Ag,Bacillus subtilis,non-pathogenic,green_synthesis,MIC,quasi-hexagonal,Bacteria,Bacillota,Bacilli,Bacillales,Bacillaceae,Bacillus,p,soil,107.87,0.8,4,0.16,30,11,23.00188061,0.0,0.0,1.78376517,0.9130868079982549,Klebsiella pneumoniae,0.2659269895381968,0.6471598184600581,8.18628401521788,1.8447052745398755
32,ZnO,Bacillus subtilis,non-pathogenic,green_synthesis,MBEC,nanoplates,Bacteria,Bacillota,Bacilli,Bacillales,Bacillaceae,Bacillus,p,soil,81.3794,5.1,0,0.16,30,8,22.60496136,17.07,0.6865,4.082482905,2.666198138552681,Klebsiella pneumoniae,2.0192793091308254,0.6469188294218555,463.6584067710595,104.53923294173272
33,TiO2,Bacillus subtilis,non-pathogenic,green_synthesis,MBEC,rod-shaped,Bacteria,Bacillota,Bacilli,Bacillales,Bacillaceae,Bacillus,p,soil,79.866,6.0,0,0.16,30,16,26.40611331,34.14,1.373,2.878049394,2.95890092823912,Klebsiella pneumoniae,2.3180831965476267,0.6408177316914934,909.7057258350451,208.0095126792806
34,CeO2,Bacillus subtilis,non-pathogenic,green_synthesis,MIC,spherical,Bacteria,Bacillota,Bacilli,Bacillales,Bacillaceae,Bacillus,p,soil,172.115,4.0,3,0.16,30,16,39.19032095,34.14,1.373,4.456551526,2.312026163529242,Klebsiella pneumoniae,1.672380592766286,0.639645570762956,205.12857522542515,47.03060794941643
35,ZnO,Bacillus subtilis,non-pathogenic,green_synthesis,MBC,spherical,Bacteria,Bacillota,Bacilli,Bacillales,Bacillaceae,Bacillus,p,soil,81.3794,8.7,3,0.16,30,8,22.60496136,17.07,0.6865,4.082482905,2.4578489544774675,Klebsiella pneumoniae,1.821752940950348,0.6360960135271196,286.97823120151105,66.33655912839816
36,Ag,Bacillus subtilis,non-pathogenic,green_synthesis,MIC,spheroidal,Bacteria,Bacillota,Bacilli,Bacillales,Bacillaceae,Bacillus,p,soil,107.87,1.4,2,0.16,30,11,23.00188061,0.0,0.0,1.78376517,1.4797069063171016,Klebsiella pneumoniae,0.8456888140632732,0.6340180922538283,30.179143236559437,7.009528632095747
37,Au,Bacillus subtilis,non-pathogenic,chemical_synthesis,MIC,quasi-hexagonal,Bacteria,Bacillota,Bacilli,Bacillales,Bacillaceae,Bacillus,p,soil,196.966569,3.0,0,0.16,30,11,23.00188061,0.0,0.0,2.46797672,1.1554418109697528,Klebsiella pneumoniae,0.5256813936053426,0.6297604173644102,14.303483224837267,3.3549140129764834
38,ZnO,Bacillus subtilis,non-pathogenic,green_synthesis,MBEC,quasi-hexagonal,Bacteria,Bacillota,Bacilli,Bacillales,Bacillaceae,Bacillus,p,soil,81.3794,10.4,1,0.16,30,8,22.60496136,17.07,0.6865,4.082482905,1.4078497105364525,Klebsiella pneumoniae,0.7817672960337549,0.6260824145026975,25.5770063049505,6.05016607474813
39,Ag,Bacillus subtilis,non-pathogenic,green_synthesis,MIC,cubic,Bacteria,Bacillota,Bacilli,Bacillales,Bacillaceae,Bacillus,p,soil,107.87,1.9,0,0.16,30,11,23.00188061,0.0,0.0,1.78376517,2.012224135231781,Klebsiella pneumoniae,1.3913006361619435,0.6209234990698376,102.85469844430024,24.620713595025794
40,ZnO,Bacillus subtilis,non-pathogenic,green_synthesis,MBEC,quasi-hexagonal,Bacteria,Bacillota,Bacilli,Bacillales,Bacillaceae,Bacillus,p,soil,81.3794,10.4,3,0.16,30,8,22.60496136,17.07,0.6865,4.082482905,1.4714448150966266,Klebsiella pneumoniae,0.8517705953522863,0.6196742197443403,29.61043687779044,7.10837933007983
41,Ag,Bacillus subtilis,non-pathogenic,green_synthesis,MIC,rod-shaped,Bacteria,Bacillota,Bacilli,Bacillales,Bacillaceae,Bacillus,p,soil,107.87,1.9,24,0.16,30,11,23.00188061,0.0,0.0,1.78376517,2.4196446522309434,Klebsiella pneumoniae,1.8002856508454306,0.6193590013855128,262.8116738245714,63.137248395897046
42,ZnO,Bacillus subtilis,non-pathogenic,green_synthesis,MBC,nanoplates,Bacteria,Bacillota,Bacilli,Bacillales,Bacillaceae,Bacillus,p,soil,81.3794,4.0,1,0.16,30,8,22.60496136,17.07,0.6865,4.082482905,1.9761135215541492,Klebsiella pneumoniae,1.361932724870075,0.6141807966840742,94.64845335016399,23.010853362367136
43,TiO2,Bacillus subtilis,non-pathogenic,chemical_synthesis,MIC,spherical,Bacteria,Bacillota,Bacilli,Bacillales,Bacillaceae,Bacillus,p,soil,79.866,1.9,0,0.16,30,16,26.40611331,34.14,1.373,2.878049394,2.2251089765609864,Klebsiella pneumoniae,1.6136927093489,0.6114162672120864,167.92253295867087,41.0858909722656
44,CeO2,Bacillus subtilis,non-pathogenic,green_synthesis,MIC,nanoplates,Bacteria,Bacillota,Bacilli,Bacillales,Bacillaceae,Bacillus,p,soil,172.115,1.9,0,0.16,30,16,39.19032095,34.14,1.373,4.456551526,2.782221891876444,Klebsiella pneumoniae,2.171166826938298,0.6110550649381459,605.6502375199756,148.30876789864948
45,ZnO,Bacillus subtilis,non-pathogenic,green_synthesis,MBC,hexagonal,Bacteria,Bacillota,Bacilli,Bacillales,Bacillaceae,Bacillus,p,soil,81.3794,9.0,3,0.16,30,8,22.60496136,17.07,0.6865,4.082482905,2.5268208561664407,Klebsiella pneumoniae,1.9162376746306113,0.6105831815358294,336.3727890238866,82.45892612705364
46,Ag,Bacillus subtilis,non-pathogenic,green_synthesis,MIC,spherical,Bacteria,Bacillota,Bacilli,Bacillales,Bacillaceae,Bacillus,p,soil,107.87,1.4,24,0.16,30,11,23.00188061,0.0,0.0,1.78376517,2.4760120747042724,Klebsiella pneumoniae,1.865774133772303,0.6102379409319694,299.2347831800331,73.41319642873415
47,ZnO,Bacillus subtilis,non-pathogenic,green_synthesis,MBEC,quasi-spherical,Bacteria,Bacillota,Bacilli,Bacillales,Bacillaceae,Bacillus,p,soil,81.3794,3.0,3,0.16,30,8,22.60496136,17.07,0.6865,4.082482905,1.9806488411096832,Klebsiella pneumoniae,1.3734057131879154,0.6072431279217678,95.64204226145537,23.626843966342623
48,Ag,Bacillus subtilis,non-pathogenic,green_synthesis,MIC,spheroidal,Bacteria,Bacillota,Bacilli,Bacillales,Bacillaceae,Bacillus,p,soil,107.8682,3.0,18,0.16,30,11,23.00188061,0.0,0.0,1.78376517,1.0836841941579731,Klebsiella pneumoniae,0.4820098168373348,0.6016743773206383,12.125068314356586,3.033959763359104
49,ZnO,Bacillus subtilis,non-pathogenic,green_synthesis,MIC,rod-shaped,Bacteria,Bacillota,Bacilli,Bacillales,Bacillaceae,Bacillus,p,soil,81.3794,8.7,0,0.16,30,8,22.60496136,17.07,0.6865,4.082482905,1.4107165462757654,Klebsiella pneumoniae,0.9660557897254516,0.4446607565503138,25.746402018102422,9.248169688414414
50,CuO,Bacillus subtilis,non-pathogenic,green_synthesis,MBC,cubic,Bacteria,Bacillota,Bacilli,Bacillales,Bacillaceae,Bacillus,p,soil,79.5454,10.4,2,0.16,30,17,20.67942236,17.07,0.6865,1.651411411,3.5101330043303034,Klebsiella pneumoniae,3.105344996525428,0.40478800780487534,3236.927738896175,1274.5151332312828
51,ZnO,Bacillus subtilis,non-pathogenic,green_synthesis,MBC,nanoplates,Bacteria,Bacillota,Bacilli,Bacillales,Bacillaceae,Bacillus,p,soil,81.3794,28.0,4,0.16,30,8,22.60496136,17.07,0.6865,4.082482905,2.116242258789648,Klebsiella pneumoniae,1.7385962585915564,0.3776460001980917,130.68997015617694,54.776749666693014
52,ZnO,Bacillus subtilis,non-pathogenic,green_synthesis,MBC,triangular,Bacteria,Bacillota,Bacilli,Bacillales,Bacillaceae,Bacillus,p,soil,81.3794,13.0,18,0.16,30,8,22.60496136,17.07,0.6865,4.082482905,1.267774078561706,Klebsiella pneumoniae,0.9327183115500265,0.3350557670116795,18.52567660830937,8.564821407578943
53,ZnO,Bacillus subtilis,non-pathogenic,green_synthesis,MBC,nanoplates,Bacteria,Bacillota,Bacilli,Bacillales,Bacillaceae,Bacillus,p,soil,81.3794,0.8,24,0.16,30,8,22.60496136,17.07,0.6865,4.082482905,2.3827830179521285,Klebsiella pneumoniae,2.1270392534264477,0.2557437645256808,241.42543242224625,133.97977787109804
54,Au,Bacillus subtilis,non-pathogenic,green_synthesis,MBEC,cubic,Bacteria,Bacillota,Bacilli,Bacillales,Bacillaceae,Bacillus,p,soil,196.966569,50.0,4,0.16,30,11,23.00188061,0.0,0.0,2.46797672,1.6894357820575756,Klebsiella pneumoniae,1.4889746330831857,0.20046114897438994,48.91429315533469,30.83007868089831
55,Au,Bacillus subtilis,non-pathogenic,green_synthesis,MBEC,cubic,Bacteria,Bacillota,Bacilli,Bacillales,Bacillaceae,Bacillus,p,soil,196.966569,50.0,4,0.16,30,11,23.00188061,0.0,0.0,2.46797672,1.6894357820575756,Klebsiella pneumoniae,1.4889746330831857,0.20046114897438994,48.91429315533469,30.83007868089831
56,Ag,Bacillus subtilis,non-pathogenic,green_synthesis,MBC,hexagonal,Bacteria,Bacillota,Bacilli,Bacillales,Bacillaceae,Bacillus,p,soil,107.8682,18.0,4,0.16,30,11,23.00188061,0.0,0.0,1.78376517,1.7071448852388988,Klebsiella pneumoniae,1.5217572254989076,0.18538765973999127,50.95008175766509,33.24736455942251
57,Au,Bacillus subtilis,non-pathogenic,chemical_synthesis,MBC,quasi-spherical,Bacteria,Bacillota,Bacilli,Bacillales,Bacillaceae,Bacillus,p,soil,196.966569,45.26,4,0.16,30,11,23.00188061,0.0,0.0,2.46797672,0.9144507880935978,Klebsiella pneumoniae,0.7318783517855381,0.18257243630805975,8.212034932150871,5.393595238579339
58,ZnO,Bacillus subtilis,non-pathogenic,chemical_synthesis,MBEC,tetragonal,Bacteria,Bacillota,Bacilli,Bacillales,Bacillaceae,Bacillus,p,soil,81.3794,1.4,0,0.16,30,8,22.60496136,17.07,0.6865,4.082482905,0.6903352475201161,Klebsiella pneumoniae,0.5234565026320395,0.16687874488807664,4.901570432063913,3.337770735847184
59,Au,Bacillus subtilis,non-pathogenic,green_synthesis,MBC,tetragonal,Bacteria,Bacillota,Bacilli,Bacillales,Bacillaceae,Bacillus,p,soil,196.966569,4.7,18,0.16,30,11,23.00188061,0.0,0.0,2.46797672,1.231803709220277,Klebsiella pneumoniae,1.06879885338904,0.16300485583123692,17.053114545634752,11.716525805460412
60,Ag,Bacillus subtilis,non-pathogenic,chemical_synthesis,MBEC,nanoplates,Bacteria,Bacillota,Bacilli,Bacillales,Bacillaceae,Bacillus,p,soil,107.87,18.5,4,0.16,30,11,23.00188061,0.0,0.0,1.78376517,1.768211871768685,Klebsiella pneumoniae,1.624378720010213,0.1438331517584719,58.64241834067066,42.10936767671038
61,Au,Bacillus subtilis,non-pathogenic,chemical_synthesis,MIC,rod-shaped,Bacteria,Bacillota,Bacilli,Bacillales,Bacillaceae,Bacillus,p,soil,196.966569,45.26,1,0.16,30,11,23.00188061,0.0,0.0,2.46797672,1.1684723407535675,Klebsiella pneumoniae,1.0373614049806092,0.1311109357729583,14.739146676483822,10.89836640776083
62,ZnO,Bacillus subtilis,non-pathogenic,green_synthesis,MIC,rod-shaped,Bacteria,Bacillota,Bacilli,Bacillales,Bacillaceae,Bacillus,p,soil,81.3794,60.0,4,0.16,30,8,22.60496136,17.07,0.6865,4.082482905,0.7744937376865995,Klebsiella pneumoniae,0.6496312480366875,0.12486248964991198,5.949681775478477,4.4630448177837705
63,Ag,Bacillus subtilis,non-pathogenic,green_synthesis,MBC,quasi-spherical,Bacteria,Bacillota,Bacilli,Bacillales,Bacillaceae,Bacillus,p,soil,107.8682,17.5,2,0.16,30,11,23.00188061,0.0,0.0,1.78376517,1.1988739903645835,Klebsiella pneumoniae,1.0775231658941902,0.12135082447039336,15.807893100125131,11.95427289789263
64,ZnO,Bacillus subtilis,non-pathogenic,green_synthesis,MIC,nanoplates,Bacteria,Bacillota,Bacilli,Bacillales,Bacillaceae,Bacillus,p,soil,81.3794,20.0,3,0.16,30,8,22.60496136,17.07,0.6865,4.082482905,1.8522677108011725,Klebsiella pneumoniae,1.7382599293332701,0.11400778146790236,71.16520599467773,54.73434550879041
65,Ag,Bacillus subtilis,non-pathogenic,green_synthesis,MBEC,spherical,Bacteria,Bacillota,Bacilli,Bacillales,Bacillaceae,Bacillus,p,soil,107.87,8.0,4,0.16,30,11,23.00188061,0.0,0.0,1.78376517,2.1507677484295606,Klebsiella pneumoniae,2.050309020951045,0.10045872747851581,141.5036845584027,112.2817107312567
66,ZnO,Bacillus subtilis,non-pathogenic,green_synthesis,MIC,quasi-spherical,Bacteria,Bacillota,Bacilli,Bacillales,Bacillaceae,Bacillus,p,soil,81.3794,44.45,18,0.16,30,8,22.60496136,17.07,0.6865,4.082482905,0.23448620839301437,Klebsiella pneumoniae,0.13944710307005415,0.09503910532296023,1.7158772192605622,1.3786280262866646
67,Ag,Bacillus subtilis,non-pathogenic,chemical_synthesis,MBEC,triangular,Bacteria,Bacillota,Bacilli,Bacillales,Bacillaceae,Bacillus,p,soil,107.87,3.0,4,0.16,30,11,23.00188061,0.0,0.0,1.78376517,-0.3692398635667602,Klebsiella pneumoniae,-0.4506635630164051,0.08142369944964489,0.4273268056877499,0.3542716801449336
68,ZnO,Bacillus subtilis,non-pathogenic,chemical_synthesis,MBC,triangular,Bacteria,Bacillota,Bacilli,Bacillales,Bacillaceae,Bacillus,p,soil,81.3794,45.26,18,0.16,30,8,22.60496136,17.07,0.6865,4.082482905,0.7371409695905382,Klebsiella pneumoniae,0.6617220849698724,0.07541888462066582,5.459350398332286,4.589042554654531
69,Ag,Bacillus subtilis,non-pathogenic,chemical_synthesis,MBEC,rod-shaped,Bacteria,Bacillota,Bacilli,Bacillales,Bacillaceae,Bacillus,p,soil,107.87,18.5,0,0.16,30,11,23.00188061,0.0,0.0,1.78376517,1.1266488884208372,Klebsiella pneumoniae,1.0554905744956065,0.07115831392523075,13.385940443645689,11.362936363894667
70,ZnO,Bacillus subtilis,non-pathogenic,green_synthesis,MIC,nanoplates,Bacteria,Bacillota,Bacilli,Bacillales,Bacillaceae,Bacillus,p,soil,81.3794,41.23,2,0.16,30,8,22.60496136,17.07,0.6865,4.082482905,1.0375878542635077,Klebsiella pneumoniae,0.9888719694392609,0.048715884824246825,10.904050502043107,9.747022519060417
71,ZnO,Bacillus subtilis,non-pathogenic,green_synthesis,MIC,hexagonal,Bacteria,Bacillota,Bacilli,Bacillales,Bacillaceae,Bacillus,p,soil,81.3794,45.26,4,0.16,30,8,22.60496136,17.07,0.6865,4.082482905,1.170141956028484,Klebsiella pneumoniae,1.1396265540976127,0.030515401930871322,14.795919371901547,13.791977948319811
72,Ag,Bacillus subtilis,non-pathogenic,green_synthesis,MBC,rod-shaped,Bacteria,Bacillota,Bacilli,Bacillales,Bacillaceae,Bacillus,p,soil,107.87,18.0,1,0.16,30,11,23.00188061,0.0,0.0,1.78376517,1.0175834007421782,Klebsiella pneumoniae,0.9872580946389931,0.03032530610318518,10.413180603382024,9.710868980472272
73,Ag,Bacillus subtilis,non-pathogenic,chemical_synthesis,MBC,tetragonal,Bacteria,Bacillota,Bacilli,Bacillales,Bacillaceae,Bacillus,p,soil,107.87,44.45,4,0.16,30,11,23.00188061,0.0,0.0,1.78376517,0.34368601257026676,Klebsiella pneumoniae,0.34554753864834375,-0.0018615260780769916,2.2064089605571184,2.215886637940452
74,ZnO,Bacillus subtilis,non-pathogenic,chemical_synthesis,MBC,hexagonal,Bacteria,Bacillota,Bacilli,Bacillales,Bacillaceae,Bacillus,p,soil,81.3794,41.23,2,0.16,30,8,22.60496136,17.07,0.6865,4.082482905,1.9430240285244906,Klebsiella pneumoniae,1.9524540603387328,-0.009430031814242179,87.7049344943866,89.6301370194928
75,Ag,Bacillus subtilis,non-pathogenic,chemical_synthesis,MBEC,hexagonal,Bacteria,Bacillota,Bacilli,Bacillales,Bacillaceae,Bacillus,p,soil,107.87,79.0,3,0.16,30,11,23.00188061,0.0,0.0,1.78376517,2.0154215918217053,Klebsiella pneumoniae,2.04058477627063,-0.025163184448924625,103.61475199132231,109.795559531391
76,CeO2,Bacillus subtilis,non-pathogenic,green_synthesis,MBEC,triangular,Bacteria,Bacillota,Bacilli,Bacillales,Bacillaceae,Bacillus,p,soil,172.115,4.7,3,0.16,30,16,39.19032095,34.14,1.373,4.456551526,1.0900018045009496,Klebsiella pneumoniae,1.1336777883988718,-0.043675983897922155,12.302738826106426,13.604349745388667
77,ZnO,Bacillus subtilis,non-pathogenic,chemical_synthesis,MBC,spheroidal,Bacteria,Bacillota,Bacilli,Bacillales,Bacillaceae,Bacillus,p,soil,81.3794,12.5,2,0.16,30,8,22.60496136,17.07,0.6865,4.082482905,1.8624485739675334,Klebsiella pneumoniae,1.9090169158722359,-0.04656834190470249,72.85319018915702,81.09926455929899
78,Ag,Bacillus subtilis,non-pathogenic,chemical_synthesis,MBEC,triangular,Bacteria,Bacillota,Bacilli,Bacillales,Bacillaceae,Bacillus,p,soil,107.8682,6.0,24,0.16,30,11,23.00188061,0.0,0.0,1.78376517,0.6210503926552746,Klebsiella pneumoniae,0.6738633849053894,-0.05281299225011482,4.178788517278961,4.719145687468857
79,Pt,Bacillus subtilis,non-pathogenic,green_synthesis,MBEC,triangular,Bacteria,Bacillota,Bacilli,Bacillales,Bacillaceae,Bacillus,p,soil,195.084,28.0,0,0.16,30,10,21.75656585,0.0,0.0,2.588435821,0.2963620630669832,Klebsiella pneumoniae,0.36350387567767006,-0.06714181261068686,1.9786184893911152,2.309425068315897
80,Au,Bacillus subtilis,non-pathogenic,chemical_synthesis,MBC,rod-shaped,Bacteria,Bacillota,Bacilli,Bacillales,Bacillaceae,Bacillus,p,soil,196.966569,3.0,2,0.16,30,11,23.00188061,0.0,0.0,2.46797672,0.970101387706704,Klebsiella pneumoniae,1.0458440740651334,-0.0757426863584294,9.334721980139543,11.113326508459599
81,ZnO,Bacillus subtilis,non-pathogenic,chemical_synthesis,MIC,spherical,Bacteria,Bacillota,Bacilli,Bacillales,Bacillaceae,Bacillus,p,soil,81.3794,38.0,4,0.16,30,8,22.60496136,17.07,0.6865,4.082482905,1.0900748224574976,Klebsiella pneumoniae,1.1718203266433949,-0.08174550418589721,12.304807460197031,14.85321018256348
82,ZnO,Bacillus subtilis,non-pathogenic,chemical_synthesis,MBC,triangular,Bacteria,Bacillota,Bacilli,Bacillales,Bacillaceae,Bacillus,p,soil,81.3794,100.0,0,0.16,30,8,22.60496136,17.07,0.6865,4.082482905,0.4710430639107006,Klebsiella pneumoniae,0.5808967530433302,-0.1098536891326296,2.9583057926374137,3.8097524151475186
83,ZnO,Bacillus subtilis,non-pathogenic,chemical_synthesis,MIC,nanoplates,Bacteria,Bacillota,Bacilli,Bacillales,Bacillaceae,Bacillus,p,soil,81.3794,37.86,3,0.16,30,8,22.60496136,17.07,0.6865,4.082482905,1.6777408678699044,Klebsiella pneumoniae,1.811533600757794,-0.13379273288788962,47.61467977201887,64.79382234054123
84,Ag,Bacillus subtilis,non-pathogenic,green_synthesis,MBC,spherical,Bacteria,Bacillota,Bacilli,Bacillales,Bacillaceae,Bacillus,p,soil,107.8682,44.45,24,0.16,30,11,23.00188061,0.0,0.0,1.78376517,1.1630024209356469,Klebsiella pneumoniae,1.3003654386729449,-0.13736301773729798,14.554671939307156,19.96941942273165
85,Ag,Bacillus subtilis,non-pathogenic,chemical_synthesis,MBC,triangular,Bacteria,Bacillota,Bacilli,Bacillales,Bacillaceae,Bacillus,p,soil,107.8682,40.0,0,0.16,30,11,23.00188061,0.0,0.0,1.78376517,0.5978948241769164,Klebsiella pneumoniae,0.8480880388817547,-0.25019321470483824,3.9618207673410324,7.048359367241733
86,ZnO,Bacillus subtilis,non-pathogenic,chemical_synthesis,MBEC,quasi-hexagonal,Bacteria,Bacillota,Bacilli,Bacillales,Bacillaceae,Bacillus,p,soil,81.3794,44.45,24,0.16,30,8,22.60496136,17.07,0.6865,4.082482905,0.9554327654694211,Klebsiella pneumoniae,1.2547253232820224,-0.2992925578126012,9.024699823646035,17.977335492188296
