,np,bacteria,bac_type,np_synthesis,method,shape,kingdom,phylum,class,order,family,genus,gram,isolated_from,mol_weight (g/mol),np_size_avg (nm),time_set,"min_Incub_period, h","growth_temp, C",Valance_electron,labuteASA,tpsa,CrippenMR,chi0v,pred_MIC_norm,pathogenic_bacteria,pred_MIC_pathogen,Fitness,pred_norm_MIC_original,pred_path_MIC_original
0,Ag,Bacillus subtilis,non-pathogenic,chemical_synthesis,MIC,spheroidal,Bacteria,Bacillota,Bacilli,Bacillales,Bacillaceae,Bacillus,p,soil,107.87,3.0,18,0.16,30,11,23.00188061,0.0,0.0,1.78376517,0.8698471494655605,Klebsiella pneumoniae,-0.20753855678344424,1.0773857062490046,7.410493820593606,0.6200995885980456
1,ZnO,Bacillus subtilis,non-pathogenic,green_synthesis,MBEC,quasi-hexagonal,Bacteria,Bacillota,Bacilli,Bacillales,Bacillaceae,Bacillus,p,soil,81.3794,6.0,1,0.16,30,8,22.60496136,17.07,0.6865,4.082482905,1.4873642385211594,Klebsiella pneumoniae,0.6849590019290139,0.8024052365921455,30.715970267017454,4.841266631208592
2,Ag,Bacillus subtilis,non-pathogenic,chemical_synthesis,MIC,quasi-hexagonal,Bacteria,Bacillota,Bacilli,Bacillales,Bacillaceae,Bacillus,p,soil,107.87,5.1,1,0.16,30,11,23.00188061,0.0,0.0,1.78376517,0.9232484099117466,Klebsiella pneumoniae,0.23841914113459617,0.6848292687771504,8.380084733116114,1.7314866249078409
3,ZnO,Bacillus subtilis,non-pathogenic,green_synthesis,MBC,cubic,Bacteria,Bacillota,Bacilli,Bacillales,Bacillaceae,Bacillus,p,soil,81.3794,0.8,2,0.16,30,8,22.60496136,17.07,0.6865,4.082482905,1.7191910103201409,Klebsiella pneumoniae,1.1223805897943182,0.5968104205258227,52.38307758789373,13.255026178455648
4,CeO2,Bacillus subtilis,non-pathogenic,green_synthesis,MIC,spheroidal,Bacteria,Bacillota,Bacilli,Bacillales,Bacillaceae,Bacillus,p,soil,172.115,4.0,0,0.16,30,16,39.19032095,34.14,1.373,4.456551526,2.373270446672401,Klebsiella pneumoniae,1.8068735909424363,0.5663968557299648,236.1948623251054,64.10229684043081
5,ZnO,Bacillus subtilis,non-pathogenic,green_synthesis,MIC,spheroidal,Bacteria,Bacillota,Bacilli,Bacillales,Bacillaceae,Bacillus,p,soil,81.3794,6.0,24,0.16,30,8,22.60496136,17.07,0.6865,4.082482905,1.997216705751122,Klebsiella pneumoniae,1.4309089676109537,0.5663077381401684,99.36117205310491,26.971740190228626
6,Au,Bacillus subtilis,non-pathogenic,chemical_synthesis,MIC,cubic,Bacteria,Bacillota,Bacilli,Bacillales,Bacillaceae,Bacillus,p,soil,196.966569,3.0,2,0.16,30,11,23.00188061,0.0,0.0,2.46797672,2.000413598781657,Klebsiella pneumoniae,1.4361814688196368,0.5642321299620203,100.09528000149382,27.301183173444496
7,ZnO,Bacillus subtilis,non-pathogenic,chemical_synthesis,MBC,rod-shaped,Bacteria,Bacillota,Bacilli,Bacillales,Bacillaceae,Bacillus,p,soil,81.3794,6.0,3,0.16,30,8,22.60496136,17.07,0.6865,4.082482905,1.6090752617168984,Klebsiella pneumoniae,1.0542212461280944,0.554854015588804,40.6513770478055,11.329773980223143
8,Ag,Bacillus subtilis,non-pathogenic,green_synthesis,MIC,nanoplates,Bacteria,Bacillota,Bacilli,Bacillales,Bacillaceae,Bacillus,p,soil,107.87,0.8,3,0.16,30,11,23.00188061,0.0,0.0,1.78376517,1.8848141218843282,Klebsiella pneumoniae,1.3322566738993045,0.5525574479850237,76.70331287817883,21.491002461134396
9,ZnO,Bacillus subtilis,non-pathogenic,green_synthesis,MBEC,nanoplates,Bacteria,Bacillota,Bacilli,Bacillales,Bacillaceae,Bacillus,p,soil,81.3794,10.0,4,0.16,30,8,22.60496136,17.07,0.6865,4.082482905,2.590220853303451,Klebsiella pneumoniae,2.0437162559423334,0.5465045973611176,389.24303780626246,110.59010131764468
10,Ag,Bacillus subtilis,non-pathogenic,chemical_synthesis,MIC,rod-shaped,Bacteria,Bacillota,Bacilli,Bacillales,Bacillaceae,Bacillus,p,soil,107.87,6.0,3,0.16,30,11,23.00188061,0.0,0.0,1.78376517,1.366703103743351,Klebsiella pneumoniae,0.8595077242998003,0.5071953794435508,23.265002511027017,7.236152722839698
11,ZnO,Bacillus subtilis,non-pathogenic,green_synthesis,MBC,quasi-hexagonal,Bacteria,Bacillota,Bacilli,Bacillales,Bacillaceae,Bacillus,p,soil,81.3794,26.06,3,0.16,30,8,22.60496136,17.07,0.6865,4.082482905,0.9937000996997067,Klebsiella pneumoniae,0.4939059589191972,0.49979414078050954,9.855986494175523,3.118214300372265
12,TiO2,Bacillus subtilis,non-pathogenic,green_synthesis,MIC,rod-shaped,Bacteria,Bacillota,Bacilli,Bacillales,Bacillaceae,Bacillus,p,soil,79.866,4.7,4,0.16,30,16,26.40611331,34.14,1.373,2.878049394,2.0711715189204454,Klebsiella pneumoniae,1.5876107139249502,0.48356080499549514,117.80711454351946,38.69106765169286
13,CuO,Bacillus subtilis,non-pathogenic,green_synthesis,MBC,quasi-hexagonal,Bacteria,Bacillota,Bacilli,Bacillales,Bacillaceae,Bacillus,p,soil,79.5454,25.0,0,0.16,30,17,20.67942236,17.07,0.6865,1.651411411,2.3920001439706553,Klebsiella pneumoniae,1.937963766831922,0.45403637713873324,246.60401547380678,86.68895481871245
14,CeO2,Bacillus subtilis,non-pathogenic,chemical_synthesis,MIC,spheroidal,Bacteria,Bacillota,Bacilli,Bacillales,Bacillaceae,Bacillus,p,soil,172.115,9.0,18,0.16,30,16,39.19032095,34.14,1.373,4.456551526,2.5668364775330863,Klebsiella pneumoniae,2.117334291470509,0.4495021860625772,368.8386956550054,131.01900335055308
15,ZnO,Bacillus subtilis,non-pathogenic,chemical_synthesis,MBC,spherical,Bacteria,Bacillota,Bacilli,Bacillales,Bacillaceae,Bacillus,p,soil,81.3794,8.0,2,0.16,30,8,22.60496136,17.07,0.6865,4.082482905,1.7828628326878921,Klebsiella pneumoniae,1.339510940405722,0.4433518922821702,60.654472860445544,21.852993693064175
16,ZnO,Bacillus subtilis,non-pathogenic,chemical_synthesis,MBEC,tetragonal,Bacteria,Bacillota,Bacilli,Bacillales,Bacillaceae,Bacillus,p,soil,81.3794,3.0,18,0.16,30,8,22.60496136,17.07,0.6865,4.082482905,0.5825662118624197,Klebsiella pneumoniae,0.15042507954888906,0.4321411323135307,3.824425558119456,1.4139207875453994
17,ZrO2,Bacillus subtilis,non-pathogenic,chemical_synthesis,MIC,rod-shaped,Bacteria,Bacillota,Bacilli,Bacillales,Bacillaceae,Bacillus,p,soil,123.2218,6.0,18,0.16,30,16,29.29254423,34.14,1.373,3.774536472,2.006606282088007,Klebsiella pneumoniae,1.5782911737231444,0.4283151083648624,101.53278107991669,37.86963974839065
18,ZnO,Bacillus subtilis,non-pathogenic,chemical_synthesis,MBEC,hexagonal,Bacteria,Bacillota,Bacilli,Bacillales,Bacillaceae,Bacillus,p,soil,81.3794,9.0,4,0.16,30,8,22.60496136,17.07,0.6865,4.082482905,2.4558960991202277,Klebsiella pneumoniae,2.039775866084252,0.4161202330359757,285.69069734225747,109.59124635435617
19,Au,Bacillus subtilis,non-pathogenic,green_synthesis,MIC,hexagonal,Bacteria,Bacillota,Bacilli,Bacillales,Bacillaceae,Bacillus,p,soil,196.966569,3.0,1,0.16,30,11,23.00188061,0.0,0.0,2.46797672,1.9654838454729626,Klebsiella pneumoniae,1.5705614104923247,0.39492243498063795,92.35998324777812,37.2015821553073
20,ZnO,Bacillus subtilis,non-pathogenic,green_synthesis,MBC,hexagonal,Bacteria,Bacillota,Bacilli,Bacillales,Bacillaceae,Bacillus,p,soil,81.3794,28.0,4,0.16,30,8,22.60496136,17.07,0.6865,4.082482905,2.119414730228221,Klebsiella pneumoniae,1.7383756042052751,0.38103912602294576,131.64814081933406,54.74892601104475
21,ZnO,Bacillus subtilis,non-pathogenic,green_synthesis,MBC,spherical,Bacteria,Bacillota,Bacilli,Bacillales,Bacillaceae,Bacillus,p,soil,81.3794,18.0,4,0.16,30,8,22.60496136,17.07,0.6865,4.082482905,2.0669878223934046,Klebsiella pneumoniae,1.6958192678273802,0.3711685545660244,116.67769002066784,49.63857069510449
22,CuO,Bacillus subtilis,non-pathogenic,green_synthesis,MIC,spherical,Bacteria,Bacillota,Bacilli,Bacillales,Bacillaceae,Bacillus,p,soil,79.5454,0.8,1,0.16,30,17,20.67942236,17.07,0.6865,1.651411411,2.0857514236634893,Klebsiella pneumoniae,1.7174128422717012,0.3683385813917881,121.82920877182823,52.16903966854208
23,ZnO,Bacillus subtilis,non-pathogenic,green_synthesis,MBEC,quasi-spherical,Bacteria,Bacillota,Bacilli,Bacillales,Bacillaceae,Bacillus,p,soil,81.3794,1.4,18,0.16,30,8,22.60496136,17.07,0.6865,4.082482905,1.8284324314693163,Klebsiella pneumoniae,1.4610066321594017,0.3674257993099146,67.36470797607234,28.907240265969673
24,TiO2,Bacillus subtilis,non-pathogenic,green_synthesis,MIC,hexagonal,Bacteria,Bacillota,Bacilli,Bacillales,Bacillaceae,Bacillus,p,soil,79.866,8.7,0,0.16,30,16,26.40611331,34.14,1.373,2.878049394,2.8275731901341548,Klebsiella pneumoniae,2.4602649748962837,0.36730821523787105,672.3156025681923,288.5791666232696
25,Ag,Bacillus subtilis,non-pathogenic,green_synthesis,MBC,quasi-hexagonal,Bacteria,Bacillota,Bacilli,Bacillales,Bacillaceae,Bacillus,p,soil,107.8682,8.0,4,0.16,30,11,23.00188061,0.0,0.0,1.78376517,0.9502170156758992,Klebsiella pneumoniae,0.5834514148902741,0.36676560078562515,8.916964048974421,3.8322286634271263
26,ZnO,Bacillus subtilis,non-pathogenic,chemical_synthesis,MIC,cubic,Bacteria,Bacillota,Bacilli,Bacillales,Bacillaceae,Bacillus,p,soil,81.3794,8.7,4,0.16,30,8,22.60496136,17.07,0.6865,4.082482905,1.9909162293950717,Klebsiella pneumoniae,1.6327666375674226,0.35814959182764916,97.93010708380118,42.93056830098247
27,TiO2,Bacillus subtilis,non-pathogenic,green_synthesis,MBC,nanoplates,Bacteria,Bacillota,Bacilli,Bacillales,Bacillaceae,Bacillus,p,soil,79.866,18.5,2,0.16,30,16,26.40611331,34.14,1.373,2.878049394,2.9975503180138015,Klebsiella pneumoniae,2.646529058229617,0.35102125978418464,994.3752770986308,443.12786276012497
28,TiO2,Bacillus subtilis,non-pathogenic,green_synthesis,MBEC,hexagonal,Bacteria,Bacillota,Bacilli,Bacillales,Bacillaceae,Bacillus,p,soil,79.866,11.3,18,0.16,30,16,26.40611331,34.14,1.373,2.878049394,3.294914347454471,Klebsiella pneumoniae,2.956665557505107,0.3382487899493638,1972.03376877431,905.0353807437203
29,ZnO,Bacillus subtilis,non-pathogenic,chemical_synthesis,MIC,nanoplates,Bacteria,Bacillota,Bacilli,Bacillales,Bacillaceae,Bacillus,p,soil,81.3794,8.7,4,0.16,30,8,22.60496136,17.07,0.6865,4.082482905,2.0140828571242304,Klebsiella pneumoniae,1.6779096926027617,0.3361731645214687,103.29584605412765,47.633192782322666
30,Pt,Bacillus subtilis,non-pathogenic,green_synthesis,MIC,cubic,Bacteria,Bacillota,Bacilli,Bacillales,Bacillaceae,Bacillus,p,soil,195.084,8.0,1,0.16,30,10,21.75656585,0.0,0.0,2.588435821,1.4981018192827842,Klebsiella pneumoniae,1.1684202050784651,0.3296816142043191,31.484863825373996,14.73737739487385
31,Au,Bacillus subtilis,non-pathogenic,green_synthesis,MIC,rod-shaped,Bacteria,Bacillota,Bacilli,Bacillales,Bacillaceae,Bacillus,p,soil,196.966569,100.0,0,0.16,30,11,23.00188061,0.0,0.0,2.46797672,1.1222309686777732,Klebsiella pneumoniae,0.7975509286194181,0.32468004005835505,13.250460404973357,6.274092663737671
32,ZnO,Bacillus subtilis,non-pathogenic,chemical_synthesis,MBC,triangular,Bacteria,Bacillota,Bacilli,Bacillales,Bacillaceae,Bacillus,p,soil,81.3794,4.7,24,0.16,30,8,22.60496136,17.07,0.6865,4.082482905,1.0694080156826478,Klebsiella pneumoniae,0.7454744473615297,0.3239335683211181,11.732971498204273,5.565118897356682
33,Pd,Bacillus subtilis,non-pathogenic,green_synthesis,MIC,tetragonal,Bacteria,Bacillota,Bacilli,Bacillales,Bacillaceae,Bacillus,p,soil,195.084,1.9,2,0.16,30,10,21.14774404,0.0,0.0,1.870828693,0.17257819449829004,Klebsiella pneumoniae,-0.15105459327529958,0.3236327877735896,1.4879152483393157,0.7062287717276546
34,ZnO,Bacillus subtilis,non-pathogenic,green_synthesis,MBEC,rod-shaped,Bacteria,Bacillota,Bacilli,Bacillales,Bacillaceae,Bacillus,p,soil,81.3794,13.0,1,0.16,30,8,22.60496136,17.07,0.6865,4.082482905,2.031571416414387,Klebsiella pneumoniae,1.7106553554082102,0.32091606100617676,107.54034277429875,51.3635881981951
35,Ag,Bacillus subtilis,non-pathogenic,chemical_synthesis,MBEC,tetragonal,Bacteria,Bacillota,Bacilli,Bacillales,Bacillaceae,Bacillus,p,soil,107.87,6.0,3,0.16,30,11,23.00188061,0.0,0.0,1.78376517,0.745287337487505,Klebsiella pneumoniae,0.4255767741467389,0.3197105633407661,5.562721757952735,2.664261040557239
36,Au,Bacillus subtilis,non-pathogenic,green_synthesis,MIC,quasi-spherical,Bacteria,Bacillota,Bacilli,Bacillales,Bacillaceae,Bacillus,p,soil,196.966569,8.7,1,0.16,30,11,23.00188061,0.0,0.0,2.46797672,2.121549930026962,Klebsiella pneumoniae,1.8039709604494032,0.3175789695775588,132.2969798638416,63.67529423390377
37,ZnO,Bacillus subtilis,non-pathogenic,chemical_synthesis,MBC,quasi-hexagonal,Bacteria,Bacillota,Bacilli,Bacillales,Bacillaceae,Bacillus,p,soil,81.3794,9.0,18,0.16,30,8,22.60496136,17.07,0.6865,4.082482905,0.7242610467018575,Klebsiella pneumoniae,0.40722871144562767,0.31703233525622987,5.299819108860606,2.554045979574091
38,TiO2,Bacillus subtilis,non-pathogenic,green_synthesis,MBEC,nanoplates,Bacteria,Bacillota,Bacilli,Bacillales,Bacillaceae,Bacillus,p,soil,79.866,20.0,1,0.16,30,16,26.40611331,34.14,1.373,2.878049394,2.994094729218724,Klebsiella pneumoniae,2.6840846639136866,0.3100100653050375,986.4946384348243,483.1529815357106
39,Ag,Bacillus subtilis,non-pathogenic,chemical_synthesis,MIC,spheroidal,Bacteria,Bacillota,Bacilli,Bacillales,Bacillaceae,Bacillus,p,soil,107.87,13.0,2,0.16,30,11,23.00188061,0.0,0.0,1.78376517,1.2232568479211843,Klebsiella pneumoniae,0.919101488103859,0.3041553598173252,16.720792133272127,8.300447138472228
40,ZnO,Bacillus subtilis,non-pathogenic,chemical_synthesis,MIC,hexagonal,Bacteria,Bacillota,Bacilli,Bacillales,Bacillaceae,Bacillus,p,soil,81.3794,10.0,4,0.16,30,8,22.60496136,17.07,0.6865,4.082482905,1.9935633723408293,Klebsiella pneumoniae,1.6933927341078747,0.30017063823295453,98.52884058032431,49.36199845627129
41,Pd,Bacillus subtilis,non-pathogenic,green_synthesis,MBEC,rod-shaped,Bacteria,Bacillota,Bacilli,Bacillales,Bacillaceae,Bacillus,p,soil,195.084,38.0,4,0.16,30,10,21.14774404,0.0,0.0,1.870828693,1.3226750236939233,Klebsiella pneumoniae,1.0323099700951044,0.2903650535988189,21.022048014975777,10.7723379610826
42,Pd,Bacillus subtilis,non-pathogenic,green_synthesis,MBEC,rod-shaped,Bacteria,Bacillota,Bacilli,Bacillales,Bacillaceae,Bacillus,p,soil,195.084,38.0,4,0.16,30,10,21.14774404,0.0,0.0,1.870828693,1.3226750236939233,Klebsiella pneumoniae,1.0323099700951044,0.2903650535988189,21.022048014975777,10.7723379610826
43,CeO2,Bacillus subtilis,non-pathogenic,green_synthesis,MIC,tetragonal,Bacteria,Bacillota,Bacilli,Bacillales,Bacillaceae,Bacillus,p,soil,172.115,10.0,18,0.16,30,16,39.19032095,34.14,1.373,4.456551526,1.4909649882756781,Klebsiella pneumoniae,1.206116319905178,0.28484866837050005,30.97169603160267,16.073717081443597
44,Ag,Bacillus subtilis,non-pathogenic,chemical_synthesis,MIC,quasi-spherical,Bacteria,Bacillota,Bacilli,Bacillales,Bacillaceae,Bacillus,p,soil,107.87,50.0,4,0.16,30,11,23.00188061,0.0,0.0,1.78376517,0.5308537478867252,Klebsiella pneumoniae,0.24828606537353637,0.28256768251318887,3.3951092034024453,1.7712752952327089
45,Ag,Bacillus subtilis,non-pathogenic,chemical_synthesis,MIC,quasi-spherical,Bacteria,Bacillota,Bacilli,Bacillales,Bacillaceae,Bacillus,p,soil,107.87,50.0,4,0.16,30,11,23.00188061,0.0,0.0,1.78376517,0.5308537478867252,Klebsiella pneumoniae,0.24828606537353637,0.28256768251318887,3.3951092034024453,1.7712752952327089
46,ZnO,Bacillus subtilis,non-pathogenic,green_synthesis,MIC,spheroidal,Bacteria,Bacillota,Bacilli,Bacillales,Bacillaceae,Bacillus,p,soil,81.3794,60.0,18,0.16,30,8,22.60496136,17.07,0.6865,4.082482905,0.7013715753541789,Klebsiella pneumoniae,0.4193764206871189,0.28199515466706004,5.02772569655732,2.6264940462972075
47,Ag,Bacillus subtilis,non-pathogenic,chemical_synthesis,MIC,quasi-spherical,Bacteria,Bacillota,Bacilli,Bacillales,Bacillaceae,Bacillus,p,soil,107.87,41.23,4,0.16,30,11,23.00188061,0.0,0.0,1.78376517,0.46659008664407153,Klebsiella pneumoniae,0.18870680620585634,0.2778832804382152,2.928128196345306,1.5442115846682087
48,Au,Bacillus subtilis,non-pathogenic,chemical_synthesis,MIC,tetragonal,Bacteria,Bacillota,Bacilli,Bacillales,Bacillaceae,Bacillus,p,soil,196.966569,1.4,1,0.16,30,11,23.00188061,0.0,0.0,2.46797672,0.6854855970233567,Klebsiella pneumoniae,0.4384168636684931,0.24706873335486357,4.8471403726302915,2.744206973831526
49,TiO2,Bacillus subtilis,non-pathogenic,chemical_synthesis,MBC,rod-shaped,Bacteria,Bacillota,Bacilli,Bacillales,Bacillaceae,Bacillus,p,soil,79.866,25.0,0,0.16,30,16,26.40611331,34.14,1.373,2.878049394,2.2497430234138984,Klebsiella pneumoniae,2.022182129613567,0.2275608938003315,177.72274947629168,105.24031264693656
50,ZnO,Bacillus subtilis,non-pathogenic,green_synthesis,MIC,quasi-hexagonal,Bacteria,Bacillota,Bacilli,Bacillales,Bacillaceae,Bacillus,p,soil,81.3794,38.0,2,0.16,30,8,22.60496136,17.07,0.6865,4.082482905,-0.3137596438370025,Klebsiella pneumoniae,-0.5185723041528285,0.204812660315826,0.48555715281576955,0.3029895819152471
51,CuO,Bacillus subtilis,non-pathogenic,green_synthesis,MBC,nanoplates,Bacteria,Bacillota,Bacilli,Bacillales,Bacillaceae,Bacillus,p,soil,79.5454,37.86,3,0.16,30,17,20.67942236,17.07,0.6865,1.651411411,2.3458680622810673,Klebsiella pneumoniae,2.146719880375547,0.19914818190552008,221.75226389046315,140.19091824838364
52,CeO2,Bacillus subtilis,non-pathogenic,green_synthesis,MBC,tetragonal,Bacteria,Bacillota,Bacilli,Bacillales,Bacillaceae,Bacillus,p,soil,172.115,9.0,3,0.16,30,16,39.19032095,34.14,1.373,4.456551526,2.162554627468406,Klebsiella pneumoniae,2.010436931543093,0.152117695925313,145.39672604973853,102.43230168197881
53,Ag,Bacillus subtilis,non-pathogenic,green_synthesis,MIC,cubic,Bacteria,Bacillota,Bacilli,Bacillales,Bacillaceae,Bacillus,p,soil,107.87,79.0,0,0.16,30,11,23.00188061,0.0,0.0,1.78376517,1.4598101458828332,Klebsiella pneumoniae,1.3132407174090546,0.14656942847377863,28.82771009120783,20.57030435091193
54,Au,Bacillus subtilis,non-pathogenic,green_synthesis,MBC,hexagonal,Bacteria,Bacillota,Bacilli,Bacillales,Bacillaceae,Bacillus,p,soil,196.966569,8.7,2,0.16,30,11,23.00188061,0.0,0.0,2.46797672,2.0763872118230946,Klebsiella pneumoniae,1.9937374169602036,0.08264979486289104,119.23045789287853,98.56833417710106
55,ZnO,Bacillus subtilis,non-pathogenic,green_synthesis,MIC,nanoplates,Bacteria,Bacillota,Bacilli,Bacillales,Bacillaceae,Bacillus,p,soil,81.3794,37.86,1,0.16,30,8,22.60496136,17.07,0.6865,4.082482905,1.1191419577813821,Klebsiella pneumoniae,1.0416047096246175,0.07753724815676466,13.15654809833335,11.00537155923499
56,Ag,Bacillus subtilis,non-pathogenic,green_synthesis,MIC,quasi-hexagonal,Bacteria,Bacillota,Bacilli,Bacillales,Bacillaceae,Bacillus,p,soil,107.87,79.0,18,0.16,30,11,23.00188061,0.0,0.0,1.78376517,0.13106552978347175,Klebsiella pneumoniae,0.06327653861065308,0.06778899117281867,1.3522765899796587,1.1568486353453742
57,Au,Bacillus subtilis,non-pathogenic,green_synthesis,MBC,spherical,Bacteria,Bacillota,Bacilli,Bacillales,Bacillaceae,Bacillus,p,soil,196.966569,30.0,2,0.16,30,11,23.00188061,0.0,0.0,2.46797672,1.1941909433169369,Klebsiella pneumoniae,1.1280657234385623,0.06612521987837461,15.638350522938932,13.429681822519496
58,CeO2,Bacillus subtilis,non-pathogenic,chemical_synthesis,MBEC,hexagonal,Bacteria,Bacillota,Bacilli,Bacillales,Bacillaceae,Bacillus,p,soil,172.115,41.23,0,0.16,30,16,39.19032095,34.14,1.373,4.456551526,2.8855181945696167,Klebsiella pneumoniae,2.824828610617269,0.0606895839523478,768.2776416471098,668.0802152724006
59,Ag,Bacillus subtilis,non-pathogenic,green_synthesis,MBC,spherical,Bacteria,Bacillota,Bacilli,Bacillales,Bacillaceae,Bacillus,p,soil,107.8682,35.0,3,0.16,30,11,23.00188061,0.0,0.0,1.78376517,1.2036618879924776,Klebsiella pneumoniae,1.1769594411515814,0.026702446840896288,15.983132066636658,15.030015939163395
60,ZnO,Bacillus subtilis,non-pathogenic,chemical_synthesis,MBEC,spheroidal,Bacteria,Bacillota,Bacilli,Bacillales,Bacillaceae,Bacillus,p,soil,81.3794,22.5,0,0.16,30,8,22.60496136,17.07,0.6865,4.082482905,1.9914999616191777,Klebsiella pneumoniae,1.9878844417999948,0.003615519819182955,98.06182276597247,97.24884271096772
61,Ag,Bacillus subtilis,non-pathogenic,green_synthesis,MIC,quasi-hexagonal,Bacteria,Bacillota,Bacilli,Bacillales,Bacillaceae,Bacillus,p,soil,107.87,18.0,24,0.16,30,11,23.00188061,0.0,0.0,1.78376517,0.5057255508828633,Klebsiella pneumoniae,0.5108468915907147,-0.005121340707851418,3.2042437869053106,3.2422529314667847
62,Pd,Bacillus subtilis,non-pathogenic,green_synthesis,MBEC,nanoplates,Bacteria,Bacillota,Bacilli,Bacillales,Bacillaceae,Bacillus,p,soil,195.084,20.0,1,0.16,30,10,21.14774404,0.0,0.0,1.870828693,2.0717452489580706,Klebsiella pneumoniae,2.1008140842426535,-0.029068835284582928,117.96284791729865,126.1287478418075
63,Ag,Bacillus subtilis,non-pathogenic,chemical_synthesis,MBC,spherical,Bacteria,Bacillota,Bacilli,Bacillales,Bacillaceae,Bacillus,p,soil,107.87,26.38,1,0.16,30,11,23.00188061,0.0,0.0,1.78376517,1.2147451048431597,Klebsiella pneumoniae,1.2646422443541372,-0.04989713951097752,16.396271643919025,18.39256266328228
64,ZnO,Bacillus subtilis,non-pathogenic,green_synthesis,MIC,spheroidal,Bacteria,Bacillota,Bacilli,Bacillales,Bacillaceae,Bacillus,p,soil,81.3794,45.26,1,0.16,30,8,22.60496136,17.07,0.6865,4.082482905,0.9797210826808993,Klebsiella pneumoniae,1.038154041584507,-0.05843295890360767,9.543794572167283,10.91827532294424
65,Ag,Bacillus subtilis,non-pathogenic,chemical_synthesis,MBC,quasi-hexagonal,Bacteria,Bacillota,Bacilli,Bacillales,Bacillaceae,Bacillus,p,soil,107.8682,100.0,18,0.16,30,11,23.00188061,0.0,0.0,1.78376517,0.7178839355431053,Klebsiella pneumoniae,0.7806390265595995,-0.06275509101649424,5.222565981653463,6.034468527085175
66,ZnO,Bacillus subtilis,non-pathogenic,chemical_synthesis,MIC,cubic,Bacteria,Bacillota,Bacilli,Bacillales,Bacillaceae,Bacillus,p,soil,81.3794,37.86,4,0.16,30,8,22.60496136,17.07,0.6865,4.082482905,1.5939345306578339,Klebsiella pneumoniae,1.6804931151964337,-0.08655858453859988,39.258574913496844,47.91738565786279
67,Ag,Bacillus subtilis,non-pathogenic,chemical_synthesis,MBC,hexagonal,Bacteria,Bacillota,Bacilli,Bacillales,Bacillaceae,Bacillus,p,soil,107.8682,1.4,2,0.16,30,11,23.00188061,0.0,0.0,1.78376517,1.2535448612581037,Klebsiella pneumoniae,1.35183531467877,-0.09829045342066633,17.92853738969903,22.482019215882726
68,Ag,Bacillus subtilis,non-pathogenic,green_synthesis,MIC,rod-shaped,Bacteria,Bacillota,Bacilli,Bacillales,Bacillaceae,Bacillus,p,soil,107.87,25.0,24,0.16,30,11,23.00188061,0.0,0.0,1.78376517,1.1847045977156454,Klebsiella pneumoniae,1.3024123902236313,-0.11770779250798591,15.300463870950157,20.0637630497559
69,ZnO,Bacillus subtilis,non-pathogenic,green_synthesis,MBEC,spherical,Bacteria,Bacillota,Bacilli,Bacillales,Bacillaceae,Bacillus,p,soil,81.3794,44.45,24,0.16,30,8,22.60496136,17.07,0.6865,4.082482905,2.048333480851815,Klebsiella pneumoniae,2.2650934189409693,-0.21675993808915406,111.7721180719046,184.11680034318826
70,Cu,Bacillus subtilis,non-pathogenic,green_synthesis,MIC,triangular,Bacteria,Bacillota,Bacilli,Bacillales,Bacillaceae,Bacillus,p,soil,63.55,22.5,2,0.16,30,11,17.96409803,0.0,0.0,1.243163121,-0.5807208731079085,Klebsiella pneumoniae,-0.2960032486722364,-0.28471762443567217,0.2625905705984289,0.5058208782746572
71,ZnO,Bacillus subtilis,non-pathogenic,chemical_synthesis,MIC,quasi-spherical,Bacteria,Bacillota,Bacilli,Bacillales,Bacillaceae,Bacillus,p,soil,81.3794,22.5,24,0.16,30,8,22.60496136,17.07,0.6865,4.082482905,1.899364006174049,Klebsiella pneumoniae,2.2715327796006792,-0.37216877342663013,79.31658480293076,186.86707151248183
72,CuO,Bacillus subtilis,non-pathogenic,chemical_synthesis,MIC,nanoplates,Bacteria,Bacillota,Bacilli,Bacillales,Bacillaceae,Bacillus,p,soil,79.5454,18.5,18,0.16,30,17,20.67942236,17.07,0.6865,1.651411411,2.745212577484283,Klebsiella pneumoniae,3.1205945935502974,-0.3753820160660144,556.176426638466,1320.0628028782992
