,np,bacteria,bac_type,np_synthesis,method,shape,kingdom,phylum,class,order,family,genus,gram,isolated_from,mol_weight (g/mol),np_size_avg (nm),time_set,"min_Incub_period, h","growth_temp, C",Valance_electron,labuteASA,tpsa,CrippenMR,chi0v,pred_MIC_norm,pathogenic_bacteria,pred_MIC_pathogen,Fitness,pred_norm_MIC_original,pred_path_MIC_original
0,ZnO,Bacillus subtilis,non-pathogenic,green_synthesis,MBC,quasi-hexagonal,Bacteria,Bacillota,Bacilli,Bacillales,Bacillaceae,Bacillus,p,soil,81.3794,6.0,4,0.16,30,8,22.60496136,17.07,0.6865,4.082482905,1.357451039866873,Klebsiella pneumoniae,0.45374927268746146,0.9037017671794116,22.774614780546944,2.842819414333345
1,Ag,Bacillus subtilis,non-pathogenic,chemical_synthesis,MIC,cubic,Bacteria,Bacillota,Bacilli,Bacillales,Bacillaceae,Bacillus,p,soil,107.87,3.0,2,0.16,30,11,23.00188061,0.0,0.0,1.78376517,1.443245319248525,Klebsiella pneumoniae,0.6351275401654715,0.8081177790830536,27.748871081997127,4.316458205438796
2,ZnO,Bacillus subtilis,non-pathogenic,green_synthesis,MIC,hexagonal,Bacteria,Bacillota,Bacilli,Bacillales,Bacillaceae,Bacillus,p,soil,81.3794,1.9,1,0.16,30,8,22.60496136,17.07,0.6865,4.082482905,1.5556996365756148,Klebsiella pneumoniae,0.7822722698132741,0.7734273667623407,35.95006140941858,6.057204967113784
3,Ag,Bacillus subtilis,non-pathogenic,chemical_synthesis,MIC,nanoplates,Bacteria,Bacillota,Bacilli,Bacillales,Bacillaceae,Bacillus,p,soil,107.87,4.0,0,0.16,30,11,23.00188061,0.0,0.0,1.78376517,1.4573657061829441,Klebsiella pneumoniae,0.734397279911396,0.7229684262715481,28.66590822871599,5.424969238345333
4,ZnO,Bacillus subtilis,non-pathogenic,green_synthesis,MBC,hexagonal,Bacteria,Bacillota,Bacilli,Bacillales,Bacillaceae,Bacillus,p,soil,81.3794,5.1,0,0.16,30,8,22.60496136,17.07,0.6865,4.082482905,2.5223201898114485,Klebsiella pneumoniae,1.8015174258695665,0.7208027639418819,332.90490173450905,63.316576669100954
5,CeO2,Bacillus subtilis,non-pathogenic,green_synthesis,MIC,quasi-spherical,Bacteria,Bacillota,Bacilli,Bacillales,Bacillaceae,Bacillus,p,soil,172.115,4.0,0,0.16,30,16,39.19032095,34.14,1.373,4.456551526,2.425018804682535,Klebsiella pneumoniae,1.7184387742919522,0.7065800303905827,266.0840270042977,52.292424048423825
6,Ag,Bacillus subtilis,non-pathogenic,chemical_synthesis,MIC,spheroidal,Bacteria,Bacillota,Bacilli,Bacillales,Bacillaceae,Bacillus,p,soil,107.87,26.38,18,0.16,30,11,23.00188061,0.0,0.0,1.78376517,0.8104898244971092,Klebsiella pneumoniae,0.10494188458681109,0.7055479399102981,6.4638284909699255,1.2733326777322653
7,ZnO,Bacillus subtilis,non-pathogenic,green_synthesis,MBC,quasi-spherical,Bacteria,Bacillota,Bacilli,Bacillales,Bacillaceae,Bacillus,p,soil,81.3794,10.0,3,0.16,30,8,22.60496136,17.07,0.6865,4.082482905,2.221544244437962,Klebsiella pneumoniae,1.524100628412362,0.6974436160256001,166.5498494438451,33.42724838207539
8,TiO2,Bacillus subtilis,non-pathogenic,green_synthesis,MBC,quasi-hexagonal,Bacteria,Bacillota,Bacilli,Bacillales,Bacillaceae,Bacillus,p,soil,79.866,4.0,3,0.16,30,16,26.40611331,34.14,1.373,2.878049394,2.1342474185137394,Klebsiella pneumoniae,1.508938676608457,0.6253087419052825,136.22205214490944,32.28038283012737
9,Au,Bacillus subtilis,non-pathogenic,chemical_synthesis,MIC,quasi-hexagonal,Bacteria,Bacillota,Bacilli,Bacillales,Bacillaceae,Bacillus,p,soil,196.966569,4.0,3,0.16,30,11,23.00188061,0.0,0.0,2.46797672,1.1074961435952697,Klebsiella pneumoniae,0.4829605806075188,0.6245355629877509,12.808437209777356,3.0406090276947406
10,CeO2,Bacillus subtilis,non-pathogenic,chemical_synthesis,MIC,nanoplates,Bacteria,Bacillota,Bacilli,Bacillales,Bacillaceae,Bacillus,p,soil,172.115,5.1,0,0.16,30,16,39.19032095,34.14,1.373,4.456551526,3.1164815068643206,Klebsiella pneumoniae,2.4956751535974426,0.6208063532668779,1307.61985664172,313.094294523593
11,Ag,Bacillus subtilis,non-pathogenic,green_synthesis,MIC,quasi-hexagonal,Bacteria,Bacillota,Bacilli,Bacillales,Bacillaceae,Bacillus,p,soil,107.87,0.8,2,0.16,30,11,23.00188061,0.0,0.0,1.78376517,0.9519515657604812,Klebsiella pneumoniae,0.33270382956760036,0.6192477361928809,8.952649164950541,2.1513141292897555
12,ZnO,Bacillus subtilis,non-pathogenic,green_synthesis,MBC,hexagonal,Bacteria,Bacillota,Bacilli,Bacillales,Bacillaceae,Bacillus,p,soil,81.3794,3.0,2,0.16,30,8,22.60496136,17.07,0.6865,4.082482905,2.0232239701908696,Klebsiella pneumoniae,1.4091179568901606,0.614106013300709,105.49307949383818,25.651806597959737
13,TiO2,Bacillus subtilis,non-pathogenic,green_synthesis,MIC,hexagonal,Bacteria,Bacillota,Bacilli,Bacillales,Bacillaceae,Bacillus,p,soil,79.866,6.0,4,0.16,30,16,26.40611331,34.14,1.373,2.878049394,2.7995866338114936,Klebsiella pneumoniae,2.217158931991089,0.5824277018204045,630.3570781657903,164.8765654236384
14,Au,Bacillus subtilis,non-pathogenic,green_synthesis,MIC,quasi-spherical,Bacteria,Bacillota,Bacilli,Bacillales,Bacillaceae,Bacillus,p,soil,196.966569,1.9,4,0.16,30,11,23.00188061,0.0,0.0,2.46797672,1.7903664817537663,Klebsiella pneumoniae,1.213480861081339,0.5768856206724273,61.71155384955866,16.348611028666536
15,Ag,Bacillus subtilis,non-pathogenic,chemical_synthesis,MIC,cubic,Bacteria,Bacillota,Bacilli,Bacillales,Bacillaceae,Bacillus,p,soil,107.87,4.0,18,0.16,30,11,23.00188061,0.0,0.0,1.78376517,1.3208121785613585,Klebsiella pneumoniae,0.7520116475309035,0.5688005310304549,20.93207000699038,5.649521263037103
16,ZnO,Bacillus subtilis,non-pathogenic,green_synthesis,MBEC,nanoplates,Bacteria,Bacillota,Bacilli,Bacillales,Bacillaceae,Bacillus,p,soil,81.3794,3.0,4,0.16,30,8,22.60496136,17.07,0.6865,4.082482905,2.0763210445767206,Klebsiella pneumoniae,1.5095309555074823,0.5667900890692383,119.21229383493332,32.324435962978946
17,CeO2,Bacillus subtilis,non-pathogenic,green_synthesis,MIC,spheroidal,Bacteria,Bacillota,Bacilli,Bacillales,Bacillaceae,Bacillus,p,soil,172.115,4.0,0,0.16,30,16,39.19032095,34.14,1.373,4.456551526,2.373270446672401,Klebsiella pneumoniae,1.8068735909424363,0.5663968557299648,236.1948623251054,64.10229684043081
18,ZnO,Bacillus subtilis,non-pathogenic,green_synthesis,MIC,spheroidal,Bacteria,Bacillota,Bacilli,Bacillales,Bacillaceae,Bacillus,p,soil,81.3794,6.0,24,0.16,30,8,22.60496136,17.07,0.6865,4.082482905,1.997216705751122,Klebsiella pneumoniae,1.4309089676109537,0.5663077381401684,99.36117205310491,26.971740190228626
19,Au,Bacillus subtilis,non-pathogenic,chemical_synthesis,MIC,cubic,Bacteria,Bacillota,Bacilli,Bacillales,Bacillaceae,Bacillus,p,soil,196.966569,3.0,2,0.16,30,11,23.00188061,0.0,0.0,2.46797672,2.000413598781657,Klebsiella pneumoniae,1.4361814688196368,0.5642321299620203,100.09528000149382,27.301183173444496
20,ZnO,Bacillus subtilis,non-pathogenic,chemical_synthesis,MBC,rod-shaped,Bacteria,Bacillota,Bacilli,Bacillales,Bacillaceae,Bacillus,p,soil,81.3794,6.0,3,0.16,30,8,22.60496136,17.07,0.6865,4.082482905,1.6090752617168984,Klebsiella pneumoniae,1.0542212461280944,0.554854015588804,40.6513770478055,11.329773980223143
21,Ag,Bacillus subtilis,non-pathogenic,green_synthesis,MIC,nanoplates,Bacteria,Bacillota,Bacilli,Bacillales,Bacillaceae,Bacillus,p,soil,107.87,0.8,3,0.16,30,11,23.00188061,0.0,0.0,1.78376517,1.8848141218843282,Klebsiella pneumoniae,1.3322566738993045,0.5525574479850237,76.70331287817883,21.491002461134396
22,Pt,Bacillus subtilis,non-pathogenic,chemical_synthesis,MIC,spherical,Bacteria,Bacillota,Bacilli,Bacillales,Bacillaceae,Bacillus,p,soil,195.084,1.4,24,0.16,30,10,21.75656585,0.0,0.0,2.588435821,1.6410933573915985,Klebsiella pneumoniae,1.0904017430710593,0.5506916143205391,43.76161664800256,12.314073545352212
23,CuO,Bacillus subtilis,non-pathogenic,green_synthesis,MBC,quasi-hexagonal,Bacteria,Bacillota,Bacilli,Bacillales,Bacillaceae,Bacillus,p,soil,79.5454,10.0,4,0.16,30,17,20.67942236,17.07,0.6865,1.651411411,2.6912843073411405,Klebsiella pneumoniae,2.142244867735829,0.5490394396053118,491.2293502043397,138.75379422126744
24,ZnO,Bacillus subtilis,non-pathogenic,green_synthesis,MBC,spherical,Bacteria,Bacillota,Bacilli,Bacillales,Bacillaceae,Bacillus,p,soil,81.3794,0.8,2,0.16,30,8,22.60496136,17.07,0.6865,4.082482905,1.7568274002625193,Klebsiella pneumoniae,1.209541740496864,0.5472856597656552,57.12515615674736,16.20099695897328
25,TiO2,Bacillus subtilis,non-pathogenic,green_synthesis,MIC,hexagonal,Bacteria,Bacillota,Bacilli,Bacillales,Bacillaceae,Bacillus,p,soil,79.866,5.1,0,0.16,30,16,26.40611331,34.14,1.373,2.878049394,2.7881834582333305,Klebsiella pneumoniae,2.2414358523084856,0.5467476059248448,614.0213303089936,174.35558056315574
26,Au,Bacillus subtilis,non-pathogenic,chemical_synthesis,MIC,quasi-spherical,Bacteria,Bacillota,Bacilli,Bacillales,Bacillaceae,Bacillus,p,soil,196.966569,1.4,0,0.16,30,11,23.00188061,0.0,0.0,2.46797672,1.751990362231766,Klebsiella pneumoniae,1.214059381046329,0.5379309811854371,56.49244379935236,16.37040338507776
27,Ag,Bacillus subtilis,non-pathogenic,green_synthesis,MIC,cubic,Bacteria,Bacillota,Bacilli,Bacillales,Bacillaceae,Bacillus,p,soil,107.87,0.8,24,0.16,30,11,23.00188061,0.0,0.0,1.78376517,2.6372031795039366,Klebsiella pneumoniae,2.0997012318274115,0.537501947676525,433.7137387410887,125.80596455598541
28,TiO2,Bacillus subtilis,non-pathogenic,green_synthesis,MIC,quasi-spherical,Bacteria,Bacillota,Bacilli,Bacillales,Bacillaceae,Bacillus,p,soil,79.866,3.0,24,0.16,30,16,26.40611331,34.14,1.373,2.878049394,3.378784752067764,Klebsiella pneumoniae,2.842760038723798,0.536024713343966,2392.129859168126,696.2417125041819
29,ZnO,Bacillus subtilis,non-pathogenic,green_synthesis,MBC,spheroidal,Bacteria,Bacillota,Bacilli,Bacillales,Bacillaceae,Bacillus,p,soil,81.3794,4.7,3,0.16,30,8,22.60496136,17.07,0.6865,4.082482905,2.444895132315624,Klebsiella pneumoniae,1.9147806127249827,0.5301145195906414,278.54484941768527,82.1827392496299
30,Au,Bacillus subtilis,non-pathogenic,green_synthesis,MIC,rod-shaped,Bacteria,Bacillota,Bacilli,Bacillales,Bacillaceae,Bacillus,p,soil,196.966569,1.4,0,0.16,30,11,23.00188061,0.0,0.0,2.46797672,1.717070675616667,Klebsiella pneumoniae,1.1914531108321194,0.5256175647845476,52.12795354732728,15.54007501275435
31,ZnO,Bacillus subtilis,non-pathogenic,green_synthesis,MBEC,rod-shaped,Bacteria,Bacillota,Bacilli,Bacillales,Bacillaceae,Bacillus,p,soil,81.3794,10.4,3,0.16,30,8,22.60496136,17.07,0.6865,4.082482905,2.191881481339404,Klebsiella pneumoniae,1.672741604437738,0.519139876901666,155.55410676058708,47.069718870379944
32,Ag,Bacillus subtilis,non-pathogenic,green_synthesis,MIC,nanoplates,Bacteria,Bacillota,Bacilli,Bacillales,Bacillaceae,Bacillus,p,soil,107.87,4.0,2,0.16,30,11,23.00188061,0.0,0.0,1.78376517,1.785405355017068,Klebsiella pneumoniae,1.2745130199134025,0.5108923351036656,61.01060828800208,18.81538112866629
33,TiO2,Bacillus subtilis,non-pathogenic,green_synthesis,MBC,tetragonal,Bacteria,Bacillota,Bacilli,Bacillales,Bacillaceae,Bacillus,p,soil,79.866,4.7,2,0.16,30,16,26.40611331,34.14,1.373,2.878049394,2.0551693089819842,Klebsiella pneumoniae,1.5501289343847675,0.5050403745972167,113.54533840141086,35.491874271942905
34,ZnO,Bacillus subtilis,non-pathogenic,green_synthesis,MBEC,rod-shaped,Bacteria,Bacillota,Bacilli,Bacillales,Bacillaceae,Bacillus,p,soil,81.3794,12.0,3,0.16,30,8,22.60496136,17.07,0.6865,4.082482905,2.1970385754718267,Klebsiella pneumoniae,1.6920737524035618,0.5049648230682648,157.41226770376477,49.21231015138976
35,Au,Bacillus subtilis,non-pathogenic,green_synthesis,MIC,spheroidal,Bacteria,Bacillota,Bacilli,Bacillales,Bacillaceae,Bacillus,p,soil,196.966569,50.0,18,0.16,30,11,23.00188061,0.0,0.0,2.46797672,1.4042552511611208,Klebsiella pneumoniae,0.9033934376397224,0.5008618135213985,25.366190586558123,8.005591720802986
36,TiO2,Bacillus subtilis,non-pathogenic,green_synthesis,MBC,quasi-hexagonal,Bacteria,Bacillota,Bacilli,Bacillales,Bacillaceae,Bacillus,p,soil,79.866,44.45,1,0.16,30,16,26.40611331,34.14,1.373,2.878049394,0.9095734720204138,Klebsiella pneumoniae,0.4149800089890776,0.4945934630313362,8.12032613403495,2.6000398779653215
37,CuO,Bacillus subtilis,non-pathogenic,green_synthesis,MBEC,rod-shaped,Bacteria,Bacillota,Bacilli,Bacillales,Bacillaceae,Bacillus,p,soil,79.5454,6.0,3,0.16,30,17,20.67942236,17.07,0.6865,1.651411411,3.447609516383221,Klebsiella pneumoniae,2.958339376294246,0.48927014008897496,2802.912345179918,908.5302172454053
38,Ag,Bacillus subtilis,non-pathogenic,chemical_synthesis,MIC,spheroidal,Bacteria,Bacillota,Bacilli,Bacillales,Bacillaceae,Bacillus,p,soil,107.87,26.06,24,0.16,30,11,23.00188061,0.0,0.0,1.78376517,0.9862616825558871,Klebsiella pneumoniae,0.5023344679965411,0.48392721455934595,9.688614643593432,3.1793216540674494
39,ZnO,Bacillus subtilis,non-pathogenic,chemical_synthesis,MIC,cubic,Bacteria,Bacillota,Bacilli,Bacillales,Bacillaceae,Bacillus,p,soil,81.3794,6.0,0,0.16,30,8,22.60496136,17.07,0.6865,4.082482905,2.1679812859020027,Klebsiella pneumoniae,1.6895544612189972,0.47842682468300546,147.22490606714962,48.92766173537643
40,Pd,Bacillus subtilis,non-pathogenic,green_synthesis,MBC,quasi-spherical,Bacteria,Bacillota,Bacilli,Bacillales,Bacillaceae,Bacillus,p,soil,195.084,37.86,3,0.16,30,10,21.14774404,0.0,0.0,1.870828693,0.8776863581259142,Klebsiella pneumoniae,0.4103252726496762,0.467361085476238,7.5454710665980045,2.5723216479556616
41,ZnO,Bacillus subtilis,non-pathogenic,chemical_synthesis,MBEC,quasi-hexagonal,Bacteria,Bacillota,Bacilli,Bacillales,Bacillaceae,Bacillus,p,soil,81.3794,0.8,1,0.16,30,8,22.60496136,17.07,0.6865,4.082482905,0.877356874167574,Klebsiella pneumoniae,0.453251780300421,0.424105093867153,7.539748753849875,2.8395647764277188
42,ZnO,Bacillus subtilis,non-pathogenic,chemical_synthesis,MBEC,quasi-hexagonal,Bacteria,Bacillota,Bacilli,Bacillales,Bacillaceae,Bacillus,p,soil,81.3794,0.8,1,0.16,30,8,22.60496136,17.07,0.6865,4.082482905,0.877356874167574,Klebsiella pneumoniae,0.453251780300421,0.424105093867153,7.539748753849875,2.8395647764277188
43,ZnO,Bacillus subtilis,non-pathogenic,chemical_synthesis,MBC,triangular,Bacteria,Bacillota,Bacilli,Bacillales,Bacillaceae,Bacillus,p,soil,81.3794,4.0,18,0.16,30,8,22.60496136,17.07,0.6865,4.082482905,0.2226047656833927,Klebsiella pneumoniae,-0.14473099097521658,0.3673357566586093,1.6695705123047124,0.7165871384335056
44,Ag,Bacillus subtilis,non-pathogenic,chemical_synthesis,MIC,spherical,Bacteria,Bacillota,Bacilli,Bacillales,Bacillaceae,Bacillus,p,soil,107.87,8.7,3,0.16,30,11,23.00188061,0.0,0.0,1.78376517,1.350729047807328,Klebsiella pneumoniae,0.9865109644495891,0.36421808335773886,22.42482423825556,9.694177434721562
45,ZnO,Bacillus subtilis,non-pathogenic,chemical_synthesis,MBC,tetragonal,Bacteria,Bacillota,Bacilli,Bacillales,Bacillaceae,Bacillus,p,soil,81.3794,5.1,0,0.16,30,8,22.60496136,17.07,0.6865,4.082482905,1.2155655124731701,Klebsiella pneumoniae,0.8749350653198936,0.3406304471532765,16.427274432071805,7.497820953119219
46,Ag,Bacillus subtilis,non-pathogenic,chemical_synthesis,MIC,spheroidal,Bacteria,Bacillota,Bacilli,Bacillales,Bacillaceae,Bacillus,p,soil,107.87,45.26,0,0.16,30,11,23.00188061,0.0,0.0,1.78376517,0.9496181185565761,Klebsiella pneumoniae,0.6218063273601846,0.3278117911963915,8.904675926978252,4.186068467132274
47,Ag,Bacillus subtilis,non-pathogenic,chemical_synthesis,MIC,hexagonal,Bacteria,Bacillota,Bacilli,Bacillales,Bacillaceae,Bacillus,p,soil,107.87,28.0,4,0.16,30,11,23.00188061,0.0,0.0,1.78376517,1.4561117971396058,Klebsiella pneumoniae,1.1465426851850715,0.3095691119545343,28.583262459573778,14.013373103900587
48,Ag,Bacillus subtilis,non-pathogenic,chemical_synthesis,MIC,quasi-spherical,Bacteria,Bacillota,Bacilli,Bacillales,Bacillaceae,Bacillus,p,soil,107.87,28.0,1,0.16,30,11,23.00188061,0.0,0.0,1.78376517,0.8960484434882026,Klebsiella pneumoniae,0.6074564830799725,0.2885919604082301,7.87133585813982,4.050013613952432
49,ZrO2,Bacillus subtilis,non-pathogenic,green_synthesis,MBEC,quasi-spherical,Bacteria,Bacillota,Bacilli,Bacillales,Bacillaceae,Bacillus,p,soil,123.2218,27.43,2,0.16,30,16,29.29254423,34.14,1.373,3.774536472,2.1553081345568903,Klebsiella pneumoniae,1.900859136701105,0.25444899785578534,142.99081271382113,79.59011582197823
50,Au,Bacillus subtilis,non-pathogenic,green_synthesis,MIC,spheroidal,Bacteria,Bacillota,Bacilli,Bacillales,Bacillaceae,Bacillus,p,soil,196.966569,41.23,3,0.16,30,11,23.00188061,0.0,0.0,2.46797672,1.2479447159657127,Klebsiella pneumoniae,1.0064905128030808,0.2414542031626319,17.698836445265222,10.150571923267487
51,ZnO,Bacillus subtilis,non-pathogenic,green_synthesis,MBEC,spheroidal,Bacteria,Bacillota,Bacilli,Bacillales,Bacillaceae,Bacillus,p,soil,81.3794,28.0,0,0.16,30,8,22.60496136,17.07,0.6865,4.082482905,2.209063013042185,Klebsiella pneumoniae,2.050076353408921,0.15898665963326408,161.83148265872586,112.2215733955965
52,Au,Bacillus subtilis,non-pathogenic,chemical_synthesis,MIC,spherical,Bacteria,Bacillota,Bacilli,Bacillales,Bacillaceae,Bacillus,p,soil,196.966569,18.5,0,0.16,30,11,23.00188061,0.0,0.0,2.46797672,1.4577139103068881,Klebsiella pneumoniae,1.3296422816634499,0.12807162864343824,28.688900899390802,21.362018245406198
53,CuO,Bacillus subtilis,non-pathogenic,green_synthesis,MBEC,rod-shaped,Bacteria,Bacillota,Bacilli,Bacillales,Bacillaceae,Bacillus,p,soil,79.5454,37.86,3,0.16,30,17,20.67942236,17.07,0.6865,1.651411411,2.3380249271203235,Klebsiella pneumoniae,2.2192202757748936,0.11880465134542995,217.78347695467275,165.66099891612754
54,Ag,Bacillus subtilis,non-pathogenic,chemical_synthesis,MIC,quasi-spherical,Bacteria,Bacillota,Bacilli,Bacillales,Bacillaceae,Bacillus,p,soil,107.8682,4.7,1,0.16,30,11,23.00188061,0.0,0.0,1.78376517,1.7073041905355482,Klebsiella pneumoniae,1.6079083104020344,0.09939588013351375,50.96877438917105,40.54229322654349
55,ZnO,Bacillus subtilis,non-pathogenic,chemical_synthesis,MBEC,cubic,Bacteria,Bacillota,Bacilli,Bacillales,Bacillaceae,Bacillus,p,soil,81.3794,26.06,0,0.16,30,8,22.60496136,17.07,0.6865,4.082482905,2.220851472848393,Klebsiella pneumoniae,2.129379798418974,0.09147167442941884,166.28438664899517,134.7037848195419
56,Ag,Bacillus subtilis,non-pathogenic,chemical_synthesis,MIC,cubic,Bacteria,Bacillota,Bacilli,Bacillales,Bacillaceae,Bacillus,p,soil,107.8682,44.45,3,0.16,30,11,23.00188061,0.0,0.0,1.78376517,1.6290607599061033,Klebsiella pneumoniae,1.5567750357113646,0.07228572419473878,42.56579605830059,36.039191186209706
57,TiO2,Bacillus subtilis,non-pathogenic,chemical_synthesis,MIC,tetragonal,Bacteria,Bacillota,Bacilli,Bacillales,Bacillaceae,Bacillus,p,soil,79.866,18.5,0,0.16,30,16,26.40611331,34.14,1.373,2.878049394,1.0289765627348255,Klebsiella pneumoniae,0.9710647967485879,0.057911765986237596,10.689971878458058,9.355452471116257
58,Ag,Bacillus subtilis,non-pathogenic,chemical_synthesis,MBC,quasi-hexagonal,Bacteria,Bacillota,Bacilli,Bacillales,Bacillaceae,Bacillus,p,soil,107.87,12.0,3,0.16,30,11,23.00188061,0.0,0.0,1.78376517,0.890296069546848,Klebsiella pneumoniae,0.8576749933116052,0.032621076235242796,7.767764843677988,7.205680362672361
59,Au,Bacillus subtilis,non-pathogenic,chemical_synthesis,MBC,nanoplates,Bacteria,Bacillota,Bacilli,Bacillales,Bacillaceae,Bacillus,p,soil,196.966569,18.5,1,0.16,30,11,23.00188061,0.0,0.0,2.46797672,1.5375710878313222,Klebsiella pneumoniae,1.5058636501461373,0.031707437685184914,34.480304130924445,32.05262851358256
60,Ag,Bacillus subtilis,non-pathogenic,chemical_synthesis,MIC,quasi-spherical,Bacteria,Bacillota,Bacilli,Bacillales,Bacillaceae,Bacillus,p,soil,107.8682,9.0,1,0.16,30,11,23.00188061,0.0,0.0,1.78376517,1.9172945770117387,Klebsiella pneumoniae,1.8908499847839768,0.026444592227761854,82.65984317941259,77.77678458868496
61,ZnO,Bacillus subtilis,non-pathogenic,chemical_synthesis,MIC,triangular,Bacteria,Bacillota,Bacilli,Bacillales,Bacillaceae,Bacillus,p,soil,81.3794,30.0,18,0.16,30,8,22.60496136,17.07,0.6865,4.082482905,-0.5895853436782277,Klebsiella pneumoniae,-0.6117677311188676,0.02218238744063994,0.25728511209897403,0.24447376949556351
62,Ag,Bacillus subtilis,non-pathogenic,chemical_synthesis,MIC,cubic,Bacteria,Bacillota,Bacilli,Bacillales,Bacillaceae,Bacillus,p,soil,107.8682,25.0,3,0.16,30,11,23.00188061,0.0,0.0,1.78376517,2.230979568340249,Klebsiella pneumoniae,2.2334190117716894,-0.0024394434314403135,170.20784311504246,171.1665951557271
63,CuO,Bacillus subtilis,non-pathogenic,green_synthesis,MIC,spherical,Bacteria,Bacillota,Bacilli,Bacillales,Bacillaceae,Bacillus,p,soil,79.5454,44.45,4,0.16,30,17,20.67942236,17.07,0.6865,1.651411411,1.4633285664220743,Klebsiella pneumoniae,1.471738566507728,-0.008410000085653735,29.062205303333627,29.63047178564271
64,Au,Bacillus subtilis,non-pathogenic,chemical_synthesis,MIC,spherical,Bacteria,Bacillota,Bacilli,Bacillales,Bacillaceae,Bacillus,p,soil,196.966569,12.5,1,0.16,30,11,23.00188061,0.0,0.0,2.46797672,1.8744784472606069,Klebsiella pneumoniae,1.8954296594366677,-0.020951212176060885,74.89941872415717,78.60128741585919
65,CuO,Bacillus subtilis,non-pathogenic,green_synthesis,MBEC,hexagonal,Bacteria,Bacillota,Bacilli,Bacillales,Bacillaceae,Bacillus,p,soil,79.5454,9.0,24,0.16,30,17,20.67942236,17.07,0.6865,1.651411411,3.231443056821645,Klebsiella pneumoniae,3.266950633231529,-0.03550757640988422,1703.8958957791597,1849.0584223693354
66,Ag,Bacillus subtilis,non-pathogenic,chemical_synthesis,MBEC,triangular,Bacteria,Bacillota,Bacilli,Bacillales,Bacillaceae,Bacillus,p,soil,107.8682,11.3,1,0.16,30,11,23.00188061,0.0,0.0,1.78376517,0.431361705767189,Klebsiella pneumoniae,0.47102889046223284,-0.03966718469504382,2.699987203050197,2.95820924821361
67,CeO2,Bacillus subtilis,non-pathogenic,green_synthesis,MBEC,triangular,Bacteria,Bacillota,Bacilli,Bacillales,Bacillaceae,Bacillus,p,soil,172.115,12.5,1,0.16,30,16,39.19032095,34.14,1.373,4.456551526,1.3517529617469655,Klebsiella pneumoniae,1.3916893611561638,-0.03993639940919835,22.477756475409794,24.64276078110758
68,TiO2,Bacillus subtilis,non-pathogenic,green_synthesis,MBEC,quasi-hexagonal,Bacteria,Bacillota,Bacilli,Bacillales,Bacillaceae,Bacillus,p,soil,79.866,79.0,24,0.16,30,16,26.40611331,34.14,1.373,2.878049394,1.6643459411281176,Klebsiella pneumoniae,1.711811693455203,-0.047465752327085386,46.168518756630924,51.500529406918446
69,ZnO,Bacillus subtilis,non-pathogenic,green_synthesis,MIC,triangular,Bacteria,Bacillota,Bacilli,Bacillales,Bacillaceae,Bacillus,p,soil,81.3794,50.0,1,0.16,30,8,22.60496136,17.07,0.6865,4.082482905,-0.7601010756371966,Klebsiella pneumoniae,-0.70643998993534,-0.05366108570185668,0.17373964282904814,0.1965893605611304
70,Ag,Bacillus subtilis,non-pathogenic,chemical_synthesis,MIC,spheroidal,Bacteria,Bacillota,Bacilli,Bacillales,Bacillaceae,Bacillus,p,soil,107.8682,13.0,4,0.16,30,11,23.00188061,0.0,0.0,1.78376517,1.7280973686556358,Klebsiella pneumoniae,1.7915648046022679,-0.06346743594663207,53.46842219566046,61.882065991423936
71,CuO,Bacillus subtilis,non-pathogenic,chemical_synthesis,MBEC,triangular,Bacteria,Bacillota,Bacilli,Bacillales,Bacillaceae,Bacillus,p,soil,79.5454,30.0,18,0.16,30,17,20.67942236,17.07,0.6865,1.651411411,1.1846551088411865,Klebsiella pneumoniae,1.2992895973933876,-0.11463448855220104,15.298720446554158,19.920012077176903
72,Ag,Bacillus subtilis,non-pathogenic,green_synthesis,MBEC,rod-shaped,Bacteria,Bacillota,Bacilli,Bacillales,Bacillaceae,Bacillus,p,soil,107.87,60.0,18,0.16,30,11,23.00188061,0.0,0.0,1.78376517,1.1764133987593315,Klebsiella pneumoniae,1.3273663508695317,-0.1509529521102002,15.011130438706127,21.25036289112637
73,Ag,Bacillus subtilis,non-pathogenic,chemical_synthesis,MBC,cubic,Bacteria,Bacillota,Bacilli,Bacillales,Bacillaceae,Bacillus,p,soil,107.87,17.5,18,0.16,30,11,23.00188061,0.0,0.0,1.78376517,1.5301845334373325,Klebsiella pneumoniae,1.7598194452420435,-0.22963491180471096,33.89881629492205,57.52007521104931
74,Ag2O,Bacillus subtilis,non-pathogenic,chemical_synthesis,MIC,quasi-hexagonal,Bacteria,Bacillota,Bacilli,Bacillales,Bacillaceae,Bacillus,p,soil,231.7358,18.5,24,0.16,30,28,46.55109718,17.07,0.6865,3.975778631,0.8682022008164083,Klebsiella pneumoniae,1.139802546575331,-0.27160034575892267,7.382478669541341,13.797568109726136
