,np,bacteria,bac_type,np_synthesis,method,shape,kingdom,phylum,class,order,family,genus,gram,isolated_from,mol_weight (g/mol),np_size_avg (nm),time_set,"min_Incub_period, h","growth_temp, C",Valance_electron,labuteASA,tpsa,CrippenMR,chi0v,pred_MIC_norm,pathogenic_bacteria,pred_MIC_pathogen,Fitness,pred_norm_MIC_original,pred_path_MIC_original
0,Pt,Bacillus subtilis,non-pathogenic,chemical_synthesis,MIC,nanoplates,Bacteria,Bacillota,Bacilli,Bacillales,Bacillaceae,Bacillus,p,soil,195.084,3.0,1,0.16,30,10,21.75656585,0.0,0.0,2.588435821,0.5605739126809139,Klebsiella pneumoniae,-0.31200219287461284,0.8725761055555268,3.63558173332976,0.4875260284415544
1,Ag,Bacillus subtilis,non-pathogenic,chemical_synthesis,MIC,cubic,Bacteria,Bacillota,Bacilli,Bacillales,Bacillaceae,Bacillus,p,soil,107.87,1.9,0,0.16,30,11,23.00188061,0.0,0.0,1.78376517,1.6264396568301127,Klebsiella pneumoniae,0.8053174644731664,0.8211221923569463,42.30967183388638,6.387302203227054
2,ZnO,Bacillus subtilis,non-pathogenic,green_synthesis,MIC,quasi-spherical,Bacteria,Bacillota,Bacilli,Bacillales,Bacillaceae,Bacillus,p,soil,81.3794,3.0,3,0.16,30,8,22.60496136,17.07,0.6865,4.082482905,1.2251816440734513,Klebsiella pneumoniae,0.40826739537952017,0.8169142486939311,16.795063263343923,2.560161694872466
3,Pd,Bacillus subtilis,non-pathogenic,chemical_synthesis,MIC,cubic,Bacteria,Bacillota,Bacilli,Bacillales,Bacillaceae,Bacillus,p,soil,195.084,4.0,2,0.16,30,10,21.14774404,0.0,0.0,1.870828693,0.7530847764139271,Klebsiella pneumoniae,-0.036312297019540196,0.7893970734334673,5.663498325149428,0.9197879231666792
4,ZnO,Bacillus subtilis,non-pathogenic,green_synthesis,MIC,rod-shaped,Bacteria,Bacillota,Bacilli,Bacillales,Bacillaceae,Bacillus,p,soil,81.3794,1.4,4,0.16,30,8,22.60496136,17.07,0.6865,4.082482905,1.0467722930016592,Klebsiella pneumoniae,0.28050989008992455,0.7662624029117346,11.137104456794539,1.90769916709669
5,Ag,Bacillus subtilis,non-pathogenic,chemical_synthesis,MIC,hexagonal,Bacteria,Bacillota,Bacilli,Bacillales,Bacillaceae,Bacillus,p,soil,107.87,0.8,2,0.16,30,11,23.00188061,0.0,0.0,1.78376517,1.4678888105734422,Klebsiella pneumoniae,0.7055687816617531,0.7623200289116892,29.368976420137262,5.076551328635159
6,TiO2,Bacillus subtilis,non-pathogenic,green_synthesis,MIC,quasi-spherical,Bacteria,Bacillota,Bacilli,Bacillales,Bacillaceae,Bacillus,p,soil,79.866,1.9,3,0.16,30,16,26.40611331,34.14,1.373,2.878049394,2.239212077179548,Klebsiella pneumoniae,1.4844704968049351,0.7547415803746127,173.46508656523662,30.51198743133007
7,ZnO,Bacillus subtilis,non-pathogenic,green_synthesis,MBC,quasi-hexagonal,Bacteria,Bacillota,Bacilli,Bacillales,Bacillaceae,Bacillus,p,soil,81.3794,10.4,0,0.16,30,8,22.60496136,17.07,0.6865,4.082482905,1.380960948779757,Klebsiella pneumoniae,0.6591780136734107,0.7217829351063463,24.04146612410955,4.562238799813331
8,Pt,Bacillus subtilis,non-pathogenic,green_synthesis,MIC,cubic,Bacteria,Bacillota,Bacilli,Bacillales,Bacillaceae,Bacillus,p,soil,195.084,4.0,3,0.16,30,10,21.75656585,0.0,0.0,2.588435821,0.9518854705224881,Klebsiella pneumoniae,0.26649230800087276,0.6853931625216153,8.951286765756699,1.847108079597412
9,ZnO,Bacillus subtilis,non-pathogenic,green_synthesis,MBEC,quasi-hexagonal,Bacteria,Bacillota,Bacilli,Bacillales,Bacillaceae,Bacillus,p,soil,81.3794,8.7,0,0.16,30,8,22.60496136,17.07,0.6865,4.082482905,1.5224680303350617,Klebsiella pneumoniae,0.8532536644641722,0.6692143658708896,33.30182469762094,7.132695178056804
10,CeO2,Bacillus subtilis,non-pathogenic,chemical_synthesis,MIC,cubic,Bacteria,Bacillota,Bacilli,Bacillales,Bacillaceae,Bacillus,p,soil,172.115,5.1,3,0.16,30,16,39.19032095,34.14,1.373,4.456551526,3.0619190986695903,Klebsiella pneumoniae,2.3985415162282004,0.6633775824413899,1153.2384100254028,250.3464954796348
11,ZnO,Bacillus subtilis,non-pathogenic,green_synthesis,MBC,cubic,Bacteria,Bacillota,Bacilli,Bacillales,Bacillaceae,Bacillus,p,soil,81.3794,3.0,3,0.16,30,8,22.60496136,17.07,0.6865,4.082482905,2.053674899029662,Klebsiella pneumoniae,1.4136131109919898,0.640061788037672,113.15529964943845,25.918693798323936
12,Ag,Bacillus subtilis,non-pathogenic,green_synthesis,MIC,quasi-hexagonal,Bacteria,Bacillota,Bacilli,Bacillales,Bacillaceae,Bacillus,p,soil,107.87,1.9,24,0.16,30,11,23.00188061,0.0,0.0,1.78376517,1.9276572388719064,Klebsiella pneumoniae,1.2991716698503402,0.6284855690215663,84.65590149998549,19.914603767214828
13,ZnO,Bacillus subtilis,non-pathogenic,green_synthesis,MBC,nanoplates,Bacteria,Bacillota,Bacilli,Bacillales,Bacillaceae,Bacillus,p,soil,81.3794,3.0,3,0.16,30,8,22.60496136,17.07,0.6865,4.082482905,2.051519164846228,Klebsiella pneumoniae,1.428692920169425,0.6228262446768031,112.5950154503113,26.834463703039166
14,Ag,Bacillus subtilis,non-pathogenic,green_synthesis,MIC,rod-shaped,Bacteria,Bacillota,Bacilli,Bacillales,Bacillaceae,Bacillus,p,soil,107.87,1.4,3,0.16,30,11,23.00188061,0.0,0.0,1.78376517,1.5200353857720013,Klebsiella pneumoniae,0.9010309896937638,0.6190043960782374,33.115810273200886,7.962161635148472
15,ZnO,Bacillus subtilis,non-pathogenic,green_synthesis,MBC,rod-shaped,Bacteria,Bacillota,Bacilli,Bacillales,Bacillaceae,Bacillus,p,soil,81.3794,9.0,0,0.16,30,8,22.60496136,17.07,0.6865,4.082482905,2.191300433949975,Klebsiella pneumoniae,1.5761120947025673,0.6151883392474078,155.34612836047998,37.680104164303046
16,Ni,Bacillus subtilis,non-pathogenic,green_synthesis,MBEC,quasi-hexagonal,Bacteria,Bacillota,Bacilli,Bacillales,Bacillaceae,Bacillus,p,soil,58.6934,5.1,4,0.16,30,10,17.41523038,0.0,0.0,1.303840481,2.1288118371243234,Klebsiella pneumoniae,1.5477235717138065,0.581088265410517,134.52773715101605,35.29584403553113
17,Pd,Bacillus subtilis,non-pathogenic,green_synthesis,MIC,hexagonal,Bacteria,Bacillota,Bacilli,Bacillales,Bacillaceae,Bacillus,p,soil,195.084,4.0,1,0.16,30,10,21.14774404,0.0,0.0,1.870828693,1.0835811802658188,Klebsiella pneumoniae,0.503538400962424,0.5800427793033949,12.122192610411092,3.1881474639620353
18,ZnO,Bacillus subtilis,non-pathogenic,green_synthesis,MBEC,cubic,Bacteria,Bacillota,Bacilli,Bacillales,Bacillaceae,Bacillus,p,soil,81.3794,4.7,2,0.16,30,8,22.60496136,17.07,0.6865,4.082482905,2.3177047266520225,Klebsiella pneumoniae,1.746338480528647,0.5713662461233755,207.82831985083845,55.7620177753877
19,TiO2,Bacillus subtilis,non-pathogenic,chemical_synthesis,MIC,cubic,Bacteria,Bacillota,Bacilli,Bacillales,Bacillaceae,Bacillus,p,soil,79.866,1.4,2,0.16,30,16,26.40611331,34.14,1.373,2.878049394,2.5238581243994282,Klebsiella pneumoniae,1.956728473055301,0.5671296513441273,334.08588280631864,90.51665012758889
20,Ag,Bacillus subtilis,non-pathogenic,green_synthesis,MIC,spheroidal,Bacteria,Bacillota,Bacilli,Bacillales,Bacillaceae,Bacillus,p,soil,107.87,4.0,2,0.16,30,11,23.00188061,0.0,0.0,1.78376517,1.3457048455321878,Klebsiella pneumoniae,0.7860283165867451,0.5596765289454427,22.16689405125125,6.109818604493391
21,ZnO,Bacillus subtilis,non-pathogenic,chemical_synthesis,MBC,spherical,Bacteria,Bacillota,Bacilli,Bacillales,Bacillaceae,Bacillus,p,soil,81.3794,5.1,0,0.16,30,8,22.60496136,17.07,0.6865,4.082482905,1.8854067703212505,Klebsiella pneumoniae,1.3456990578615846,0.5397077124596659,76.80805546894781,22.166598643799514
22,Ag,Bacillus subtilis,non-pathogenic,chemical_synthesis,MIC,rod-shaped,Bacteria,Bacillota,Bacilli,Bacillales,Bacillaceae,Bacillus,p,soil,107.87,6.0,3,0.16,30,11,23.00188061,0.0,0.0,1.78376517,1.366703103743351,Klebsiella pneumoniae,0.8595077242998003,0.5071953794435508,23.265002511027017,7.236152722839698
23,TiO2,Bacillus subtilis,non-pathogenic,chemical_synthesis,MBC,rod-shaped,Bacteria,Bacillota,Bacilli,Bacillales,Bacillaceae,Bacillus,p,soil,79.866,5.1,2,0.16,30,16,26.40611331,34.14,1.373,2.878049394,2.5177558309477224,Klebsiella pneumoniae,2.024617991104755,0.49313783984296755,329.4244510821316,105.83224067973367
24,ZnO,Bacillus subtilis,non-pathogenic,chemical_synthesis,MIC,rod-shaped,Bacteria,Bacillota,Bacilli,Bacillales,Bacillaceae,Bacillus,p,soil,81.3794,6.0,0,0.16,30,8,22.60496136,17.07,0.6865,4.082482905,1.445613259322853,Klebsiella pneumoniae,0.9550787917607622,0.49053446756209085,27.90058178590585,9.01734719748057
25,TiO2,Bacillus subtilis,non-pathogenic,green_synthesis,MBEC,cubic,Bacteria,Bacillota,Bacilli,Bacillales,Bacillaceae,Bacillus,p,soil,79.866,1.4,4,0.16,30,16,26.40611331,34.14,1.373,2.878049394,2.734314384182198,Klebsiella pneumoniae,2.252540552393435,0.48177383178876276,542.3933849033275,178.8712542945958
26,Ag,Bacillus subtilis,non-pathogenic,green_synthesis,MBC,tetragonal,Bacteria,Bacillota,Bacilli,Bacillales,Bacillaceae,Bacillus,p,soil,107.87,6.0,18,0.16,30,11,23.00188061,0.0,0.0,1.78376517,1.1413965942233448,Klebsiella pneumoniae,0.660759580108091,0.48063701411525384,13.848304177138592,4.57888335391023
27,ZnO,Bacillus subtilis,non-pathogenic,chemical_synthesis,MBEC,quasi-spherical,Bacteria,Bacillota,Bacilli,Bacillales,Bacillaceae,Bacillus,p,soil,81.3794,10.4,1,0.16,30,8,22.60496136,17.07,0.6865,4.082482905,2.041147790096729,Klebsiella pneumoniae,1.5618786230108213,0.4792691670859077,109.93798939630172,36.46520194280251
28,TiO2,Bacillus subtilis,non-pathogenic,green_synthesis,MBC,quasi-spherical,Bacteria,Bacillota,Bacilli,Bacillales,Bacillaceae,Bacillus,p,soil,79.866,18.5,2,0.16,30,16,26.40611331,34.14,1.373,2.878049394,2.56375974468017,Klebsiella pneumoniae,2.085734882041545,0.478024862638625,366.2349143953648,121.82456856934178
29,ZnO,Bacillus subtilis,non-pathogenic,green_synthesis,MBC,quasi-hexagonal,Bacteria,Bacillota,Bacilli,Bacillales,Bacillaceae,Bacillus,p,soil,81.3794,60.0,3,0.16,30,8,22.60496136,17.07,0.6865,4.082482905,0.22757135105110415,Klebsiella pneumoniae,-0.2305687895368529,0.45814014058795705,1.6887732884123594,0.588072959677211
30,CuO,Bacillus subtilis,non-pathogenic,green_synthesis,MBC,quasi-hexagonal,Bacteria,Bacillota,Bacilli,Bacillales,Bacillaceae,Bacillus,p,soil,79.5454,0.8,4,0.16,30,17,20.67942236,17.07,0.6865,1.651411411,2.1220151621873304,Klebsiella pneumoniae,1.6757866628340021,0.4462284993533283,132.4387771713442,47.400908201174865
31,TiO2,Bacillus subtilis,non-pathogenic,green_synthesis,MBEC,spheroidal,Bacteria,Bacillota,Bacilli,Bacillales,Bacillaceae,Bacillus,p,soil,79.866,10.0,3,0.16,30,16,26.40611331,34.14,1.373,2.878049394,3.0092606003748017,Klebsiella pneumoniae,2.564812829109349,0.44444777126545265,1021.5522869174405,367.12404441462377
32,ZnO,Bacillus subtilis,non-pathogenic,chemical_synthesis,MBC,cubic,Bacteria,Bacillota,Bacilli,Bacillales,Bacillaceae,Bacillus,p,soil,81.3794,8.0,2,0.16,30,8,22.60496136,17.07,0.6865,4.082482905,1.9891765511442492,Klebsiella pneumoniae,1.5455973295780014,0.44357922156624774,97.53860750121311,35.1234630761592
33,ZnO,Bacillus subtilis,non-pathogenic,green_synthesis,MIC,nanoplates,Bacteria,Bacillota,Bacilli,Bacillales,Bacillaceae,Bacillus,p,soil,81.3794,8.7,3,0.16,30,8,22.60496136,17.07,0.6865,4.082482905,1.9917779985226756,Klebsiella pneumoniae,1.5549551793806158,0.4368228191420598,98.12462240093484,35.88848946318362
34,Ag,Bacillus subtilis,non-pathogenic,chemical_synthesis,MIC,spheroidal,Bacteria,Bacillota,Bacilli,Bacillales,Bacillaceae,Bacillus,p,soil,107.87,26.06,3,0.16,30,11,23.00188061,0.0,0.0,1.78376517,0.8602536828183377,Klebsiella pneumoniae,0.4294512775774999,0.4308024052408378,7.248592457685551,2.6881362507979847
35,ZnO,Bacillus subtilis,non-pathogenic,green_synthesis,MIC,spherical,Bacteria,Bacillota,Bacilli,Bacillales,Bacillaceae,Bacillus,p,soil,81.3794,8.7,3,0.16,30,8,22.60496136,17.07,0.6865,4.082482905,1.4462632882014461,Klebsiella pneumoniae,1.0165829552737113,0.4296803329277348,27.942373160326813,10.389220296059477
36,Ag,Bacillus subtilis,non-pathogenic,chemical_synthesis,MIC,spheroidal,Bacteria,Bacillota,Bacilli,Bacillales,Bacillaceae,Bacillus,p,soil,107.87,100.0,24,0.16,30,11,23.00188061,0.0,0.0,1.78376517,0.5835244079876201,Klebsiella pneumoniae,0.15396155028270653,0.42956285770491354,3.832872811027532,1.4254813848087373
37,ZnO,Bacillus subtilis,non-pathogenic,chemical_synthesis,MBEC,quasi-hexagonal,Bacteria,Bacillota,Bacilli,Bacillales,Bacillaceae,Bacillus,p,soil,81.3794,0.8,4,0.16,30,8,22.60496136,17.07,0.6865,4.082482905,0.8432573490554938,Klebsiella pneumoniae,0.42202071000093544,0.4212366390545583,6.9703943508967905,2.6425347676558166
38,TiO2,Bacillus subtilis,non-pathogenic,chemical_synthesis,MBEC,spheroidal,Bacteria,Bacillota,Bacilli,Bacillales,Bacillaceae,Bacillus,p,soil,79.866,8.7,18,0.16,30,16,26.40611331,34.14,1.373,2.878049394,2.804013753773715,Klebsiella pneumoniae,2.384690599504456,0.41932315426925904,636.8156880538239,242.488194282661
39,Ag,Bacillus subtilis,non-pathogenic,chemical_synthesis,MIC,cubic,Bacteria,Bacillota,Bacilli,Bacillales,Bacillaceae,Bacillus,p,soil,107.87,9.0,0,0.16,30,11,23.00188061,0.0,0.0,1.78376517,1.9976392448996436,Klebsiella pneumoniae,1.5800444537463867,0.41759479115325693,99.45789079395813,38.02283139414601
40,CuO,Bacillus subtilis,non-pathogenic,green_synthesis,MBC,spherical,Bacteria,Bacillota,Bacilli,Bacillales,Bacillaceae,Bacillus,p,soil,79.5454,8.0,4,0.16,30,17,20.67942236,17.07,0.6865,1.651411411,3.3387839697456254,Klebsiella pneumoniae,2.926838949338603,0.4119450204070225,2181.6444307705183,844.9654461082008
41,Ag,Bacillus subtilis,non-pathogenic,chemical_synthesis,MIC,cubic,Bacteria,Bacillota,Bacilli,Bacillales,Bacillaceae,Bacillus,p,soil,107.87,12.0,3,0.16,30,11,23.00188061,0.0,0.0,1.78376517,1.9520554603926736,Klebsiella pneumoniae,1.544785197004516,0.4072702633881575,89.54791129667535,35.05784342080826
42,ZnO,Bacillus subtilis,non-pathogenic,chemical_synthesis,MBEC,rod-shaped,Bacteria,Bacillota,Bacilli,Bacillales,Bacillaceae,Bacillus,p,soil,81.3794,3.0,0,0.16,30,8,22.60496136,17.07,0.6865,4.082482905,1.5196227870736256,Klebsiella pneumoniae,1.1124292183701014,0.4071935687035242,33.08436374933556,12.954755427661128
43,Ag,Bacillus subtilis,non-pathogenic,green_synthesis,MIC,quasi-spherical,Bacteria,Bacillota,Bacilli,Bacillales,Bacillaceae,Bacillus,p,soil,107.87,5.1,2,0.16,30,11,23.00188061,0.0,0.0,1.78376517,2.0305692545760614,Klebsiella pneumoniae,1.6236394229251672,0.40692983165089425,107.29247276582491,42.03774611172577
44,ZnO,Bacillus subtilis,non-pathogenic,chemical_synthesis,MBC,quasi-hexagonal,Bacteria,Bacillota,Bacilli,Bacillales,Bacillaceae,Bacillus,p,soil,81.3794,4.7,18,0.16,30,8,22.60496136,17.07,0.6865,4.082482905,0.573673445518563,Klebsiella pneumoniae,0.16723185479229175,0.4064415907262713,3.7469115871534298,1.4697106959099657
45,TiO2,Bacillus subtilis,non-pathogenic,chemical_synthesis,MBEC,tetragonal,Bacteria,Bacillota,Bacilli,Bacillales,Bacillaceae,Bacillus,p,soil,79.866,8.0,0,0.16,30,16,26.40611331,34.14,1.373,2.878049394,1.68474031376272,Klebsiella pneumoniae,1.2788745125991672,0.40586580116355275,48.38829434212571,19.00529051416427
46,CuO,Bacillus subtilis,non-pathogenic,green_synthesis,MBC,quasi-spherical,Bacteria,Bacillota,Bacilli,Bacillales,Bacillaceae,Bacillus,p,soil,79.5454,9.0,18,0.16,30,17,20.67942236,17.07,0.6865,1.651411411,3.300246737272473,Klebsiella pneumoniae,2.9016985621057487,0.39854817516672414,1996.3962125340886,797.441002181735
47,Ag,Bacillus subtilis,non-pathogenic,chemical_synthesis,MIC,nanoplates,Bacteria,Bacillota,Bacilli,Bacillales,Bacillaceae,Bacillus,p,soil,107.87,9.0,2,0.16,30,11,23.00188061,0.0,0.0,1.78376517,1.9642319495060023,Klebsiella pneumoniae,1.5694372918913027,0.3947946576146997,92.09412999591417,37.10541488355659
48,ZnO,Bacillus subtilis,non-pathogenic,green_synthesis,MIC,nanoplates,Bacteria,Bacillota,Bacilli,Bacillales,Bacillaceae,Bacillus,p,soil,81.3794,10.4,3,0.16,30,8,22.60496136,17.07,0.6865,4.082482905,1.9798592432167932,Klebsiella pneumoniae,1.5860238104659834,0.3938354327508098,95.46831188073362,38.54994923366366
49,Ag,Bacillus subtilis,non-pathogenic,green_synthesis,MBC,tetragonal,Bacteria,Bacillota,Bacilli,Bacillales,Bacillaceae,Bacillus,p,soil,107.87,1.4,18,0.16,30,11,23.00188061,0.0,0.0,1.78376517,0.691407352515101,Klebsiella pneumoniae,0.31525269479410434,0.37615465772099665,4.913685459957904,2.066582249554891
50,Au,Bacillus subtilis,non-pathogenic,green_synthesis,MBEC,spheroidal,Bacteria,Bacillota,Bacilli,Bacillales,Bacillaceae,Bacillus,p,soil,196.966569,79.0,18,0.16,30,11,23.00188061,0.0,0.0,2.46797672,1.3901500345811442,Klebsiella pneumoniae,1.0170246093651467,0.37312542521599745,24.555570840661062,10.399790947384638
51,CeO2,Bacillus subtilis,non-pathogenic,green_synthesis,MBC,quasi-hexagonal,Bacteria,Bacillota,Bacilli,Bacillales,Bacillaceae,Bacillus,p,soil,172.115,6.0,0,0.16,30,16,39.19032095,34.14,1.373,4.456551526,2.543084392728921,Klebsiella pneumoniae,2.1704113665778038,0.3726730261511171,349.20816751964156,148.051007305911
52,ZnO,Bacillus subtilis,non-pathogenic,green_synthesis,MBC,spherical,Bacteria,Bacillota,Bacilli,Bacillales,Bacillaceae,Bacillus,p,soil,81.3794,37.86,1,0.16,30,8,22.60496136,17.07,0.6865,4.082482905,1.3351525696142423,Klebsiella pneumoniae,0.973003242042089,0.36214932757215335,21.63478429990029,9.397303256984317
53,TiO2,Bacillus subtilis,non-pathogenic,chemical_synthesis,MIC,tetragonal,Bacteria,Bacillota,Bacilli,Bacillales,Bacillaceae,Bacillus,p,soil,79.866,6.0,4,0.16,30,16,26.40611331,34.14,1.373,2.878049394,1.209992561038408,Klebsiella pneumoniae,0.8594078025340213,0.35058475850438664,16.21782317867822,7.234488032140111
54,CuO,Bacillus subtilis,non-pathogenic,green_synthesis,MBEC,quasi-spherical,Bacteria,Bacillota,Bacilli,Bacillales,Bacillaceae,Bacillus,p,soil,79.5454,18.0,1,0.16,30,17,20.67942236,17.07,0.6865,1.651411411,3.105991242440653,Klebsiella pneumoniae,2.770399962370819,0.33559128006983396,1276.4130696495988,589.3861991735702
55,Cu,Bacillus subtilis,non-pathogenic,green_synthesis,MIC,hexagonal,Bacteria,Bacillota,Bacilli,Bacillales,Bacillaceae,Bacillus,p,soil,63.55,1.4,1,0.16,30,11,17.96409803,0.0,0.0,1.243163121,1.265205692412287,Klebsiella pneumoniae,0.9466770725240142,0.31852861988827275,18.41644042280532,8.844577108204952
56,Au,Bacillus subtilis,non-pathogenic,green_synthesis,MBC,quasi-spherical,Bacteria,Bacillota,Bacilli,Bacillales,Bacillaceae,Bacillus,p,soil,196.966569,5.1,4,0.16,30,11,23.00188061,0.0,0.0,2.46797672,1.6545862428453793,Klebsiella pneumoniae,1.361560185384255,0.2930260574611243,45.1425661221144,22.99112302696795
57,ZnO,Bacillus subtilis,non-pathogenic,green_synthesis,MBEC,triangular,Bacteria,Bacillota,Bacilli,Bacillales,Bacillaceae,Bacillus,p,soil,81.3794,10.4,24,0.16,30,8,22.60496136,17.07,0.6865,4.082482905,1.055275142000697,Klebsiella pneumoniae,0.7781362067953106,0.27713893520538635,11.357301158339517,5.999792168746124
58,ZnO,Bacillus subtilis,non-pathogenic,green_synthesis,MIC,spheroidal,Bacteria,Bacillota,Bacilli,Bacillales,Bacillaceae,Bacillus,p,soil,81.3794,22.5,18,0.16,30,8,22.60496136,17.07,0.6865,4.082482905,1.1746784966589203,Klebsiella pneumoniae,0.9362539831127982,0.23842451354612215,14.951284194832889,8.634833805249828
59,Ag,Bacillus subtilis,non-pathogenic,chemical_synthesis,MBEC,tetragonal,Bacteria,Bacillota,Bacilli,Bacillales,Bacillaceae,Bacillus,p,soil,107.8682,50.0,18,0.16,30,11,23.00188061,0.0,0.0,1.78376517,0.9071620715754929,Klebsiella pneumoniae,0.7086156942318649,0.198546377343628,8.075363333355972,5.112292502309382
60,ZnO,Bacillus subtilis,non-pathogenic,green_synthesis,MBEC,nanoplates,Bacteria,Bacillota,Bacilli,Bacillales,Bacillaceae,Bacillus,p,soil,81.3794,40.0,4,0.16,30,8,22.60496136,17.07,0.6865,4.082482905,1.616705485653385,Klebsiella pneumoniae,1.4246973432198848,0.19200814243350006,41.37190184552742,26.588714651094126
61,CeO2,Bacillus subtilis,non-pathogenic,chemical_synthesis,MIC,quasi-spherical,Bacteria,Bacillota,Bacilli,Bacillales,Bacillaceae,Bacillus,p,soil,172.115,60.0,3,0.16,30,16,39.19032095,34.14,1.373,4.456551526,1.4091238003929503,Klebsiella pneumoniae,1.2500088196873531,0.15911498070559715,25.652151749505762,17.78315523847254
62,Ag,Bacillus subtilis,non-pathogenic,green_synthesis,MIC,cubic,Bacteria,Bacillota,Bacilli,Bacillales,Bacillaceae,Bacillus,p,soil,107.87,100.0,4,0.16,30,11,23.00188061,0.0,0.0,1.78376517,1.176236164181554,Klebsiella pneumoniae,1.0223945378838555,0.15384162629769849,15.005005680783228,10.529179702243182
63,Al2O3,Bacillus subtilis,non-pathogenic,green_synthesis,MIC,quasi-spherical,Bacteria,Bacillota,Bacilli,Bacillales,Bacillaceae,Bacillus,p,soil,101.961276,25.0,0,0.16,30,24,51.55776403,85.5,13.5675,4.688846487,2.176661525628209,Klebsiella pneumoniae,2.064260774404465,0.11240075122374416,150.19709246783054,115.9473359047961
64,Ag,Bacillus subtilis,non-pathogenic,chemical_synthesis,MBEC,triangular,Bacteria,Bacillota,Bacilli,Bacillales,Bacillaceae,Bacillus,p,soil,107.8682,4.7,18,0.16,30,11,23.00188061,0.0,0.0,1.78376517,0.21811639914557923,Klebsiella pneumoniae,0.10685273790675165,0.11126366123882758,1.6524046146138187,1.278947560608007
65,Ag,Bacillus subtilis,non-pathogenic,green_synthesis,MBC,spheroidal,Bacteria,Bacillota,Bacilli,Bacillales,Bacillaceae,Bacillus,p,soil,107.8682,40.0,3,0.16,30,11,23.00188061,0.0,0.0,1.78376517,1.0873372065880003,Klebsiella pneumoniae,0.9822195701764723,0.10511763641152794,12.227486910663178,9.598858069793398
66,ZnO,Bacillus subtilis,non-pathogenic,chemical_synthesis,MIC,quasi-spherical,Bacteria,Bacillota,Bacilli,Bacillales,Bacillaceae,Bacillus,p,soil,81.3794,25.0,4,0.16,30,8,22.60496136,17.07,0.6865,4.082482905,1.3146764233306256,Klebsiella pneumoniae,1.258676245788831,0.05600017754179465,20.63841890980012,18.141627517111438
67,Au,Bacillus subtilis,non-pathogenic,green_synthesis,MBEC,nanoplates,Bacteria,Bacillota,Bacilli,Bacillales,Bacillaceae,Bacillus,p,soil,196.966569,3.0,3,0.16,30,11,23.00188061,0.0,0.0,2.46797672,1.910223657173859,Klebsiella pneumoniae,1.8758818291329327,0.034341828040926226,81.32492232926867,75.14184063951603
68,Ag,Bacillus subtilis,non-pathogenic,chemical_synthesis,MBEC,triangular,Bacteria,Bacillota,Bacilli,Bacillales,Bacillaceae,Bacillus,p,soil,107.87,0.8,3,0.16,30,11,23.00188061,0.0,0.0,1.78376517,-0.11143183490097752,Klebsiella pneumoniae,-0.14441076012944398,0.03297892522846646,0.7736921048176768,0.7171157150971544
69,Ag,Bacillus subtilis,non-pathogenic,chemical_synthesis,MBEC,spheroidal,Bacteria,Bacillota,Bacilli,Bacillales,Bacillaceae,Bacillus,p,soil,107.87,12.5,0,0.16,30,11,23.00188061,0.0,0.0,1.78376517,1.8340313441184661,Klebsiella pneumoniae,1.8455792757499754,-0.011547931631509245,68.23879420081764,70.07760902699577
70,Ag,Bacillus subtilis,non-pathogenic,chemical_synthesis,MBC,hexagonal,Bacteria,Bacillota,Bacilli,Bacillales,Bacillaceae,Bacillus,p,soil,107.87,100.0,2,0.16,30,11,23.00188061,0.0,0.0,1.78376517,1.4156282968256946,Klebsiella pneumoniae,1.4522450463770138,-0.036616749551319216,26.039239542876906,28.32990031596342
71,Ag2O,Bacillus subtilis,non-pathogenic,chemical_synthesis,MBC,quasi-hexagonal,Bacteria,Bacillota,Bacilli,Bacillales,Bacillaceae,Bacillus,p,soil,231.7358,1.9,2,0.16,30,28,46.55109718,17.07,0.6865,3.975778631,0.8683179033626698,Klebsiella pneumoniae,0.9099390017504421,-0.04162109838777228,7.384445734303921,8.127163591601102
72,ZnO,Bacillus subtilis,non-pathogenic,green_synthesis,MIC,triangular,Bacteria,Bacillota,Bacilli,Bacillales,Bacillaceae,Bacillus,p,soil,81.3794,12.5,0,0.16,30,8,22.60496136,17.07,0.6865,4.082482905,-0.2056054596287764,Klebsiella pneumoniae,-0.144279241738285,-0.06132621789049142,0.6228658786860082,0.7173329137748823
73,Ag,Bacillus subtilis,non-pathogenic,chemical_synthesis,MBEC,quasi-spherical,Bacteria,Bacillota,Bacilli,Bacillales,Bacillaceae,Bacillus,p,soil,107.87,8.0,24,0.16,30,11,23.00188061,0.0,0.0,1.78376517,1.7923663837599129,Klebsiella pneumoniae,1.8734737378748987,-0.08110735411498582,61.99638745106612,74.72634452232533
74,Ag,Bacillus subtilis,non-pathogenic,green_synthesis,MIC,nanoplates,Bacteria,Bacillota,Bacilli,Bacillales,Bacillaceae,Bacillus,p,soil,107.8682,35.0,3,0.16,30,11,23.00188061,0.0,0.0,1.78376517,1.6223098585334368,Klebsiella pneumoniae,1.7216029315645696,-0.09929307303113277,41.90924707430921,52.674804396237185
75,Ag,Bacillus subtilis,non-pathogenic,green_synthesis,MBC,triangular,Bacteria,Bacillota,Bacilli,Bacillales,Bacillaceae,Bacillus,p,soil,107.87,12.5,3,0.16,30,11,23.00188061,0.0,0.0,1.78376517,0.722907010052521,Klebsiella pneumoniae,0.8468578521696758,-0.12395084211715479,5.283321146349232,7.028422367140202
76,Cu,Bacillus subtilis,non-pathogenic,green_synthesis,MBEC,tetragonal,Bacteria,Bacillota,Bacilli,Bacillales,Bacillaceae,Bacillus,p,soil,63.55,12.5,3,0.16,30,11,17.96409803,0.0,0.0,1.243163121,1.2755596083925735,Klebsiella pneumoniae,1.4237411323524733,-0.1481815239598998,18.860778223123134,26.530237165666612
77,Ag,Bacillus subtilis,non-pathogenic,chemical_synthesis,MBC,rod-shaped,Bacteria,Bacillota,Bacilli,Bacillales,Bacillaceae,Bacillus,p,soil,107.87,9.0,2,0.16,30,11,23.00188061,0.0,0.0,1.78376517,1.3948455069655585,Klebsiella pneumoniae,1.5456728343948227,-0.1508273274292642,24.82249929114401,35.129570041138415
78,Ag,Bacillus subtilis,non-pathogenic,green_synthesis,MBEC,rod-shaped,Bacteria,Bacillota,Bacilli,Bacillales,Bacillaceae,Bacillus,p,soil,107.87,22.5,18,0.16,30,11,23.00188061,0.0,0.0,1.78376517,1.2782296132628854,Klebsiella pneumoniae,1.5012265916057932,-0.22299697834290777,18.97708982501114,31.71221605110942
79,Ag,Bacillus subtilis,non-pathogenic,chemical_synthesis,MBC,rod-shaped,Bacteria,Bacillota,Bacilli,Bacillales,Bacillaceae,Bacillus,p,soil,107.87,1.9,18,0.16,30,11,23.00188061,0.0,0.0,1.78376517,0.6742523864740082,Klebsiella pneumoniae,1.0281986680860684,-0.3539462816120602,4.723374563377684,10.67084147426223
80,CuO,Bacillus subtilis,non-pathogenic,chemical_synthesis,MIC,quasi-hexagonal,Bacteria,Bacillota,Bacilli,Bacillales,Bacillaceae,Bacillus,p,soil,79.5454,26.38,24,0.16,30,17,20.67942236,17.07,0.6865,1.651411411,2.0075749935297122,Klebsiella pneumoniae,2.4610847169282293,-0.45350972339851703,101.75950682922326,289.12438163248817
81,Au,Bacillus subtilis,non-pathogenic,chemical_synthesis,MBC,spherical,Bacteria,Bacillota,Bacilli,Bacillales,Bacillaceae,Bacillus,p,soil,196.966569,1.9,24,0.16,30,11,23.00188061,0.0,0.0,2.46797672,2.3708912807789075,Klebsiella pneumoniae,2.8262963609977425,-0.45540508021883497,234.90446985272905,670.3418922791703
82,Al2O3,Bacillus subtilis,non-pathogenic,chemical_synthesis,MBEC,nanoplates,Bacteria,Bacillota,Bacilli,Bacillales,Bacillaceae,Bacillus,p,soil,101.961276,17.5,24,0.16,30,24,51.55776403,85.5,13.5675,4.688846487,3.2270278842131037,Klebsiella pneumoniae,3.691388948202825,-0.4643610639897213,1686.661315306536,4913.477234688497
83,Cu,Bacillus subtilis,non-pathogenic,chemical_synthesis,MIC,nanoplates,Bacteria,Bacillota,Bacilli,Bacillales,Bacillaceae,Bacillus,p,soil,63.55,50.0,4,0.16,30,11,17.96409803,0.0,0.0,1.243163121,1.5410944555395338,Klebsiella pneumoniae,2.01819596993679,-0.4771015143972561,34.761175596958395,104.27878681893988
