,np,bacteria,bac_type,np_synthesis,method,shape,kingdom,phylum,class,order,family,genus,gram,isolated_from,mol_weight (g/mol),np_size_avg (nm),time_set,"min_Incub_period, h","growth_temp, C",Valance_electron,labuteASA,tpsa,CrippenMR,chi0v,pred_MIC_norm,pathogenic_bacteria,pred_MIC_pathogen,Fitness,pred_norm_MIC_original,pred_path_MIC_original
0,Ag,Bacillus subtilis,non-pathogenic,chemical_synthesis,MIC,spheroidal,Bacteria,Bacillota,Bacilli,Bacillales,Bacillaceae,Bacillus,p,soil,107.87,4.0,24,0.16,30,11,23.00188061,0.0,0.0,1.78376517,1.576650266999707,Klebsiella pneumoniae,0.6041259074956504,0.9725243595040565,37.72682582118388,4.019073120035886
1,ZnO,Bacillus subtilis,non-pathogenic,green_synthesis,MBC,quasi-hexagonal,Bacteria,Bacillota,Bacilli,Bacillales,Bacillaceae,Bacillus,p,soil,81.3794,6.0,1,0.16,30,8,22.60496136,17.07,0.6865,4.082482905,1.359578214307892,Klebsiella pneumoniae,0.4905842098928519,0.8689940044150402,22.886438480033437,3.0944552735350666
2,ZrO2,Bacillus subtilis,non-pathogenic,green_synthesis,MIC,quasi-spherical,Bacteria,Bacillota,Bacilli,Bacillales,Bacillaceae,Bacillus,p,soil,123.2218,4.0,3,0.16,30,16,29.29254423,34.14,1.373,3.774536472,1.9021583629103502,Klebsiella pneumoniae,1.0790941473498576,0.8230642155604926,79.82857243631432,11.997593615353713
3,CeO2,Bacillus subtilis,non-pathogenic,chemical_synthesis,MIC,quasi-spherical,Bacteria,Bacillota,Bacilli,Bacillales,Bacillaceae,Bacillus,p,soil,172.115,1.4,2,0.16,30,16,39.19032095,34.14,1.373,4.456551526,2.3077831432749853,Klebsiella pneumoniae,1.4892367065826977,0.8185464366922877,203.13424452740637,30.84868859947867
4,ZnO,Bacillus subtilis,non-pathogenic,green_synthesis,MIC,quasi-spherical,Bacteria,Bacillota,Bacilli,Bacillales,Bacillaceae,Bacillus,p,soil,81.3794,3.0,3,0.16,30,8,22.60496136,17.07,0.6865,4.082482905,1.2251816440734513,Klebsiella pneumoniae,0.40826739537952017,0.8169142486939311,16.795063263343923,2.560161694872466
5,Pd,Bacillus subtilis,non-pathogenic,chemical_synthesis,MIC,cubic,Bacteria,Bacillota,Bacilli,Bacillales,Bacillaceae,Bacillus,p,soil,195.084,4.0,2,0.16,30,10,21.14774404,0.0,0.0,1.870828693,0.7530847764139271,Klebsiella pneumoniae,-0.036312297019540196,0.7893970734334673,5.663498325149428,0.9197879231666792
6,Ag,Bacillus subtilis,non-pathogenic,chemical_synthesis,MIC,nanoplates,Bacteria,Bacillota,Bacilli,Bacillales,Bacillaceae,Bacillus,p,soil,107.87,0.8,4,0.16,30,11,23.00188061,0.0,0.0,1.78376517,1.4393104510712567,Klebsiella pneumoniae,0.6512712131534837,0.788039237917773,27.498591600320356,4.479929845883857
7,ZnO,Bacillus subtilis,non-pathogenic,green_synthesis,MBC,nanoplates,Bacteria,Bacillota,Bacilli,Bacillales,Bacillaceae,Bacillus,p,soil,81.3794,6.0,4,0.16,30,8,22.60496136,17.07,0.6865,4.082482905,2.5419714824307444,Klebsiella pneumoniae,1.7561470294351647,0.7858244529955798,348.3144425202836,57.035733281084354
8,Ag,Bacillus subtilis,non-pathogenic,chemical_synthesis,MIC,spherical,Bacteria,Bacillota,Bacilli,Bacillales,Bacillaceae,Bacillus,p,soil,107.87,3.0,4,0.16,30,11,23.00188061,0.0,0.0,1.78376517,0.9048859894226131,Klebsiella pneumoniae,0.12203194140296714,0.782854048019646,8.033152089521849,1.3244389411807578
9,TiO2,Bacillus subtilis,non-pathogenic,green_synthesis,MIC,quasi-spherical,Bacteria,Bacillota,Bacilli,Bacillales,Bacillaceae,Bacillus,p,soil,79.866,1.9,3,0.16,30,16,26.40611331,34.14,1.373,2.878049394,2.239212077179548,Klebsiella pneumoniae,1.4844704968049351,0.7547415803746127,173.46508656523662,30.51198743133007
10,Ag,Bacillus subtilis,non-pathogenic,chemical_synthesis,MIC,quasi-spherical,Bacteria,Bacillota,Bacilli,Bacillales,Bacillaceae,Bacillus,p,soil,107.87,4.0,3,0.16,30,11,23.00188061,0.0,0.0,1.78376517,1.0691712098029353,Klebsiella pneumoniae,0.31469229707431756,0.7544789127286178,11.726575655296768,2.063917327112145
11,ZnO,Bacillus subtilis,non-pathogenic,green_synthesis,MIC,cubic,Bacteria,Bacillota,Bacilli,Bacillales,Bacillaceae,Bacillus,p,soil,81.3794,0.8,2,0.16,30,8,22.60496136,17.07,0.6865,4.082482905,1.476668432143031,Klebsiella pneumoniae,0.724629458853215,0.7520389732898161,29.968736426068965,5.30431685459777
12,Ag,Bacillus subtilis,non-pathogenic,green_synthesis,MIC,quasi-spherical,Bacteria,Bacillota,Bacilli,Bacillales,Bacillaceae,Bacillus,p,soil,107.87,3.0,4,0.16,30,11,23.00188061,0.0,0.0,1.78376517,1.538063397575005,Klebsiella pneumoniae,0.8425470219701556,0.6955163756048495,34.519412651365265,6.959002971996729
13,Pt,Bacillus subtilis,non-pathogenic,green_synthesis,MIC,cubic,Bacteria,Bacillota,Bacilli,Bacillales,Bacillaceae,Bacillus,p,soil,195.084,4.0,3,0.16,30,10,21.75656585,0.0,0.0,2.588435821,0.9518854705224881,Klebsiella pneumoniae,0.26649230800087276,0.6853931625216153,8.951286765756699,1.847108079597412
14,ZnO,Bacillus subtilis,non-pathogenic,green_synthesis,MBC,quasi-spherical,Bacteria,Bacillota,Bacilli,Bacillales,Bacillaceae,Bacillus,p,soil,81.3794,11.3,1,0.16,30,8,22.60496136,17.07,0.6865,4.082482905,2.160873318741285,Klebsiella pneumoniae,1.4766513487544088,0.6842219699868761,144.83493165690794,29.967557600357424
15,TiO2,Bacillus subtilis,non-pathogenic,chemical_synthesis,MIC,quasi-spherical,Bacteria,Bacillota,Bacilli,Bacillales,Bacillaceae,Bacillus,p,soil,79.866,3.0,4,0.16,30,16,26.40611331,34.14,1.373,2.878049394,2.0652604782080153,Klebsiella pneumoniae,1.388323331659771,0.6769371465482443,116.2145428581724,24.452503608042594
16,Ag,Bacillus subtilis,non-pathogenic,chemical_synthesis,MIC,quasi-hexagonal,Bacteria,Bacillota,Bacilli,Bacillales,Bacillaceae,Bacillus,p,soil,107.87,5.1,2,0.16,30,11,23.00188061,0.0,0.0,1.78376517,0.9710220480911526,Klebsiella pneumoniae,0.2946069293481266,0.676415118743026,9.354531636597372,1.9706383460883405
17,ZnO,Bacillus subtilis,non-pathogenic,green_synthesis,MBEC,quasi-hexagonal,Bacteria,Bacillota,Bacilli,Bacillales,Bacillaceae,Bacillus,p,soil,81.3794,8.7,0,0.16,30,8,22.60496136,17.07,0.6865,4.082482905,1.5224680303350617,Klebsiella pneumoniae,0.8532536644641722,0.6692143658708896,33.30182469762094,7.132695178056804
18,Ag,Bacillus subtilis,non-pathogenic,green_synthesis,MIC,quasi-spherical,Bacteria,Bacillota,Bacilli,Bacillales,Bacillaceae,Bacillus,p,soil,107.87,3.0,1,0.16,30,11,23.00188061,0.0,0.0,1.78376517,1.5477984916503917,Klebsiella pneumoniae,0.8817293513889076,0.6660691402614841,35.30193343019083,7.616042368492048
19,CeO2,Bacillus subtilis,non-pathogenic,chemical_synthesis,MIC,cubic,Bacteria,Bacillota,Bacilli,Bacillales,Bacillaceae,Bacillus,p,soil,172.115,5.1,3,0.16,30,16,39.19032095,34.14,1.373,4.456551526,3.0619190986695903,Klebsiella pneumoniae,2.3985415162282004,0.6633775824413899,1153.2384100254028,250.3464954796348
20,ZnO,Bacillus subtilis,non-pathogenic,green_synthesis,MBEC,quasi-spherical,Bacteria,Bacillota,Bacilli,Bacillales,Bacillaceae,Bacillus,p,soil,81.3794,4.7,0,0.16,30,8,22.60496136,17.07,0.6865,4.082482905,2.214347831181693,Klebsiella pneumoniae,1.5555976282517494,0.6587502029299435,163.81279907259642,35.94161834828861
21,Au,Bacillus subtilis,non-pathogenic,chemical_synthesis,MIC,quasi-hexagonal,Bacteria,Bacillota,Bacilli,Bacillales,Bacillaceae,Bacillus,p,soil,196.966569,1.4,1,0.16,30,11,23.00188061,0.0,0.0,2.46797672,1.1948371346246411,Klebsiella pneumoniae,0.5440657622099931,0.650771372414648,15.66163630773771,3.499981608170642
22,ZnO,Bacillus subtilis,non-pathogenic,green_synthesis,MBEC,rod-shaped,Bacteria,Bacillota,Bacilli,Bacillales,Bacillaceae,Bacillus,p,soil,81.3794,5.1,2,0.16,30,8,22.60496136,17.07,0.6865,4.082482905,2.2417317601013194,Klebsiella pneumoniae,1.593413920557965,0.6483178395433544,174.47441871960237,39.2115419299145
23,Ag,Bacillus subtilis,non-pathogenic,green_synthesis,MIC,quasi-hexagonal,Bacteria,Bacillota,Bacilli,Bacillales,Bacillaceae,Bacillus,p,soil,107.87,0.8,4,0.16,30,11,23.00188061,0.0,0.0,1.78376517,0.9130868079982549,Klebsiella pneumoniae,0.2659269895381968,0.6471598184600581,8.18628401521788,1.8447052745398755
24,ZnO,Bacillus subtilis,non-pathogenic,chemical_synthesis,MIC,cubic,Bacteria,Bacillota,Bacilli,Bacillales,Bacillaceae,Bacillus,p,soil,81.3794,4.0,0,0.16,30,8,22.60496136,17.07,0.6865,4.082482905,1.557690420568685,Klebsiella pneumoniae,0.9140042746723012,0.6436861458963838,36.11523295688484,8.203596189230447
25,TiO2,Bacillus subtilis,non-pathogenic,green_synthesis,MBEC,rod-shaped,Bacteria,Bacillota,Bacilli,Bacillales,Bacillaceae,Bacillus,p,soil,79.866,6.0,0,0.16,30,16,26.40611331,34.14,1.373,2.878049394,2.95890092823912,Klebsiella pneumoniae,2.3180831965476267,0.6408177316914934,909.7057258350451,208.0095126792806
26,ZnO,Bacillus subtilis,non-pathogenic,green_synthesis,MBC,spherical,Bacteria,Bacillota,Bacilli,Bacillales,Bacillaceae,Bacillus,p,soil,81.3794,8.7,3,0.16,30,8,22.60496136,17.07,0.6865,4.082482905,2.4578489544774675,Klebsiella pneumoniae,1.821752940950348,0.6360960135271196,286.97823120151105,66.33655912839816
27,Au,Bacillus subtilis,non-pathogenic,chemical_synthesis,MIC,quasi-hexagonal,Bacteria,Bacillota,Bacilli,Bacillales,Bacillaceae,Bacillus,p,soil,196.966569,3.0,0,0.16,30,11,23.00188061,0.0,0.0,2.46797672,1.1554418109697528,Klebsiella pneumoniae,0.5256813936053426,0.6297604173644102,14.303483224837267,3.3549140129764834
28,ZnO,Bacillus subtilis,non-pathogenic,green_synthesis,MBEC,quasi-hexagonal,Bacteria,Bacillota,Bacilli,Bacillales,Bacillaceae,Bacillus,p,soil,81.3794,10.4,1,0.16,30,8,22.60496136,17.07,0.6865,4.082482905,1.4078497105364525,Klebsiella pneumoniae,0.7817672960337549,0.6260824145026975,25.5770063049505,6.05016607474813
29,Ag,Bacillus subtilis,non-pathogenic,green_synthesis,MIC,cubic,Bacteria,Bacillota,Bacilli,Bacillales,Bacillaceae,Bacillus,p,soil,107.87,1.9,0,0.16,30,11,23.00188061,0.0,0.0,1.78376517,2.012224135231781,Klebsiella pneumoniae,1.3913006361619435,0.6209234990698376,102.85469844430024,24.620713595025794
30,ZnO,Bacillus subtilis,non-pathogenic,green_synthesis,MBEC,quasi-hexagonal,Bacteria,Bacillota,Bacilli,Bacillales,Bacillaceae,Bacillus,p,soil,81.3794,10.4,3,0.16,30,8,22.60496136,17.07,0.6865,4.082482905,1.4714448150966266,Klebsiella pneumoniae,0.8517705953522863,0.6196742197443403,29.61043687779044,7.10837933007983
31,Ag,Bacillus subtilis,non-pathogenic,green_synthesis,MIC,rod-shaped,Bacteria,Bacillota,Bacilli,Bacillales,Bacillaceae,Bacillus,p,soil,107.87,1.9,24,0.16,30,11,23.00188061,0.0,0.0,1.78376517,2.4196446522309434,Klebsiella pneumoniae,1.8002856508454306,0.6193590013855128,262.8116738245714,63.137248395897046
32,ZnO,Bacillus subtilis,non-pathogenic,green_synthesis,MIC,rod-shaped,Bacteria,Bacillota,Bacilli,Bacillales,Bacillaceae,Bacillus,p,soil,81.3794,6.0,1,0.16,30,8,22.60496136,17.07,0.6865,4.082482905,1.379652379122887,Klebsiella pneumoniae,0.7656829870633031,0.6139693920595839,23.969135974635744,5.830193743497985
33,TiO2,Bacillus subtilis,non-pathogenic,chemical_synthesis,MIC,spherical,Bacteria,Bacillota,Bacilli,Bacillales,Bacillaceae,Bacillus,p,soil,79.866,1.9,0,0.16,30,16,26.40611331,34.14,1.373,2.878049394,2.2251089765609864,Klebsiella pneumoniae,1.6136927093489,0.6114162672120864,167.92253295867087,41.0858909722656
34,Ag,Bacillus subtilis,non-pathogenic,green_synthesis,MIC,spherical,Bacteria,Bacillota,Bacilli,Bacillales,Bacillaceae,Bacillus,p,soil,107.87,1.4,24,0.16,30,11,23.00188061,0.0,0.0,1.78376517,2.4760120747042724,Klebsiella pneumoniae,1.865774133772303,0.6102379409319694,299.2347831800331,73.41319642873415
35,ZnO,Bacillus subtilis,non-pathogenic,green_synthesis,MBEC,quasi-spherical,Bacteria,Bacillota,Bacilli,Bacillales,Bacillaceae,Bacillus,p,soil,81.3794,3.0,3,0.16,30,8,22.60496136,17.07,0.6865,4.082482905,1.9806488411096832,Klebsiella pneumoniae,1.3734057131879154,0.6072431279217678,95.64204226145537,23.626843966342623
36,Ag,Bacillus subtilis,non-pathogenic,green_synthesis,MIC,hexagonal,Bacteria,Bacillota,Bacilli,Bacillales,Bacillaceae,Bacillus,p,soil,107.87,1.4,1,0.16,30,11,23.00188061,0.0,0.0,1.78376517,1.9162246455974186,Klebsiella pneumoniae,1.3155874292545282,0.6006372163428904,82.45645235864343,20.681756912833315
37,CeO2,Bacillus subtilis,non-pathogenic,chemical_synthesis,MIC,quasi-spherical,Bacteria,Bacillota,Bacilli,Bacillales,Bacillaceae,Bacillus,p,soil,172.115,3.0,24,0.16,30,16,39.19032095,34.14,1.373,4.456551526,3.421155125639566,Klebsiella pneumoniae,2.8348038775211766,0.5863512481183895,2637.273225191862,683.6028702377174
38,ZnO,Bacillus subtilis,non-pathogenic,green_synthesis,MBC,rod-shaped,Bacteria,Bacillota,Bacilli,Bacillales,Bacillaceae,Bacillus,p,soil,81.3794,11.3,3,0.16,30,8,22.60496136,17.07,0.6865,4.082482905,2.1835505249220097,Klebsiella pneumoniae,1.5973589438517957,0.5861915810702141,152.5985914527081,39.56935251650152
39,Ni,Bacillus subtilis,non-pathogenic,green_synthesis,MBEC,quasi-hexagonal,Bacteria,Bacillota,Bacilli,Bacillales,Bacillaceae,Bacillus,p,soil,58.6934,5.1,4,0.16,30,10,17.41523038,0.0,0.0,1.303840481,2.1288118371243234,Klebsiella pneumoniae,1.5477235717138065,0.581088265410517,134.52773715101605,35.29584403553113
40,Pd,Bacillus subtilis,non-pathogenic,green_synthesis,MIC,hexagonal,Bacteria,Bacillota,Bacilli,Bacillales,Bacillaceae,Bacillus,p,soil,195.084,4.0,1,0.16,30,10,21.14774404,0.0,0.0,1.870828693,1.0835811802658188,Klebsiella pneumoniae,0.503538400962424,0.5800427793033949,12.122192610411092,3.1881474639620353
41,ZnO,Bacillus subtilis,non-pathogenic,green_synthesis,MBC,spherical,Bacteria,Bacillota,Bacilli,Bacillales,Bacillaceae,Bacillus,p,soil,81.3794,11.3,3,0.16,30,8,22.60496136,17.07,0.6865,4.082482905,2.453277769643512,Klebsiella pneumoniae,1.876207249026842,0.57707052061667,283.97347086614224,75.19816604632592
42,TiO2,Bacillus subtilis,non-pathogenic,green_synthesis,MBEC,quasi-spherical,Bacteria,Bacillota,Bacilli,Bacillales,Bacillaceae,Bacillus,p,soil,79.866,10.4,1,0.16,30,16,26.40611331,34.14,1.373,2.878049394,2.908562570046528,Klebsiella pneumoniae,2.3385822805697316,0.5699802894767965,810.1446531269489,218.0631496163272
43,ZnO,Bacillus subtilis,non-pathogenic,green_synthesis,MIC,hexagonal,Bacteria,Bacillota,Bacilli,Bacillales,Bacillaceae,Bacillus,p,soil,81.3794,0.8,24,0.16,30,8,22.60496136,17.07,0.6865,4.082482905,2.586571356640662,Klebsiella pneumoniae,2.0192801643131677,0.5672911923274944,385.98582568457243,104.53943879328698
44,Ag,Bacillus subtilis,non-pathogenic,green_synthesis,MIC,spheroidal,Bacteria,Bacillota,Bacilli,Bacillales,Bacillaceae,Bacillus,p,soil,107.87,4.0,2,0.16,30,11,23.00188061,0.0,0.0,1.78376517,1.3457048455321878,Klebsiella pneumoniae,0.7860283165867451,0.5596765289454427,22.16689405125125,6.109818604493391
45,ZnO,Bacillus subtilis,non-pathogenic,green_synthesis,MIC,rod-shaped,Bacteria,Bacillota,Bacilli,Bacillales,Bacillaceae,Bacillus,p,soil,81.3794,4.7,3,0.16,30,8,22.60496136,17.07,0.6865,4.082482905,1.1691982640515457,Klebsiella pneumoniae,0.6175337667057217,0.551664497345824,14.763803764001466,4.145088111407909
46,ZnO,Bacillus subtilis,non-pathogenic,green_synthesis,MBC,rod-shaped,Bacteria,Bacillota,Bacilli,Bacillales,Bacillaceae,Bacillus,p,soil,81.3794,0.8,4,0.16,30,8,22.60496136,17.07,0.6865,4.082482905,1.4262822200805823,Klebsiella pneumoniae,0.8767606250373786,0.5495215950432036,26.68592247834397,7.5294044270854315
47,TiO2,Bacillus subtilis,non-pathogenic,green_synthesis,MIC,tetragonal,Bacteria,Bacillota,Bacilli,Bacillales,Bacillaceae,Bacillus,p,soil,79.866,1.9,1,0.16,30,16,26.40611331,34.14,1.373,2.878049394,0.9842623670602155,Klebsiella pneumoniae,0.4427987205697712,0.5414636464904443,9.644114703225583,2.7720350711587454
48,ZnO,Bacillus subtilis,non-pathogenic,green_synthesis,MBEC,rod-shaped,Bacteria,Bacillota,Bacilli,Bacillales,Bacillaceae,Bacillus,p,soil,81.3794,4.0,4,0.16,30,8,22.60496136,17.07,0.6865,4.082482905,1.7134123888783603,Klebsiella pneumoniae,1.1757240456600142,0.5376883432183461,51.69069707405549,14.987322259162227
49,Ag,Bacillus subtilis,non-pathogenic,green_synthesis,MIC,cubic,Bacteria,Bacillota,Bacilli,Bacillales,Bacillaceae,Bacillus,p,soil,107.87,4.0,2,0.16,30,11,23.00188061,0.0,0.0,1.78376517,1.7844953900641058,Klebsiella pneumoniae,1.2506383344377223,0.5338570556263835,60.882908314661,17.80895081355703
50,Ag,Bacillus subtilis,non-pathogenic,chemical_synthesis,MIC,quasi-hexagonal,Bacteria,Bacillota,Bacilli,Bacillales,Bacillaceae,Bacillus,p,soil,107.8682,3.0,4,0.16,30,11,23.00188061,0.0,0.0,1.78376517,0.9820505689535604,Klebsiella pneumoniae,0.4667727126658552,0.5152778562877052,9.595123499758506,2.929359768185865
51,ZnO,Bacillus subtilis,non-pathogenic,chemical_synthesis,MBC,quasi-hexagonal,Bacteria,Bacillota,Bacilli,Bacillales,Bacillaceae,Bacillus,p,soil,81.3794,0.8,4,0.16,30,8,22.60496136,17.07,0.6865,4.082482905,0.1383512096483448,Klebsiella pneumoniae,-0.3157540672389598,0.4541052768873046,1.3751535985746874,0.48333242658101366
52,Ag,Bacillus subtilis,non-pathogenic,chemical_synthesis,MIC,quasi-hexagonal,Bacteria,Bacillota,Bacilli,Bacillales,Bacillaceae,Bacillus,p,soil,107.87,40.0,0,0.16,30,11,23.00188061,0.0,0.0,1.78376517,0.026957277435542437,Klebsiella pneumoniae,-0.3323773852368528,0.3593346626723952,1.0640383411342103,0.4651816928063568
53,ZnO,Bacillus subtilis,non-pathogenic,green_synthesis,MBEC,quasi-spherical,Bacteria,Bacillota,Bacilli,Bacillales,Bacillaceae,Bacillus,p,soil,81.3794,27.43,2,0.16,30,8,22.60496136,17.07,0.6865,4.082482905,1.926228653701369,Klebsiella pneumoniae,1.5727003574580583,0.35352829624331084,84.37788858690644,37.385255877926745
54,TiO2,Bacillus subtilis,non-pathogenic,green_synthesis,MBEC,triangular,Bacteria,Bacillota,Bacilli,Bacillales,Bacillaceae,Bacillus,p,soil,79.866,8.0,0,0.16,30,16,26.40611331,34.14,1.373,2.878049394,1.2375561441376615,Klebsiella pneumoniae,0.8844974441085965,0.3530587000290649,17.280493625088027,7.664740293289776
55,Ag,Bacillus subtilis,non-pathogenic,green_synthesis,MIC,spherical,Bacteria,Bacillota,Bacilli,Bacillales,Bacillaceae,Bacillus,p,soil,107.8682,1.9,1,0.16,30,11,23.00188061,0.0,0.0,1.78376517,1.2379492974025725,Klebsiella pneumoniae,0.9196191863821866,0.3183301110203859,17.29614420054878,8.310347539175337
56,ZnO,Bacillus subtilis,non-pathogenic,chemical_synthesis,MBC,quasi-hexagonal,Bacteria,Bacillota,Bacilli,Bacillales,Bacillaceae,Bacillus,p,soil,81.3794,28.0,3,0.16,30,8,22.60496136,17.07,0.6865,4.082482905,0.44638859429864364,Klebsiella pneumoniae,0.12942163071043677,0.31696696358820686,2.7950436479204424,1.3471676043774123
57,ZnO,Bacillus subtilis,non-pathogenic,chemical_synthesis,MIC,nanoplates,Bacteria,Bacillota,Bacilli,Bacillales,Bacillaceae,Bacillus,p,soil,81.3794,11.3,4,0.16,30,8,22.60496136,17.07,0.6865,4.082482905,2.0050669977783153,Klebsiella pneumoniae,1.7251814201324942,0.2798855776458211,101.173552072348,53.11062597265175
58,ZnO,Bacillus subtilis,non-pathogenic,chemical_synthesis,MIC,nanoplates,Bacteria,Bacillota,Bacilli,Bacillales,Bacillaceae,Bacillus,p,soil,81.3794,11.3,4,0.16,30,8,22.60496136,17.07,0.6865,4.082482905,2.0050669977783153,Klebsiella pneumoniae,1.7251814201324942,0.2798855776458211,101.173552072348,53.11062597265175
59,CuO,Bacillus subtilis,non-pathogenic,green_synthesis,MBEC,rod-shaped,Bacteria,Bacillota,Bacilli,Bacillales,Bacillaceae,Bacillus,p,soil,79.5454,18.0,4,0.16,30,17,20.67942236,17.07,0.6865,1.651411411,2.961679984040912,Klebsiella pneumoniae,2.7082067451607172,0.2534732388801948,915.5456089262739,510.7480828806223
60,Ag2O,Bacillus subtilis,non-pathogenic,green_synthesis,MIC,cubic,Bacteria,Bacillota,Bacilli,Bacillales,Bacillaceae,Bacillus,p,soil,231.7358,0.8,3,0.16,30,28,46.55109718,17.07,0.6865,3.975778631,2.3553849807084752,Klebsiella pneumoniae,2.1243425179766717,0.2310424627318035,226.66526934789533,133.15041303814257
61,CuO,Bacillus subtilis,non-pathogenic,green_synthesis,MBEC,quasi-spherical,Bacteria,Bacillota,Bacilli,Bacillales,Bacillaceae,Bacillus,p,soil,79.5454,41.23,1,0.16,30,17,20.67942236,17.07,0.6865,1.651411411,2.2845498643882856,Klebsiella pneumoniae,2.065084813371079,0.21946505101720648,192.5528115742259,116.16754552939211
62,Ag,Bacillus subtilis,non-pathogenic,green_synthesis,MBEC,quasi-spherical,Bacteria,Bacillota,Bacilli,Bacillales,Bacillaceae,Bacillus,p,soil,107.8682,8.7,1,0.16,30,11,23.00188061,0.0,0.0,1.78376517,1.9290491489523713,Klebsiella pneumoniae,1.7106347278652685,0.21841442108710285,84.92765819273599,51.36114865658388
63,ZnO,Bacillus subtilis,non-pathogenic,green_synthesis,MBEC,rod-shaped,Bacteria,Bacillota,Bacilli,Bacillales,Bacillaceae,Bacillus,p,soil,81.3794,41.23,1,0.16,30,8,22.60496136,17.07,0.6865,4.082482905,1.3309022172567964,Klebsiella pneumoniae,1.118006358380855,0.2128958588759413,21.42408176998107,13.122191107019232
64,Ag,Bacillus subtilis,non-pathogenic,green_synthesis,MIC,cubic,Bacteria,Bacillota,Bacilli,Bacillales,Bacillaceae,Bacillus,p,soil,107.87,50.0,4,0.16,30,11,23.00188061,0.0,0.0,1.78376517,1.2817939312927922,Klebsiella pneumoniae,1.102636722570986,0.17915720872180607,19.13347843778509,12.665919473444445
65,Ag,Bacillus subtilis,non-pathogenic,chemical_synthesis,MBEC,cubic,Bacteria,Bacillota,Bacilli,Bacillales,Bacillaceae,Bacillus,p,soil,107.87,10.0,3,0.16,30,11,23.00188061,0.0,0.0,1.78376517,2.283342388035635,Klebsiella pneumoniae,2.112200828115127,0.17114155992050772,192.01819725227273,129.47944468342118
66,ZnO,Bacillus subtilis,non-pathogenic,chemical_synthesis,MBC,spherical,Bacteria,Bacillota,Bacilli,Bacillales,Bacillaceae,Bacillus,p,soil,81.3794,79.0,4,0.16,30,8,22.60496136,17.07,0.6865,4.082482905,1.4529510975252247,Klebsiella pneumoniae,1.2893349695448975,0.1636161279803272,28.37599490763213,19.46861108633635
67,Pd,Bacillus subtilis,non-pathogenic,green_synthesis,MIC,quasi-hexagonal,Bacteria,Bacillota,Bacilli,Bacillales,Bacillaceae,Bacillus,p,soil,195.084,100.0,18,0.16,30,10,21.14774404,0.0,0.0,1.870828693,0.4746661530621077,Klebsiella pneumoniae,0.3501934604929844,0.1244726925691233,2.9830886043417992,2.2397186197535968
68,ZnO,Bacillus subtilis,non-pathogenic,chemical_synthesis,MBC,quasi-spherical,Bacteria,Bacillota,Bacilli,Bacillales,Bacillaceae,Bacillus,p,soil,81.3794,28.0,18,0.16,30,8,22.60496136,17.07,0.6865,4.082482905,1.1234924195944558,Klebsiella pneumoniae,1.0243236942929645,0.09916872530149123,13.289003615945827,10.576054844848262
69,Ag,Bacillus subtilis,non-pathogenic,chemical_synthesis,MIC,quasi-hexagonal,Bacteria,Bacillota,Bacilli,Bacillales,Bacillaceae,Bacillus,p,soil,107.87,45.26,24,0.16,30,11,23.00188061,0.0,0.0,1.78376517,0.044139309419351846,Klebsiella pneumoniae,-0.03898351576676329,0.08312282518611513,1.1069788146111315,0.9141479385306102
70,ZnO,Bacillus subtilis,non-pathogenic,green_synthesis,MIC,rod-shaped,Bacteria,Bacillota,Bacilli,Bacillales,Bacillaceae,Bacillus,p,soil,81.3794,22.5,3,0.16,30,8,22.60496136,17.07,0.6865,4.082482905,1.0728056478216592,Klebsiella pneumoniae,0.9899693650483056,0.08283628277335364,11.825122483700255,9.771682894808857
71,Ag,Bacillus subtilis,non-pathogenic,green_synthesis,MBEC,spherical,Bacteria,Bacillota,Bacilli,Bacillales,Bacillaceae,Bacillus,p,soil,107.8682,18.0,0,0.16,30,11,23.00188061,0.0,0.0,1.78376517,1.7257396801015283,Klebsiella pneumoniae,1.6486960595569258,0.07704362054460256,53.178940450917395,44.53444655496803
72,Au,Bacillus subtilis,non-pathogenic,chemical_synthesis,MBC,cubic,Bacteria,Bacillota,Bacilli,Bacillales,Bacillaceae,Bacillus,p,soil,196.966569,0.8,0,0.16,30,11,23.00188061,0.0,0.0,2.46797672,1.11367975263722,Klebsiella pneumoniae,1.0650311809074187,0.048648571729801304,12.992111905416639,11.6153200500302
73,TiO2,Bacillus subtilis,non-pathogenic,chemical_synthesis,MIC,rod-shaped,Bacteria,Bacillota,Bacilli,Bacillales,Bacillaceae,Bacillus,p,soil,79.866,20.0,1,0.16,30,16,26.40611331,34.14,1.373,2.878049394,2.279454843015467,Klebsiella pneumoniae,2.2573100595524087,0.02214478346305837,190.3070350221406,180.8464797877032
74,ZnO,Bacillus subtilis,non-pathogenic,chemical_synthesis,MIC,quasi-spherical,Bacteria,Bacillota,Bacilli,Bacillales,Bacillaceae,Bacillus,p,soil,81.3794,27.43,0,0.16,30,8,22.60496136,17.07,0.6865,4.082482905,1.398601404024894,Klebsiella pneumoniae,1.379759147532598,0.018842256492295872,25.038101982755723,23.975029351680973
75,Ag,Bacillus subtilis,non-pathogenic,chemical_synthesis,MBC,hexagonal,Bacteria,Bacillota,Bacilli,Bacillales,Bacillaceae,Bacillus,p,soil,107.87,44.45,3,0.16,30,11,23.00188061,0.0,0.0,1.78376517,1.3727240175542437,Klebsiella pneumoniae,1.372893219503949,-0.00016920194970526659,23.589786893519488,23.59897930958446
76,Ag,Bacillus subtilis,non-pathogenic,chemical_synthesis,MBC,hexagonal,Bacteria,Bacillota,Bacilli,Bacillales,Bacillaceae,Bacillus,p,soil,107.8682,11.3,4,0.16,30,11,23.00188061,0.0,0.0,1.78376517,1.9708597234268304,Klebsiella pneumoniae,1.9743257502836624,-0.0034660268568320607,93.51035880768795,94.2596342551182
77,Ni,Bacillus subtilis,non-pathogenic,chemical_synthesis,MIC,quasi-hexagonal,Bacteria,Bacillota,Bacilli,Bacillales,Bacillaceae,Bacillus,p,soil,58.6934,9.0,4,0.16,30,10,17.41523038,0.0,0.0,1.303840481,1.6510427794368652,Klebsiella pneumoniae,1.658937212232653,-0.00789443279578772,44.77574075835478,45.597098955518014
78,Al2O3,Bacillus subtilis,non-pathogenic,green_synthesis,MBC,cubic,Bacteria,Bacillota,Bacilli,Bacillales,Bacillaceae,Bacillus,p,soil,101.961276,13.0,18,0.16,30,24,51.55776403,85.5,13.5675,4.688846487,2.94329500819852,Klebsiella pneumoniae,2.955656593174302,-0.01236158497578188,877.5967539397194,902.9352193300373
79,Pt,Bacillus subtilis,non-pathogenic,chemical_synthesis,MBEC,spheroidal,Bacteria,Bacillota,Bacilli,Bacillales,Bacillaceae,Bacillus,p,soil,195.084,8.7,0,0.16,30,10,21.75656585,0.0,0.0,2.588435821,1.590135712405365,Klebsiella pneumoniae,1.611792499373959,-0.021656786968593966,38.91667364602757,40.90651666658251
80,ZnO,Bacillus subtilis,non-pathogenic,chemical_synthesis,MIC,quasi-spherical,Bacteria,Bacillota,Bacilli,Bacillales,Bacillaceae,Bacillus,p,soil,81.3794,79.0,0,0.16,30,8,22.60496136,17.07,0.6865,4.082482905,0.8442261404141426,Klebsiella pneumoniae,0.8756060470923364,-0.03137990667819379,6.985960736337291,7.509413984477521
81,ZnO,Bacillus subtilis,non-pathogenic,chemical_synthesis,MBC,tetragonal,Bacteria,Bacillota,Bacilli,Bacillales,Bacillaceae,Bacillus,p,soil,81.3794,26.06,3,0.16,30,8,22.60496136,17.07,0.6865,4.082482905,0.9069813361276571,Klebsiella pneumoniae,0.9463572386885001,-0.039375902560843,8.072003399443258,8.83806596480327
82,Ag,Bacillus subtilis,non-pathogenic,chemical_synthesis,MBEC,rod-shaped,Bacteria,Bacillota,Bacilli,Bacillales,Bacillaceae,Bacillus,p,soil,107.87,60.0,1,0.16,30,11,23.00188061,0.0,0.0,1.78376517,1.2550360773406128,Klebsiella pneumoniae,1.307880595430035,-0.05284451808942214,17.99020355605465,20.317983131678755
83,ZnO,Bacillus subtilis,non-pathogenic,chemical_synthesis,MIC,quasi-hexagonal,Bacteria,Bacillota,Bacilli,Bacillales,Bacillaceae,Bacillus,p,soil,81.3794,26.06,18,0.16,30,8,22.60496136,17.07,0.6865,4.082482905,0.5872351610718505,Klebsiella pneumoniae,0.7253107300797577,-0.13807556900790718,3.8657624306970693,5.31264418649903
84,Ag,Bacillus subtilis,non-pathogenic,chemical_synthesis,MBC,triangular,Bacteria,Bacillota,Bacilli,Bacillales,Bacillaceae,Bacillus,p,soil,107.8682,27.43,1,0.16,30,11,23.00188061,0.0,0.0,1.78376517,0.3587725852115504,Klebsiella pneumoniae,0.5151136217654575,-0.15634103655390708,2.284402281373124,3.274263461936093
85,CuO,Bacillus subtilis,non-pathogenic,green_synthesis,MIC,triangular,Bacteria,Bacillota,Bacilli,Bacillales,Bacillaceae,Bacillus,p,soil,79.5454,38.0,1,0.16,30,17,20.67942236,17.07,0.6865,1.651411411,0.05011985778529393,Klebsiella pneumoniae,0.2960892004723068,-0.24596934268701287,1.1223281547742208,1.9773757349260659
86,ZnO,Bacillus subtilis,non-pathogenic,chemical_synthesis,MBEC,spherical,Bacteria,Bacillota,Bacilli,Bacillales,Bacillaceae,Bacillus,p,soil,81.3794,45.26,18,0.16,30,8,22.60496136,17.07,0.6865,4.082482905,1.9433355617950299,Klebsiella pneumoniae,2.197878122781521,-0.2545425609864913,87.76787060893368,157.71686025584546
87,Ag,Bacillus subtilis,non-pathogenic,chemical_synthesis,MBC,quasi-spherical,Bacteria,Bacillota,Bacilli,Bacillales,Bacillaceae,Bacillus,p,soil,107.87,38.0,24,0.16,30,11,23.00188061,0.0,0.0,1.78376517,0.5863312192038606,Klebsiella pneumoniae,0.9018037040695626,-0.315472484865702,3.8577245888015015,7.976340846790177
