,np,bacteria,bac_type,np_synthesis,method,shape,kingdom,phylum,class,order,family,genus,gram,isolated_from,mol_weight (g/mol),np_size_avg (nm),time_set,"min_Incub_period, h","growth_temp, C",Valance_electron,labuteASA,tpsa,CrippenMR,chi0v,pred_MIC_norm,pathogenic_bacteria,pred_MIC_pathogen,Fitness,pred_norm_MIC_original,pred_path_MIC_original
0,Ag,Bacillus subtilis,non-pathogenic,chemical_synthesis,MIC,spheroidal,Bacteria,Bacillota,Bacilli,Bacillales,Bacillaceae,Bacillus,p,soil,107.87,4.0,24,0.16,30,11,23.00188061,0.0,0.0,1.78376517,1.576650266999707,Klebsiella pneumoniae,0.6041259074956504,0.9725243595040565,37.72682582118388,4.019073120035886
1,ZrO2,Bacillus subtilis,non-pathogenic,green_synthesis,MIC,quasi-spherical,Bacteria,Bacillota,Bacilli,Bacillales,Bacillaceae,Bacillus,p,soil,123.2218,4.0,3,0.16,30,16,29.29254423,34.14,1.373,3.774536472,1.9021583629103502,Klebsiella pneumoniae,1.0790941473498576,0.8230642155604926,79.82857243631432,11.997593615353713
2,ZnO,Bacillus subtilis,non-pathogenic,green_synthesis,MIC,quasi-spherical,Bacteria,Bacillota,Bacilli,Bacillales,Bacillaceae,Bacillus,p,soil,81.3794,3.0,3,0.16,30,8,22.60496136,17.07,0.6865,4.082482905,1.2251816440734513,Klebsiella pneumoniae,0.40826739537952017,0.8169142486939311,16.795063263343923,2.560161694872466
3,Pd,Bacillus subtilis,non-pathogenic,chemical_synthesis,MIC,cubic,Bacteria,Bacillota,Bacilli,Bacillales,Bacillaceae,Bacillus,p,soil,195.084,4.0,2,0.16,30,10,21.14774404,0.0,0.0,1.870828693,0.7530847764139271,Klebsiella pneumoniae,-0.036312297019540196,0.7893970734334673,5.663498325149428,0.9197879231666792
4,ZnO,Bacillus subtilis,non-pathogenic,green_synthesis,MBC,nanoplates,Bacteria,Bacillota,Bacilli,Bacillales,Bacillaceae,Bacillus,p,soil,81.3794,6.0,4,0.16,30,8,22.60496136,17.07,0.6865,4.082482905,2.5419714824307444,Klebsiella pneumoniae,1.7561470294351647,0.7858244529955798,348.3144425202836,57.035733281084354
5,Ag,Bacillus subtilis,non-pathogenic,chemical_synthesis,MIC,spherical,Bacteria,Bacillota,Bacilli,Bacillales,Bacillaceae,Bacillus,p,soil,107.87,3.0,4,0.16,30,11,23.00188061,0.0,0.0,1.78376517,0.9048859894226131,Klebsiella pneumoniae,0.12203194140296714,0.782854048019646,8.033152089521849,1.3244389411807578
6,TiO2,Bacillus subtilis,non-pathogenic,green_synthesis,MIC,quasi-spherical,Bacteria,Bacillota,Bacilli,Bacillales,Bacillaceae,Bacillus,p,soil,79.866,1.9,3,0.16,30,16,26.40611331,34.14,1.373,2.878049394,2.239212077179548,Klebsiella pneumoniae,1.4844704968049351,0.7547415803746127,173.46508656523662,30.51198743133007
7,ZnO,Bacillus subtilis,non-pathogenic,green_synthesis,MBC,hexagonal,Bacteria,Bacillota,Bacilli,Bacillales,Bacillaceae,Bacillus,p,soil,81.3794,6.0,3,0.16,30,8,22.60496136,17.07,0.6865,4.082482905,2.605719112907295,Klebsiella pneumoniae,1.8576174916095898,0.7481016212977054,403.3844130824218,72.04726375288816
8,Ag,Bacillus subtilis,non-pathogenic,green_synthesis,MIC,quasi-spherical,Bacteria,Bacillota,Bacilli,Bacillales,Bacillaceae,Bacillus,p,soil,107.87,3.0,4,0.16,30,11,23.00188061,0.0,0.0,1.78376517,1.538063397575005,Klebsiella pneumoniae,0.8425470219701556,0.6955163756048495,34.519412651365265,6.959002971996729
9,Pt,Bacillus subtilis,non-pathogenic,green_synthesis,MIC,cubic,Bacteria,Bacillota,Bacilli,Bacillales,Bacillaceae,Bacillus,p,soil,195.084,4.0,3,0.16,30,10,21.75656585,0.0,0.0,2.588435821,0.9518854705224881,Klebsiella pneumoniae,0.26649230800087276,0.6853931625216153,8.951286765756699,1.847108079597412
10,ZnO,Bacillus subtilis,non-pathogenic,green_synthesis,MBC,quasi-spherical,Bacteria,Bacillota,Bacilli,Bacillales,Bacillaceae,Bacillus,p,soil,81.3794,0.8,0,0.16,30,8,22.60496136,17.07,0.6865,4.082482905,1.56605291060889,Klebsiella pneumoniae,0.8873701556416714,0.6786827549672186,36.817382596167164,7.715608016361113
11,TiO2,Bacillus subtilis,non-pathogenic,chemical_synthesis,MIC,quasi-spherical,Bacteria,Bacillota,Bacilli,Bacillales,Bacillaceae,Bacillus,p,soil,79.866,3.0,4,0.16,30,16,26.40611331,34.14,1.373,2.878049394,2.0652604782080153,Klebsiella pneumoniae,1.388323331659771,0.6769371465482443,116.2145428581724,24.452503608042594
12,ZnO,Bacillus subtilis,non-pathogenic,green_synthesis,MBEC,quasi-hexagonal,Bacteria,Bacillota,Bacilli,Bacillales,Bacillaceae,Bacillus,p,soil,81.3794,8.7,0,0.16,30,8,22.60496136,17.07,0.6865,4.082482905,1.5224680303350617,Klebsiella pneumoniae,0.8532536644641722,0.6692143658708896,33.30182469762094,7.132695178056804
13,CeO2,Bacillus subtilis,non-pathogenic,chemical_synthesis,MIC,cubic,Bacteria,Bacillota,Bacilli,Bacillales,Bacillaceae,Bacillus,p,soil,172.115,5.1,3,0.16,30,16,39.19032095,34.14,1.373,4.456551526,3.0619190986695903,Klebsiella pneumoniae,2.3985415162282004,0.6633775824413899,1153.2384100254028,250.3464954796348
14,Au,Bacillus subtilis,non-pathogenic,chemical_synthesis,MIC,quasi-hexagonal,Bacteria,Bacillota,Bacilli,Bacillales,Bacillaceae,Bacillus,p,soil,196.966569,1.4,1,0.16,30,11,23.00188061,0.0,0.0,2.46797672,1.1948371346246411,Klebsiella pneumoniae,0.5440657622099931,0.650771372414648,15.66163630773771,3.499981608170642
15,ZnO,Bacillus subtilis,non-pathogenic,green_synthesis,MBEC,rod-shaped,Bacteria,Bacillota,Bacilli,Bacillales,Bacillaceae,Bacillus,p,soil,81.3794,5.1,2,0.16,30,8,22.60496136,17.07,0.6865,4.082482905,2.2417317601013194,Klebsiella pneumoniae,1.593413920557965,0.6483178395433544,174.47441871960237,39.2115419299145
16,Ag,Bacillus subtilis,non-pathogenic,green_synthesis,MIC,quasi-hexagonal,Bacteria,Bacillota,Bacilli,Bacillales,Bacillaceae,Bacillus,p,soil,107.87,0.8,4,0.16,30,11,23.00188061,0.0,0.0,1.78376517,0.9130868079982549,Klebsiella pneumoniae,0.2659269895381968,0.6471598184600581,8.18628401521788,1.8447052745398755
17,ZnO,Bacillus subtilis,non-pathogenic,chemical_synthesis,MIC,cubic,Bacteria,Bacillota,Bacilli,Bacillales,Bacillaceae,Bacillus,p,soil,81.3794,4.0,0,0.16,30,8,22.60496136,17.07,0.6865,4.082482905,1.557690420568685,Klebsiella pneumoniae,0.9140042746723012,0.6436861458963838,36.11523295688484,8.203596189230447
18,TiO2,Bacillus subtilis,non-pathogenic,green_synthesis,MBEC,rod-shaped,Bacteria,Bacillota,Bacilli,Bacillales,Bacillaceae,Bacillus,p,soil,79.866,6.0,0,0.16,30,16,26.40611331,34.14,1.373,2.878049394,2.95890092823912,Klebsiella pneumoniae,2.3180831965476267,0.6408177316914934,909.7057258350451,208.0095126792806
19,Au,Bacillus subtilis,non-pathogenic,chemical_synthesis,MIC,quasi-hexagonal,Bacteria,Bacillota,Bacilli,Bacillales,Bacillaceae,Bacillus,p,soil,196.966569,3.0,0,0.16,30,11,23.00188061,0.0,0.0,2.46797672,1.1554418109697528,Klebsiella pneumoniae,0.5256813936053426,0.6297604173644102,14.303483224837267,3.3549140129764834
20,ZnO,Bacillus subtilis,non-pathogenic,green_synthesis,MBEC,quasi-hexagonal,Bacteria,Bacillota,Bacilli,Bacillales,Bacillaceae,Bacillus,p,soil,81.3794,3.0,4,0.16,30,8,22.60496136,17.07,0.6865,4.082482905,1.069853824562839,Klebsiella pneumoniae,0.4442756293832104,0.6255781951796286,11.74502172838971,2.78147800082832
21,Ag,Bacillus subtilis,non-pathogenic,green_synthesis,MIC,cubic,Bacteria,Bacillota,Bacilli,Bacillales,Bacillaceae,Bacillus,p,soil,107.87,1.9,0,0.16,30,11,23.00188061,0.0,0.0,1.78376517,2.012224135231781,Klebsiella pneumoniae,1.3913006361619435,0.6209234990698376,102.85469844430024,24.620713595025794
22,ZnO,Bacillus subtilis,non-pathogenic,green_synthesis,MBEC,quasi-hexagonal,Bacteria,Bacillota,Bacilli,Bacillales,Bacillaceae,Bacillus,p,soil,81.3794,10.4,3,0.16,30,8,22.60496136,17.07,0.6865,4.082482905,1.4714448150966266,Klebsiella pneumoniae,0.8517705953522863,0.6196742197443403,29.61043687779044,7.10837933007983
23,Ag,Bacillus subtilis,non-pathogenic,green_synthesis,MIC,spheroidal,Bacteria,Bacillota,Bacilli,Bacillales,Bacillaceae,Bacillus,p,soil,107.87,0.8,1,0.16,30,11,23.00188061,0.0,0.0,1.78376517,1.3492697838245786,Klebsiella pneumoniae,0.7354427433029589,0.6138270405216197,22.34960149416184,5.438044326785618
24,ZnO,Bacillus subtilis,non-pathogenic,chemical_synthesis,MIC,quasi-hexagonal,Bacteria,Bacillota,Bacilli,Bacillales,Bacillaceae,Bacillus,p,soil,81.3794,6.0,4,0.16,30,8,22.60496136,17.07,0.6865,4.082482905,0.9037504242585835,Klebsiella pneumoniae,0.29196280883297265,0.6117876154256109,8.012174959003143,1.958676933405208
25,TiO2,Bacillus subtilis,non-pathogenic,chemical_synthesis,MIC,spherical,Bacteria,Bacillota,Bacilli,Bacillales,Bacillaceae,Bacillus,p,soil,79.866,1.9,0,0.16,30,16,26.40611331,34.14,1.373,2.878049394,2.2251089765609864,Klebsiella pneumoniae,1.6136927093489,0.6114162672120864,167.92253295867087,41.0858909722656
26,Ag,Bacillus subtilis,non-pathogenic,green_synthesis,MIC,spherical,Bacteria,Bacillota,Bacilli,Bacillales,Bacillaceae,Bacillus,p,soil,107.87,1.4,24,0.16,30,11,23.00188061,0.0,0.0,1.78376517,2.4760120747042724,Klebsiella pneumoniae,1.865774133772303,0.6102379409319694,299.2347831800331,73.41319642873415
27,ZnO,Bacillus subtilis,non-pathogenic,green_synthesis,MBC,tetragonal,Bacteria,Bacillota,Bacilli,Bacillales,Bacillaceae,Bacillus,p,soil,81.3794,9.0,18,0.16,30,8,22.60496136,17.07,0.6865,4.082482905,1.7085480439138003,Klebsiella pneumoniae,1.1269649841593026,0.5815830597544978,51.1149621938815,13.395686777311841
28,Ni,Bacillus subtilis,non-pathogenic,green_synthesis,MBEC,quasi-hexagonal,Bacteria,Bacillota,Bacilli,Bacillales,Bacillaceae,Bacillus,p,soil,58.6934,5.1,4,0.16,30,10,17.41523038,0.0,0.0,1.303840481,2.1288118371243234,Klebsiella pneumoniae,1.5477235717138065,0.581088265410517,134.52773715101605,35.29584403553113
29,Pd,Bacillus subtilis,non-pathogenic,green_synthesis,MIC,hexagonal,Bacteria,Bacillota,Bacilli,Bacillales,Bacillaceae,Bacillus,p,soil,195.084,4.0,1,0.16,30,10,21.14774404,0.0,0.0,1.870828693,1.0835811802658188,Klebsiella pneumoniae,0.503538400962424,0.5800427793033949,12.122192610411092,3.1881474639620353
30,ZnO,Bacillus subtilis,non-pathogenic,green_synthesis,MBC,spherical,Bacteria,Bacillota,Bacilli,Bacillales,Bacillaceae,Bacillus,p,soil,81.3794,12.0,1,0.16,30,8,22.60496136,17.07,0.6865,4.082482905,2.3715912868284392,Klebsiella pneumoniae,1.7967720713693813,0.5748192154590579,235.28339969821408,62.62850882913344
31,TiO2,Bacillus subtilis,non-pathogenic,chemical_synthesis,MIC,cubic,Bacteria,Bacillota,Bacilli,Bacillales,Bacillaceae,Bacillus,p,soil,79.866,1.4,2,0.16,30,16,26.40611331,34.14,1.373,2.878049394,2.5238581243994282,Klebsiella pneumoniae,1.956728473055301,0.5671296513441273,334.08588280631864,90.51665012758889
32,ZnO,Bacillus subtilis,non-pathogenic,green_synthesis,MBEC,cubic,Bacteria,Bacillota,Bacilli,Bacillales,Bacillaceae,Bacillus,p,soil,81.3794,10.0,4,0.16,30,8,22.60496136,17.07,0.6865,4.082482905,2.5668620823290236,Klebsiella pneumoniae,2.0055006413471483,0.5613614409818752,368.86044200070444,101.27462443929078
33,Ag,Bacillus subtilis,non-pathogenic,green_synthesis,MIC,spheroidal,Bacteria,Bacillota,Bacilli,Bacillales,Bacillaceae,Bacillus,p,soil,107.87,4.0,2,0.16,30,11,23.00188061,0.0,0.0,1.78376517,1.3457048455321878,Klebsiella pneumoniae,0.7860283165867451,0.5596765289454427,22.16689405125125,6.109818604493391
34,ZnO,Bacillus subtilis,non-pathogenic,green_synthesis,MBC,spheroidal,Bacteria,Bacillota,Bacilli,Bacillales,Bacillaceae,Bacillus,p,soil,81.3794,5.1,0,0.16,30,8,22.60496136,17.07,0.6865,4.082482905,2.637963569973498,Klebsiella pneumoniae,2.0950853872608217,0.5428781827126761,434.4737775765603,124.47593216293043
35,TiO2,Bacillus subtilis,non-pathogenic,green_synthesis,MIC,tetragonal,Bacteria,Bacillota,Bacilli,Bacillales,Bacillaceae,Bacillus,p,soil,79.866,1.9,1,0.16,30,16,26.40611331,34.14,1.373,2.878049394,0.9842623670602155,Klebsiella pneumoniae,0.4427987205697712,0.5414636464904443,9.644114703225583,2.7720350711587454
36,CeO2,Bacillus subtilis,non-pathogenic,chemical_synthesis,MIC,triangular,Bacteria,Bacillota,Bacilli,Bacillales,Bacillaceae,Bacillus,p,soil,172.115,4.0,3,0.16,30,16,39.19032095,34.14,1.373,4.456551526,0.45108724362672903,Klebsiella pneumoniae,-0.0825062913168193,0.5335935349435483,2.825447510402467,0.8269775286429348
37,ZnO,Bacillus subtilis,non-pathogenic,green_synthesis,MBEC,rod-shaped,Bacteria,Bacillota,Bacilli,Bacillales,Bacillaceae,Bacillus,p,soil,81.3794,4.0,1,0.16,30,8,22.60496136,17.07,0.6865,4.082482905,1.7351412489946596,Klebsiella pneumoniae,1.2021732998970003,0.5329679490976593,54.34270457866539,15.928442052356528
38,TiO2,Bacillus subtilis,non-pathogenic,green_synthesis,MBC,tetragonal,Bacteria,Bacillota,Bacilli,Bacillales,Bacillaceae,Bacillus,p,soil,79.866,4.7,18,0.16,30,16,26.40611331,34.14,1.373,2.878049394,2.030874170363272,Klebsiella pneumoniae,1.498425552164348,0.5324486181989239,107.36782867619877,31.50834210103598
39,ZnO,Bacillus subtilis,non-pathogenic,green_synthesis,MBC,quasi-hexagonal,Bacteria,Bacillota,Bacilli,Bacillales,Bacillaceae,Bacillus,p,soil,81.3794,22.5,4,0.16,30,8,22.60496136,17.07,0.6865,4.082482905,0.9361532289021983,Klebsiella pneumoniae,0.4062393273700746,0.5299139015321237,8.632830798096036,2.5482341252772662
40,ZnO,Bacillus subtilis,non-pathogenic,green_synthesis,MIC,spherical,Bacteria,Bacillota,Bacilli,Bacillales,Bacillaceae,Bacillus,p,soil,81.3794,1.4,18,0.16,30,8,22.60496136,17.07,0.6865,4.082482905,1.0578190204172309,Klebsiella pneumoniae,0.5427630243783859,0.515055996038845,11.424021727338271,3.4894985675150614
41,Ag,Bacillus subtilis,non-pathogenic,chemical_synthesis,MIC,spherical,Bacteria,Bacillota,Bacilli,Bacillales,Bacillaceae,Bacillus,p,soil,107.87,6.0,1,0.16,30,11,23.00188061,0.0,0.0,1.78376517,1.3426242787803977,Klebsiella pneumoniae,0.8295321764261645,0.5130921023542332,22.01021469260143,6.753550884971727
42,ZnO,Bacillus subtilis,non-pathogenic,chemical_synthesis,MBEC,quasi-hexagonal,Bacteria,Bacillota,Bacilli,Bacillales,Bacillaceae,Bacillus,p,soil,81.3794,9.0,0,0.16,30,8,22.60496136,17.07,0.6865,4.082482905,1.3872169604693545,Klebsiella pneumoniae,0.8800141087935854,0.5072028516757691,24.390289796321635,7.5860221910991426
43,TiO2,Bacillus subtilis,non-pathogenic,green_synthesis,MBEC,hexagonal,Bacteria,Bacillota,Bacilli,Bacillales,Bacillaceae,Bacillus,p,soil,79.866,3.0,4,0.16,30,16,26.40611331,34.14,1.373,2.878049394,2.7177298011813016,Klebsiella pneumoniae,2.2106742967965385,0.5070555043847631,522.0712782778425,162.43301172985704
44,Ag,Bacillus subtilis,non-pathogenic,chemical_synthesis,MIC,cubic,Bacteria,Bacillota,Bacilli,Bacillales,Bacillaceae,Bacillus,p,soil,107.87,8.0,4,0.16,30,11,23.00188061,0.0,0.0,1.78376517,1.9258158115519868,Klebsiella pneumoniae,1.420115467300781,0.5057003442512058,84.29771672529726,26.309674028613756
45,ZnO,Bacillus subtilis,non-pathogenic,green_synthesis,MBEC,cubic,Bacteria,Bacillota,Bacilli,Bacillales,Bacillaceae,Bacillus,p,soil,81.3794,11.3,3,0.16,30,8,22.60496136,17.07,0.6865,4.082482905,2.640927144797362,Klebsiella pneumoniae,2.137573596100496,0.5033535486968663,437.44871466069003,137.26935597118035
46,Ag,Bacillus subtilis,non-pathogenic,green_synthesis,MBEC,spheroidal,Bacteria,Bacillota,Bacilli,Bacillales,Bacillaceae,Bacillus,p,soil,107.87,79.0,18,0.16,30,11,23.00188061,0.0,0.0,1.78376517,1.2148735785497111,Klebsiella pneumoniae,0.7230113192911436,0.4918622592585675,16.40112273340523,5.284590251567445
47,ZnO,Bacillus subtilis,non-pathogenic,chemical_synthesis,MBEC,quasi-hexagonal,Bacteria,Bacillota,Bacilli,Bacillales,Bacillaceae,Bacillus,p,soil,81.3794,3.0,4,0.16,30,8,22.60496136,17.07,0.6865,4.082482905,0.8928693014258255,Klebsiella pneumoniae,0.4012967418614899,0.49157255956433565,7.813926133218077,2.519397777238363
48,TiO2,Bacillus subtilis,non-pathogenic,green_synthesis,MBEC,cubic,Bacteria,Bacillota,Bacilli,Bacillales,Bacillaceae,Bacillus,p,soil,79.866,1.4,4,0.16,30,16,26.40611331,34.14,1.373,2.878049394,2.734314384182198,Klebsiella pneumoniae,2.252540552393435,0.48177383178876276,542.3933849033275,178.8712542945958
49,Au,Bacillus subtilis,non-pathogenic,chemical_synthesis,MIC,quasi-hexagonal,Bacteria,Bacillota,Bacilli,Bacillales,Bacillaceae,Bacillus,p,soil,196.966569,5.1,1,0.16,30,11,23.00188061,0.0,0.0,2.46797672,1.5150401691987692,Klebsiella pneumoniae,1.0333269377406324,0.4817132314581367,32.73709730014033,10.797592612477144
50,TiO2,Bacillus subtilis,non-pathogenic,green_synthesis,MBC,spheroidal,Bacteria,Bacillota,Bacilli,Bacillales,Bacillaceae,Bacillus,p,soil,79.866,12.0,3,0.16,30,16,26.40611331,34.14,1.373,2.878049394,3.185009518294952,Klebsiella pneumoniae,2.7048729537421474,0.4801365645528044,1531.1210184099311,506.8424175305559
51,Ag,Bacillus subtilis,non-pathogenic,green_synthesis,MIC,spheroidal,Bacteria,Bacillota,Bacilli,Bacillales,Bacillaceae,Bacillus,p,soil,107.87,44.45,3,0.16,30,11,23.00188061,0.0,0.0,1.78376517,0.6009709185594372,Klebsiella pneumoniae,0.12357176447299256,0.4773991540864446,3.9899818355508923,1.3291431716572162
52,ZnO,Bacillus subtilis,non-pathogenic,chemical_synthesis,MIC,tetragonal,Bacteria,Bacillota,Bacilli,Bacillales,Bacillaceae,Bacillus,p,soil,81.3794,1.4,2,0.16,30,8,22.60496136,17.07,0.6865,4.082482905,0.18298791235296785,Klebsiella pneumoniae,-0.217030600691827,0.40001851304479485,1.5240103356774553,0.6066935800300263
53,Ag,Bacillus subtilis,non-pathogenic,chemical_synthesis,MIC,spheroidal,Bacteria,Bacillota,Bacilli,Bacillales,Bacillaceae,Bacillus,p,soil,107.87,12.0,1,0.16,30,11,23.00188061,0.0,0.0,1.78376517,1.152411212746621,Klebsiella pneumoniae,0.7535822679012366,0.39882894484538445,14.204017959388704,5.669989673093093
54,Cu,Bacillus subtilis,non-pathogenic,green_synthesis,MIC,quasi-spherical,Bacteria,Bacillota,Bacilli,Bacillales,Bacillaceae,Bacillus,p,soil,63.55,3.0,1,0.16,30,11,17.96409803,0.0,0.0,1.243163121,1.167273927703812,Klebsiella pneumoniae,0.8040346231766993,0.3632393045271127,14.69853083174647,6.368462900602847
55,ZnO,Bacillus subtilis,non-pathogenic,green_synthesis,MBC,quasi-hexagonal,Bacteria,Bacillota,Bacilli,Bacillales,Bacillaceae,Bacillus,p,soil,81.3794,1.4,24,0.16,30,8,22.60496136,17.07,0.6865,4.082482905,1.463142443055965,Klebsiella pneumoniae,1.1292999530544408,0.3338424900015242,29.04975293108053,13.467902170462606
56,Ag,Bacillus subtilis,non-pathogenic,green_synthesis,MBC,tetragonal,Bacteria,Bacillota,Bacilli,Bacillales,Bacillaceae,Bacillus,p,soil,107.87,38.0,18,0.16,30,11,23.00188061,0.0,0.0,1.78376517,0.5157995737823704,Klebsiella pneumoniae,0.19733906457584238,0.318460509206528,3.2794391258704683,1.5752121921187254
57,CuO,Bacillus subtilis,non-pathogenic,green_synthesis,MBC,spheroidal,Bacteria,Bacillota,Bacilli,Bacillales,Bacillaceae,Bacillus,p,soil,79.5454,27.43,0,0.16,30,17,20.67942236,17.07,0.6865,1.651411411,3.0776327316306347,Klebsiella pneumoniae,2.767029701558714,0.31060303007192047,1195.7289155295348,584.8300795201975
58,ZnO,Bacillus subtilis,non-pathogenic,green_synthesis,MBEC,rod-shaped,Bacteria,Bacillota,Bacilli,Bacillales,Bacillaceae,Bacillus,p,soil,81.3794,27.43,1,0.16,30,8,22.60496136,17.07,0.6865,4.082482905,1.7312475280424637,Klebsiella pneumoniae,1.4297881986578438,0.30145932938461995,53.857665918136085,26.90222487696305
59,Ag,Bacillus subtilis,non-pathogenic,chemical_synthesis,MIC,hexagonal,Bacteria,Bacillota,Bacilli,Bacillales,Bacillaceae,Bacillus,p,soil,107.87,27.43,1,0.16,30,11,23.00188061,0.0,0.0,1.78376517,1.440819377538856,Klebsiella pneumoniae,1.1605809666297047,0.28023841090915136,27.594299745097846,14.47374665699592
60,ZnO,Bacillus subtilis,non-pathogenic,chemical_synthesis,MBEC,spheroidal,Bacteria,Bacillota,Bacilli,Bacillales,Bacillaceae,Bacillus,p,soil,81.3794,12.5,18,0.16,30,8,22.60496136,17.07,0.6865,4.082482905,2.189806952107699,Klebsiella pneumoniae,1.9326735174027623,0.25713343470493655,154.81283086691894,85.63938057449917
61,TiO2,Bacillus subtilis,non-pathogenic,chemical_synthesis,MBEC,spherical,Bacteria,Bacillota,Bacilli,Bacillales,Bacillaceae,Bacillus,p,soil,79.866,18.0,1,0.16,30,16,26.40611331,34.14,1.373,2.878049394,2.500847767782918,Klebsiella pneumoniae,2.2729423044488724,0.2279054633340456,316.8456636759762,187.47454336245949
62,CuO,Bacillus subtilis,non-pathogenic,green_synthesis,MBEC,cubic,Bacteria,Bacillota,Bacilli,Bacillales,Bacillaceae,Bacillus,p,soil,79.5454,0.8,18,0.16,30,17,20.67942236,17.07,0.6865,1.651411411,3.057102816476072,Klebsiella pneumoniae,2.859032088205137,0.19807072827093508,1140.5197664544687,722.8232080167014
63,Au,Bacillus subtilis,non-pathogenic,green_synthesis,MBEC,quasi-spherical,Bacteria,Bacillota,Bacilli,Bacillales,Bacillaceae,Bacillus,p,soil,196.966569,1.4,3,0.16,30,11,23.00188061,0.0,0.0,2.46797672,1.6139054481167607,Klebsiella pneumoniae,1.4233987337764602,0.19050671434030053,41.10602178975014,26.509328920551454
64,ZnO,Bacillus subtilis,non-pathogenic,green_synthesis,MIC,quasi-hexagonal,Bacteria,Bacillota,Bacilli,Bacillales,Bacillaceae,Bacillus,p,soil,81.3794,35.0,0,0.16,30,8,22.60496136,17.07,0.6865,4.082482905,0.07715333697885729,Klebsiella pneumoniae,-0.10844072861555798,0.18559406559441527,1.1944097419954203,0.7790391285384145
65,Au,Bacillus subtilis,non-pathogenic,green_synthesis,MIC,spherical,Bacteria,Bacillota,Bacilli,Bacillales,Bacillaceae,Bacillus,p,soil,196.966569,28.0,1,0.16,30,11,23.00188061,0.0,0.0,2.46797672,1.31880674607527,Klebsiella pneumoniae,1.137642570718623,0.18116417535664686,20.835635251717804,13.72911588116599
66,Ag,Bacillus subtilis,non-pathogenic,green_synthesis,MIC,quasi-spherical,Bacteria,Bacillota,Bacilli,Bacillales,Bacillaceae,Bacillus,p,soil,107.87,45.26,1,0.16,30,11,23.00188061,0.0,0.0,1.78376517,0.71615861821911,Klebsiella pneumoniae,0.5386363398456768,0.17752227837343315,5.201859503701513,3.4564982381199054
67,ZnO,Bacillus subtilis,non-pathogenic,green_synthesis,MIC,quasi-spherical,Bacteria,Bacillota,Bacilli,Bacillales,Bacillaceae,Bacillus,p,soil,81.3794,25.0,0,0.16,30,8,22.60496136,17.07,0.6865,4.082482905,1.3524895699881971,Klebsiella pneumoniae,1.1927453357777493,0.1597442342104478,22.51591341900821,15.586382710802914
68,Ag,Bacillus subtilis,non-pathogenic,green_synthesis,MBC,tetragonal,Bacteria,Bacillota,Bacilli,Bacillales,Bacillaceae,Bacillus,p,soil,107.87,4.7,2,0.16,30,11,23.00188061,0.0,0.0,1.78376517,0.900056850820105,Klebsiella pneumoniae,0.7602271075135165,0.13982974330658848,7.944322221551132,5.757409333549362
69,ZnO,Bacillus subtilis,non-pathogenic,green_synthesis,MBEC,triangular,Bacteria,Bacillota,Bacilli,Bacillales,Bacillaceae,Bacillus,p,soil,81.3794,26.06,24,0.16,30,8,22.60496136,17.07,0.6865,4.082482905,0.8473942375627562,Klebsiella pneumoniae,0.7092774356886238,0.13811680187413244,7.037108344714288,5.120088121909067
70,Ag,Bacillus subtilis,non-pathogenic,green_synthesis,MBEC,quasi-hexagonal,Bacteria,Bacillota,Bacilli,Bacillales,Bacillaceae,Bacillus,p,soil,107.87,0.8,1,0.16,30,11,23.00188061,0.0,0.0,1.78376517,1.0293401700316827,Klebsiella pneumoniae,0.904170671670211,0.12516949836147162,10.698925663375569,8.019931735909708
71,CuO,Bacillus subtilis,non-pathogenic,chemical_synthesis,MIC,nanoplates,Bacteria,Bacillota,Bacilli,Bacillales,Bacillaceae,Bacillus,p,soil,79.5454,4.0,2,0.16,30,17,20.67942236,17.07,0.6865,1.651411411,2.2386677947970033,Klebsiella pneumoniae,2.119040528224419,0.11962726657258438,173.24782648764062,131.53475742868366
72,ZnO,Bacillus subtilis,non-pathogenic,green_synthesis,MIC,rod-shaped,Bacteria,Bacillota,Bacilli,Bacillales,Bacillaceae,Bacillus,p,soil,81.3794,50.0,1,0.16,30,8,22.60496136,17.07,0.6865,4.082482905,0.8088630818604937,Klebsiella pneumoniae,0.6899454121408966,0.11891766971959716,6.4396621307144555,4.897172613747281
73,Ag,Bacillus subtilis,non-pathogenic,green_synthesis,MIC,rod-shaped,Bacteria,Bacillota,Bacilli,Bacillales,Bacillaceae,Bacillus,p,soil,107.87,27.43,3,0.16,30,11,23.00188061,0.0,0.0,1.78376517,1.1070714547869196,Klebsiella pneumoniae,0.9935071673716356,0.11356428741528402,12.795918190114495,9.851609012561429
74,ZnO,Bacillus subtilis,non-pathogenic,green_synthesis,MBC,spherical,Bacteria,Bacillota,Bacilli,Bacillales,Bacillaceae,Bacillus,p,soil,81.3794,3.0,24,0.16,30,8,22.60496136,17.07,0.6865,4.082482905,2.7378008170409807,Klebsiella pneumoniae,2.6261289754544577,0.11167184158652299,546.7651393609475,422.79415574578707
75,Ag,Bacillus subtilis,non-pathogenic,chemical_synthesis,MBEC,cubic,Bacteria,Bacillota,Bacilli,Bacillales,Bacillaceae,Bacillus,p,soil,107.87,44.45,4,0.16,30,11,23.00188061,0.0,0.0,1.78376517,1.6911748296200284,Klebsiella pneumoniae,1.5804484326171593,0.11072639700286913,49.11055358472552,38.05821652438583
76,TiO2,Bacillus subtilis,non-pathogenic,green_synthesis,MBEC,hexagonal,Bacteria,Bacillota,Bacilli,Bacillales,Bacillaceae,Bacillus,p,soil,79.866,45.26,2,0.16,30,16,26.40611331,34.14,1.373,2.878049394,2.5954925400255986,Klebsiella pneumoniae,2.5046458627245625,0.09084667730103613,393.9966598170093,319.62876940058374
77,Ag,Bacillus subtilis,non-pathogenic,chemical_synthesis,MBC,spheroidal,Bacteria,Bacillota,Bacilli,Bacillales,Bacillaceae,Bacillus,p,soil,107.87,1.9,0,0.16,30,11,23.00188061,0.0,0.0,1.78376517,1.1621051254684267,Klebsiella pneumoniae,1.0738599393145645,0.08824518615386223,14.524631587598922,11.8538639745131
78,ZnO,Bacillus subtilis,non-pathogenic,green_synthesis,MIC,hexagonal,Bacteria,Bacillota,Bacilli,Bacillales,Bacillaceae,Bacillus,p,soil,81.3794,12.0,24,0.16,30,8,22.60496136,17.07,0.6865,4.082482905,2.3409828145909186,Klebsiella pneumoniae,2.309571289380556,0.03141152521036261,219.27181658752872,203.97234524590328
79,Ag,Bacillus subtilis,non-pathogenic,green_synthesis,MBEC,nanoplates,Bacteria,Bacillota,Bacilli,Bacillales,Bacillaceae,Bacillus,p,soil,107.87,41.23,2,0.16,30,11,23.00188061,0.0,0.0,1.78376517,1.4140358261928825,Klebsiella pneumoniae,1.3867430151483207,0.027292811044561827,25.943933722147346,24.363687205278776
80,ZnO,Bacillus subtilis,non-pathogenic,green_synthesis,MBEC,tetragonal,Bacteria,Bacillota,Bacilli,Bacillales,Bacillaceae,Bacillus,p,soil,81.3794,25.0,4,0.16,30,8,22.60496136,17.07,0.6865,4.082482905,1.0053042271179606,Klebsiella pneumoniae,0.9845483261687531,0.02075590094920754,10.12288322851882,9.650466915134505
81,Ag,Bacillus subtilis,non-pathogenic,chemical_synthesis,MBC,triangular,Bacteria,Bacillota,Bacilli,Bacillales,Bacillaceae,Bacillus,p,soil,107.87,26.06,3,0.16,30,11,23.00188061,0.0,0.0,1.78376517,0.14842420167028636,Klebsiella pneumoniae,0.14683757320604807,0.0015866284642382933,1.407421566677613,1.4022891482105009
82,ZnO,Bacillus subtilis,non-pathogenic,chemical_synthesis,MBC,spheroidal,Bacteria,Bacillota,Bacilli,Bacillales,Bacillaceae,Bacillus,p,soil,81.3794,100.0,24,0.16,30,8,22.60496136,17.07,0.6865,4.082482905,1.6347360087981968,Klebsiella pneumoniae,1.654944889742524,-0.020208880944327268,43.12568523960486,45.17986092749737
83,Ag,Bacillus subtilis,non-pathogenic,chemical_synthesis,MIC,spherical,Bacteria,Bacillota,Bacilli,Bacillales,Bacillaceae,Bacillus,p,soil,107.87,79.0,18,0.16,30,11,23.00188061,0.0,0.0,1.78376517,0.550124365651139,Klebsiella pneumoniae,0.592992948129494,-0.04286858247835501,3.5491500903011524,3.9173551623819765
84,Pd,Bacillus subtilis,non-pathogenic,green_synthesis,MBEC,cubic,Bacteria,Bacillota,Bacilli,Bacillales,Bacillaceae,Bacillus,p,soil,195.084,22.5,2,0.16,30,10,21.14774404,0.0,0.0,1.870828693,2.0011799853297223,Klebsiella pneumoniae,2.0507268613254848,-0.04954687599576246,100.27207110650438,112.3897904108675
85,Ag,Bacillus subtilis,non-pathogenic,chemical_synthesis,MBC,rod-shaped,Bacteria,Bacillota,Bacilli,Bacillales,Bacillaceae,Bacillus,p,soil,107.87,79.0,2,0.16,30,11,23.00188061,0.0,0.0,1.78376517,0.9965905895639438,Klebsiella pneumoniae,1.0778792381575042,-0.08128864859356044,9.921802767178027,11.964078066091034
86,Ag,Bacillus subtilis,non-pathogenic,chemical_synthesis,MBC,spherical,Bacteria,Bacillota,Bacilli,Bacillales,Bacillaceae,Bacillus,p,soil,107.87,20.0,2,0.16,30,11,23.00188061,0.0,0.0,1.78376517,1.2321571696861626,Klebsiella pneumoniae,1.3265114332730166,-0.09435426358685395,17.066999261143522,21.20857226220671
87,ZnO,Bacillus subtilis,non-pathogenic,chemical_synthesis,MIC,hexagonal,Bacteria,Bacillota,Bacilli,Bacillales,Bacillaceae,Bacillus,p,soil,81.3794,12.0,24,0.16,30,8,22.60496136,17.07,0.6865,4.082482905,2.4311863278146744,Klebsiella pneumoniae,2.541540414747633,-0.11035408693295867,269.889710715585,347.9688875687984
88,Au,Bacillus subtilis,non-pathogenic,chemical_synthesis,MBC,hexagonal,Bacteria,Bacillota,Bacilli,Bacillales,Bacillaceae,Bacillus,p,soil,196.966569,11.3,18,0.16,30,11,23.00188061,0.0,0.0,2.46797672,1.8833601438092664,Klebsiella pneumoniae,2.014462950249718,-0.13110280644045158,76.44694660969638,103.38628981667198
89,ZnO,Bacillus subtilis,non-pathogenic,chemical_synthesis,MIC,spherical,Bacteria,Bacillota,Bacilli,Bacillales,Bacillaceae,Bacillus,p,soil,81.3794,18.5,18,0.16,30,8,22.60496136,17.07,0.6865,4.082482905,1.0174594359106672,Klebsiella pneumoniae,1.2096038932085733,-0.19214445729790608,10.410208693726547,16.20331568046538
