,np,bacteria,bac_type,np_synthesis,method,shape,kingdom,phylum,class,order,family,genus,gram,isolated_from,mol_weight (g/mol),np_size_avg (nm),time_set,"min_Incub_period, h","growth_temp, C",Valance_electron,labuteASA,tpsa,CrippenMR,chi0v,pred_MIC_norm,pathogenic_bacteria,pred_MIC_pathogen,Fitness,pred_norm_MIC_original,pred_path_MIC_original
0,ZnO,Bacillus subtilis,non-pathogenic,green_synthesis,MBC,quasi-hexagonal,Bacteria,Bacillota,Bacilli,Bacillales,Bacillaceae,Bacillus,p,soil,81.3794,6.0,4,0.16,30,8,22.60496136,17.07,0.6865,4.082482905,1.357451039866873,Klebsiella pneumoniae,0.45374927268746146,0.9037017671794116,22.774614780546944,2.842819414333345
1,Ag,Bacillus subtilis,non-pathogenic,chemical_synthesis,MIC,quasi-spherical,Bacteria,Bacillota,Bacilli,Bacillales,Bacillaceae,Bacillus,p,soil,107.87,1.4,2,0.16,30,11,23.00188061,0.0,0.0,1.78376517,1.1740914964284181,Klebsiella pneumoniae,0.3573843775923633,0.8167071188360548,14.931089421170038,2.277111924658897
2,ZnO,Bacillus subtilis,non-pathogenic,green_synthesis,MIC,hexagonal,Bacteria,Bacillota,Bacilli,Bacillales,Bacillaceae,Bacillus,p,soil,81.3794,1.9,1,0.16,30,8,22.60496136,17.07,0.6865,4.082482905,1.5556996365756148,Klebsiella pneumoniae,0.7822722698132741,0.7734273667623407,35.95006140941858,6.057204967113784
3,Ag,Bacillus subtilis,non-pathogenic,chemical_synthesis,MIC,rod-shaped,Bacteria,Bacillota,Bacilli,Bacillales,Bacillaceae,Bacillus,p,soil,107.87,0.8,3,0.16,30,11,23.00188061,0.0,0.0,1.78376517,0.9334818868122476,Klebsiella pneumoniae,0.20336139560839905,0.7301204912038486,8.579893296814525,1.5972077014157917
4,Ag,Bacillus subtilis,non-pathogenic,chemical_synthesis,MIC,nanoplates,Bacteria,Bacillota,Bacilli,Bacillales,Bacillaceae,Bacillus,p,soil,107.87,4.0,0,0.16,30,11,23.00188061,0.0,0.0,1.78376517,1.4573657061829441,Klebsiella pneumoniae,0.734397279911396,0.7229684262715481,28.66590822871599,5.424969238345333
5,ZnO,Bacillus subtilis,non-pathogenic,green_synthesis,MBC,hexagonal,Bacteria,Bacillota,Bacilli,Bacillales,Bacillaceae,Bacillus,p,soil,81.3794,5.1,0,0.16,30,8,22.60496136,17.07,0.6865,4.082482905,2.5223201898114485,Klebsiella pneumoniae,1.8015174258695665,0.7208027639418819,332.90490173450905,63.316576669100954
6,CeO2,Bacillus subtilis,non-pathogenic,green_synthesis,MIC,quasi-spherical,Bacteria,Bacillota,Bacilli,Bacillales,Bacillaceae,Bacillus,p,soil,172.115,4.0,0,0.16,30,16,39.19032095,34.14,1.373,4.456551526,2.425018804682535,Klebsiella pneumoniae,1.7184387742919522,0.7065800303905827,266.0840270042977,52.292424048423825
7,Ag,Bacillus subtilis,non-pathogenic,chemical_synthesis,MIC,spheroidal,Bacteria,Bacillota,Bacilli,Bacillales,Bacillaceae,Bacillus,p,soil,107.87,26.38,18,0.16,30,11,23.00188061,0.0,0.0,1.78376517,0.8104898244971092,Klebsiella pneumoniae,0.10494188458681109,0.7055479399102981,6.4638284909699255,1.2733326777322653
8,ZnO,Bacillus subtilis,non-pathogenic,green_synthesis,MBC,quasi-spherical,Bacteria,Bacillota,Bacilli,Bacillales,Bacillaceae,Bacillus,p,soil,81.3794,10.0,3,0.16,30,8,22.60496136,17.07,0.6865,4.082482905,2.221544244437962,Klebsiella pneumoniae,1.524100628412362,0.6974436160256001,166.5498494438451,33.42724838207539
9,TiO2,Bacillus subtilis,non-pathogenic,green_synthesis,MBC,quasi-hexagonal,Bacteria,Bacillota,Bacilli,Bacillales,Bacillaceae,Bacillus,p,soil,79.866,4.0,3,0.16,30,16,26.40611331,34.14,1.373,2.878049394,2.1342474185137394,Klebsiella pneumoniae,1.508938676608457,0.6253087419052825,136.22205214490944,32.28038283012737
10,Au,Bacillus subtilis,non-pathogenic,chemical_synthesis,MIC,quasi-hexagonal,Bacteria,Bacillota,Bacilli,Bacillales,Bacillaceae,Bacillus,p,soil,196.966569,4.0,3,0.16,30,11,23.00188061,0.0,0.0,2.46797672,1.1074961435952697,Klebsiella pneumoniae,0.4829605806075188,0.6245355629877509,12.808437209777356,3.0406090276947406
11,CeO2,Bacillus subtilis,non-pathogenic,chemical_synthesis,MIC,nanoplates,Bacteria,Bacillota,Bacilli,Bacillales,Bacillaceae,Bacillus,p,soil,172.115,5.1,0,0.16,30,16,39.19032095,34.14,1.373,4.456551526,3.1164815068643206,Klebsiella pneumoniae,2.4956751535974426,0.6208063532668779,1307.61985664172,313.094294523593
12,Ag,Bacillus subtilis,non-pathogenic,green_synthesis,MIC,quasi-hexagonal,Bacteria,Bacillota,Bacilli,Bacillales,Bacillaceae,Bacillus,p,soil,107.87,0.8,2,0.16,30,11,23.00188061,0.0,0.0,1.78376517,0.9519515657604812,Klebsiella pneumoniae,0.33270382956760036,0.6192477361928809,8.952649164950541,2.1513141292897555
13,ZnO,Bacillus subtilis,non-pathogenic,green_synthesis,MBC,hexagonal,Bacteria,Bacillota,Bacilli,Bacillales,Bacillaceae,Bacillus,p,soil,81.3794,3.0,2,0.16,30,8,22.60496136,17.07,0.6865,4.082482905,2.0232239701908696,Klebsiella pneumoniae,1.4091179568901606,0.614106013300709,105.49307949383818,25.651806597959737
14,TiO2,Bacillus subtilis,non-pathogenic,green_synthesis,MIC,hexagonal,Bacteria,Bacillota,Bacilli,Bacillales,Bacillaceae,Bacillus,p,soil,79.866,6.0,4,0.16,30,16,26.40611331,34.14,1.373,2.878049394,2.7995866338114936,Klebsiella pneumoniae,2.217158931991089,0.5824277018204045,630.3570781657903,164.8765654236384
15,Au,Bacillus subtilis,non-pathogenic,green_synthesis,MIC,quasi-spherical,Bacteria,Bacillota,Bacilli,Bacillales,Bacillaceae,Bacillus,p,soil,196.966569,1.9,4,0.16,30,11,23.00188061,0.0,0.0,2.46797672,1.7903664817537663,Klebsiella pneumoniae,1.213480861081339,0.5768856206724273,61.71155384955866,16.348611028666536
16,Ag,Bacillus subtilis,non-pathogenic,chemical_synthesis,MIC,cubic,Bacteria,Bacillota,Bacilli,Bacillales,Bacillaceae,Bacillus,p,soil,107.87,4.0,18,0.16,30,11,23.00188061,0.0,0.0,1.78376517,1.3208121785613585,Klebsiella pneumoniae,0.7520116475309035,0.5688005310304549,20.93207000699038,5.649521263037103
17,ZnO,Bacillus subtilis,non-pathogenic,green_synthesis,MBEC,nanoplates,Bacteria,Bacillota,Bacilli,Bacillales,Bacillaceae,Bacillus,p,soil,81.3794,3.0,4,0.16,30,8,22.60496136,17.07,0.6865,4.082482905,2.0763210445767206,Klebsiella pneumoniae,1.5095309555074823,0.5667900890692383,119.21229383493332,32.324435962978946
18,CeO2,Bacillus subtilis,non-pathogenic,green_synthesis,MIC,spheroidal,Bacteria,Bacillota,Bacilli,Bacillales,Bacillaceae,Bacillus,p,soil,172.115,4.0,0,0.16,30,16,39.19032095,34.14,1.373,4.456551526,2.373270446672401,Klebsiella pneumoniae,1.8068735909424363,0.5663968557299648,236.1948623251054,64.10229684043081
19,ZnO,Bacillus subtilis,non-pathogenic,green_synthesis,MIC,spheroidal,Bacteria,Bacillota,Bacilli,Bacillales,Bacillaceae,Bacillus,p,soil,81.3794,6.0,24,0.16,30,8,22.60496136,17.07,0.6865,4.082482905,1.997216705751122,Klebsiella pneumoniae,1.4309089676109537,0.5663077381401684,99.36117205310491,26.971740190228626
20,Au,Bacillus subtilis,non-pathogenic,chemical_synthesis,MIC,cubic,Bacteria,Bacillota,Bacilli,Bacillales,Bacillaceae,Bacillus,p,soil,196.966569,3.0,2,0.16,30,11,23.00188061,0.0,0.0,2.46797672,2.000413598781657,Klebsiella pneumoniae,1.4361814688196368,0.5642321299620203,100.09528000149382,27.301183173444496
21,ZnO,Bacillus subtilis,non-pathogenic,chemical_synthesis,MBC,rod-shaped,Bacteria,Bacillota,Bacilli,Bacillales,Bacillaceae,Bacillus,p,soil,81.3794,6.0,3,0.16,30,8,22.60496136,17.07,0.6865,4.082482905,1.6090752617168984,Klebsiella pneumoniae,1.0542212461280944,0.554854015588804,40.6513770478055,11.329773980223143
22,Ag,Bacillus subtilis,non-pathogenic,green_synthesis,MIC,nanoplates,Bacteria,Bacillota,Bacilli,Bacillales,Bacillaceae,Bacillus,p,soil,107.87,0.8,3,0.16,30,11,23.00188061,0.0,0.0,1.78376517,1.8848141218843282,Klebsiella pneumoniae,1.3322566738993045,0.5525574479850237,76.70331287817883,21.491002461134396
23,Pt,Bacillus subtilis,non-pathogenic,chemical_synthesis,MIC,spherical,Bacteria,Bacillota,Bacilli,Bacillales,Bacillaceae,Bacillus,p,soil,195.084,1.4,24,0.16,30,10,21.75656585,0.0,0.0,2.588435821,1.6410933573915985,Klebsiella pneumoniae,1.0904017430710593,0.5506916143205391,43.76161664800256,12.314073545352212
24,CuO,Bacillus subtilis,non-pathogenic,green_synthesis,MBC,quasi-hexagonal,Bacteria,Bacillota,Bacilli,Bacillales,Bacillaceae,Bacillus,p,soil,79.5454,10.0,4,0.16,30,17,20.67942236,17.07,0.6865,1.651411411,2.6912843073411405,Klebsiella pneumoniae,2.142244867735829,0.5490394396053118,491.2293502043397,138.75379422126744
25,ZnO,Bacillus subtilis,non-pathogenic,green_synthesis,MBC,spherical,Bacteria,Bacillota,Bacilli,Bacillales,Bacillaceae,Bacillus,p,soil,81.3794,0.8,2,0.16,30,8,22.60496136,17.07,0.6865,4.082482905,1.7568274002625193,Klebsiella pneumoniae,1.209541740496864,0.5472856597656552,57.12515615674736,16.20099695897328
26,TiO2,Bacillus subtilis,non-pathogenic,green_synthesis,MIC,hexagonal,Bacteria,Bacillota,Bacilli,Bacillales,Bacillaceae,Bacillus,p,soil,79.866,5.1,0,0.16,30,16,26.40611331,34.14,1.373,2.878049394,2.7881834582333305,Klebsiella pneumoniae,2.2414358523084856,0.5467476059248448,614.0213303089936,174.35558056315574
27,Au,Bacillus subtilis,non-pathogenic,chemical_synthesis,MIC,quasi-spherical,Bacteria,Bacillota,Bacilli,Bacillales,Bacillaceae,Bacillus,p,soil,196.966569,1.4,0,0.16,30,11,23.00188061,0.0,0.0,2.46797672,1.751990362231766,Klebsiella pneumoniae,1.214059381046329,0.5379309811854371,56.49244379935236,16.37040338507776
28,Ag,Bacillus subtilis,non-pathogenic,green_synthesis,MIC,cubic,Bacteria,Bacillota,Bacilli,Bacillales,Bacillaceae,Bacillus,p,soil,107.87,0.8,24,0.16,30,11,23.00188061,0.0,0.0,1.78376517,2.6372031795039366,Klebsiella pneumoniae,2.0997012318274115,0.537501947676525,433.7137387410887,125.80596455598541
29,TiO2,Bacillus subtilis,non-pathogenic,green_synthesis,MIC,quasi-spherical,Bacteria,Bacillota,Bacilli,Bacillales,Bacillaceae,Bacillus,p,soil,79.866,3.0,24,0.16,30,16,26.40611331,34.14,1.373,2.878049394,3.378784752067764,Klebsiella pneumoniae,2.842760038723798,0.536024713343966,2392.129859168126,696.2417125041819
30,ZnO,Bacillus subtilis,non-pathogenic,green_synthesis,MBC,quasi-hexagonal,Bacteria,Bacillota,Bacilli,Bacillales,Bacillaceae,Bacillus,p,soil,81.3794,26.38,4,0.16,30,8,22.60496136,17.07,0.6865,4.082482905,0.9263800051134421,Klebsiella pneumoniae,0.39166218617499715,0.5347178189384449,8.440729936385535,2.46412188651104
31,ZnO,Bacillus subtilis,non-pathogenic,green_synthesis,MBC,spheroidal,Bacteria,Bacillota,Bacilli,Bacillales,Bacillaceae,Bacillus,p,soil,81.3794,4.7,3,0.16,30,8,22.60496136,17.07,0.6865,4.082482905,2.444895132315624,Klebsiella pneumoniae,1.9147806127249827,0.5301145195906414,278.54484941768527,82.1827392496299
32,Au,Bacillus subtilis,non-pathogenic,green_synthesis,MIC,rod-shaped,Bacteria,Bacillota,Bacilli,Bacillales,Bacillaceae,Bacillus,p,soil,196.966569,1.4,0,0.16,30,11,23.00188061,0.0,0.0,2.46797672,1.717070675616667,Klebsiella pneumoniae,1.1914531108321194,0.5256175647845476,52.12795354732728,15.54007501275435
33,ZnO,Bacillus subtilis,non-pathogenic,green_synthesis,MBEC,rod-shaped,Bacteria,Bacillota,Bacilli,Bacillales,Bacillaceae,Bacillus,p,soil,81.3794,10.4,3,0.16,30,8,22.60496136,17.07,0.6865,4.082482905,2.191881481339404,Klebsiella pneumoniae,1.672741604437738,0.519139876901666,155.55410676058708,47.069718870379944
34,Ag,Bacillus subtilis,non-pathogenic,green_synthesis,MIC,nanoplates,Bacteria,Bacillota,Bacilli,Bacillales,Bacillaceae,Bacillus,p,soil,107.87,4.0,2,0.16,30,11,23.00188061,0.0,0.0,1.78376517,1.785405355017068,Klebsiella pneumoniae,1.2745130199134025,0.5108923351036656,61.01060828800208,18.81538112866629
35,ZnO,Bacillus subtilis,non-pathogenic,chemical_synthesis,MIC,rod-shaped,Bacteria,Bacillota,Bacilli,Bacillales,Bacillaceae,Bacillus,p,soil,81.3794,5.1,1,0.16,30,8,22.60496136,17.07,0.6865,4.082482905,1.3312698966337497,Klebsiella pneumoniae,0.8240033619874311,0.5072665346463187,21.442227357304375,6.668119311596004
36,TiO2,Bacillus subtilis,non-pathogenic,green_synthesis,MBC,tetragonal,Bacteria,Bacillota,Bacilli,Bacillales,Bacillaceae,Bacillus,p,soil,79.866,4.7,2,0.16,30,16,26.40611331,34.14,1.373,2.878049394,2.0551693089819842,Klebsiella pneumoniae,1.5501289343847675,0.5050403745972167,113.54533840141086,35.491874271942905
37,ZnO,Bacillus subtilis,non-pathogenic,green_synthesis,MBEC,rod-shaped,Bacteria,Bacillota,Bacilli,Bacillales,Bacillaceae,Bacillus,p,soil,81.3794,12.0,3,0.16,30,8,22.60496136,17.07,0.6865,4.082482905,2.1970385754718267,Klebsiella pneumoniae,1.6920737524035618,0.5049648230682648,157.41226770376477,49.21231015138976
38,Au,Bacillus subtilis,non-pathogenic,green_synthesis,MIC,spheroidal,Bacteria,Bacillota,Bacilli,Bacillales,Bacillaceae,Bacillus,p,soil,196.966569,50.0,18,0.16,30,11,23.00188061,0.0,0.0,2.46797672,1.4042552511611208,Klebsiella pneumoniae,0.9033934376397224,0.5008618135213985,25.366190586558123,8.005591720802986
39,TiO2,Bacillus subtilis,non-pathogenic,green_synthesis,MBC,quasi-hexagonal,Bacteria,Bacillota,Bacilli,Bacillales,Bacillaceae,Bacillus,p,soil,79.866,44.45,1,0.16,30,16,26.40611331,34.14,1.373,2.878049394,0.9095734720204138,Klebsiella pneumoniae,0.4149800089890776,0.4945934630313362,8.12032613403495,2.6000398779653215
40,CuO,Bacillus subtilis,non-pathogenic,green_synthesis,MBEC,rod-shaped,Bacteria,Bacillota,Bacilli,Bacillales,Bacillaceae,Bacillus,p,soil,79.5454,6.0,3,0.16,30,17,20.67942236,17.07,0.6865,1.651411411,3.447609516383221,Klebsiella pneumoniae,2.958339376294246,0.48927014008897496,2802.912345179918,908.5302172454053
41,ZnO,Bacillus subtilis,non-pathogenic,green_synthesis,MBEC,spherical,Bacteria,Bacillota,Bacilli,Bacillales,Bacillaceae,Bacillus,p,soil,81.3794,11.3,2,0.16,30,8,22.60496136,17.07,0.6865,4.082482905,2.43813575264097,Klebsiella pneumoniae,1.9535304938781934,0.4846052587627765,274.24312726362183,89.85256801112408
42,Ag,Bacillus subtilis,non-pathogenic,chemical_synthesis,MBEC,tetragonal,Bacteria,Bacillota,Bacilli,Bacillales,Bacillaceae,Bacillus,p,soil,107.87,25.0,18,0.16,30,11,23.00188061,0.0,0.0,1.78376517,0.24442592409478991,Klebsiella pneumoniae,-0.22184173131546125,0.46626765541025117,1.7556014226159515,0.600009696219358
43,ZnO,Bacillus subtilis,non-pathogenic,chemical_synthesis,MBEC,rod-shaped,Bacteria,Bacillota,Bacilli,Bacillales,Bacillaceae,Bacillus,p,soil,81.3794,4.7,4,0.16,30,8,22.60496136,17.07,0.6865,4.082482905,1.6192842843942805,Klebsiella pneumoniae,1.1564528070195808,0.46283147737469976,41.61829501336884,14.336819153222972
44,Al2O3,Bacillus subtilis,non-pathogenic,green_synthesis,MIC,tetragonal,Bacteria,Bacillota,Bacilli,Bacillales,Bacillaceae,Bacillus,p,soil,101.961276,4.0,18,0.16,30,24,51.55776403,85.5,13.5675,4.688846487,0.9072057214806442,Klebsiella pneumoniae,0.4730759091119079,0.43412981236873627,8.076175009701752,2.9721854862875285
45,ZnO,Bacillus subtilis,non-pathogenic,chemical_synthesis,MIC,cubic,Bacteria,Bacillota,Bacilli,Bacillales,Bacillaceae,Bacillus,p,soil,81.3794,1.4,18,0.16,30,8,22.60496136,17.07,0.6865,4.082482905,1.5343045758734262,Klebsiella pneumoniae,1.1118206409978166,0.42248393487560953,34.22193608735788,12.936614626855686
46,ZnO,Bacillus subtilis,non-pathogenic,chemical_synthesis,MBEC,hexagonal,Bacteria,Bacillota,Bacilli,Bacillales,Bacillaceae,Bacillus,p,soil,81.3794,1.9,0,0.16,30,8,22.60496136,17.07,0.6865,4.082482905,2.025397332859107,Klebsiella pneumoniae,1.644499770961484,0.3808975618976229,106.02232721454264,44.106213051373246
47,ZnO,Bacillus subtilis,non-pathogenic,green_synthesis,MBEC,quasi-spherical,Bacteria,Bacillota,Bacilli,Bacillales,Bacillaceae,Bacillus,p,soil,81.3794,40.0,0,0.16,30,8,22.60496136,17.07,0.6865,4.082482905,1.177910685042663,Klebsiella pneumoniae,0.861450269757944,0.316460415284719,15.06297256332725,7.268591631766696
48,Ag,Bacillus subtilis,non-pathogenic,chemical_synthesis,MIC,cubic,Bacteria,Bacillota,Bacilli,Bacillales,Bacillaceae,Bacillus,p,soil,107.87,28.0,2,0.16,30,11,23.00188061,0.0,0.0,1.78376517,1.4690910046422991,Klebsiella pneumoniae,1.1939315403092463,0.27515946433305283,29.450386900249818,15.629012564336845
49,ZnO,Bacillus subtilis,non-pathogenic,green_synthesis,MBEC,nanoplates,Bacteria,Bacillota,Bacilli,Bacillales,Bacillaceae,Bacillus,p,soil,81.3794,0.8,18,0.16,30,8,22.60496136,17.07,0.6865,4.082482905,1.9745706395513236,Klebsiella pneumoniae,1.720201817411212,0.2543688221401117,94.31280021287108,52.50513958758249
50,Ag,Bacillus subtilis,non-pathogenic,chemical_synthesis,MBEC,quasi-hexagonal,Bacteria,Bacillota,Bacilli,Bacillales,Bacillaceae,Bacillus,p,soil,107.87,3.0,3,0.16,30,11,23.00188061,0.0,0.0,1.78376517,0.8330257452513701,Klebsiella pneumoniae,0.5976493249506818,0.23537642030068828,6.80809716327786,3.9595818508423126
51,ZnO,Bacillus subtilis,non-pathogenic,chemical_synthesis,MBC,nanoplates,Bacteria,Bacillota,Bacilli,Bacillales,Bacillaceae,Bacillus,p,soil,81.3794,18.0,4,0.16,30,8,22.60496136,17.07,0.6865,4.082482905,1.7458145665701899,Klebsiella pneumoniae,1.5451480471470285,0.20066651942316138,55.69478946322978,35.08714625457687
52,Ag,Bacillus subtilis,non-pathogenic,green_synthesis,MBC,rod-shaped,Bacteria,Bacillota,Bacilli,Bacillales,Bacillaceae,Bacillus,p,soil,107.8682,5.1,0,0.16,30,11,23.00188061,0.0,0.0,1.78376517,1.6277215110512413,Klebsiella pneumoniae,1.4397758147982098,0.18794569625303148,42.43473662674608,27.528073222169635
53,Cu,Bacillus subtilis,non-pathogenic,green_synthesis,MBC,hexagonal,Bacteria,Bacillota,Bacilli,Bacillales,Bacillaceae,Bacillus,p,soil,63.55,11.3,18,0.16,30,11,17.96409803,0.0,0.0,1.243163121,2.0517054156087946,Klebsiella pneumoniae,1.8905304475030855,0.16117496810570908,112.64331310496466,77.7195804501316
54,TiO2,Bacillus subtilis,non-pathogenic,green_synthesis,MIC,quasi-hexagonal,Bacteria,Bacillota,Bacilli,Bacillales,Bacillaceae,Bacillus,p,soil,79.866,26.06,2,0.16,30,16,26.40611331,34.14,1.373,2.878049394,1.390800963722378,Klebsiella pneumoniae,1.2364925448955044,0.15430841882687352,24.592402810241616,17.2382249961444
55,CuO,Bacillus subtilis,non-pathogenic,chemical_synthesis,MIC,tetragonal,Bacteria,Bacillota,Bacilli,Bacillales,Bacillaceae,Bacillus,p,soil,79.5454,1.4,3,0.16,30,17,20.67942236,17.07,0.6865,1.651411411,1.2320826827888682,Klebsiella pneumoniae,1.1232521311111008,0.10883055167776745,17.064072309820908,13.2816530475014
56,ZnO,Bacillus subtilis,non-pathogenic,green_synthesis,MBC,tetragonal,Bacteria,Bacillota,Bacilli,Bacillales,Bacillaceae,Bacillus,p,soil,81.3794,25.0,24,0.16,30,8,22.60496136,17.07,0.6865,4.082482905,1.876820641971723,Klebsiella pneumoniae,1.7802863436339613,0.09653429833776173,75.30445018241457,60.29570030377384
57,Ag,Bacillus subtilis,non-pathogenic,green_synthesis,MBC,nanoplates,Bacteria,Bacillota,Bacilli,Bacillales,Bacillaceae,Bacillus,p,soil,107.87,28.0,1,0.16,30,11,23.00188061,0.0,0.0,1.78376517,1.4235597568688976,Klebsiella pneumoniae,1.3445595387206808,0.07900021814821678,26.51915959013771,22.108513277007308
58,ZnO,Bacillus subtilis,non-pathogenic,green_synthesis,MBEC,rod-shaped,Bacteria,Bacillota,Bacilli,Bacillales,Bacillaceae,Bacillus,p,soil,81.3794,28.0,18,0.16,30,8,22.60496136,17.07,0.6865,4.082482905,1.6698064006722373,Klebsiella pneumoniae,1.6044279741741305,0.06537842649810677,46.75266812851966,40.21869495342237
59,Ag,Bacillus subtilis,non-pathogenic,green_synthesis,MBC,triangular,Bacteria,Bacillota,Bacilli,Bacillales,Bacillaceae,Bacillus,p,soil,107.87,10.0,2,0.16,30,11,23.00188061,0.0,0.0,1.78376517,0.6302775771569595,Klebsiella pneumoniae,0.606573018963277,0.023704558193682557,4.268522521270667,4.041783242631803
60,Al2O3,Bacillus subtilis,non-pathogenic,chemical_synthesis,MBEC,nanoplates,Bacteria,Bacillota,Bacilli,Bacillales,Bacillaceae,Bacillus,p,soil,101.961276,0.8,3,0.16,30,24,51.55776403,85.5,13.5675,4.688846487,2.6412283334950195,Klebsiella pneumoniae,2.6412488205575424,-2.0487062522889232e-05,437.7521960804566,437.7728467415135
61,ZnO,Bacillus subtilis,non-pathogenic,chemical_synthesis,MIC,hexagonal,Bacteria,Bacillota,Bacilli,Bacillales,Bacillaceae,Bacillus,p,soil,81.3794,17.5,0,0.16,30,8,22.60496136,17.07,0.6865,4.082482905,1.9330009777345352,Klebsiella pneumoniae,1.9354570255715278,-0.002456047836992603,85.70397746963826,86.19002874887644
62,CuO,Bacillus subtilis,non-pathogenic,green_synthesis,MBEC,quasi-hexagonal,Bacteria,Bacillota,Bacilli,Bacillales,Bacillaceae,Bacillus,p,soil,79.5454,27.43,24,0.16,30,17,20.67942236,17.07,0.6865,1.651411411,2.10800159259433,Klebsiella pneumoniae,2.118343189478657,-0.010341596884327231,128.23352850785585,131.3237239341748
63,Ag,Bacillus subtilis,non-pathogenic,chemical_synthesis,MBC,nanoplates,Bacteria,Bacillota,Bacilli,Bacillales,Bacillaceae,Bacillus,p,soil,107.87,18.0,4,0.16,30,11,23.00188061,0.0,0.0,1.78376517,1.5577155624889731,Klebsiella pneumoniae,1.5745297577375892,-0.01681419524861605,36.11732377919416,37.54306779968419
64,Au,Bacillus subtilis,non-pathogenic,green_synthesis,MBEC,spheroidal,Bacteria,Bacillota,Bacilli,Bacillales,Bacillaceae,Bacillus,p,soil,196.966569,10.0,2,0.16,30,11,23.00188061,0.0,0.0,2.46797672,2.1814803114016557,Klebsiella pneumoniae,2.2162275149861195,-0.034747203584463815,151.87290893844,164.5233390212545
65,ZnO,Bacillus subtilis,non-pathogenic,chemical_synthesis,MBC,quasi-spherical,Bacteria,Bacillota,Bacilli,Bacillales,Bacillaceae,Bacillus,p,soil,81.3794,12.0,24,0.16,30,8,22.60496136,17.07,0.6865,4.082482905,1.9221833097183048,Klebsiella pneumoniae,1.9625693922325715,-0.040386082514266786,83.59557891992648,91.74225108429731
66,Ag,Bacillus subtilis,non-pathogenic,green_synthesis,MIC,quasi-spherical,Bacteria,Bacillota,Bacilli,Bacillales,Bacillaceae,Bacillus,p,soil,107.8682,30.0,0,0.16,30,11,23.00188061,0.0,0.0,1.78376517,1.2750318455337708,Klebsiella pneumoniae,1.4408774294883029,-0.16584558395453208,18.837872169874696,27.59798850935383
67,CuO,Bacillus subtilis,non-pathogenic,chemical_synthesis,MBEC,rod-shaped,Bacteria,Bacillota,Bacilli,Bacillales,Bacillaceae,Bacillus,p,soil,79.5454,44.45,0,0.16,30,17,20.67942236,17.07,0.6865,1.651411411,2.7994385895851934,Klebsiella pneumoniae,2.974753165455531,-0.17531457587033739,630.1422358736731,943.5244646175267
68,ZnO,Bacillus subtilis,non-pathogenic,green_synthesis,MBEC,cubic,Bacteria,Bacillota,Bacilli,Bacillales,Bacillaceae,Bacillus,p,soil,81.3794,38.0,24,0.16,30,8,22.60496136,17.07,0.6865,4.082482905,1.9710053299198373,Klebsiella pneumoniae,2.1718824504936287,-0.20087712057379137,93.54171540720267,148.5533501869024
69,Ag,Bacillus subtilis,non-pathogenic,green_synthesis,MBEC,hexagonal,Bacteria,Bacillota,Bacilli,Bacillales,Bacillaceae,Bacillus,p,soil,107.87,50.0,24,0.16,30,11,23.00188061,0.0,0.0,1.78376517,1.8492876609451583,Klebsiella pneumoniae,2.1106720437702715,-0.2613843828251132,70.67855484192319,129.02445811548034
70,ZnO,Bacillus subtilis,non-pathogenic,chemical_synthesis,MBC,rod-shaped,Bacteria,Bacillota,Bacilli,Bacillales,Bacillaceae,Bacillus,p,soil,81.3794,18.0,24,0.16,30,8,22.60496136,17.07,0.6865,4.082482905,1.4596038433136855,Klebsiella pneumoniae,1.8096203378715403,-0.3500164945578548,28.814019338569494,64.50900419376221
