,np,bacteria,bac_type,np_synthesis,method,shape,kingdom,phylum,class,order,family,genus,gram,isolated_from,mol_weight (g/mol),np_size_avg (nm),time_set,"min_Incub_period, h","growth_temp, C",Valance_electron,labuteASA,tpsa,CrippenMR,chi0v,pred_MIC_norm,pathogenic_bacteria,pred_MIC_pathogen,Fitness,pred_norm_MIC_original,pred_path_MIC_original
0,ZnO,Bacillus subtilis,non-pathogenic,green_synthesis,MBC,quasi-hexagonal,Bacteria,Bacillota,Bacilli,Bacillales,Bacillaceae,Bacillus,p,soil,81.3794,6.0,4,0.16,30,8,22.60496136,17.07,0.6865,4.082482905,1.357451039866873,Klebsiella pneumoniae,0.45374927268746146,0.9037017671794116,22.774614780546944,2.842819414333345
1,Ag,Bacillus subtilis,non-pathogenic,chemical_synthesis,MIC,quasi-spherical,Bacteria,Bacillota,Bacilli,Bacillales,Bacillaceae,Bacillus,p,soil,107.87,1.4,2,0.16,30,11,23.00188061,0.0,0.0,1.78376517,1.1740914964284181,Klebsiella pneumoniae,0.3573843775923633,0.8167071188360548,14.931089421170038,2.277111924658897
2,ZnO,Bacillus subtilis,non-pathogenic,green_synthesis,MIC,quasi-spherical,Bacteria,Bacillota,Bacilli,Bacillales,Bacillaceae,Bacillus,p,soil,81.3794,0.8,2,0.16,30,8,22.60496136,17.07,0.6865,4.082482905,1.204333198374679,Klebsiella pneumoniae,0.4141230756742893,0.7902101227003897,16.00785708591941,2.5949146365295794
3,Ag,Bacillus subtilis,non-pathogenic,chemical_synthesis,MIC,rod-shaped,Bacteria,Bacillota,Bacilli,Bacillales,Bacillaceae,Bacillus,p,soil,107.87,0.8,3,0.16,30,11,23.00188061,0.0,0.0,1.78376517,0.9334818868122476,Klebsiella pneumoniae,0.20336139560839905,0.7301204912038486,8.579893296814525,1.5972077014157917
4,ZnO,Bacillus subtilis,non-pathogenic,green_synthesis,MBC,cubic,Bacteria,Bacillota,Bacilli,Bacillales,Bacillaceae,Bacillus,p,soil,81.3794,4.7,2,0.16,30,8,22.60496136,17.07,0.6865,4.082482905,2.2581571905162696,Klebsiella pneumoniae,1.5340480289620841,0.7241091615541855,181.19958159359226,34.20172643756439
5,CeO2,Bacillus subtilis,non-pathogenic,green_synthesis,MIC,spherical,Bacteria,Bacillota,Bacilli,Bacillales,Bacillaceae,Bacillus,p,soil,172.115,1.9,0,0.16,30,16,39.19032095,34.14,1.373,4.456551526,2.490153694860516,Klebsiella pneumoniae,1.7772493079269092,0.7129043869336069,309.1389267684684,59.87552134798969
6,ZnO,Bacillus subtilis,non-pathogenic,green_synthesis,MIC,quasi-hexagonal,Bacteria,Bacillota,Bacilli,Bacillales,Bacillaceae,Bacillus,p,soil,81.3794,6.0,3,0.16,30,8,22.60496136,17.07,0.6865,4.082482905,0.8786990807498518,Klebsiella pneumoniae,0.1695412194494279,0.7091578613004239,7.563086730623818,1.4775467107988938
7,Ag,Bacillus subtilis,non-pathogenic,chemical_synthesis,MIC,spheroidal,Bacteria,Bacillota,Bacilli,Bacillales,Bacillaceae,Bacillus,p,soil,107.87,18.0,18,0.16,30,11,23.00188061,0.0,0.0,1.78376517,0.858239060292451,Klebsiella pneumoniae,0.15004612270716589,0.7081929375852851,7.215045268702672,1.4126875661355394
8,CeO2,Bacillus subtilis,non-pathogenic,green_synthesis,MIC,quasi-spherical,Bacteria,Bacillota,Bacilli,Bacillales,Bacillaceae,Bacillus,p,soil,172.115,4.0,0,0.16,30,16,39.19032095,34.14,1.373,4.456551526,2.425018804682535,Klebsiella pneumoniae,1.7184387742919522,0.7065800303905827,266.0840270042977,52.292424048423825
9,Ag,Bacillus subtilis,non-pathogenic,chemical_synthesis,MIC,spheroidal,Bacteria,Bacillota,Bacilli,Bacillales,Bacillaceae,Bacillus,p,soil,107.87,26.38,18,0.16,30,11,23.00188061,0.0,0.0,1.78376517,0.8104898244971092,Klebsiella pneumoniae,0.10494188458681109,0.7055479399102981,6.4638284909699255,1.2733326777322653
10,ZnO,Bacillus subtilis,non-pathogenic,green_synthesis,MBC,quasi-spherical,Bacteria,Bacillota,Bacilli,Bacillales,Bacillaceae,Bacillus,p,soil,81.3794,10.4,1,0.16,30,8,22.60496136,17.07,0.6865,4.082482905,2.1580257460305066,Klebsiella pneumoniae,1.4605035755592328,0.6975221704712737,143.88838762544702,28.873775509552623
11,Ag,Bacillus subtilis,non-pathogenic,green_synthesis,MIC,quasi-hexagonal,Bacteria,Bacillota,Bacilli,Bacillales,Bacillaceae,Bacillus,p,soil,107.87,1.9,0,0.16,30,11,23.00188061,0.0,0.0,1.78376517,1.1217049246705302,Klebsiella pneumoniae,0.4304952624385845,0.6912096622319457,13.234420354174821,2.694605937708631
12,TiO2,Bacillus subtilis,non-pathogenic,green_synthesis,MBEC,quasi-hexagonal,Bacteria,Bacillota,Bacilli,Bacillales,Bacillaceae,Bacillus,p,soil,79.866,4.7,0,0.16,30,16,26.40611331,34.14,1.373,2.878049394,2.1897174438703293,Klebsiella pneumoniae,1.561671917178905,0.6280455266914242,154.78092717870751,36.447850176386694
13,Au,Bacillus subtilis,non-pathogenic,chemical_synthesis,MIC,quasi-hexagonal,Bacteria,Bacillota,Bacilli,Bacillales,Bacillaceae,Bacillus,p,soil,196.966569,4.0,3,0.16,30,11,23.00188061,0.0,0.0,2.46797672,1.1074961435952697,Klebsiella pneumoniae,0.4829605806075188,0.6245355629877509,12.808437209777356,3.0406090276947406
14,ZnO,Bacillus subtilis,non-pathogenic,green_synthesis,MBC,cubic,Bacteria,Bacillota,Bacilli,Bacillales,Bacillaceae,Bacillus,p,soil,81.3794,9.0,1,0.16,30,8,22.60496136,17.07,0.6865,4.082482905,2.4433991951435754,Klebsiella pneumoniae,1.8218758619981157,0.6215233331454597,277.5870459146522,66.3553374315153
15,CeO2,Bacillus subtilis,non-pathogenic,chemical_synthesis,MIC,nanoplates,Bacteria,Bacillota,Bacilli,Bacillales,Bacillaceae,Bacillus,p,soil,172.115,5.1,0,0.16,30,16,39.19032095,34.14,1.373,4.456551526,3.1164815068643206,Klebsiella pneumoniae,2.4956751535974426,0.6208063532668779,1307.61985664172,313.094294523593
16,Ag,Bacillus subtilis,non-pathogenic,green_synthesis,MIC,quasi-hexagonal,Bacteria,Bacillota,Bacilli,Bacillales,Bacillaceae,Bacillus,p,soil,107.87,0.8,2,0.16,30,11,23.00188061,0.0,0.0,1.78376517,0.9519515657604812,Klebsiella pneumoniae,0.33270382956760036,0.6192477361928809,8.952649164950541,2.1513141292897555
17,ZnO,Bacillus subtilis,non-pathogenic,green_synthesis,MBC,hexagonal,Bacteria,Bacillota,Bacilli,Bacillales,Bacillaceae,Bacillus,p,soil,81.3794,3.0,2,0.16,30,8,22.60496136,17.07,0.6865,4.082482905,2.0232239701908696,Klebsiella pneumoniae,1.4091179568901606,0.614106013300709,105.49307949383818,25.651806597959737
18,Ag,Bacillus subtilis,non-pathogenic,green_synthesis,MIC,hexagonal,Bacteria,Bacillota,Bacilli,Bacillales,Bacillaceae,Bacillus,p,soil,107.87,1.9,3,0.16,30,11,23.00188061,0.0,0.0,1.78376517,1.9712216822257222,Klebsiella pneumoniae,1.3715955568946616,0.5996261253310606,93.58832665481252,23.528571306087166
19,TiO2,Bacillus subtilis,non-pathogenic,green_synthesis,MIC,spheroidal,Bacteria,Bacillota,Bacilli,Bacillales,Bacillaceae,Bacillus,p,soil,79.866,1.4,4,0.16,30,16,26.40611331,34.14,1.373,2.878049394,2.141465998308401,Klebsiella pneumoniae,1.5443354359256851,0.5971305623827159,138.5051743501676,35.021555850143294
20,ZnO,Bacillus subtilis,non-pathogenic,green_synthesis,MBEC,quasi-hexagonal,Bacteria,Bacillota,Bacilli,Bacillales,Bacillaceae,Bacillus,p,soil,81.3794,4.0,1,0.16,30,8,22.60496136,17.07,0.6865,4.082482905,1.0742385603892692,Klebsiella pneumoniae,0.4776793960392878,0.5965591643499815,11.864202765039192,3.0038579821934577
21,Ag,Bacillus subtilis,non-pathogenic,green_synthesis,MIC,hexagonal,Bacteria,Bacillota,Bacilli,Bacillales,Bacillaceae,Bacillus,p,soil,107.87,1.9,2,0.16,30,11,23.00188061,0.0,0.0,1.78376517,1.943944217130938,Klebsiella pneumoniae,1.356431449000826,0.587512768130112,87.89096182078761,22.721209651468385
22,ZnO,Bacillus subtilis,non-pathogenic,green_synthesis,MBEC,quasi-spherical,Bacteria,Bacillota,Bacilli,Bacillales,Bacillaceae,Bacillus,p,soil,81.3794,11.3,3,0.16,30,8,22.60496136,17.07,0.6865,4.082482905,2.3535595303257226,Klebsiella pneumoniae,1.7748998367903828,0.5786596935353399,225.7145369426364,59.55247792406284
23,Au,Bacillus subtilis,non-pathogenic,green_synthesis,MIC,quasi-spherical,Bacteria,Bacillota,Bacilli,Bacillales,Bacillaceae,Bacillus,p,soil,196.966569,1.9,4,0.16,30,11,23.00188061,0.0,0.0,2.46797672,1.7903664817537663,Klebsiella pneumoniae,1.213480861081339,0.5768856206724273,61.71155384955866,16.348611028666536
24,ZnO,Bacillus subtilis,non-pathogenic,green_synthesis,MBC,nanoplates,Bacteria,Bacillota,Bacilli,Bacillales,Bacillaceae,Bacillus,p,soil,81.3794,11.3,1,0.16,30,8,22.60496136,17.07,0.6865,4.082482905,2.4609852617358774,Klebsiella pneumoniae,1.8855588032402393,0.5754264584956381,289.05817856074384,76.8349482744935
25,Ag,Bacillus subtilis,non-pathogenic,chemical_synthesis,MIC,cubic,Bacteria,Bacillota,Bacilli,Bacillales,Bacillaceae,Bacillus,p,soil,107.87,4.0,18,0.16,30,11,23.00188061,0.0,0.0,1.78376517,1.3208121785613585,Klebsiella pneumoniae,0.7520116475309035,0.5688005310304549,20.93207000699038,5.649521263037103
26,ZnO,Bacillus subtilis,non-pathogenic,green_synthesis,MIC,quasi-hexagonal,Bacteria,Bacillota,Bacilli,Bacillales,Bacillaceae,Bacillus,p,soil,81.3794,0.8,18,0.16,30,8,22.60496136,17.07,0.6865,4.082482905,0.41567945161627784,Klebsiella pneumoniae,-0.1526700080713035,0.5683494596875813,2.604230684019061,0.7036067414958166
27,CeO2,Bacillus subtilis,non-pathogenic,green_synthesis,MIC,spheroidal,Bacteria,Bacillota,Bacilli,Bacillales,Bacillaceae,Bacillus,p,soil,172.115,4.0,0,0.16,30,16,39.19032095,34.14,1.373,4.456551526,2.373270446672401,Klebsiella pneumoniae,1.8068735909424363,0.5663968557299648,236.1948623251054,64.10229684043081
28,ZnO,Bacillus subtilis,non-pathogenic,green_synthesis,MIC,spheroidal,Bacteria,Bacillota,Bacilli,Bacillales,Bacillaceae,Bacillus,p,soil,81.3794,6.0,24,0.16,30,8,22.60496136,17.07,0.6865,4.082482905,1.997216705751122,Klebsiella pneumoniae,1.4309089676109537,0.5663077381401684,99.36117205310491,26.971740190228626
29,TiO2,Bacillus subtilis,non-pathogenic,chemical_synthesis,MBC,quasi-hexagonal,Bacteria,Bacillota,Bacilli,Bacillales,Bacillaceae,Bacillus,p,soil,79.866,8.0,3,0.16,30,16,26.40611331,34.14,1.373,2.878049394,2.0539845698425183,Klebsiella pneumoniae,1.489135003939216,0.5648495659033024,113.23601306139939,30.841465330516897
30,Au,Bacillus subtilis,non-pathogenic,chemical_synthesis,MIC,cubic,Bacteria,Bacillota,Bacilli,Bacillales,Bacillaceae,Bacillus,p,soil,196.966569,3.0,2,0.16,30,11,23.00188061,0.0,0.0,2.46797672,2.000413598781657,Klebsiella pneumoniae,1.4361814688196368,0.5642321299620203,100.09528000149382,27.301183173444496
31,CeO2,Bacillus subtilis,non-pathogenic,chemical_synthesis,MIC,spherical,Bacteria,Bacillota,Bacilli,Bacillales,Bacillaceae,Bacillus,p,soil,172.115,3.0,18,0.16,30,16,39.19032095,34.14,1.373,4.456551526,2.1051093958630083,Klebsiella pneumoniae,1.5421295843907767,0.5629798114722315,127.38239082945783,34.84412671136534
32,ZnO,Bacillus subtilis,non-pathogenic,green_synthesis,MBEC,cubic,Bacteria,Bacillota,Bacilli,Bacillales,Bacillaceae,Bacillus,p,soil,81.3794,8.0,3,0.16,30,8,22.60496136,17.07,0.6865,4.082482905,2.6448011121992256,Klebsiella pneumoniae,2.085159976626712,0.5596411355725137,441.3682737767275,121.6634077194962
33,ZnO,Bacillus subtilis,non-pathogenic,green_synthesis,MBEC,spherical,Bacteria,Bacillota,Bacilli,Bacillales,Bacillaceae,Bacillus,p,soil,81.3794,8.7,0,0.16,30,8,22.60496136,17.07,0.6865,4.082482905,2.4949996826907914,Klebsiella pneumoniae,1.9361341166823833,0.5588655660084081,312.60770831128775,86.32450897046607
34,Ag,Bacillus subtilis,non-pathogenic,green_synthesis,MIC,nanoplates,Bacteria,Bacillota,Bacilli,Bacillales,Bacillaceae,Bacillus,p,soil,107.87,0.8,3,0.16,30,11,23.00188061,0.0,0.0,1.78376517,1.8848141218843282,Klebsiella pneumoniae,1.3322566738993045,0.5525574479850237,76.70331287817883,21.491002461134396
35,ZnO,Bacillus subtilis,non-pathogenic,green_synthesis,MBEC,quasi-spherical,Bacteria,Bacillota,Bacilli,Bacillales,Bacillaceae,Bacillus,p,soil,81.3794,0.8,2,0.16,30,8,22.60496136,17.07,0.6865,4.082482905,1.8718520540882744,Klebsiella pneumoniae,1.3204912219037963,0.5513608321844781,74.4478318170696,20.916606293752874
36,Pt,Bacillus subtilis,non-pathogenic,chemical_synthesis,MIC,spherical,Bacteria,Bacillota,Bacilli,Bacillales,Bacillaceae,Bacillus,p,soil,195.084,1.4,24,0.16,30,10,21.75656585,0.0,0.0,2.588435821,1.6410933573915985,Klebsiella pneumoniae,1.0904017430710593,0.5506916143205391,43.76161664800256,12.314073545352212
37,CuO,Bacillus subtilis,non-pathogenic,green_synthesis,MBC,quasi-hexagonal,Bacteria,Bacillota,Bacilli,Bacillales,Bacillaceae,Bacillus,p,soil,79.5454,10.0,4,0.16,30,17,20.67942236,17.07,0.6865,1.651411411,2.6912843073411405,Klebsiella pneumoniae,2.142244867735829,0.5490394396053118,491.2293502043397,138.75379422126744
38,ZnO,Bacillus subtilis,non-pathogenic,green_synthesis,MBC,spherical,Bacteria,Bacillota,Bacilli,Bacillales,Bacillaceae,Bacillus,p,soil,81.3794,0.8,2,0.16,30,8,22.60496136,17.07,0.6865,4.082482905,1.7568274002625193,Klebsiella pneumoniae,1.209541740496864,0.5472856597656552,57.12515615674736,16.20099695897328
39,TiO2,Bacillus subtilis,non-pathogenic,green_synthesis,MIC,hexagonal,Bacteria,Bacillota,Bacilli,Bacillales,Bacillaceae,Bacillus,p,soil,79.866,5.1,0,0.16,30,16,26.40611331,34.14,1.373,2.878049394,2.7881834582333305,Klebsiella pneumoniae,2.2414358523084856,0.5467476059248448,614.0213303089936,174.35558056315574
40,Ag,Bacillus subtilis,non-pathogenic,chemical_synthesis,MIC,nanoplates,Bacteria,Bacillota,Bacilli,Bacillales,Bacillaceae,Bacillus,p,soil,107.87,4.0,18,0.16,30,11,23.00188061,0.0,0.0,1.78376517,1.3201340289168377,Klebsiella pneumoniae,0.7742982184091017,0.545835810507736,20.899410142760775,5.94700383293901
41,ZnO,Bacillus subtilis,non-pathogenic,chemical_synthesis,MBC,quasi-hexagonal,Bacteria,Bacillota,Bacilli,Bacillales,Bacillaceae,Bacillus,p,soil,81.3794,11.3,1,0.16,30,8,22.60496136,17.07,0.6865,4.082482905,0.7848378992931992,Klebsiella pneumoniae,0.27568315606768734,0.5091547432255119,6.093094296381071,1.8866144482369165
42,ZnO,Bacillus subtilis,non-pathogenic,green_synthesis,MBC,nanoplates,Bacteria,Bacillota,Bacilli,Bacillales,Bacillaceae,Bacillus,p,soil,81.3794,44.45,4,0.16,30,8,22.60496136,17.07,0.6865,4.082482905,1.1858676174843417,Klebsiella pneumoniae,0.78889101714999,0.39697660033435167,15.34149269058767,6.15022518187092
43,ZnO,Bacillus subtilis,non-pathogenic,green_synthesis,MIC,tetragonal,Bacteria,Bacillota,Bacilli,Bacillales,Bacillaceae,Bacillus,p,soil,81.3794,12.0,18,0.16,30,8,22.60496136,17.07,0.6865,4.082482905,0.3032368257982019,Klebsiella pneumoniae,-0.061003999195480496,0.3642408249936824,2.0101886929005763,0.8689524275115477
44,TiO2,Bacillus subtilis,non-pathogenic,green_synthesis,MBC,triangular,Bacteria,Bacillota,Bacilli,Bacillales,Bacillaceae,Bacillus,p,soil,79.866,10.4,2,0.16,30,16,26.40611331,34.14,1.373,2.878049394,1.7055081410652033,Klebsiella pneumoniae,1.3429982448270494,0.3625098962381539,50.7584253858006,22.029175600871785
45,ZnO,Bacillus subtilis,non-pathogenic,green_synthesis,MBC,rod-shaped,Bacteria,Bacillota,Bacilli,Bacillales,Bacillaceae,Bacillus,p,soil,81.3794,79.0,0,0.16,30,8,22.60496136,17.07,0.6865,4.082482905,1.2848395785683002,Klebsiella pneumoniae,0.9346300586688334,0.3502095198994668,19.268130478176765,8.602606515657461
46,Al2O3,Bacillus subtilis,non-pathogenic,chemical_synthesis,MIC,quasi-spherical,Bacteria,Bacillota,Bacilli,Bacillales,Bacillaceae,Bacillus,p,soil,101.961276,6.0,1,0.16,30,24,51.55776403,85.5,13.5675,4.688846487,2.7318247814407846,Klebsiella pneumoniae,2.4206603937512,0.31116438768958465,539.2929978142126,263.4270653567784
47,ZrO2,Bacillus subtilis,non-pathogenic,chemical_synthesis,MBC,cubic,Bacteria,Bacillota,Bacilli,Bacillales,Bacillaceae,Bacillus,p,soil,123.2218,3.0,1,0.16,30,16,29.29254423,34.14,1.373,3.774536472,2.4916779191270413,Klebsiella pneumoniae,2.2013606939128163,0.290317225214225,310.2258042480831,158.98666298533482
48,Au,Bacillus subtilis,non-pathogenic,green_synthesis,MIC,quasi-hexagonal,Bacteria,Bacillota,Bacilli,Bacillales,Bacillaceae,Bacillus,p,soil,196.966569,9.0,2,0.16,30,11,23.00188061,0.0,0.0,2.46797672,1.461703829805172,Klebsiella pneumoniae,1.2138022111862043,0.24790161861896776,28.953683973153254,16.360712430459653
49,CuO,Bacillus subtilis,non-pathogenic,green_synthesis,MBEC,cubic,Bacteria,Bacillota,Bacilli,Bacillales,Bacillaceae,Bacillus,p,soil,79.5454,79.0,4,0.16,30,17,20.67942236,17.07,0.6865,1.651411411,2.8497017293843294,Klebsiella pneumoniae,2.651664698310195,0.19803703107413462,707.4597387655419,448.39906497469696
50,ZnO,Bacillus subtilis,non-pathogenic,chemical_synthesis,MBC,cubic,Bacteria,Bacillota,Bacilli,Bacillales,Bacillaceae,Bacillus,p,soil,81.3794,18.5,0,0.16,30,8,22.60496136,17.07,0.6865,4.082482905,1.749469467949175,Klebsiella pneumoniae,1.5514664956219222,0.19800297232725272,56.165479115018385,35.6013523714575
51,Ag,Bacillus subtilis,non-pathogenic,green_synthesis,MBC,hexagonal,Bacteria,Bacillota,Bacilli,Bacillales,Bacillaceae,Bacillus,p,soil,107.8682,28.0,2,0.16,30,11,23.00188061,0.0,0.0,1.78376517,1.584018411120852,Klebsiella pneumoniae,1.4479662347064644,0.1360521764143876,38.37235124044959,28.05215531086537
52,Ag,Bacillus subtilis,non-pathogenic,chemical_synthesis,MBEC,cubic,Bacteria,Bacillota,Bacilli,Bacillales,Bacillaceae,Bacillus,p,soil,107.87,26.06,3,0.16,30,11,23.00188061,0.0,0.0,1.78376517,1.8458265493733563,Klebsiella pneumoniae,1.7432420459511435,0.10258450342221281,70.11752037532702,55.36585945624997
53,Ag,Bacillus subtilis,non-pathogenic,green_synthesis,MBEC,hexagonal,Bacteria,Bacillota,Bacilli,Bacillales,Bacillaceae,Bacillus,p,soil,107.87,37.86,0,0.16,30,11,23.00188061,0.0,0.0,1.78376517,1.4850398063983403,Klebsiella pneumoniae,1.4081476506178452,0.07689215578049513,30.552011328450497,25.5945589798788
54,ZnO,Bacillus subtilis,non-pathogenic,chemical_synthesis,MIC,spheroidal,Bacteria,Bacillota,Bacilli,Bacillales,Bacillaceae,Bacillus,p,soil,81.3794,26.38,24,0.16,30,8,22.60496136,17.07,0.6865,4.082482905,1.7879662599631074,Klebsiella pneumoniae,1.7159598299625576,0.07200643000054985,61.371432427274414,51.994790176482375
55,ZnO,Bacillus subtilis,non-pathogenic,green_synthesis,MBEC,tetragonal,Bacteria,Bacillota,Bacilli,Bacillales,Bacillaceae,Bacillus,p,soil,81.3794,27.43,0,0.16,30,8,22.60496136,17.07,0.6865,4.082482905,1.0694447658118287,Klebsiella pneumoniae,1.0074426909653345,0.062002074846494226,11.73396438777657,10.172851174686395
56,Au,Bacillus subtilis,non-pathogenic,green_synthesis,MBC,hexagonal,Bacteria,Bacillota,Bacilli,Bacillales,Bacillaceae,Bacillus,p,soil,196.966569,25.0,4,0.16,30,11,23.00188061,0.0,0.0,2.46797672,1.6605599978727432,Klebsiella pneumoniae,1.604081595103843,0.05647840276890026,45.76779588239622,40.18663062656038
57,Ag,Bacillus subtilis,non-pathogenic,chemical_synthesis,MIC,triangular,Bacteria,Bacillota,Bacilli,Bacillales,Bacillaceae,Bacillus,p,soil,107.8682,50.0,3,0.16,30,11,23.00188061,0.0,0.0,1.78376517,-0.742890347904849,Klebsiella pneumoniae,-0.7827212368001404,0.039830888895291405,0.18076304648678113,0.16492206469877826
58,Au,Bacillus subtilis,non-pathogenic,green_synthesis,MBEC,hexagonal,Bacteria,Bacillota,Bacilli,Bacillales,Bacillaceae,Bacillus,p,soil,196.966569,4.0,2,0.16,30,11,23.00188061,0.0,0.0,2.46797672,1.8512560667676523,Klebsiella pneumoniae,1.8406973059526714,0.010558760814980861,70.99962693947971,69.29426713165084
59,ZnO,Bacillus subtilis,non-pathogenic,chemical_synthesis,MBC,quasi-hexagonal,Bacteria,Bacillota,Bacilli,Bacillales,Bacillaceae,Bacillus,p,soil,81.3794,30.0,18,0.16,30,8,22.60496136,17.07,0.6865,4.082482905,0.26716070661663105,Klebsiella pneumoniae,0.2597195781119983,0.0074411285046327436,1.8499530501838701,1.818526265648031
60,Ag,Bacillus subtilis,non-pathogenic,green_synthesis,MBC,spherical,Bacteria,Bacillota,Bacilli,Bacillales,Bacillaceae,Bacillus,p,soil,107.87,9.0,2,0.16,30,11,23.00188061,0.0,0.0,1.78376517,1.8427568758135842,Klebsiella pneumoniae,1.8388643014903938,0.0038925743231903454,69.62366418848288,69.00241670200776
61,Ag,Bacillus subtilis,non-pathogenic,green_synthesis,MBEC,tetragonal,Bacteria,Bacillota,Bacilli,Bacillales,Bacillaceae,Bacillus,p,soil,107.8682,13.0,24,0.16,30,11,23.00188061,0.0,0.0,1.78376517,0.7151773901366592,Klebsiella pneumoniae,0.7532174927727914,-0.03804010263613222,5.1901198914085365,5.665229302092725
62,Ag,Bacillus subtilis,non-pathogenic,green_synthesis,MIC,cubic,Bacteria,Bacillota,Bacilli,Bacillales,Bacillaceae,Bacillus,p,soil,107.87,38.0,18,0.16,30,11,23.00188061,0.0,0.0,1.78376517,1.1570693736924067,Klebsiella pneumoniae,1.2397815637923133,-0.0827121900999066,14.357187550714947,17.36926990394085
63,Ag,Bacillus subtilis,non-pathogenic,chemical_synthesis,MBC,rod-shaped,Bacteria,Bacillota,Bacilli,Bacillales,Bacillaceae,Bacillus,p,soil,107.87,45.26,0,0.16,30,11,23.00188061,0.0,0.0,1.78376517,1.0879056329588577,Klebsiella pneumoniae,1.2310739736346807,-0.14316834067582307,12.243501335937017,17.024484627487364
64,CuO,Bacillus subtilis,non-pathogenic,chemical_synthesis,MBC,hexagonal,Bacteria,Bacillota,Bacilli,Bacillales,Bacillaceae,Bacillus,p,soil,79.5454,38.0,3,0.16,30,17,20.67942236,17.07,0.6865,1.651411411,2.9494720110705357,Klebsiella pneumoniae,3.148613569196205,-0.19914155812566925,890.1680675964636,1408.0353853318918
65,Ag,Bacillus subtilis,non-pathogenic,chemical_synthesis,MBEC,hexagonal,Bacteria,Bacillota,Bacilli,Bacillales,Bacillaceae,Bacillus,p,soil,107.87,11.3,24,0.16,30,11,23.00188061,0.0,0.0,1.78376517,2.367903055756279,Klebsiella pneumoniae,2.5704010374919966,-0.20249798173571776,233.29372403727217,371.8784717094151
66,Au,Bacillus subtilis,non-pathogenic,chemical_synthesis,MBC,tetragonal,Bacteria,Bacillota,Bacilli,Bacillales,Bacillaceae,Bacillus,p,soil,196.966569,30.0,1,0.16,30,11,23.00188061,0.0,0.0,2.46797672,0.7952317770948917,Klebsiella pneumoniae,1.122424553880152,-0.3271927767852604,6.240678031757393,13.25636806657504
67,ZnO,Bacillus subtilis,non-pathogenic,chemical_synthesis,MBEC,quasi-spherical,Bacteria,Bacillota,Bacilli,Bacillales,Bacillaceae,Bacillus,p,soil,81.3794,60.0,24,0.16,30,8,22.60496136,17.07,0.6865,4.082482905,2.006464205544544,Klebsiella pneumoniae,2.391340674154041,-0.3848764686094972,101.499570740271,246.22983505001747
