,np,bacteria,bac_type,np_synthesis,method,shape,kingdom,phylum,class,order,family,genus,gram,isolated_from,mol_weight (g/mol),np_size_avg (nm),time_set,"min_Incub_period, h","growth_temp, C",Valance_electron,labuteASA,tpsa,CrippenMR,chi0v,pred_MIC_norm,pathogenic_bacteria,pred_MIC_pathogen,Fitness,pred_norm_MIC_original,pred_path_MIC_original
0,ZnO,Bacillus subtilis,non-pathogenic,green_synthesis,MBC,quasi-hexagonal,Bacteria,Bacillota,Bacilli,Bacillales,Bacillaceae,Bacillus,p,soil,81.3794,6.0,4,0.16,30,8,22.60496136,17.07,0.6865,4.082482905,1.357451039866873,Klebsiella pneumoniae,0.45374927268746146,0.9037017671794116,22.774614780546944,2.842819414333345
1,Ag,Bacillus subtilis,non-pathogenic,chemical_synthesis,MIC,quasi-spherical,Bacteria,Bacillota,Bacilli,Bacillales,Bacillaceae,Bacillus,p,soil,107.87,1.4,2,0.16,30,11,23.00188061,0.0,0.0,1.78376517,1.1740914964284181,Klebsiella pneumoniae,0.3573843775923633,0.8167071188360548,14.931089421170038,2.277111924658897
2,ZnO,Bacillus subtilis,non-pathogenic,green_synthesis,MIC,quasi-spherical,Bacteria,Bacillota,Bacilli,Bacillales,Bacillaceae,Bacillus,p,soil,81.3794,0.8,2,0.16,30,8,22.60496136,17.07,0.6865,4.082482905,1.204333198374679,Klebsiella pneumoniae,0.4141230756742893,0.7902101227003897,16.00785708591941,2.5949146365295794
3,Ag,Bacillus subtilis,non-pathogenic,chemical_synthesis,MIC,rod-shaped,Bacteria,Bacillota,Bacilli,Bacillales,Bacillaceae,Bacillus,p,soil,107.87,3.0,1,0.16,30,11,23.00188061,0.0,0.0,1.78376517,0.8482631329786846,Klebsiella pneumoniae,0.09464264988189885,0.7536204830967858,7.051201620560274,1.2434910101718686
4,Ag,Bacillus subtilis,non-pathogenic,chemical_synthesis,MIC,rod-shaped,Bacteria,Bacillota,Bacilli,Bacillales,Bacillaceae,Bacillus,p,soil,107.87,0.8,3,0.16,30,11,23.00188061,0.0,0.0,1.78376517,0.9334818868122476,Klebsiella pneumoniae,0.20336139560839905,0.7301204912038486,8.579893296814525,1.5972077014157917
5,ZnO,Bacillus subtilis,non-pathogenic,green_synthesis,MBC,cubic,Bacteria,Bacillota,Bacilli,Bacillales,Bacillaceae,Bacillus,p,soil,81.3794,4.7,2,0.16,30,8,22.60496136,17.07,0.6865,4.082482905,2.2581571905162696,Klebsiella pneumoniae,1.5340480289620841,0.7241091615541855,181.19958159359226,34.20172643756439
6,CeO2,Bacillus subtilis,non-pathogenic,green_synthesis,MIC,spherical,Bacteria,Bacillota,Bacilli,Bacillales,Bacillaceae,Bacillus,p,soil,172.115,1.9,0,0.16,30,16,39.19032095,34.14,1.373,4.456551526,2.490153694860516,Klebsiella pneumoniae,1.7772493079269092,0.7129043869336069,309.1389267684684,59.87552134798969
7,ZnO,Bacillus subtilis,non-pathogenic,green_synthesis,MIC,quasi-hexagonal,Bacteria,Bacillota,Bacilli,Bacillales,Bacillaceae,Bacillus,p,soil,81.3794,6.0,3,0.16,30,8,22.60496136,17.07,0.6865,4.082482905,0.8786990807498518,Klebsiella pneumoniae,0.1695412194494279,0.7091578613004239,7.563086730623818,1.4775467107988938
8,Ag,Bacillus subtilis,non-pathogenic,chemical_synthesis,MIC,spheroidal,Bacteria,Bacillota,Bacilli,Bacillales,Bacillaceae,Bacillus,p,soil,107.87,18.0,18,0.16,30,11,23.00188061,0.0,0.0,1.78376517,0.858239060292451,Klebsiella pneumoniae,0.15004612270716589,0.7081929375852851,7.215045268702672,1.4126875661355394
9,CeO2,Bacillus subtilis,non-pathogenic,green_synthesis,MIC,quasi-spherical,Bacteria,Bacillota,Bacilli,Bacillales,Bacillaceae,Bacillus,p,soil,172.115,4.0,0,0.16,30,16,39.19032095,34.14,1.373,4.456551526,2.425018804682535,Klebsiella pneumoniae,1.7184387742919522,0.7065800303905827,266.0840270042977,52.292424048423825
10,Ag,Bacillus subtilis,non-pathogenic,chemical_synthesis,MIC,spheroidal,Bacteria,Bacillota,Bacilli,Bacillales,Bacillaceae,Bacillus,p,soil,107.87,26.38,18,0.16,30,11,23.00188061,0.0,0.0,1.78376517,0.8104898244971092,Klebsiella pneumoniae,0.10494188458681109,0.7055479399102981,6.4638284909699255,1.2733326777322653
11,ZnO,Bacillus subtilis,non-pathogenic,green_synthesis,MBC,quasi-spherical,Bacteria,Bacillota,Bacilli,Bacillales,Bacillaceae,Bacillus,p,soil,81.3794,10.4,1,0.16,30,8,22.60496136,17.07,0.6865,4.082482905,2.1580257460305066,Klebsiella pneumoniae,1.4605035755592328,0.6975221704712737,143.88838762544702,28.873775509552623
12,Ag,Bacillus subtilis,non-pathogenic,green_synthesis,MIC,quasi-hexagonal,Bacteria,Bacillota,Bacilli,Bacillales,Bacillaceae,Bacillus,p,soil,107.87,1.9,0,0.16,30,11,23.00188061,0.0,0.0,1.78376517,1.1217049246705302,Klebsiella pneumoniae,0.4304952624385845,0.6912096622319457,13.234420354174821,2.694605937708631
13,ZnO,Bacillus subtilis,non-pathogenic,chemical_synthesis,MIC,cubic,Bacteria,Bacillota,Bacilli,Bacillales,Bacillaceae,Bacillus,p,soil,81.3794,3.0,4,0.16,30,8,22.60496136,17.07,0.6865,4.082482905,1.4671598258517464,Klebsiella pneumoniae,0.7929207745852994,0.674239051266447,29.319720494579165,6.207557836075921
14,ZnO,Bacillus subtilis,non-pathogenic,chemical_synthesis,MIC,cubic,Bacteria,Bacillota,Bacilli,Bacillales,Bacillaceae,Bacillus,p,soil,81.3794,1.4,4,0.16,30,8,22.60496136,17.07,0.6865,4.082482905,1.582538712032475,Klebsiella pneumoniae,0.9179694307375176,0.6645692812949574,38.24183400488666,8.27883888298649
15,Pd,Bacillus subtilis,non-pathogenic,chemical_synthesis,MIC,nanoplates,Bacteria,Bacillota,Bacilli,Bacillales,Bacillaceae,Bacillus,p,soil,195.084,6.0,4,0.16,30,10,21.14774404,0.0,0.0,1.870828693,1.4168403854683256,Klebsiella pneumoniae,0.7659243348913994,0.6509160505769261,26.112014934752423,5.833434622001615
16,TiO2,Bacillus subtilis,non-pathogenic,green_synthesis,MBEC,quasi-hexagonal,Bacteria,Bacillota,Bacilli,Bacillales,Bacillaceae,Bacillus,p,soil,79.866,4.7,0,0.16,30,16,26.40611331,34.14,1.373,2.878049394,2.1897174438703293,Klebsiella pneumoniae,1.561671917178905,0.6280455266914242,154.78092717870751,36.447850176386694
17,Au,Bacillus subtilis,non-pathogenic,chemical_synthesis,MIC,quasi-hexagonal,Bacteria,Bacillota,Bacilli,Bacillales,Bacillaceae,Bacillus,p,soil,196.966569,4.0,3,0.16,30,11,23.00188061,0.0,0.0,2.46797672,1.1074961435952697,Klebsiella pneumoniae,0.4829605806075188,0.6245355629877509,12.808437209777356,3.0406090276947406
18,ZnO,Bacillus subtilis,non-pathogenic,green_synthesis,MBC,cubic,Bacteria,Bacillota,Bacilli,Bacillales,Bacillaceae,Bacillus,p,soil,81.3794,9.0,1,0.16,30,8,22.60496136,17.07,0.6865,4.082482905,2.4433991951435754,Klebsiella pneumoniae,1.8218758619981157,0.6215233331454597,277.5870459146522,66.3553374315153
19,CeO2,Bacillus subtilis,non-pathogenic,chemical_synthesis,MIC,nanoplates,Bacteria,Bacillota,Bacilli,Bacillales,Bacillaceae,Bacillus,p,soil,172.115,5.1,0,0.16,30,16,39.19032095,34.14,1.373,4.456551526,3.1164815068643206,Klebsiella pneumoniae,2.4956751535974426,0.6208063532668779,1307.61985664172,313.094294523593
20,Ag,Bacillus subtilis,non-pathogenic,green_synthesis,MIC,quasi-hexagonal,Bacteria,Bacillota,Bacilli,Bacillales,Bacillaceae,Bacillus,p,soil,107.87,0.8,2,0.16,30,11,23.00188061,0.0,0.0,1.78376517,0.9519515657604812,Klebsiella pneumoniae,0.33270382956760036,0.6192477361928809,8.952649164950541,2.1513141292897555
21,ZnO,Bacillus subtilis,non-pathogenic,green_synthesis,MBC,hexagonal,Bacteria,Bacillota,Bacilli,Bacillales,Bacillaceae,Bacillus,p,soil,81.3794,3.0,2,0.16,30,8,22.60496136,17.07,0.6865,4.082482905,2.0232239701908696,Klebsiella pneumoniae,1.4091179568901606,0.614106013300709,105.49307949383818,25.651806597959737
22,Ag,Bacillus subtilis,non-pathogenic,green_synthesis,MIC,cubic,Bacteria,Bacillota,Bacilli,Bacillales,Bacillaceae,Bacillus,p,soil,107.87,3.0,3,0.16,30,11,23.00188061,0.0,0.0,1.78376517,1.8498842322993714,Klebsiella pneumoniae,1.2493361608818878,0.6005480714174836,70.77570959790444,17.755633044326498
23,Ag,Bacillus subtilis,non-pathogenic,green_synthesis,MIC,hexagonal,Bacteria,Bacillota,Bacilli,Bacillales,Bacillaceae,Bacillus,p,soil,107.87,1.9,3,0.16,30,11,23.00188061,0.0,0.0,1.78376517,1.9712216822257222,Klebsiella pneumoniae,1.3715955568946616,0.5996261253310606,93.58832665481252,23.528571306087166
24,TiO2,Bacillus subtilis,non-pathogenic,green_synthesis,MIC,spheroidal,Bacteria,Bacillota,Bacilli,Bacillales,Bacillaceae,Bacillus,p,soil,79.866,1.4,4,0.16,30,16,26.40611331,34.14,1.373,2.878049394,2.141465998308401,Klebsiella pneumoniae,1.5443354359256851,0.5971305623827159,138.5051743501676,35.021555850143294
25,ZnO,Bacillus subtilis,non-pathogenic,green_synthesis,MBEC,quasi-hexagonal,Bacteria,Bacillota,Bacilli,Bacillales,Bacillaceae,Bacillus,p,soil,81.3794,4.0,1,0.16,30,8,22.60496136,17.07,0.6865,4.082482905,1.0742385603892692,Klebsiella pneumoniae,0.4776793960392878,0.5965591643499815,11.864202765039192,3.0038579821934577
26,Ag,Bacillus subtilis,non-pathogenic,green_synthesis,MIC,hexagonal,Bacteria,Bacillota,Bacilli,Bacillales,Bacillaceae,Bacillus,p,soil,107.87,1.9,2,0.16,30,11,23.00188061,0.0,0.0,1.78376517,1.943944217130938,Klebsiella pneumoniae,1.356431449000826,0.587512768130112,87.89096182078761,22.721209651468385
27,ZnO,Bacillus subtilis,non-pathogenic,green_synthesis,MIC,nanoplates,Bacteria,Bacillota,Bacilli,Bacillales,Bacillaceae,Bacillus,p,soil,81.3794,6.0,2,0.16,30,8,22.60496136,17.07,0.6865,4.082482905,2.037918778192608,Klebsiella pneumoniae,1.4518038666551527,0.5861149115374553,109.12362342290726,28.301135890332077
28,ZnO,Bacillus subtilis,non-pathogenic,green_synthesis,MBEC,quasi-spherical,Bacteria,Bacillota,Bacilli,Bacillales,Bacillaceae,Bacillus,p,soil,81.3794,11.3,3,0.16,30,8,22.60496136,17.07,0.6865,4.082482905,2.3535595303257226,Klebsiella pneumoniae,1.7748998367903828,0.5786596935353399,225.7145369426364,59.55247792406284
29,Au,Bacillus subtilis,non-pathogenic,green_synthesis,MIC,quasi-spherical,Bacteria,Bacillota,Bacilli,Bacillales,Bacillaceae,Bacillus,p,soil,196.966569,1.9,4,0.16,30,11,23.00188061,0.0,0.0,2.46797672,1.7903664817537663,Klebsiella pneumoniae,1.213480861081339,0.5768856206724273,61.71155384955866,16.348611028666536
30,ZnO,Bacillus subtilis,non-pathogenic,green_synthesis,MBC,nanoplates,Bacteria,Bacillota,Bacilli,Bacillales,Bacillaceae,Bacillus,p,soil,81.3794,11.3,1,0.16,30,8,22.60496136,17.07,0.6865,4.082482905,2.4609852617358774,Klebsiella pneumoniae,1.8855588032402393,0.5754264584956381,289.05817856074384,76.8349482744935
31,Ag,Bacillus subtilis,non-pathogenic,chemical_synthesis,MIC,cubic,Bacteria,Bacillota,Bacilli,Bacillales,Bacillaceae,Bacillus,p,soil,107.87,4.0,18,0.16,30,11,23.00188061,0.0,0.0,1.78376517,1.3208121785613585,Klebsiella pneumoniae,0.7520116475309035,0.5688005310304549,20.93207000699038,5.649521263037103
32,ZnO,Bacillus subtilis,non-pathogenic,green_synthesis,MIC,quasi-hexagonal,Bacteria,Bacillota,Bacilli,Bacillales,Bacillaceae,Bacillus,p,soil,81.3794,0.8,18,0.16,30,8,22.60496136,17.07,0.6865,4.082482905,0.41567945161627784,Klebsiella pneumoniae,-0.1526700080713035,0.5683494596875813,2.604230684019061,0.7036067414958166
33,CeO2,Bacillus subtilis,non-pathogenic,green_synthesis,MIC,spheroidal,Bacteria,Bacillota,Bacilli,Bacillales,Bacillaceae,Bacillus,p,soil,172.115,4.0,0,0.16,30,16,39.19032095,34.14,1.373,4.456551526,2.373270446672401,Klebsiella pneumoniae,1.8068735909424363,0.5663968557299648,236.1948623251054,64.10229684043081
34,ZnO,Bacillus subtilis,non-pathogenic,green_synthesis,MIC,spheroidal,Bacteria,Bacillota,Bacilli,Bacillales,Bacillaceae,Bacillus,p,soil,81.3794,6.0,24,0.16,30,8,22.60496136,17.07,0.6865,4.082482905,1.997216705751122,Klebsiella pneumoniae,1.4309089676109537,0.5663077381401684,99.36117205310491,26.971740190228626
35,TiO2,Bacillus subtilis,non-pathogenic,chemical_synthesis,MBC,quasi-hexagonal,Bacteria,Bacillota,Bacilli,Bacillales,Bacillaceae,Bacillus,p,soil,79.866,8.0,3,0.16,30,16,26.40611331,34.14,1.373,2.878049394,2.0539845698425183,Klebsiella pneumoniae,1.489135003939216,0.5648495659033024,113.23601306139939,30.841465330516897
36,Au,Bacillus subtilis,non-pathogenic,chemical_synthesis,MIC,cubic,Bacteria,Bacillota,Bacilli,Bacillales,Bacillaceae,Bacillus,p,soil,196.966569,3.0,2,0.16,30,11,23.00188061,0.0,0.0,2.46797672,2.000413598781657,Klebsiella pneumoniae,1.4361814688196368,0.5642321299620203,100.09528000149382,27.301183173444496
37,CeO2,Bacillus subtilis,non-pathogenic,chemical_synthesis,MIC,spherical,Bacteria,Bacillota,Bacilli,Bacillales,Bacillaceae,Bacillus,p,soil,172.115,3.0,18,0.16,30,16,39.19032095,34.14,1.373,4.456551526,2.1051093958630083,Klebsiella pneumoniae,1.5421295843907767,0.5629798114722315,127.38239082945783,34.84412671136534
38,ZnO,Bacillus subtilis,non-pathogenic,green_synthesis,MBEC,cubic,Bacteria,Bacillota,Bacilli,Bacillales,Bacillaceae,Bacillus,p,soil,81.3794,8.0,3,0.16,30,8,22.60496136,17.07,0.6865,4.082482905,2.6448011121992256,Klebsiella pneumoniae,2.085159976626712,0.5596411355725137,441.3682737767275,121.6634077194962
39,Ag,Bacillus subtilis,non-pathogenic,green_synthesis,MIC,nanoplates,Bacteria,Bacillota,Bacilli,Bacillales,Bacillaceae,Bacillus,p,soil,107.87,0.8,3,0.16,30,11,23.00188061,0.0,0.0,1.78376517,1.8848141218843282,Klebsiella pneumoniae,1.3322566738993045,0.5525574479850237,76.70331287817883,21.491002461134396
40,ZnO,Bacillus subtilis,non-pathogenic,green_synthesis,MBEC,quasi-spherical,Bacteria,Bacillota,Bacilli,Bacillales,Bacillaceae,Bacillus,p,soil,81.3794,0.8,2,0.16,30,8,22.60496136,17.07,0.6865,4.082482905,1.8718520540882744,Klebsiella pneumoniae,1.3204912219037963,0.5513608321844781,74.4478318170696,20.916606293752874
41,Pt,Bacillus subtilis,non-pathogenic,chemical_synthesis,MIC,spherical,Bacteria,Bacillota,Bacilli,Bacillales,Bacillaceae,Bacillus,p,soil,195.084,1.4,24,0.16,30,10,21.75656585,0.0,0.0,2.588435821,1.6410933573915985,Klebsiella pneumoniae,1.0904017430710593,0.5506916143205391,43.76161664800256,12.314073545352212
42,CuO,Bacillus subtilis,non-pathogenic,green_synthesis,MBC,quasi-hexagonal,Bacteria,Bacillota,Bacilli,Bacillales,Bacillaceae,Bacillus,p,soil,79.5454,10.0,4,0.16,30,17,20.67942236,17.07,0.6865,1.651411411,2.6912843073411405,Klebsiella pneumoniae,2.142244867735829,0.5490394396053118,491.2293502043397,138.75379422126744
43,ZnO,Bacillus subtilis,non-pathogenic,green_synthesis,MBC,spherical,Bacteria,Bacillota,Bacilli,Bacillales,Bacillaceae,Bacillus,p,soil,81.3794,0.8,2,0.16,30,8,22.60496136,17.07,0.6865,4.082482905,1.7568274002625193,Klebsiella pneumoniae,1.209541740496864,0.5472856597656552,57.12515615674736,16.20099695897328
44,TiO2,Bacillus subtilis,non-pathogenic,green_synthesis,MBEC,nanoplates,Bacteria,Bacillota,Bacilli,Bacillales,Bacillaceae,Bacillus,p,soil,79.866,12.0,3,0.16,30,16,26.40611331,34.14,1.373,2.878049394,3.335572044894947,Klebsiella pneumoniae,2.8620894039112943,0.47348264098365256,2165.5690946888567,727.9296407920425
45,ZnO,Bacillus subtilis,non-pathogenic,chemical_synthesis,MBC,quasi-hexagonal,Bacteria,Bacillota,Bacilli,Bacillales,Bacillaceae,Bacillus,p,soil,81.3794,1.9,2,0.16,30,8,22.60496136,17.07,0.6865,4.082482905,0.21398829260312224,Klebsiella pneumoniae,-0.24780932504477216,0.4617976176478944,1.636772397905305,0.5651850621980818
46,ZnO,Bacillus subtilis,non-pathogenic,chemical_synthesis,MBC,quasi-hexagonal,Bacteria,Bacillota,Bacilli,Bacillales,Bacillaceae,Bacillus,p,soil,81.3794,18.0,3,0.16,30,8,22.60496136,17.07,0.6865,4.082482905,0.5767542497203453,Klebsiella pneumoniae,0.2702723941360363,0.30648185558430896,3.773585980117577,1.8632554239394186
47,Ag,Bacillus subtilis,non-pathogenic,chemical_synthesis,MIC,rod-shaped,Bacteria,Bacillota,Bacilli,Bacillales,Bacillaceae,Bacillus,p,soil,107.87,18.0,1,0.16,30,11,23.00188061,0.0,0.0,1.78376517,0.792963424279622,Klebsiella pneumoniae,0.5055358347847871,0.2874275894948348,6.2081674764363335,3.202844358873908
48,Au,Bacillus subtilis,non-pathogenic,green_synthesis,MBC,hexagonal,Bacteria,Bacillota,Bacilli,Bacillales,Bacillaceae,Bacillus,p,soil,196.966569,40.0,4,0.16,30,11,23.00188061,0.0,0.0,2.46797672,1.2052031002281343,Klebsiella pneumoniae,0.9825137887559532,0.22268931147218107,16.039953326509266,9.60536314723031
49,ZnO,Bacillus subtilis,non-pathogenic,green_synthesis,MBC,spheroidal,Bacteria,Bacillota,Bacilli,Bacillales,Bacillaceae,Bacillus,p,soil,81.3794,13.0,0,0.16,30,8,22.60496136,17.07,0.6865,4.082482905,2.4855473819303118,Klebsiella pneumoniae,2.307024169280807,0.17852321264950488,305.8773943377812,202.77955669066046
50,Ag,Bacillus subtilis,non-pathogenic,green_synthesis,MBEC,triangular,Bacteria,Bacillota,Bacilli,Bacillales,Bacillaceae,Bacillus,p,soil,107.87,37.86,0,0.16,30,11,23.00188061,0.0,0.0,1.78376517,-0.20844616187356424,Klebsiella pneumoniae,-0.36600397926229045,0.1575578173887262,0.6188050341201898,0.4305226657709532
51,Al2O3,Bacillus subtilis,non-pathogenic,green_synthesis,MBC,spheroidal,Bacteria,Bacillota,Bacilli,Bacillales,Bacillaceae,Bacillus,p,soil,101.961276,79.0,4,0.16,30,24,51.55776403,85.5,13.5675,4.688846487,1.9753172756858963,Klebsiella pneumoniae,1.8442113476715798,0.13110592801431653,94.47508159737491,69.85722787749256
52,ZnO,Bacillus subtilis,non-pathogenic,chemical_synthesis,MBC,rod-shaped,Bacteria,Bacillota,Bacilli,Bacillales,Bacillaceae,Bacillus,p,soil,81.3794,30.0,4,0.16,30,8,22.60496136,17.07,0.6865,4.082482905,1.0124645674810795,Klebsiella pneumoniae,0.9097863035742999,0.10267826390677959,10.291165618642191,8.124306578753274
53,Ag,Bacillus subtilis,non-pathogenic,green_synthesis,MBEC,tetragonal,Bacteria,Bacillota,Bacilli,Bacillales,Bacillaceae,Bacillus,p,soil,107.8682,40.0,0,0.16,30,11,23.00188061,0.0,0.0,1.78376517,0.3686324878598559,Klebsiella pneumoniae,0.2783961228839813,0.09023636497587462,2.3368588863447126,1.8984367085018228
54,Au,Bacillus subtilis,non-pathogenic,chemical_synthesis,MBC,hexagonal,Bacteria,Bacillota,Bacilli,Bacillales,Bacillaceae,Bacillus,p,soil,196.966569,20.0,4,0.16,30,11,23.00188061,0.0,0.0,2.46797672,1.6566132951602557,Klebsiella pneumoniae,1.5785426830944929,0.07807061206576282,45.35375974932561,37.891577231269885
55,Ag,Bacillus subtilis,non-pathogenic,green_synthesis,MBEC,tetragonal,Bacteria,Bacillota,Bacilli,Bacillales,Bacillaceae,Bacillus,p,soil,107.87,22.5,4,0.16,30,11,23.00188061,0.0,0.0,1.78376517,0.43325749225012267,Klebsiella pneumoniae,0.3595188064975745,0.07373868575254816,2.7117989750402494,2.2883308023019135
56,Ag,Bacillus subtilis,non-pathogenic,green_synthesis,MBEC,cubic,Bacteria,Bacillota,Bacilli,Bacillales,Bacillaceae,Bacillus,p,soil,107.87,12.0,2,0.16,30,11,23.00188061,0.0,0.0,1.78376517,2.4910857938334763,Klebsiella pneumoniae,2.4256453736511596,0.06544042018231666,309.80312474140914,266.4681910335685
57,ZnO,Bacillus subtilis,non-pathogenic,chemical_synthesis,MBC,quasi-spherical,Bacteria,Bacillota,Bacilli,Bacillales,Bacillaceae,Bacillus,p,soil,81.3794,50.0,18,0.16,30,8,22.60496136,17.07,0.6865,4.082482905,1.1609479503293278,Klebsiella pneumoniae,1.1117305468724776,0.04921740345685022,14.48598230387218,12.933931212389014
58,Ag,Bacillus subtilis,non-pathogenic,chemical_synthesis,MIC,tetragonal,Bacteria,Bacillota,Bacilli,Bacillales,Bacillaceae,Bacillus,p,soil,107.8682,18.0,2,0.16,30,11,23.00188061,0.0,0.0,1.78376517,0.5264710032776474,Klebsiella pneumoniae,0.5031224464175856,0.023348556860061764,3.3610192763910547,3.185095411440997
59,Cu,Bacillus subtilis,non-pathogenic,green_synthesis,MIC,quasi-spherical,Bacteria,Bacillota,Bacilli,Bacillales,Bacillaceae,Bacillus,p,soil,63.55,13.0,4,0.16,30,11,17.96409803,0.0,0.0,1.243163121,1.512320173001462,Klebsiella pneumoniae,1.5216671750050657,-0.009347002003603722,32.53270484213518,33.240471468792926
60,Au,Bacillus subtilis,non-pathogenic,green_synthesis,MBC,quasi-spherical,Bacteria,Bacillota,Bacilli,Bacillales,Bacillaceae,Bacillus,p,soil,196.966569,12.5,3,0.16,30,11,23.00188061,0.0,0.0,2.46797672,1.7375858650047014,Klebsiella pneumoniae,1.7764266192353304,-0.03884075423062905,54.64945874549757,59.762205867439896
61,ZnO,Bacillus subtilis,non-pathogenic,chemical_synthesis,MIC,tetragonal,Bacteria,Bacillota,Bacilli,Bacillales,Bacillaceae,Bacillus,p,soil,81.3794,18.0,2,0.16,30,8,22.60496136,17.07,0.6865,4.082482905,0.10064576412726622,Klebsiella pneumoniae,0.20117484186500723,-0.100529077737741,1.2607987341964704,1.5891864076392577
62,ZnO,Bacillus subtilis,non-pathogenic,chemical_synthesis,MBC,spheroidal,Bacteria,Bacillota,Bacilli,Bacillales,Bacillaceae,Bacillus,p,soil,81.3794,30.0,4,0.16,30,8,22.60496136,17.07,0.6865,4.082482905,1.4241380940859654,Klebsiella pneumoniae,1.5410537227112096,-0.11691562862524418,26.554497901025915,34.75791547126297
63,Au,Bacillus subtilis,non-pathogenic,green_synthesis,MBEC,quasi-hexagonal,Bacteria,Bacillota,Bacilli,Bacillales,Bacillaceae,Bacillus,p,soil,196.966569,10.0,24,0.16,30,11,23.00188061,0.0,0.0,2.46797672,1.7198499075242522,Klebsiella pneumoniae,1.932764867564641,-0.2129149600403888,52.462611776344986,85.65739598669356
64,Ag,Bacillus subtilis,non-pathogenic,chemical_synthesis,MBEC,hexagonal,Bacteria,Bacillota,Bacilli,Bacillales,Bacillaceae,Bacillus,p,soil,107.87,27.43,24,0.16,30,11,23.00188061,0.0,0.0,1.78376517,1.921304190106547,Klebsiella pneumoniae,2.1794826134230063,-0.25817842331645924,83.42653191471204,151.17591762721048
65,Pt,Bacillus subtilis,non-pathogenic,green_synthesis,MIC,rod-shaped,Bacteria,Bacillota,Bacilli,Bacillales,Bacillaceae,Bacillus,p,soil,195.084,13.0,24,0.16,30,10,21.75656585,0.0,0.0,2.588435821,1.2498769013556728,Klebsiella pneumoniae,1.5443704450091935,-0.29449354365352076,17.77775436875415,35.02437910036516
66,Ag,Bacillus subtilis,non-pathogenic,chemical_synthesis,MBEC,spherical,Bacteria,Bacillota,Bacilli,Bacillales,Bacillaceae,Bacillus,p,soil,107.87,37.86,24,0.16,30,11,23.00188061,0.0,0.0,1.78376517,1.5750899431292953,Klebsiella pneumoniae,1.8830391525468493,-0.307949209417554,37.591524891767754,76.39046480593674
67,ZnO,Bacillus subtilis,non-pathogenic,chemical_synthesis,MIC,nanoplates,Bacteria,Bacillota,Bacilli,Bacillales,Bacillaceae,Bacillus,p,soil,81.3794,37.86,24,0.16,30,8,22.60496136,17.07,0.6865,4.082482905,2.0931669210684216,Klebsiella pneumoniae,2.546453974430298,-0.45328705336187625,123.92728094658963,351.92812398332984
