,np,bacteria,bac_type,np_synthesis,method,shape,kingdom,phylum,class,order,family,genus,gram,isolated_from,mol_weight (g/mol),np_size_avg (nm),time_set,"min_Incub_period, h","growth_temp, C",Valance_electron,labuteASA,tpsa,CrippenMR,chi0v,pred_MIC_norm,pathogenic_bacteria,pred_MIC_pathogen,Fitness,pred_norm_MIC_original,pred_path_MIC_original
0,Ag,Bacillus subtilis,non-pathogenic,chemical_synthesis,MIC,spheroidal,Bacteria,Bacillota,Bacilli,Bacillales,Bacillaceae,Bacillus,p,soil,107.87,4.0,24,0.16,30,11,23.00188061,0.0,0.0,1.78376517,1.576650266999707,Klebsiella pneumoniae,0.6041259074956504,0.9725243595040565,37.72682582118388,4.019073120035886
1,ZnO,Bacillus subtilis,non-pathogenic,green_synthesis,MBC,quasi-hexagonal,Bacteria,Bacillota,Bacilli,Bacillales,Bacillaceae,Bacillus,p,soil,81.3794,6.0,1,0.16,30,8,22.60496136,17.07,0.6865,4.082482905,1.359578214307892,Klebsiella pneumoniae,0.4905842098928519,0.8689940044150402,22.886438480033437,3.0944552735350666
2,ZrO2,Bacillus subtilis,non-pathogenic,green_synthesis,MIC,quasi-spherical,Bacteria,Bacillota,Bacilli,Bacillales,Bacillaceae,Bacillus,p,soil,123.2218,4.0,3,0.16,30,16,29.29254423,34.14,1.373,3.774536472,1.9021583629103502,Klebsiella pneumoniae,1.0790941473498576,0.8230642155604926,79.82857243631432,11.997593615353713
3,CeO2,Bacillus subtilis,non-pathogenic,chemical_synthesis,MIC,quasi-spherical,Bacteria,Bacillota,Bacilli,Bacillales,Bacillaceae,Bacillus,p,soil,172.115,1.4,2,0.16,30,16,39.19032095,34.14,1.373,4.456551526,2.3077831432749853,Klebsiella pneumoniae,1.4892367065826977,0.8185464366922877,203.13424452740637,30.84868859947867
4,ZnO,Bacillus subtilis,non-pathogenic,green_synthesis,MIC,quasi-spherical,Bacteria,Bacillota,Bacilli,Bacillales,Bacillaceae,Bacillus,p,soil,81.3794,3.0,3,0.16,30,8,22.60496136,17.07,0.6865,4.082482905,1.2251816440734513,Klebsiella pneumoniae,0.40826739537952017,0.8169142486939311,16.795063263343923,2.560161694872466
5,Ag,Bacillus subtilis,non-pathogenic,chemical_synthesis,MIC,quasi-spherical,Bacteria,Bacillota,Bacilli,Bacillales,Bacillaceae,Bacillus,p,soil,107.87,3.0,0,0.16,30,11,23.00188061,0.0,0.0,1.78376517,1.1323371029626659,Klebsiella pneumoniae,0.3279664655779433,0.8043706373847226,13.562417299181691,2.1279747262395015
6,ZnO,Bacillus subtilis,non-pathogenic,green_synthesis,MIC,nanoplates,Bacteria,Bacillota,Bacilli,Bacillales,Bacillaceae,Bacillus,p,soil,81.3794,3.0,4,0.16,30,8,22.60496136,17.07,0.6865,4.082482905,1.4260030198485072,Klebsiella pneumoniae,0.6262508474641295,0.7997521723843777,26.668772084760832,4.229128171748424
7,Pd,Bacillus subtilis,non-pathogenic,chemical_synthesis,MIC,cubic,Bacteria,Bacillota,Bacilli,Bacillales,Bacillaceae,Bacillus,p,soil,195.084,4.0,2,0.16,30,10,21.14774404,0.0,0.0,1.870828693,0.7530847764139271,Klebsiella pneumoniae,-0.036312297019540196,0.7893970734334673,5.663498325149428,0.9197879231666792
8,Ag,Bacillus subtilis,non-pathogenic,chemical_synthesis,MIC,nanoplates,Bacteria,Bacillota,Bacilli,Bacillales,Bacillaceae,Bacillus,p,soil,107.87,0.8,4,0.16,30,11,23.00188061,0.0,0.0,1.78376517,1.4393104510712567,Klebsiella pneumoniae,0.6512712131534837,0.788039237917773,27.498591600320356,4.479929845883857
9,ZnO,Bacillus subtilis,non-pathogenic,green_synthesis,MBC,nanoplates,Bacteria,Bacillota,Bacilli,Bacillales,Bacillaceae,Bacillus,p,soil,81.3794,6.0,4,0.16,30,8,22.60496136,17.07,0.6865,4.082482905,2.5419714824307444,Klebsiella pneumoniae,1.7561470294351647,0.7858244529955798,348.3144425202836,57.035733281084354
10,Ag,Bacillus subtilis,non-pathogenic,chemical_synthesis,MIC,spherical,Bacteria,Bacillota,Bacilli,Bacillales,Bacillaceae,Bacillus,p,soil,107.87,3.0,4,0.16,30,11,23.00188061,0.0,0.0,1.78376517,0.9048859894226131,Klebsiella pneumoniae,0.12203194140296714,0.782854048019646,8.033152089521849,1.3244389411807578
11,ZnO,Bacillus subtilis,non-pathogenic,green_synthesis,MBEC,quasi-spherical,Bacteria,Bacillota,Bacilli,Bacillales,Bacillaceae,Bacillus,p,soil,81.3794,6.0,1,0.16,30,8,22.60496136,17.07,0.6865,4.082482905,2.3723848453770904,Klebsiella pneumoniae,1.5896461836196765,0.7827386617574139,235.7137110367124,38.872832197552135
12,TiO2,Bacillus subtilis,non-pathogenic,green_synthesis,MIC,quasi-spherical,Bacteria,Bacillota,Bacilli,Bacillales,Bacillaceae,Bacillus,p,soil,79.866,1.9,3,0.16,30,16,26.40611331,34.14,1.373,2.878049394,2.239212077179548,Klebsiella pneumoniae,1.4844704968049351,0.7547415803746127,173.46508656523662,30.51198743133007
13,Ag,Bacillus subtilis,non-pathogenic,chemical_synthesis,MIC,quasi-spherical,Bacteria,Bacillota,Bacilli,Bacillales,Bacillaceae,Bacillus,p,soil,107.87,4.0,3,0.16,30,11,23.00188061,0.0,0.0,1.78376517,1.0691712098029353,Klebsiella pneumoniae,0.31469229707431756,0.7544789127286178,11.726575655296768,2.063917327112145
14,ZnO,Bacillus subtilis,non-pathogenic,green_synthesis,MIC,cubic,Bacteria,Bacillota,Bacilli,Bacillales,Bacillaceae,Bacillus,p,soil,81.3794,0.8,2,0.16,30,8,22.60496136,17.07,0.6865,4.082482905,1.476668432143031,Klebsiella pneumoniae,0.724629458853215,0.7520389732898161,29.968736426068965,5.30431685459777
15,Ag,Bacillus subtilis,non-pathogenic,green_synthesis,MIC,quasi-spherical,Bacteria,Bacillota,Bacilli,Bacillales,Bacillaceae,Bacillus,p,soil,107.87,3.0,4,0.16,30,11,23.00188061,0.0,0.0,1.78376517,1.538063397575005,Klebsiella pneumoniae,0.8425470219701556,0.6955163756048495,34.519412651365265,6.959002971996729
16,Pt,Bacillus subtilis,non-pathogenic,green_synthesis,MIC,cubic,Bacteria,Bacillota,Bacilli,Bacillales,Bacillaceae,Bacillus,p,soil,195.084,4.0,3,0.16,30,10,21.75656585,0.0,0.0,2.588435821,0.9518854705224881,Klebsiella pneumoniae,0.26649230800087276,0.6853931625216153,8.951286765756699,1.847108079597412
17,ZnO,Bacillus subtilis,non-pathogenic,green_synthesis,MBC,quasi-spherical,Bacteria,Bacillota,Bacilli,Bacillales,Bacillaceae,Bacillus,p,soil,81.3794,11.3,1,0.16,30,8,22.60496136,17.07,0.6865,4.082482905,2.160873318741285,Klebsiella pneumoniae,1.4766513487544088,0.6842219699868761,144.83493165690794,29.967557600357424
18,TiO2,Bacillus subtilis,non-pathogenic,chemical_synthesis,MIC,quasi-spherical,Bacteria,Bacillota,Bacilli,Bacillales,Bacillaceae,Bacillus,p,soil,79.866,3.0,4,0.16,30,16,26.40611331,34.14,1.373,2.878049394,2.0652604782080153,Klebsiella pneumoniae,1.388323331659771,0.6769371465482443,116.2145428581724,24.452503608042594
19,Ag,Bacillus subtilis,non-pathogenic,chemical_synthesis,MIC,quasi-hexagonal,Bacteria,Bacillota,Bacilli,Bacillales,Bacillaceae,Bacillus,p,soil,107.87,5.1,2,0.16,30,11,23.00188061,0.0,0.0,1.78376517,0.9710220480911526,Klebsiella pneumoniae,0.2946069293481266,0.676415118743026,9.354531636597372,1.9706383460883405
20,ZnO,Bacillus subtilis,non-pathogenic,green_synthesis,MBEC,quasi-hexagonal,Bacteria,Bacillota,Bacilli,Bacillales,Bacillaceae,Bacillus,p,soil,81.3794,8.7,0,0.16,30,8,22.60496136,17.07,0.6865,4.082482905,1.5224680303350617,Klebsiella pneumoniae,0.8532536644641722,0.6692143658708896,33.30182469762094,7.132695178056804
21,Ag,Bacillus subtilis,non-pathogenic,green_synthesis,MIC,quasi-spherical,Bacteria,Bacillota,Bacilli,Bacillales,Bacillaceae,Bacillus,p,soil,107.87,3.0,1,0.16,30,11,23.00188061,0.0,0.0,1.78376517,1.5477984916503917,Klebsiella pneumoniae,0.8817293513889076,0.6660691402614841,35.30193343019083,7.616042368492048
22,CeO2,Bacillus subtilis,non-pathogenic,chemical_synthesis,MIC,cubic,Bacteria,Bacillota,Bacilli,Bacillales,Bacillaceae,Bacillus,p,soil,172.115,5.1,3,0.16,30,16,39.19032095,34.14,1.373,4.456551526,3.0619190986695903,Klebsiella pneumoniae,2.3985415162282004,0.6633775824413899,1153.2384100254028,250.3464954796348
23,ZnO,Bacillus subtilis,non-pathogenic,green_synthesis,MBEC,quasi-spherical,Bacteria,Bacillota,Bacilli,Bacillales,Bacillaceae,Bacillus,p,soil,81.3794,4.7,0,0.16,30,8,22.60496136,17.07,0.6865,4.082482905,2.214347831181693,Klebsiella pneumoniae,1.5555976282517494,0.6587502029299435,163.81279907259642,35.94161834828861
24,Au,Bacillus subtilis,non-pathogenic,chemical_synthesis,MIC,quasi-hexagonal,Bacteria,Bacillota,Bacilli,Bacillales,Bacillaceae,Bacillus,p,soil,196.966569,1.4,1,0.16,30,11,23.00188061,0.0,0.0,2.46797672,1.1948371346246411,Klebsiella pneumoniae,0.5440657622099931,0.650771372414648,15.66163630773771,3.499981608170642
25,ZnO,Bacillus subtilis,non-pathogenic,green_synthesis,MBEC,rod-shaped,Bacteria,Bacillota,Bacilli,Bacillales,Bacillaceae,Bacillus,p,soil,81.3794,5.1,2,0.16,30,8,22.60496136,17.07,0.6865,4.082482905,2.2417317601013194,Klebsiella pneumoniae,1.593413920557965,0.6483178395433544,174.47441871960237,39.2115419299145
26,Ag,Bacillus subtilis,non-pathogenic,green_synthesis,MIC,quasi-hexagonal,Bacteria,Bacillota,Bacilli,Bacillales,Bacillaceae,Bacillus,p,soil,107.87,0.8,4,0.16,30,11,23.00188061,0.0,0.0,1.78376517,0.9130868079982549,Klebsiella pneumoniae,0.2659269895381968,0.6471598184600581,8.18628401521788,1.8447052745398755
27,ZnO,Bacillus subtilis,non-pathogenic,chemical_synthesis,MIC,cubic,Bacteria,Bacillota,Bacilli,Bacillales,Bacillaceae,Bacillus,p,soil,81.3794,4.0,0,0.16,30,8,22.60496136,17.07,0.6865,4.082482905,1.557690420568685,Klebsiella pneumoniae,0.9140042746723012,0.6436861458963838,36.11523295688484,8.203596189230447
28,TiO2,Bacillus subtilis,non-pathogenic,green_synthesis,MBEC,rod-shaped,Bacteria,Bacillota,Bacilli,Bacillales,Bacillaceae,Bacillus,p,soil,79.866,6.0,0,0.16,30,16,26.40611331,34.14,1.373,2.878049394,2.95890092823912,Klebsiella pneumoniae,2.3180831965476267,0.6408177316914934,909.7057258350451,208.0095126792806
29,ZnO,Bacillus subtilis,non-pathogenic,green_synthesis,MBC,spherical,Bacteria,Bacillota,Bacilli,Bacillales,Bacillaceae,Bacillus,p,soil,81.3794,8.7,3,0.16,30,8,22.60496136,17.07,0.6865,4.082482905,2.4578489544774675,Klebsiella pneumoniae,1.821752940950348,0.6360960135271196,286.97823120151105,66.33655912839816
30,Ag,Bacillus subtilis,non-pathogenic,green_synthesis,MIC,spheroidal,Bacteria,Bacillota,Bacilli,Bacillales,Bacillaceae,Bacillus,p,soil,107.87,1.9,4,0.16,30,11,23.00188061,0.0,0.0,1.78376517,1.4128407995215855,Klebsiella pneumoniae,0.7815913902105288,0.6312494093110567,25.872643209651383,6.047716023032894
31,Au,Bacillus subtilis,non-pathogenic,chemical_synthesis,MIC,quasi-hexagonal,Bacteria,Bacillota,Bacilli,Bacillales,Bacillaceae,Bacillus,p,soil,196.966569,3.0,0,0.16,30,11,23.00188061,0.0,0.0,2.46797672,1.1554418109697528,Klebsiella pneumoniae,0.5256813936053426,0.6297604173644102,14.303483224837267,3.3549140129764834
32,ZnO,Bacillus subtilis,non-pathogenic,green_synthesis,MBEC,quasi-hexagonal,Bacteria,Bacillota,Bacilli,Bacillales,Bacillaceae,Bacillus,p,soil,81.3794,10.4,1,0.16,30,8,22.60496136,17.07,0.6865,4.082482905,1.4078497105364525,Klebsiella pneumoniae,0.7817672960337549,0.6260824145026975,25.5770063049505,6.05016607474813
33,Ag,Bacillus subtilis,non-pathogenic,green_synthesis,MIC,cubic,Bacteria,Bacillota,Bacilli,Bacillales,Bacillaceae,Bacillus,p,soil,107.87,1.9,0,0.16,30,11,23.00188061,0.0,0.0,1.78376517,2.012224135231781,Klebsiella pneumoniae,1.3913006361619435,0.6209234990698376,102.85469844430024,24.620713595025794
34,ZnO,Bacillus subtilis,non-pathogenic,green_synthesis,MBEC,quasi-hexagonal,Bacteria,Bacillota,Bacilli,Bacillales,Bacillaceae,Bacillus,p,soil,81.3794,10.4,3,0.16,30,8,22.60496136,17.07,0.6865,4.082482905,1.4714448150966266,Klebsiella pneumoniae,0.8517705953522863,0.6196742197443403,29.61043687779044,7.10837933007983
35,Ag,Bacillus subtilis,non-pathogenic,green_synthesis,MIC,rod-shaped,Bacteria,Bacillota,Bacilli,Bacillales,Bacillaceae,Bacillus,p,soil,107.87,1.9,24,0.16,30,11,23.00188061,0.0,0.0,1.78376517,2.4196446522309434,Klebsiella pneumoniae,1.8002856508454306,0.6193590013855128,262.8116738245714,63.137248395897046
36,ZnO,Bacillus subtilis,non-pathogenic,green_synthesis,MIC,rod-shaped,Bacteria,Bacillota,Bacilli,Bacillales,Bacillaceae,Bacillus,p,soil,81.3794,6.0,1,0.16,30,8,22.60496136,17.07,0.6865,4.082482905,1.379652379122887,Klebsiella pneumoniae,0.7656829870633031,0.6139693920595839,23.969135974635744,5.830193743497985
37,TiO2,Bacillus subtilis,non-pathogenic,chemical_synthesis,MIC,spherical,Bacteria,Bacillota,Bacilli,Bacillales,Bacillaceae,Bacillus,p,soil,79.866,1.9,0,0.16,30,16,26.40611331,34.14,1.373,2.878049394,2.2251089765609864,Klebsiella pneumoniae,1.6136927093489,0.6114162672120864,167.92253295867087,41.0858909722656
38,CeO2,Bacillus subtilis,non-pathogenic,green_synthesis,MIC,nanoplates,Bacteria,Bacillota,Bacilli,Bacillales,Bacillaceae,Bacillus,p,soil,172.115,1.9,0,0.16,30,16,39.19032095,34.14,1.373,4.456551526,2.782221891876444,Klebsiella pneumoniae,2.171166826938298,0.6110550649381459,605.6502375199756,148.30876789864948
39,Ag,Bacillus subtilis,non-pathogenic,green_synthesis,MIC,spherical,Bacteria,Bacillota,Bacilli,Bacillales,Bacillaceae,Bacillus,p,soil,107.87,1.4,24,0.16,30,11,23.00188061,0.0,0.0,1.78376517,2.4760120747042724,Klebsiella pneumoniae,1.865774133772303,0.6102379409319694,299.2347831800331,73.41319642873415
40,ZnO,Bacillus subtilis,non-pathogenic,green_synthesis,MBEC,quasi-spherical,Bacteria,Bacillota,Bacilli,Bacillales,Bacillaceae,Bacillus,p,soil,81.3794,3.0,3,0.16,30,8,22.60496136,17.07,0.6865,4.082482905,1.9806488411096832,Klebsiella pneumoniae,1.3734057131879154,0.6072431279217678,95.64204226145537,23.626843966342623
41,Ag,Bacillus subtilis,non-pathogenic,green_synthesis,MIC,hexagonal,Bacteria,Bacillota,Bacilli,Bacillales,Bacillaceae,Bacillus,p,soil,107.87,1.4,1,0.16,30,11,23.00188061,0.0,0.0,1.78376517,1.9162246455974186,Klebsiella pneumoniae,1.3155874292545282,0.6006372163428904,82.45645235864343,20.681756912833315
42,ZnO,Bacillus subtilis,non-pathogenic,chemical_synthesis,MBEC,spherical,Bacteria,Bacillota,Bacilli,Bacillales,Bacillaceae,Bacillus,p,soil,81.3794,6.0,1,0.16,30,8,22.60496136,17.07,0.6865,4.082482905,2.2038222128655574,Klebsiella pneumoniae,1.6034065598408964,0.6004156530246609,159.89033515474273,40.12421601524844
43,Ag,Bacillus subtilis,non-pathogenic,chemical_synthesis,MIC,cubic,Bacteria,Bacillota,Bacilli,Bacillales,Bacillaceae,Bacillus,p,soil,107.87,6.0,1,0.16,30,11,23.00188061,0.0,0.0,1.78376517,1.9822120315407743,Klebsiella pneumoniae,1.3952588193381676,0.5869532122026067,95.98691450899815,24.84613378327578
44,CeO2,Bacillus subtilis,non-pathogenic,chemical_synthesis,MIC,quasi-spherical,Bacteria,Bacillota,Bacilli,Bacillales,Bacillaceae,Bacillus,p,soil,172.115,3.0,24,0.16,30,16,39.19032095,34.14,1.373,4.456551526,3.421155125639566,Klebsiella pneumoniae,2.8348038775211766,0.5863512481183895,2637.273225191862,683.6028702377174
45,ZnO,Bacillus subtilis,non-pathogenic,green_synthesis,MBC,rod-shaped,Bacteria,Bacillota,Bacilli,Bacillales,Bacillaceae,Bacillus,p,soil,81.3794,11.3,3,0.16,30,8,22.60496136,17.07,0.6865,4.082482905,2.1835505249220097,Klebsiella pneumoniae,1.5973589438517957,0.5861915810702141,152.5985914527081,39.56935251650152
46,Ni,Bacillus subtilis,non-pathogenic,green_synthesis,MBEC,quasi-hexagonal,Bacteria,Bacillota,Bacilli,Bacillales,Bacillaceae,Bacillus,p,soil,58.6934,5.1,4,0.16,30,10,17.41523038,0.0,0.0,1.303840481,2.1288118371243234,Klebsiella pneumoniae,1.5477235717138065,0.581088265410517,134.52773715101605,35.29584403553113
47,Pd,Bacillus subtilis,non-pathogenic,green_synthesis,MIC,hexagonal,Bacteria,Bacillota,Bacilli,Bacillales,Bacillaceae,Bacillus,p,soil,195.084,4.0,1,0.16,30,10,21.14774404,0.0,0.0,1.870828693,1.0835811802658188,Klebsiella pneumoniae,0.503538400962424,0.5800427793033949,12.122192610411092,3.1881474639620353
48,ZnO,Bacillus subtilis,non-pathogenic,green_synthesis,MBC,spherical,Bacteria,Bacillota,Bacilli,Bacillales,Bacillaceae,Bacillus,p,soil,81.3794,11.3,3,0.16,30,8,22.60496136,17.07,0.6865,4.082482905,2.453277769643512,Klebsiella pneumoniae,1.876207249026842,0.57707052061667,283.97347086614224,75.19816604632592
49,ZnO,Bacillus subtilis,non-pathogenic,green_synthesis,MBC,triangular,Bacteria,Bacillota,Bacilli,Bacillales,Bacillaceae,Bacillus,p,soil,81.3794,3.0,18,0.16,30,8,22.60496136,17.07,0.6865,4.082482905,0.8912520931166522,Klebsiella pneumoniae,0.4188087505232667,0.4724433425933855,7.7848830579105925,2.623063175415711
50,ZnO,Bacillus subtilis,non-pathogenic,chemical_synthesis,MIC,quasi-spherical,Bacteria,Bacillota,Bacilli,Bacillales,Bacillaceae,Bacillus,p,soil,81.3794,1.4,24,0.16,30,8,22.60496136,17.07,0.6865,4.082482905,2.6748025584429826,Klebsiella pneumoniae,2.21832710080562,0.45647545763736286,472.9362009930577,165.32064872624184
51,ZnO,Bacillus subtilis,non-pathogenic,chemical_synthesis,MBEC,hexagonal,Bacteria,Bacillota,Bacilli,Bacillales,Bacillaceae,Bacillus,p,soil,81.3794,8.7,0,0.16,30,8,22.60496136,17.07,0.6865,4.082482905,2.5733817044287806,Klebsiella pneumoniae,2.163088748921014,0.41029295550776634,374.43954119811616,145.57565368642295
52,Cu,Bacillus subtilis,non-pathogenic,green_synthesis,MIC,quasi-hexagonal,Bacteria,Bacillota,Bacilli,Bacillales,Bacillaceae,Bacillus,p,soil,63.55,1.4,3,0.16,30,11,17.96409803,0.0,0.0,1.243163121,0.7265264987420403,Klebsiella pneumoniae,0.357031768484372,0.3694947302576683,5.327537296242297,2.2752638594138026
53,Cu,Bacillus subtilis,non-pathogenic,green_synthesis,MIC,quasi-hexagonal,Bacteria,Bacillota,Bacilli,Bacillales,Bacillaceae,Bacillus,p,soil,63.55,1.4,3,0.16,30,11,17.96409803,0.0,0.0,1.243163121,0.7265264987420403,Klebsiella pneumoniae,0.357031768484372,0.3694947302576683,5.327537296242297,2.2752638594138026
54,Ag,Bacillus subtilis,non-pathogenic,chemical_synthesis,MBC,spheroidal,Bacteria,Bacillota,Bacilli,Bacillales,Bacillaceae,Bacillus,p,soil,107.8682,6.0,18,0.16,30,11,23.00188061,0.0,0.0,1.78376517,1.862128441562085,Klebsiella pneumoniae,1.549390574083345,0.31273786747874,72.79950755177676,35.431584473263236
55,Au,Bacillus subtilis,non-pathogenic,green_synthesis,MIC,rod-shaped,Bacteria,Bacillota,Bacilli,Bacillales,Bacillaceae,Bacillus,p,soil,196.966569,10.4,0,0.16,30,11,23.00188061,0.0,0.0,2.46797672,1.9941463662233785,Klebsiella pneumoniae,1.7668246137656047,0.22732175245777375,98.66119382366968,58.455396918563984
56,ZnO,Bacillus subtilis,non-pathogenic,chemical_synthesis,MBC,quasi-spherical,Bacteria,Bacillota,Bacilli,Bacillales,Bacillaceae,Bacillus,p,soil,81.3794,44.45,2,0.16,30,8,22.60496136,17.07,0.6865,4.082482905,1.211885002415376,Klebsiella pneumoniae,0.9904867693298625,0.22139823308551354,16.28864665647919,9.783331496618112
57,Au,Bacillus subtilis,non-pathogenic,green_synthesis,MBEC,cubic,Bacteria,Bacillota,Bacilli,Bacillales,Bacillaceae,Bacillus,p,soil,196.966569,37.86,4,0.16,30,11,23.00188061,0.0,0.0,2.46797672,1.5017566227411268,Klebsiella pneumoniae,1.2974894094009934,0.2042672133401333,31.750942591802218,19.837612807293034
58,ZnO,Bacillus subtilis,non-pathogenic,green_synthesis,MIC,spheroidal,Bacteria,Bacillota,Bacilli,Bacillales,Bacillaceae,Bacillus,p,soil,81.3794,10.4,3,0.16,30,8,22.60496136,17.07,0.6865,4.082482905,1.5056954035949985,Klebsiella pneumoniae,1.312991091335912,0.19270431225908657,32.04021366609556,20.558484240210245
59,Au,Bacillus subtilis,non-pathogenic,green_synthesis,MBEC,spheroidal,Bacteria,Bacillota,Bacilli,Bacillales,Bacillaceae,Bacillus,p,soil,196.966569,28.0,24,0.16,30,11,23.00188061,0.0,0.0,2.46797672,2.0674990284610955,Klebsiella pneumoniae,1.8790157896840847,0.1884832387770108,116.81511166447794,75.68604117637705
60,Ag,Bacillus subtilis,non-pathogenic,chemical_synthesis,MBEC,tetragonal,Bacteria,Bacillota,Bacilli,Bacillales,Bacillaceae,Bacillus,p,soil,107.87,25.0,0,0.16,30,11,23.00188061,0.0,0.0,1.78376517,0.340934652424288,Klebsiella pneumoniae,0.153034264127611,0.187900388296677,2.1924750124239485,1.4224410077004288
61,ZnO,Bacillus subtilis,non-pathogenic,green_synthesis,MBEC,nanoplates,Bacteria,Bacillota,Bacilli,Bacillales,Bacillaceae,Bacillus,p,soil,81.3794,26.06,2,0.16,30,8,22.60496136,17.07,0.6865,4.082482905,2.3044018936372517,Klebsiella pneumoniae,2.121541601331918,0.18286029230533352,201.5588601298215,132.29444275899453
62,Al2O3,Bacillus subtilis,non-pathogenic,green_synthesis,MBEC,triangular,Bacteria,Bacillota,Bacilli,Bacillales,Bacillaceae,Bacillus,p,soil,101.961276,100.0,2,0.16,30,24,51.55776403,85.5,13.5675,4.688846487,0.763059073744061,Klebsiella pneumoniae,0.5949294857143421,0.1681295880297189,5.795075170244291,3.9348618182868815
63,ZnO,Bacillus subtilis,non-pathogenic,chemical_synthesis,MBC,quasi-spherical,Bacteria,Bacillota,Bacilli,Bacillales,Bacillaceae,Bacillus,p,soil,81.3794,35.0,2,0.16,30,8,22.60496136,17.07,0.6865,4.082482905,1.1238271984147943,Klebsiella pneumoniae,0.9585467576123604,0.16528044080243387,13.299251483011863,9.089641559521159
64,Ag,Bacillus subtilis,non-pathogenic,green_synthesis,MBEC,tetragonal,Bacteria,Bacillota,Bacilli,Bacillales,Bacillaceae,Bacillus,p,soil,107.87,79.0,3,0.16,30,11,23.00188061,0.0,0.0,1.78376517,0.543460588214127,Klebsiella pneumoniae,0.41899381460445095,0.12446677360967606,3.495107904079321,2.6241811684815017
65,ZnO,Bacillus subtilis,non-pathogenic,chemical_synthesis,MIC,quasi-hexagonal,Bacteria,Bacillota,Bacilli,Bacillales,Bacillaceae,Bacillus,p,soil,81.3794,28.0,4,0.16,30,8,22.60496136,17.07,0.6865,4.082482905,0.5873783916740971,Klebsiella pneumoniae,0.5124896983757425,0.07488869329835457,3.867037571917532,3.2545406351683694
66,Ag,Bacillus subtilis,non-pathogenic,green_synthesis,MBC,hexagonal,Bacteria,Bacillota,Bacilli,Bacillales,Bacillaceae,Bacillus,p,soil,107.87,9.0,0,0.16,30,11,23.00188061,0.0,0.0,1.78376517,2.117900470936093,Klebsiella pneumoniae,2.0560699709982484,0.06183049993784451,131.18992111935702,113.78105884738291
67,Au,Bacillus subtilis,non-pathogenic,chemical_synthesis,MIC,tetragonal,Bacteria,Bacillota,Bacilli,Bacillales,Bacillaceae,Bacillus,p,soil,196.966569,79.0,0,0.16,30,11,23.00188061,0.0,0.0,2.46797672,0.31915590513138214,Klebsiella pneumoniae,0.25968870298379354,0.059467202147588605,2.085239318035957,1.8183969864649978
68,Ag,Bacillus subtilis,non-pathogenic,chemical_synthesis,MBC,tetragonal,Bacteria,Bacillota,Bacilli,Bacillales,Bacillaceae,Bacillus,p,soil,107.87,1.4,0,0.16,30,11,23.00188061,0.0,0.0,1.78376517,0.5959780009327655,Klebsiella pneumoniae,0.5372320056167674,0.05874599531599811,3.9443732145546466,3.4453393600546067
69,Ni,Bacillus subtilis,non-pathogenic,green_synthesis,MBEC,triangular,Bacteria,Bacillota,Bacilli,Bacillales,Bacillaceae,Bacillus,p,soil,58.6934,60.0,2,0.16,30,10,17.41523038,0.0,0.0,1.303840481,1.1174357811625668,Klebsiella pneumoniae,1.089954748573481,0.02748103258908574,13.104962458261356,12.301405893158337
70,Ag,Bacillus subtilis,non-pathogenic,chemical_synthesis,MIC,nanoplates,Bacteria,Bacillota,Bacilli,Bacillales,Bacillaceae,Bacillus,p,soil,107.8682,100.0,4,0.16,30,11,23.00188061,0.0,0.0,1.78376517,1.5918967714382637,Klebsiella pneumoniae,1.564892480023159,0.027004291415104742,39.07480068641835,36.71913822430228
71,Au,Bacillus subtilis,non-pathogenic,chemical_synthesis,MIC,tetragonal,Bacteria,Bacillota,Bacilli,Bacillales,Bacillaceae,Bacillus,p,soil,196.966569,18.5,0,0.16,30,11,23.00188061,0.0,0.0,2.46797672,0.5379832010936272,Klebsiella pneumoniae,0.5301113186708817,0.007871882422745502,3.451303891196582,3.3893102004664373
72,Pt,Bacillus subtilis,non-pathogenic,chemical_synthesis,MBC,cubic,Bacteria,Bacillota,Bacilli,Bacillales,Bacillaceae,Bacillus,p,soil,195.084,12.5,4,0.16,30,10,21.75656585,0.0,0.0,2.588435821,1.320275298593077,Klebsiella pneumoniae,1.3163273496123775,0.0039479489806995005,20.90620952261607,20.717023067440813
73,CeO2,Bacillus subtilis,non-pathogenic,chemical_synthesis,MBC,tetragonal,Bacteria,Bacillota,Bacilli,Bacillales,Bacillaceae,Bacillus,p,soil,172.115,12.0,0,0.16,30,16,39.19032095,34.14,1.373,4.456551526,2.048444434441597,Klebsiella pneumoniae,2.0445405159714922,0.003903918470104628,111.8006772697754,110.80019276835999
74,Au,Bacillus subtilis,non-pathogenic,green_synthesis,MBEC,quasi-hexagonal,Bacteria,Bacillota,Bacilli,Bacillales,Bacillaceae,Bacillus,p,soil,196.966569,8.7,18,0.16,30,11,23.00188061,0.0,0.0,2.46797672,1.2367479435874835,Klebsiella pneumoniae,1.2430997875683925,-0.006351843980908933,17.248365384967343,17.50248795985639
75,CuO,Bacillus subtilis,non-pathogenic,green_synthesis,MBEC,quasi-hexagonal,Bacteria,Bacillota,Bacilli,Bacillales,Bacillaceae,Bacillus,p,soil,79.5454,28.0,24,0.16,30,17,20.67942236,17.07,0.6865,1.651411411,2.10800159259433,Klebsiella pneumoniae,2.118343189478657,-0.010341596884327231,128.23352850785585,131.3237239341748
76,ZnO,Bacillus subtilis,non-pathogenic,green_synthesis,MBEC,rod-shaped,Bacteria,Bacillota,Bacilli,Bacillales,Bacillaceae,Bacillus,p,soil,81.3794,9.0,24,0.16,30,8,22.60496136,17.07,0.6865,4.082482905,2.529682760193503,Klebsiella pneumoniae,2.540461614843381,-0.010778854649878156,338.59673046931744,347.10559557277264
77,CeO2,Bacillus subtilis,non-pathogenic,chemical_synthesis,MBC,quasi-hexagonal,Bacteria,Bacillota,Bacilli,Bacillales,Bacillaceae,Bacillus,p,soil,172.115,45.26,18,0.16,30,16,39.19032095,34.14,1.373,4.456551526,1.822921440973003,Klebsiella pneumoniae,1.8388969032708722,-0.01597546229786917,66.51528265927203,69.00759679564152
78,Ag,Bacillus subtilis,non-pathogenic,green_synthesis,MBEC,nanoplates,Bacteria,Bacillota,Bacilli,Bacillales,Bacillaceae,Bacillus,p,soil,107.87,25.0,2,0.16,30,11,23.00188061,0.0,0.0,1.78376517,2.020954726159824,Klebsiella pneumoniae,2.054458976258751,-0.0335042500989271,104.9433022842442,113.35977526615203
79,ZnO,Bacillus subtilis,non-pathogenic,chemical_synthesis,MBEC,nanoplates,Bacteria,Bacillota,Bacilli,Bacillales,Bacillaceae,Bacillus,p,soil,81.3794,30.0,3,0.16,30,8,22.60496136,17.07,0.6865,4.082482905,2.1074681132604693,Klebsiella pneumoniae,2.174229392625232,-0.0667612793647625,128.07610551340883,149.358310594844
80,Ag,Bacillus subtilis,non-pathogenic,chemical_synthesis,MBEC,rod-shaped,Bacteria,Bacillota,Bacilli,Bacillales,Bacillaceae,Bacillus,p,soil,107.87,100.0,3,0.16,30,11,23.00188061,0.0,0.0,1.78376517,1.1519264789945738,Klebsiella pneumoniae,1.2288960120421781,-0.07696953304760434,14.18817312085645,16.9393215487019
81,Au,Bacillus subtilis,non-pathogenic,green_synthesis,MBC,triangular,Bacteria,Bacillota,Bacilli,Bacillales,Bacillaceae,Bacillus,p,soil,196.966569,5.1,1,0.16,30,11,23.00188061,0.0,0.0,2.46797672,1.022370144369981,Klebsiella pneumoniae,1.105461225826025,-0.08309108145604394,10.528588314397437,12.748562746298914
82,ZnO,Bacillus subtilis,non-pathogenic,chemical_synthesis,MBEC,spherical,Bacteria,Bacillota,Bacilli,Bacillales,Bacillaceae,Bacillus,p,soil,81.3794,9.0,24,0.16,30,8,22.60496136,17.07,0.6865,4.082482905,2.521458488605015,Klebsiella pneumoniae,2.6489291576257767,-0.12747066902076165,332.24502654439635,445.5835586139326
83,Cu,Bacillus subtilis,non-pathogenic,green_synthesis,MBC,tetragonal,Bacteria,Bacillota,Bacilli,Bacillales,Bacillaceae,Bacillus,p,soil,63.55,20.0,24,0.16,30,11,17.96409803,0.0,0.0,1.243163121,1.1614205214882318,Klebsiella pneumoniae,1.318337393250653,-0.1569168717624212,14.501753591748678,20.813129826892727
84,ZnO,Bacillus subtilis,non-pathogenic,green_synthesis,MBEC,cubic,Bacteria,Bacillota,Bacilli,Bacillales,Bacillaceae,Bacillus,p,soil,81.3794,44.45,24,0.16,30,8,22.60496136,17.07,0.6865,4.082482905,1.9619896154571845,Klebsiella pneumoniae,2.137622440985445,-0.17563282552826043,91.61985823668864,137.2847954557737
85,CuO,Bacillus subtilis,non-pathogenic,chemical_synthesis,MBEC,quasi-spherical,Bacteria,Bacillota,Bacilli,Bacillales,Bacillaceae,Bacillus,p,soil,79.5454,41.23,1,0.16,30,17,20.67942236,17.07,0.6865,1.651411411,2.6562582218845208,Klebsiella pneumoniae,2.8386544125773954,-0.1823961906928746,453.16694284906345,689.6907678239647
86,ZnO,Bacillus subtilis,non-pathogenic,chemical_synthesis,MIC,spherical,Bacteria,Bacillota,Bacilli,Bacillales,Bacillaceae,Bacillus,p,soil,81.3794,13.0,18,0.16,30,8,22.60496136,17.07,0.6865,4.082482905,1.2344867145931893,Klebsiella pneumoniae,1.4346005795361356,-0.20011386494294636,17.158792192349825,27.201983918997406
87,Ag,Bacillus subtilis,non-pathogenic,chemical_synthesis,MBEC,spherical,Bacteria,Bacillota,Bacilli,Bacillales,Bacillaceae,Bacillus,p,soil,107.8682,3.0,3,0.16,30,11,23.00188061,0.0,0.0,1.78376517,1.9002990347386626,Klebsiella pneumoniae,2.10870228610221,-0.20840325136354743,79.48753600996737,128.44058829766104
