,np,bacteria,bac_type,np_synthesis,method,shape,kingdom,phylum,class,order,family,genus,gram,isolated_from,mol_weight (g/mol),np_size_avg (nm),time_set,"min_Incub_period, h","growth_temp, C",Valance_electron,labuteASA,tpsa,CrippenMR,chi0v,pred_MIC_norm,pathogenic_bacteria,pred_MIC_pathogen,Fitness,pred_norm_MIC_original,pred_path_MIC_original
0,ZnO,Bacillus subtilis,non-pathogenic,green_synthesis,MBC,quasi-hexagonal,Bacteria,Bacillota,Bacilli,Bacillales,Bacillaceae,Bacillus,p,soil,81.3794,6.0,2,0.16,30,8,22.60496136,17.07,0.6865,4.082482905,1.39685277273735,Klebsiella pneumoniae,0.5463803202816155,0.8504724524557346,24.937491944249643,3.5186844381344233
1,Ag,Bacillus subtilis,non-pathogenic,chemical_synthesis,MIC,spheroidal,Bacteria,Bacillota,Bacilli,Bacillales,Bacillaceae,Bacillus,p,soil,107.87,5.1,18,0.16,30,11,23.00188061,0.0,0.0,1.78376517,1.3273477432328624,Klebsiella pneumoniae,0.4946790075344687,0.8326687356983937,21.249452424663243,3.12376969655201
2,ZnO,Bacillus subtilis,non-pathogenic,green_synthesis,MBC,quasi-hexagonal,Bacteria,Bacillota,Bacilli,Bacillales,Bacillaceae,Bacillus,p,soil,81.3794,9.0,4,0.16,30,8,22.60496136,17.07,0.6865,4.082482905,1.2785527831260188,Klebsiella pneumoniae,0.5123694557084828,0.766183327417536,18.99121642836487,3.253639678573776
3,Ag,Bacillus subtilis,non-pathogenic,chemical_synthesis,MIC,hexagonal,Bacteria,Bacillota,Bacilli,Bacillales,Bacillaceae,Bacillus,p,soil,107.87,6.0,2,0.16,30,11,23.00188061,0.0,0.0,1.78376517,2.0467800780676826,Klebsiella pneumoniae,1.4796164060191161,0.5671636720485664,111.37304099834535,30.17285502195594
4,ZnO,Bacillus subtilis,non-pathogenic,chemical_synthesis,MBC,rod-shaped,Bacteria,Bacillota,Bacilli,Bacillales,Bacillaceae,Bacillus,p,soil,81.3794,6.0,4,0.16,30,8,22.60496136,17.07,0.6865,4.082482905,1.5220432635427745,Klebsiella pneumoniae,0.9567540556411912,0.5652892079015833,33.2692693820282,9.052198226575126
5,Ag,Bacillus subtilis,non-pathogenic,chemical_synthesis,MIC,nanoplates,Bacteria,Bacillota,Bacilli,Bacillales,Bacillaceae,Bacillus,p,soil,107.87,5.1,2,0.16,30,11,23.00188061,0.0,0.0,1.78376517,1.9662924996039255,Klebsiella pneumoniae,1.4086619788756694,0.5576305207282561,92.53211727653533,25.624888177049943
6,TiO2,Bacillus subtilis,non-pathogenic,green_synthesis,MIC,rod-shaped,Bacteria,Bacillota,Bacilli,Bacillales,Bacillaceae,Bacillus,p,soil,79.866,6.0,4,0.16,30,16,26.40611331,34.14,1.373,2.878049394,2.3643905823225198,Klebsiella pneumoniae,1.81272152842714,0.5516690538953797,231.41450787223764,64.97129578845819
7,ZnO,Bacillus subtilis,non-pathogenic,chemical_synthesis,MBEC,rod-shaped,Bacteria,Bacillota,Bacilli,Bacillales,Bacillaceae,Bacillus,p,soil,81.3794,5.1,0,0.16,30,8,22.60496136,17.07,0.6865,4.082482905,2.011283502971159,Klebsiella pneumoniae,1.4640918647500079,0.5471916382211512,102.63216798606005,29.113328767137858
8,TiO2,Bacillus subtilis,non-pathogenic,chemical_synthesis,MBEC,quasi-spherical,Bacteria,Bacillota,Bacilli,Bacillales,Bacillaceae,Bacillus,p,soil,79.866,8.7,1,0.16,30,16,26.40611331,34.14,1.373,2.878049394,2.756856398417052,Klebsiella pneumoniae,2.2150346821085725,0.5418217163084798,571.2897057180411,164.0720793479574
9,Ag,Bacillus subtilis,non-pathogenic,chemical_synthesis,MIC,quasi-hexagonal,Bacteria,Bacillota,Bacilli,Bacillales,Bacillaceae,Bacillus,p,soil,107.87,8.7,3,0.16,30,11,23.00188061,0.0,0.0,1.78376517,0.8959049670005821,Klebsiella pneumoniae,0.3566684276576,0.5392365393429821,7.868735859431001,2.2733611169981454
10,Pd,Bacillus subtilis,non-pathogenic,green_synthesis,MIC,quasi-spherical,Bacteria,Bacillota,Bacilli,Bacillales,Bacillaceae,Bacillus,p,soil,195.084,6.0,3,0.16,30,10,21.14774404,0.0,0.0,1.870828693,1.4972745523978344,Klebsiella pneumoniae,0.9601971206486333,0.5370774317492011,31.42494689161495,9.124248832383893
11,TiO2,Bacillus subtilis,non-pathogenic,green_synthesis,MBC,quasi-hexagonal,Bacteria,Bacillota,Bacilli,Bacillales,Bacillaceae,Bacillus,p,soil,79.866,27.43,1,0.16,30,16,26.40611331,34.14,1.373,2.878049394,1.8914612678907419,Klebsiella pneumoniae,1.357616507281948,0.5338447606087939,77.88633493247832,22.783293625850245
12,Ag,Bacillus subtilis,non-pathogenic,chemical_synthesis,MIC,quasi-hexagonal,Bacteria,Bacillota,Bacilli,Bacillales,Bacillaceae,Bacillus,p,soil,107.87,12.0,4,0.16,30,11,23.00188061,0.0,0.0,1.78376517,0.7916612515587828,Klebsiella pneumoniae,0.2603899935669445,0.5312712579918383,6.189581012113697,1.8213356718388325
13,CeO2,Bacillus subtilis,non-pathogenic,chemical_synthesis,MBEC,quasi-hexagonal,Bacteria,Bacillota,Bacilli,Bacillales,Bacillaceae,Bacillus,p,soil,172.115,6.0,3,0.16,30,16,39.19032095,34.14,1.373,4.456551526,2.662483348353882,Klebsiella pneumoniae,2.134863037429426,0.5276203109244562,459.70936209377174,136.41528586222478
14,Ag,Bacillus subtilis,non-pathogenic,chemical_synthesis,MIC,quasi-hexagonal,Bacteria,Bacillota,Bacilli,Bacillales,Bacillaceae,Bacillus,p,soil,107.87,8.0,2,0.16,30,11,23.00188061,0.0,0.0,1.78376517,0.8686275019057978,Klebsiella pneumoniae,0.3415043197637644,0.5271231821420335,7.389711812563425,2.195352785379184
15,ZnO,Bacillus subtilis,non-pathogenic,green_synthesis,MIC,quasi-hexagonal,Bacteria,Bacillota,Bacilli,Bacillales,Bacillaceae,Bacillus,p,soil,81.3794,5.1,18,0.16,30,8,22.60496136,17.07,0.6865,4.082482905,0.7564807057938654,Klebsiella pneumoniae,0.2334432734033225,0.5230374323905429,5.70795717123283,1.711761575541715
16,TiO2,Bacillus subtilis,non-pathogenic,chemical_synthesis,MBEC,rod-shaped,Bacteria,Bacillota,Bacilli,Bacillales,Bacillaceae,Bacillus,p,soil,79.866,5.1,2,0.16,30,16,26.40611331,34.14,1.373,2.878049394,2.7376470384832077,Klebsiella pneumoniae,2.214622139279312,0.5230248992038957,546.571570541105,163.9162988246494
17,CeO2,Bacillus subtilis,non-pathogenic,chemical_synthesis,MIC,cubic,Bacteria,Bacillota,Bacilli,Bacillales,Bacillaceae,Bacillus,p,soil,172.115,8.7,0,0.16,30,16,39.19032095,34.14,1.373,4.456551526,3.14894512331651,Klebsiella pneumoniae,2.628502400387874,0.5204427229286361,1409.1107344291797,425.11105642831
18,TiO2,Bacillus subtilis,non-pathogenic,green_synthesis,MBC,rod-shaped,Bacteria,Bacillota,Bacilli,Bacillales,Bacillaceae,Bacillus,p,soil,79.866,11.3,1,0.16,30,16,26.40611331,34.14,1.373,2.878049394,2.9160193280050595,Klebsiella pneumoniae,2.397003844623276,0.5190154833817835,824.1747935819908,249.46168106207415
19,ZnO,Bacillus subtilis,non-pathogenic,chemical_synthesis,MBEC,nanoplates,Bacteria,Bacillota,Bacilli,Bacillales,Bacillaceae,Bacillus,p,soil,81.3794,5.1,0,0.16,30,8,22.60496136,17.07,0.6865,4.082482905,2.5266099195823344,Klebsiella pneumoniae,2.0090939151990876,0.5175160043832467,336.2094526200113,102.11602834339395
20,Ag,Bacillus subtilis,non-pathogenic,chemical_synthesis,MIC,spherical,Bacteria,Bacillota,Bacilli,Bacillales,Bacillaceae,Bacillus,p,soil,107.87,6.0,0,0.16,30,11,23.00188061,0.0,0.0,1.78376517,1.450277973066696,Klebsiella pneumoniae,0.9370413057355206,0.5132366673311753,28.201874334028062,8.650501897615806
21,ZnO,Bacillus subtilis,non-pathogenic,green_synthesis,MIC,quasi-spherical,Bacteria,Bacillota,Bacilli,Bacillales,Bacillaceae,Bacillus,p,soil,81.3794,9.0,4,0.16,30,8,22.60496136,17.07,0.6865,4.082482905,1.4947940676264446,Klebsiella pneumoniae,0.9858713629476898,0.5089227046787548,31.245974041548685,9.679910970009026
22,TiO2,Bacillus subtilis,non-pathogenic,green_synthesis,MBC,rod-shaped,Bacteria,Bacillota,Bacilli,Bacillales,Bacillaceae,Bacillus,p,soil,79.866,12.0,3,0.16,30,16,26.40611331,34.14,1.373,2.878049394,2.995463113738073,Klebsiella pneumoniae,2.4901285318980886,0.5053345818399846,989.607809190572,309.12101582054055
23,Ag,Bacillus subtilis,non-pathogenic,green_synthesis,MIC,spheroidal,Bacteria,Bacillota,Bacilli,Bacillales,Bacillaceae,Bacillus,p,soil,107.87,11.3,18,0.16,30,11,23.00188061,0.0,0.0,1.78376517,1.6304015690299303,Klebsiella pneumoniae,1.1345638749839564,0.4958376940459739,42.69741366280515,13.632134896132403
24,ZnO,Bacillus subtilis,non-pathogenic,chemical_synthesis,MBC,quasi-hexagonal,Bacteria,Bacillota,Bacilli,Bacillales,Bacillaceae,Bacillus,p,soil,81.3794,11.3,3,0.16,30,8,22.60496136,17.07,0.6865,4.082482905,0.8421983599084214,Klebsiella pneumoniae,0.34733403076373137,0.49486432914469003,6.953418358967367,2.225020572240181
25,CeO2,Bacillus subtilis,non-pathogenic,chemical_synthesis,MIC,cubic,Bacteria,Bacillota,Bacilli,Bacillales,Bacillaceae,Bacillus,p,soil,172.115,11.3,3,0.16,30,16,39.19032095,34.14,1.373,4.456551526,3.090905363602692,Klebsiella pneumoniae,2.6023954001369654,0.48850996346572684,1232.8361586541143,400.309042251904
26,ZnO,Bacillus subtilis,non-pathogenic,green_synthesis,MBEC,nanoplates,Bacteria,Bacillota,Bacilli,Bacillales,Bacillaceae,Bacillus,p,soil,81.3794,12.0,3,0.16,30,8,22.60496136,17.07,0.6865,4.082482905,2.668183551790916,Klebsiella pneumoniae,2.1805617000638113,0.4876218517271047,465.78291210293764,151.55200978105339
27,CuO,Bacillus subtilis,non-pathogenic,green_synthesis,MBC,quasi-spherical,Bacteria,Bacillota,Bacilli,Bacillales,Bacillaceae,Bacillus,p,soil,79.5454,9.0,0,0.16,30,17,20.67942236,17.07,0.6865,1.651411411,3.3712788819742108,Klebsiella pneumoniae,2.885036115809119,0.48624276616509166,2351.1421208804836,767.4253055846846
28,Ag,Bacillus subtilis,non-pathogenic,green_synthesis,MIC,quasi-hexagonal,Bacteria,Bacillota,Bacilli,Bacillales,Bacillaceae,Bacillus,p,soil,107.87,5.1,1,0.16,30,11,23.00188061,0.0,0.0,1.78376517,1.2767327399199346,Klebsiella pneumoniae,0.7953815731756727,0.4813511667442619,18.911794492987237,6.242830926596883
29,ZnO,Bacillus subtilis,non-pathogenic,green_synthesis,MBEC,nanoplates,Bacteria,Bacillota,Bacilli,Bacillales,Bacillaceae,Bacillus,p,soil,81.3794,11.3,0,0.16,30,8,22.60496136,17.07,0.6865,4.082482905,2.7030432741595587,Klebsiella pneumoniae,2.2230282063136864,0.48001506784587233,504.7115857492994,167.1199150888356
30,TiO2,Bacillus subtilis,non-pathogenic,green_synthesis,MBC,quasi-spherical,Bacteria,Bacillota,Bacilli,Bacillales,Bacillaceae,Bacillus,p,soil,79.866,18.5,2,0.16,30,16,26.40611331,34.14,1.373,2.878049394,2.56375974468017,Klebsiella pneumoniae,2.085734882041545,0.478024862638625,366.2349143953648,121.82456856934178
31,CuO,Bacillus subtilis,non-pathogenic,green_synthesis,MBC,rod-shaped,Bacteria,Bacillota,Bacilli,Bacillales,Bacillaceae,Bacillus,p,soil,79.5454,5.1,1,0.16,30,17,20.67942236,17.07,0.6865,1.651411411,3.322440987958101,Klebsiella pneumoniae,2.8451835393812566,0.4772574485768444,2101.0722554302565,700.1378222635994
32,ZnO,Bacillus subtilis,non-pathogenic,green_synthesis,MBC,quasi-spherical,Bacteria,Bacillota,Bacilli,Bacillales,Bacillaceae,Bacillus,p,soil,81.3794,12.5,4,0.16,30,8,22.60496136,17.07,0.6865,4.082482905,2.1291856478205378,Klebsiella pneumoniae,1.6566039281492992,0.4725817196712385,134.6435791834855,45.35278155457345
33,Cu,Bacillus subtilis,non-pathogenic,green_synthesis,MBC,quasi-hexagonal,Bacteria,Bacillota,Bacilli,Bacillales,Bacillaceae,Bacillus,p,soil,63.55,6.0,3,0.16,30,11,17.96409803,0.0,0.0,1.243163121,1.3659380680476698,Klebsiella pneumoniae,0.8947146801289527,0.4712233879187171,23.22405589367035,7.8471992520040965
34,Ag,Bacillus subtilis,non-pathogenic,chemical_synthesis,MIC,spheroidal,Bacteria,Bacillota,Bacilli,Bacillales,Bacillaceae,Bacillus,p,soil,107.87,27.43,24,0.16,30,11,23.00188061,0.0,0.0,1.78376517,0.8940976195381185,Klebsiella pneumoniae,0.43655536754892843,0.4575422519891901,7.836057597535781,2.732469780127468
35,ZnO,Bacillus subtilis,non-pathogenic,chemical_synthesis,MBEC,spherical,Bacteria,Bacillota,Bacilli,Bacillales,Bacillaceae,Bacillus,p,soil,81.3794,10.0,4,0.16,30,8,22.60496136,17.07,0.6865,4.082482905,2.0958022225826696,Klebsiella pneumoniae,1.6793272334612244,0.4164749891214452,124.68155859496144,47.78892193841874
36,Pd,Bacillus subtilis,non-pathogenic,chemical_synthesis,MIC,quasi-hexagonal,Bacteria,Bacillota,Bacilli,Bacillales,Bacillaceae,Bacillus,p,soil,195.084,37.86,2,0.16,30,10,21.14774404,0.0,0.0,1.870828693,0.4292731169275621,Klebsiella pneumoniae,0.033243435326292925,0.39602968160126917,2.687033722671939,1.0795516743644
37,Pd,Bacillus subtilis,non-pathogenic,chemical_synthesis,MIC,quasi-hexagonal,Bacteria,Bacillota,Bacilli,Bacillales,Bacillaceae,Bacillus,p,soil,195.084,37.86,2,0.16,30,10,21.14774404,0.0,0.0,1.870828693,0.4292731169275621,Klebsiella pneumoniae,0.033243435326292925,0.39602968160126917,2.687033722671939,1.0795516743644
38,ZnO,Bacillus subtilis,non-pathogenic,chemical_synthesis,MBC,quasi-hexagonal,Bacteria,Bacillota,Bacilli,Bacillales,Bacillaceae,Bacillus,p,soil,81.3794,27.43,1,0.16,30,8,22.60496136,17.07,0.6865,4.082482905,0.40664839819766363,Klebsiella pneumoniae,0.07476471421660325,0.3318836839810604,2.550635489726827,1.187858512276109
39,Ag,Bacillus subtilis,non-pathogenic,chemical_synthesis,MIC,spherical,Bacteria,Bacillota,Bacilli,Bacillales,Bacillaceae,Bacillus,p,soil,107.87,11.3,4,0.16,30,11,23.00188061,0.0,0.0,1.78376517,1.2256704948656774,Klebsiella pneumoniae,0.9021345089796242,0.32353598588605315,16.813978775486625,7.982418791608277
40,Ag,Bacillus subtilis,non-pathogenic,chemical_synthesis,MIC,quasi-hexagonal,Bacteria,Bacillota,Bacilli,Bacillales,Bacillaceae,Bacillus,p,soil,107.87,37.86,3,0.16,30,11,23.00188061,0.0,0.0,1.78376517,0.09810803264928669,Klebsiella pneumoniae,-0.2046441743861629,0.3027522070354496,1.2534529380567687,0.6242460825392837
41,ZnO,Bacillus subtilis,non-pathogenic,green_synthesis,MBEC,rod-shaped,Bacteria,Bacillota,Bacilli,Bacillales,Bacillaceae,Bacillus,p,soil,81.3794,100.0,4,0.16,30,8,22.60496136,17.07,0.6865,4.082482905,1.2101673457599729,Klebsiella pneumoniae,0.9555449676718973,0.25462237808807553,16.224351463772305,9.027031702254732
42,Ag,Bacillus subtilis,non-pathogenic,green_synthesis,MBEC,spheroidal,Bacteria,Bacillota,Bacilli,Bacillales,Bacillaceae,Bacillus,p,soil,107.87,9.0,1,0.16,30,11,23.00188061,0.0,0.0,1.78376517,2.1437467969381774,Klebsiella pneumoniae,1.916236666441979,0.2275101304961984,139.2344799173923,82.45873470381682
43,Ag,Bacillus subtilis,non-pathogenic,chemical_synthesis,MBEC,triangular,Bacteria,Bacillota,Bacilli,Bacillales,Bacillaceae,Bacillus,p,soil,107.87,22.5,4,0.16,30,11,23.00188061,0.0,0.0,1.78376517,-0.3546416922858353,Klebsiella pneumoniae,-0.5444812934616587,0.18983960117582344,0.44193490831203414,0.2854425460937849
44,ZnO,Bacillus subtilis,non-pathogenic,green_synthesis,MIC,quasi-hexagonal,Bacteria,Bacillota,Bacilli,Bacillales,Bacillaceae,Bacillus,p,soil,81.3794,26.06,2,0.16,30,8,22.60496136,17.07,0.6865,4.082482905,0.4510000783053041,Klebsiella pneumoniae,0.2636168079618195,0.18738327034348456,2.82488048425468,1.8349186209657251
45,Au,Bacillus subtilis,non-pathogenic,chemical_synthesis,MBC,hexagonal,Bacteria,Bacillota,Bacilli,Bacillales,Bacillaceae,Bacillus,p,soil,196.966569,45.26,4,0.16,30,11,23.00188061,0.0,0.0,2.46797672,1.7613850305985073,Klebsiella pneumoniae,1.5969043122324293,0.16448071836607792,57.72780315009694,39.527951884209685
46,Ag,Bacillus subtilis,non-pathogenic,green_synthesis,MBEC,triangular,Bacteria,Bacillota,Bacilli,Bacillales,Bacillaceae,Bacillus,p,soil,107.87,5.1,2,0.16,30,11,23.00188061,0.0,0.0,1.78376517,0.47072397315159953,Klebsiella pneumoniae,0.3339633970760272,0.13676057607557235,2.956133024198645,2.1575625592105525
47,Ag,Bacillus subtilis,non-pathogenic,green_synthesis,MIC,spherical,Bacteria,Bacillota,Bacilli,Bacillales,Bacillaceae,Bacillus,p,soil,107.87,11.3,2,0.16,30,11,23.00188061,0.0,0.0,1.78376517,1.727128564122259,Klebsiella pneumoniae,1.6084405525503394,0.11868801157191955,53.34928018981666,40.59200959646104
48,ZnO,Bacillus subtilis,non-pathogenic,green_synthesis,MIC,spherical,Bacteria,Bacillota,Bacilli,Bacillales,Bacillaceae,Bacillus,p,soil,81.3794,28.0,3,0.16,30,8,22.60496136,17.07,0.6865,4.082482905,1.1099152620587345,Klebsiella pneumoniae,1.0034859891831198,0.10642927287561466,12.879982177013698,10.080590877465976
49,Ag,Bacillus subtilis,non-pathogenic,green_synthesis,MBEC,nanoplates,Bacteria,Bacillota,Bacilli,Bacillales,Bacillaceae,Bacillus,p,soil,107.8682,41.23,4,0.16,30,11,23.00188061,0.0,0.0,1.78376517,1.5097072127917128,Klebsiella pneumoniae,1.4096130320432405,0.10009418074847232,32.33755741358903,25.68106511680941
50,CuO,Bacillus subtilis,non-pathogenic,green_synthesis,MBEC,hexagonal,Bacteria,Bacillota,Bacilli,Bacillales,Bacillaceae,Bacillus,p,soil,79.5454,12.5,3,0.16,30,17,20.67942236,17.07,0.6865,1.651411411,3.6802418518222377,Klebsiella pneumoniae,3.598176181703212,0.08206567011902566,4788.967081849267,3964.3882631078873
51,Ag,Bacillus subtilis,non-pathogenic,green_synthesis,MBEC,quasi-hexagonal,Bacteria,Bacillota,Bacilli,Bacillales,Bacillaceae,Bacillus,p,soil,107.87,35.0,18,0.16,30,11,23.00188061,0.0,0.0,1.78376517,0.33731372841095997,Klebsiella pneumoniae,0.38954668372846535,-0.05223295531750538,2.1742712756047213,2.4521480290218793
52,Au,Bacillus subtilis,non-pathogenic,chemical_synthesis,MBC,triangular,Bacteria,Bacillota,Bacilli,Bacillales,Bacillaceae,Bacillus,p,soil,196.966569,79.0,24,0.16,30,11,23.00188061,0.0,0.0,2.46797672,0.7311205483128274,Klebsiella pneumoniae,0.7908260560558653,-0.059705507743037955,5.384192122768968,6.177689213204688
53,CuO,Bacillus subtilis,non-pathogenic,green_synthesis,MBC,tetragonal,Bacteria,Bacillota,Bacilli,Bacillales,Bacillaceae,Bacillus,p,soil,79.5454,50.0,24,0.16,30,17,20.67942236,17.07,0.6865,1.651411411,1.8370869095157552,Klebsiella pneumoniae,1.9143625525216872,-0.07727564300593204,68.72059475420912,82.10366663208588
54,Ag,Bacillus subtilis,non-pathogenic,chemical_synthesis,MIC,spherical,Bacteria,Bacillota,Bacilli,Bacillales,Bacillaceae,Bacillus,p,soil,107.87,12.5,24,0.16,30,11,23.00188061,0.0,0.0,1.78376517,1.3527141813272017,Klebsiella pneumoniae,1.4325801725337877,-0.079865991206586,22.527561362258815,27.0757298681238
55,Au,Bacillus subtilis,non-pathogenic,green_synthesis,MBEC,quasi-spherical,Bacteria,Bacillota,Bacilli,Bacillales,Bacillaceae,Bacillus,p,soil,196.966569,100.0,24,0.16,30,11,23.00188061,0.0,0.0,2.46797672,1.7165674584097865,Klebsiella pneumoniae,1.7970685409880018,-0.08050108257821531,52.06758784429971,62.6712765589718
56,ZnO,Bacillus subtilis,non-pathogenic,green_synthesis,MIC,triangular,Bacteria,Bacillota,Bacilli,Bacillales,Bacillaceae,Bacillus,p,soil,81.3794,25.0,4,0.16,30,8,22.60496136,17.07,0.6865,4.082482905,-0.6935853531894614,Klebsiella pneumoniae,-0.6080751861060203,-0.08551016708344106,0.2024951597939989,0.2465612447521865
57,ZnO,Bacillus subtilis,non-pathogenic,green_synthesis,MIC,spherical,Bacteria,Bacillota,Bacilli,Bacillales,Bacillaceae,Bacillus,p,soil,81.3794,50.0,18,0.16,30,8,22.60496136,17.07,0.6865,4.082482905,0.8020463614889544,Klebsiella pneumoniae,0.9182766553007045,-0.1162302938117501,6.339373812676106,8.284697494168686
58,Ag,Bacillus subtilis,non-pathogenic,chemical_synthesis,MBC,spherical,Bacteria,Bacillota,Bacilli,Bacillales,Bacillaceae,Bacillus,p,soil,107.87,9.0,3,0.16,30,11,23.00188061,0.0,0.0,1.78376517,1.7012012275898174,Klebsiella pneumoniae,1.8296258711743636,-0.1284246435845462,50.25754007022955,67.55008054100233
59,ZnO,Bacillus subtilis,non-pathogenic,green_synthesis,MIC,cubic,Bacteria,Bacillota,Bacilli,Bacillales,Bacillaceae,Bacillus,p,soil,81.3794,22.5,18,0.16,30,8,22.60496136,17.07,0.6865,4.082482905,1.595880331743777,Klebsiella pneumoniae,1.7344982987454804,-0.13861796700170337,39.43486257816331,54.262312571634475
60,ZnO,Bacillus subtilis,non-pathogenic,chemical_synthesis,MIC,triangular,Bacteria,Bacillota,Bacilli,Bacillales,Bacillaceae,Bacillus,p,soil,81.3794,100.0,1,0.16,30,8,22.60496136,17.07,0.6865,4.082482905,-0.8513854862119965,Klebsiella pneumoniae,-0.6700578404621425,-0.18132764574985405,0.14080384478164013,0.21376773691429113
61,Cu,Bacillus subtilis,non-pathogenic,green_synthesis,MIC,spherical,Bacteria,Bacillota,Bacilli,Bacillales,Bacillaceae,Bacillus,p,soil,63.55,60.0,2,0.16,30,11,17.96409803,0.0,0.0,1.243163121,0.7176709380634856,Klebsiella pneumoniae,0.9002968634721461,-0.18262592540866052,5.220005229218464,7.948713861096468
62,CeO2,Bacillus subtilis,non-pathogenic,chemical_synthesis,MBEC,quasi-spherical,Bacteria,Bacillota,Bacilli,Bacillales,Bacillaceae,Bacillus,p,soil,172.115,8.0,24,0.16,30,16,39.19032095,34.14,1.373,4.456551526,3.1187548957693623,Klebsiella pneumoniae,3.3132896848691633,-0.19453478909980104,1314.482763772237,2057.262381935529
63,Cu,Bacillus subtilis,non-pathogenic,green_synthesis,MIC,spheroidal,Bacteria,Bacillota,Bacilli,Bacillales,Bacillaceae,Bacillus,p,soil,63.55,30.0,3,0.16,30,11,17.96409803,0.0,0.0,1.243163121,1.1418022705811641,Klebsiella pneumoniae,1.433506286216837,-0.29170401563567294,13.86124598164713,27.13352926426836
