,np,bacteria,bac_type,np_synthesis,method,shape,kingdom,phylum,class,order,family,genus,gram,isolated_from,mol_weight (g/mol),np_size_avg (nm),time_set,"min_Incub_period, h","growth_temp, C",Valance_electron,labuteASA,tpsa,CrippenMR,chi0v,pred_MIC_norm,pathogenic_bacteria,pred_MIC_pathogen,Fitness,pred_norm_MIC_original,pred_path_MIC_original
0,ZnO,Bacillus subtilis,non-pathogenic,green_synthesis,MBC,quasi-hexagonal,Bacteria,Bacillota,Bacilli,Bacillales,Bacillaceae,Bacillus,p,soil,81.3794,6.0,2,0.16,30,8,22.60496136,17.07,0.6865,4.082482905,1.39685277273735,Klebsiella pneumoniae,0.5463803202816155,0.8504724524557346,24.937491944249643,3.5186844381344233
1,Ag,Bacillus subtilis,non-pathogenic,chemical_synthesis,MIC,spheroidal,Bacteria,Bacillota,Bacilli,Bacillales,Bacillaceae,Bacillus,p,soil,107.87,5.1,18,0.16,30,11,23.00188061,0.0,0.0,1.78376517,1.3273477432328624,Klebsiella pneumoniae,0.4946790075344687,0.8326687356983937,21.249452424663243,3.12376969655201
2,ZnO,Bacillus subtilis,non-pathogenic,green_synthesis,MBC,quasi-hexagonal,Bacteria,Bacillota,Bacilli,Bacillales,Bacillaceae,Bacillus,p,soil,81.3794,9.0,4,0.16,30,8,22.60496136,17.07,0.6865,4.082482905,1.2785527831260188,Klebsiella pneumoniae,0.5123694557084828,0.766183327417536,18.99121642836487,3.253639678573776
3,Ag,Bacillus subtilis,non-pathogenic,green_synthesis,MBC,spheroidal,Bacteria,Bacillota,Bacilli,Bacillales,Bacillaceae,Bacillus,p,soil,107.87,6.0,18,0.16,30,11,23.00188061,0.0,0.0,1.78376517,1.9440725440018949,Klebsiella pneumoniae,1.360638665500666,0.583433878501229,87.91693599060969,22.942390390681183
4,ZnO,Bacillus subtilis,non-pathogenic,chemical_synthesis,MBC,rod-shaped,Bacteria,Bacillota,Bacilli,Bacillales,Bacillaceae,Bacillus,p,soil,81.3794,6.0,4,0.16,30,8,22.60496136,17.07,0.6865,4.082482905,1.5220432635427745,Klebsiella pneumoniae,0.9567540556411912,0.5652892079015833,33.2692693820282,9.052198226575126
5,Ag,Bacillus subtilis,non-pathogenic,chemical_synthesis,MIC,nanoplates,Bacteria,Bacillota,Bacilli,Bacillales,Bacillaceae,Bacillus,p,soil,107.87,5.1,2,0.16,30,11,23.00188061,0.0,0.0,1.78376517,1.9662924996039255,Klebsiella pneumoniae,1.4086619788756694,0.5576305207282561,92.53211727653533,25.624888177049943
6,ZnO,Bacillus subtilis,non-pathogenic,chemical_synthesis,MBEC,spherical,Bacteria,Bacillota,Bacilli,Bacillales,Bacillaceae,Bacillus,p,soil,81.3794,5.1,1,0.16,30,8,22.60496136,17.07,0.6865,4.082482905,2.18183483669025,Klebsiella pneumoniae,1.624498436802272,0.5573363998879779,151.99693715361127,42.120977065066455
7,TiO2,Bacillus subtilis,non-pathogenic,green_synthesis,MIC,rod-shaped,Bacteria,Bacillota,Bacilli,Bacillales,Bacillaceae,Bacillus,p,soil,79.866,6.0,4,0.16,30,16,26.40611331,34.14,1.373,2.878049394,2.3643905823225198,Klebsiella pneumoniae,1.81272152842714,0.5516690538953797,231.41450787223764,64.97129578845819
8,ZnO,Bacillus subtilis,non-pathogenic,chemical_synthesis,MBEC,rod-shaped,Bacteria,Bacillota,Bacilli,Bacillales,Bacillaceae,Bacillus,p,soil,81.3794,5.1,0,0.16,30,8,22.60496136,17.07,0.6865,4.082482905,2.011283502971159,Klebsiella pneumoniae,1.4640918647500079,0.5471916382211512,102.63216798606005,29.113328767137858
9,TiO2,Bacillus subtilis,non-pathogenic,chemical_synthesis,MBEC,quasi-spherical,Bacteria,Bacillota,Bacilli,Bacillales,Bacillaceae,Bacillus,p,soil,79.866,8.7,1,0.16,30,16,26.40611331,34.14,1.373,2.878049394,2.756856398417052,Klebsiella pneumoniae,2.2150346821085725,0.5418217163084798,571.2897057180411,164.0720793479574
10,Ag,Bacillus subtilis,non-pathogenic,chemical_synthesis,MIC,quasi-hexagonal,Bacteria,Bacillota,Bacilli,Bacillales,Bacillaceae,Bacillus,p,soil,107.87,8.7,3,0.16,30,11,23.00188061,0.0,0.0,1.78376517,0.8959049670005821,Klebsiella pneumoniae,0.3566684276576,0.5392365393429821,7.868735859431001,2.2733611169981454
11,Pd,Bacillus subtilis,non-pathogenic,green_synthesis,MIC,quasi-spherical,Bacteria,Bacillota,Bacilli,Bacillales,Bacillaceae,Bacillus,p,soil,195.084,6.0,3,0.16,30,10,21.14774404,0.0,0.0,1.870828693,1.4972745523978344,Klebsiella pneumoniae,0.9601971206486333,0.5370774317492011,31.42494689161495,9.124248832383893
12,TiO2,Bacillus subtilis,non-pathogenic,green_synthesis,MBC,quasi-hexagonal,Bacteria,Bacillota,Bacilli,Bacillales,Bacillaceae,Bacillus,p,soil,79.866,27.43,1,0.16,30,16,26.40611331,34.14,1.373,2.878049394,1.8914612678907419,Klebsiella pneumoniae,1.357616507281948,0.5338447606087939,77.88633493247832,22.783293625850245
13,Ag,Bacillus subtilis,non-pathogenic,chemical_synthesis,MIC,quasi-hexagonal,Bacteria,Bacillota,Bacilli,Bacillales,Bacillaceae,Bacillus,p,soil,107.87,12.0,4,0.16,30,11,23.00188061,0.0,0.0,1.78376517,0.7916612515587828,Klebsiella pneumoniae,0.2603899935669445,0.5312712579918383,6.189581012113697,1.8213356718388325
14,CeO2,Bacillus subtilis,non-pathogenic,chemical_synthesis,MBEC,quasi-hexagonal,Bacteria,Bacillota,Bacilli,Bacillales,Bacillaceae,Bacillus,p,soil,172.115,6.0,3,0.16,30,16,39.19032095,34.14,1.373,4.456551526,2.662483348353882,Klebsiella pneumoniae,2.134863037429426,0.5276203109244562,459.70936209377174,136.41528586222478
15,Ag,Bacillus subtilis,non-pathogenic,chemical_synthesis,MIC,quasi-hexagonal,Bacteria,Bacillota,Bacilli,Bacillales,Bacillaceae,Bacillus,p,soil,107.87,8.0,2,0.16,30,11,23.00188061,0.0,0.0,1.78376517,0.8686275019057978,Klebsiella pneumoniae,0.3415043197637644,0.5271231821420335,7.389711812563425,2.195352785379184
16,ZnO,Bacillus subtilis,non-pathogenic,green_synthesis,MIC,quasi-hexagonal,Bacteria,Bacillota,Bacilli,Bacillales,Bacillaceae,Bacillus,p,soil,81.3794,5.1,18,0.16,30,8,22.60496136,17.07,0.6865,4.082482905,0.7564807057938654,Klebsiella pneumoniae,0.2334432734033225,0.5230374323905429,5.70795717123283,1.711761575541715
17,TiO2,Bacillus subtilis,non-pathogenic,chemical_synthesis,MBEC,rod-shaped,Bacteria,Bacillota,Bacilli,Bacillales,Bacillaceae,Bacillus,p,soil,79.866,5.1,2,0.16,30,16,26.40611331,34.14,1.373,2.878049394,2.7376470384832077,Klebsiella pneumoniae,2.214622139279312,0.5230248992038957,546.571570541105,163.9162988246494
18,CeO2,Bacillus subtilis,non-pathogenic,chemical_synthesis,MIC,cubic,Bacteria,Bacillota,Bacilli,Bacillales,Bacillaceae,Bacillus,p,soil,172.115,8.7,0,0.16,30,16,39.19032095,34.14,1.373,4.456551526,3.14894512331651,Klebsiella pneumoniae,2.628502400387874,0.5204427229286361,1409.1107344291797,425.11105642831
19,TiO2,Bacillus subtilis,non-pathogenic,green_synthesis,MBC,rod-shaped,Bacteria,Bacillota,Bacilli,Bacillales,Bacillaceae,Bacillus,p,soil,79.866,11.3,1,0.16,30,16,26.40611331,34.14,1.373,2.878049394,2.9160193280050595,Klebsiella pneumoniae,2.397003844623276,0.5190154833817835,824.1747935819908,249.46168106207415
20,ZnO,Bacillus subtilis,non-pathogenic,green_synthesis,MBC,quasi-spherical,Bacteria,Bacillota,Bacilli,Bacillales,Bacillaceae,Bacillus,p,soil,81.3794,27.43,4,0.16,30,8,22.60496136,17.07,0.6865,4.082482905,1.7759093301037332,Klebsiella pneumoniae,1.2576496029337227,0.5182597271700105,59.69106534620153,18.09879258299861
21,Ag,Bacillus subtilis,non-pathogenic,chemical_synthesis,MIC,spherical,Bacteria,Bacillota,Bacilli,Bacillales,Bacillaceae,Bacillus,p,soil,107.87,6.0,0,0.16,30,11,23.00188061,0.0,0.0,1.78376517,1.450277973066696,Klebsiella pneumoniae,0.9370413057355206,0.5132366673311753,28.201874334028062,8.650501897615806
22,ZnO,Bacillus subtilis,non-pathogenic,chemical_synthesis,MBC,quasi-hexagonal,Bacteria,Bacillota,Bacilli,Bacillales,Bacillaceae,Bacillus,p,soil,81.3794,11.3,1,0.16,30,8,22.60496136,17.07,0.6865,4.082482905,0.7848378992931992,Klebsiella pneumoniae,0.27568315606768734,0.5091547432255119,6.093094296381071,1.8866144482369165
23,TiO2,Bacillus subtilis,non-pathogenic,green_synthesis,MBC,rod-shaped,Bacteria,Bacillota,Bacilli,Bacillales,Bacillaceae,Bacillus,p,soil,79.866,12.0,3,0.16,30,16,26.40611331,34.14,1.373,2.878049394,2.995463113738073,Klebsiella pneumoniae,2.4901285318980886,0.5053345818399846,989.607809190572,309.12101582054055
24,ZnO,Bacillus subtilis,non-pathogenic,chemical_synthesis,MIC,spherical,Bacteria,Bacillota,Bacilli,Bacillales,Bacillaceae,Bacillus,p,soil,81.3794,5.1,3,0.16,30,8,22.60496136,17.07,0.6865,4.082482905,1.4743932059482519,Klebsiella pneumoniae,0.9704343621727207,0.5039588437755311,29.812143700408015,9.341881674866888
25,Ag,Bacillus subtilis,non-pathogenic,green_synthesis,MIC,spheroidal,Bacteria,Bacillota,Bacilli,Bacillales,Bacillaceae,Bacillus,p,soil,107.87,11.3,18,0.16,30,11,23.00188061,0.0,0.0,1.78376517,1.6304015690299303,Klebsiella pneumoniae,1.1345638749839564,0.4958376940459739,42.69741366280515,13.632134896132403
26,ZnO,Bacillus subtilis,non-pathogenic,chemical_synthesis,MBC,quasi-hexagonal,Bacteria,Bacillota,Bacilli,Bacillales,Bacillaceae,Bacillus,p,soil,81.3794,11.3,3,0.16,30,8,22.60496136,17.07,0.6865,4.082482905,0.8421983599084214,Klebsiella pneumoniae,0.34733403076373137,0.49486432914469003,6.953418358967367,2.225020572240181
27,CeO2,Bacillus subtilis,non-pathogenic,chemical_synthesis,MIC,cubic,Bacteria,Bacillota,Bacilli,Bacillales,Bacillaceae,Bacillus,p,soil,172.115,11.3,3,0.16,30,16,39.19032095,34.14,1.373,4.456551526,3.090905363602692,Klebsiella pneumoniae,2.6023954001369654,0.48850996346572684,1232.8361586541143,400.309042251904
28,ZnO,Bacillus subtilis,non-pathogenic,green_synthesis,MBEC,nanoplates,Bacteria,Bacillota,Bacilli,Bacillales,Bacillaceae,Bacillus,p,soil,81.3794,12.0,3,0.16,30,8,22.60496136,17.07,0.6865,4.082482905,2.668183551790916,Klebsiella pneumoniae,2.1805617000638113,0.4876218517271047,465.78291210293764,151.55200978105339
29,CuO,Bacillus subtilis,non-pathogenic,green_synthesis,MBC,quasi-spherical,Bacteria,Bacillota,Bacilli,Bacillales,Bacillaceae,Bacillus,p,soil,79.5454,9.0,0,0.16,30,17,20.67942236,17.07,0.6865,1.651411411,3.3712788819742108,Klebsiella pneumoniae,2.885036115809119,0.48624276616509166,2351.1421208804836,767.4253055846846
30,Ag,Bacillus subtilis,non-pathogenic,green_synthesis,MIC,quasi-hexagonal,Bacteria,Bacillota,Bacilli,Bacillales,Bacillaceae,Bacillus,p,soil,107.87,5.1,1,0.16,30,11,23.00188061,0.0,0.0,1.78376517,1.2767327399199346,Klebsiella pneumoniae,0.7953815731756727,0.4813511667442619,18.911794492987237,6.242830926596883
31,ZnO,Bacillus subtilis,non-pathogenic,green_synthesis,MBEC,nanoplates,Bacteria,Bacillota,Bacilli,Bacillales,Bacillaceae,Bacillus,p,soil,81.3794,11.3,0,0.16,30,8,22.60496136,17.07,0.6865,4.082482905,2.7030432741595587,Klebsiella pneumoniae,2.2230282063136864,0.48001506784587233,504.7115857492994,167.1199150888356
32,TiO2,Bacillus subtilis,non-pathogenic,green_synthesis,MBC,quasi-spherical,Bacteria,Bacillota,Bacilli,Bacillales,Bacillaceae,Bacillus,p,soil,79.866,18.5,2,0.16,30,16,26.40611331,34.14,1.373,2.878049394,2.56375974468017,Klebsiella pneumoniae,2.085734882041545,0.478024862638625,366.2349143953648,121.82456856934178
33,CuO,Bacillus subtilis,non-pathogenic,green_synthesis,MBC,rod-shaped,Bacteria,Bacillota,Bacilli,Bacillales,Bacillaceae,Bacillus,p,soil,79.5454,5.1,1,0.16,30,17,20.67942236,17.07,0.6865,1.651411411,3.322440987958101,Klebsiella pneumoniae,2.8451835393812566,0.4772574485768444,2101.0722554302565,700.1378222635994
34,Ag,Bacillus subtilis,non-pathogenic,chemical_synthesis,MIC,quasi-hexagonal,Bacteria,Bacillota,Bacilli,Bacillales,Bacillaceae,Bacillus,p,soil,107.87,22.5,4,0.16,30,11,23.00188061,0.0,0.0,1.78376517,0.4032915498577767,Klebsiella pneumoniae,-0.06688503349325603,0.47017658335103274,2.530996530684734,0.8572647504617165
35,ZnO,Bacillus subtilis,non-pathogenic,chemical_synthesis,MBEC,triangular,Bacteria,Bacillota,Bacilli,Bacillales,Bacillaceae,Bacillus,p,soil,81.3794,10.4,18,0.16,30,8,22.60496136,17.07,0.6865,4.082482905,0.42530415343103223,Klebsiella pneumoniae,0.0017206121170276756,0.42358354131400455,2.662589122404103,1.003969714336916
36,Au,Bacillus subtilis,non-pathogenic,chemical_synthesis,MIC,quasi-hexagonal,Bacteria,Bacillota,Bacilli,Bacillales,Bacillaceae,Bacillus,p,soil,196.966569,79.0,0,0.16,30,11,23.00188061,0.0,0.0,2.46797672,0.6639830980674886,Klebsiella pneumoniae,0.2880924224615291,0.37589067560595946,4.612996212887792,1.9412989625991948
37,ZnO,Bacillus subtilis,non-pathogenic,green_synthesis,MIC,tetragonal,Bacteria,Bacillota,Bacilli,Bacillales,Bacillaceae,Bacillus,p,soil,81.3794,8.0,24,0.16,30,8,22.60496136,17.07,0.6865,4.082482905,0.9381192989826979,Klebsiella pneumoniae,0.5683188989750572,0.3698004000076407,8.67200059481505,3.7009984139099084
38,Ag,Bacillus subtilis,non-pathogenic,chemical_synthesis,MIC,quasi-spherical,Bacteria,Bacillota,Bacilli,Bacillales,Bacillaceae,Bacillus,p,soil,107.87,17.5,1,0.16,30,11,23.00188061,0.0,0.0,1.78376517,1.0315900176296828,Klebsiella pneumoniae,0.6757974985779476,0.35579251905173526,10.754494892057034,4.740209087913422
39,ZnO,Bacillus subtilis,non-pathogenic,green_synthesis,MBEC,tetragonal,Bacteria,Bacillota,Bacilli,Bacillales,Bacillaceae,Bacillus,p,soil,81.3794,27.43,18,0.16,30,8,22.60496136,17.07,0.6865,4.082482905,0.9663382479376006,Klebsiella pneumoniae,0.640192750135939,0.3261454978016616,9.254186507053683,4.367096112624552
40,Ag,Bacillus subtilis,non-pathogenic,chemical_synthesis,MIC,quasi-spherical,Bacteria,Bacillota,Bacilli,Bacillales,Bacillaceae,Bacillus,p,soil,107.87,9.0,24,0.16,30,11,23.00188061,0.0,0.0,1.78376517,1.468824384193249,Klebsiella pneumoniae,1.2239815320566714,0.24484285213657753,29.432312377220228,16.748716522515124
41,ZnO,Bacillus subtilis,non-pathogenic,green_synthesis,MBEC,cubic,Bacteria,Bacillota,Bacilli,Bacillales,Bacillaceae,Bacillus,p,soil,81.3794,41.23,4,0.16,30,8,22.60496136,17.07,0.6865,4.082482905,1.605540727620644,Klebsiella pneumoniae,1.4004878254371809,0.20505290218346306,40.321875804664735,25.147095172389488
42,Au,Bacillus subtilis,non-pathogenic,green_synthesis,MBEC,spherical,Bacteria,Bacillota,Bacilli,Bacillales,Bacillaceae,Bacillus,p,soil,196.966569,45.26,4,0.16,30,11,23.00188061,0.0,0.0,2.46797672,1.5664342676266694,Klebsiella pneumoniae,1.370897961431795,0.19553630619487428,36.84972639554635,23.490808336236476
43,Ag,Bacillus subtilis,non-pathogenic,green_synthesis,MBEC,quasi-hexagonal,Bacteria,Bacillota,Bacilli,Bacillales,Bacillaceae,Bacillus,p,soil,107.87,60.0,1,0.16,30,11,23.00188061,0.0,0.0,1.78376517,0.49527300153971354,Klebsiella pneumoniae,0.30162708861304255,0.193645912926671,3.1280450673747078,2.002751605746506
44,Ag,Bacillus subtilis,non-pathogenic,green_synthesis,MIC,tetragonal,Bacteria,Bacillota,Bacilli,Bacillales,Bacillaceae,Bacillus,p,soil,107.87,12.0,4,0.16,30,11,23.00188061,0.0,0.0,1.78376517,0.4526817367240197,Klebsiella pneumoniae,0.2960987063107874,0.1565830304132323,2.8358400829836277,1.9774190162037393
45,TiO2,Bacillus subtilis,non-pathogenic,chemical_synthesis,MBC,triangular,Bacteria,Bacillota,Bacilli,Bacillales,Bacillaceae,Bacillus,p,soil,79.866,18.5,4,0.16,30,16,26.40611331,34.14,1.373,2.878049394,1.0837768934111878,Klebsiella pneumoniae,0.9281571344938429,0.15561975891734492,12.127656661179763,8.475340096497536
46,Ag,Bacillus subtilis,non-pathogenic,green_synthesis,MIC,hexagonal,Bacteria,Bacillota,Bacilli,Bacillales,Bacillaceae,Bacillus,p,soil,107.8682,10.4,4,0.16,30,11,23.00188061,0.0,0.0,1.78376517,2.0196926152387777,Klebsiella pneumoniae,1.8692517060313274,0.15044090920745035,104.63876740771278,74.00340556999853
47,ZnO,Bacillus subtilis,non-pathogenic,chemical_synthesis,MBEC,spherical,Bacteria,Bacillota,Bacilli,Bacillales,Bacillaceae,Bacillus,p,soil,81.3794,25.0,4,0.16,30,8,22.60496136,17.07,0.6865,4.082482905,1.7786402685791558,Klebsiella pneumoniae,1.642666817211394,0.13597345136776173,60.06759841139773,43.92045364612242
48,Ag,Bacillus subtilis,non-pathogenic,chemical_synthesis,MBC,quasi-hexagonal,Bacteria,Bacillota,Bacilli,Bacillales,Bacillaceae,Bacillus,p,soil,107.87,26.38,2,0.16,30,11,23.00188061,0.0,0.0,1.78376517,0.48896027359685834,Klebsiella pneumoniae,0.36528666353814954,0.1236736100587088,3.0829059333904403,2.3189247910848065
49,ZnO,Bacillus subtilis,non-pathogenic,chemical_synthesis,MBEC,triangular,Bacteria,Bacillota,Bacilli,Bacillales,Bacillaceae,Bacillus,p,soil,81.3794,18.0,1,0.16,30,8,22.60496136,17.07,0.6865,4.082482905,0.38017124895036547,Klebsiella pneumoniae,0.29909197256340003,0.08107927638696544,2.3997790020095837,1.9910949577861934
50,Ag,Bacillus subtilis,non-pathogenic,green_synthesis,MBC,cubic,Bacteria,Bacillota,Bacilli,Bacillales,Bacillaceae,Bacillus,p,soil,107.87,10.4,0,0.16,30,11,23.00188061,0.0,0.0,1.78376517,2.1028456334698036,Klebsiella pneumoniae,2.0265623914919293,0.07628324197787428,126.72013691204633,106.30712949559296
51,Ag,Bacillus subtilis,non-pathogenic,green_synthesis,MBEC,hexagonal,Bacteria,Bacillota,Bacilli,Bacillales,Bacillaceae,Bacillus,p,soil,107.87,50.0,3,0.16,30,11,23.00188061,0.0,0.0,1.78376517,1.6597502081790454,Klebsiella pneumoniae,1.6127987265616452,0.04695148161740015,45.68253631989619,41.0014038261617
52,Au,Bacillus subtilis,non-pathogenic,green_synthesis,MBC,spheroidal,Bacteria,Bacillota,Bacilli,Bacillales,Bacillaceae,Bacillus,p,soil,196.966569,8.0,2,0.16,30,11,23.00188061,0.0,0.0,2.46797672,2.0024369510242876,Klebsiella pneumoniae,2.014787279974495,-0.012350328950207157,100.56270598603724,103.46352720271025
53,ZnO,Bacillus subtilis,non-pathogenic,chemical_synthesis,MBEC,spherical,Bacteria,Bacillota,Bacilli,Bacillales,Bacillaceae,Bacillus,p,soil,81.3794,12.5,18,0.16,30,8,22.60496136,17.07,0.6865,4.082482905,2.0254840942171155,Klebsiella pneumoniae,2.0918640884323234,-0.0663799942152079,106.04350998421631,123.55607067451001
54,Al2O3,Bacillus subtilis,non-pathogenic,chemical_synthesis,MIC,tetragonal,Bacteria,Bacillota,Bacilli,Bacillales,Bacillaceae,Bacillus,p,soil,101.961276,27.43,4,0.16,30,24,51.55776403,85.5,13.5675,4.688846487,1.1671002181232222,Klebsiella pneumoniae,1.2986457628090664,-0.13154554468584423,14.692652872966127,19.89050285853726
55,Ag,Bacillus subtilis,non-pathogenic,chemical_synthesis,MBEC,rod-shaped,Bacteria,Bacillota,Bacilli,Bacillales,Bacillaceae,Bacillus,p,soil,107.8682,20.0,1,0.16,30,11,23.00188061,0.0,0.0,1.78376517,1.896007199281765,Klebsiella pneumoniae,2.037507155493598,-0.1414999562118331,78.70588366289242,109.02024545576744
56,Cu,Bacillus subtilis,non-pathogenic,green_synthesis,MIC,rod-shaped,Bacteria,Bacillota,Bacilli,Bacillales,Bacillaceae,Bacillus,p,soil,63.55,79.0,3,0.16,30,11,17.96409803,0.0,0.0,1.243163121,0.980060042793356,Klebsiella pneumoniae,1.1414515505475258,-0.16139150775416977,9.55124626350826,13.850056674763655
57,Ag,Bacillus subtilis,non-pathogenic,chemical_synthesis,MBEC,spherical,Bacteria,Bacillota,Bacilli,Bacillales,Bacillaceae,Bacillus,p,soil,107.8682,17.5,2,0.16,30,11,23.00188061,0.0,0.0,1.78376517,2.148446754214025,Klebsiella pneumoniae,2.3127070884549488,-0.1642603342409239,140.7494654782385,205.4504460342027
58,TiO2,Bacillus subtilis,non-pathogenic,green_synthesis,MBEC,cubic,Bacteria,Bacillota,Bacilli,Bacillales,Bacillaceae,Bacillus,p,soil,79.866,79.0,24,0.16,30,16,26.40611331,34.14,1.373,2.878049394,3.033827546120569,Klebsiella pneumoniae,3.2194173968270476,-0.18558985070647882,1081.00461022914,1657.3620752182546
59,Ag,Bacillus subtilis,non-pathogenic,chemical_synthesis,MIC,quasi-spherical,Bacteria,Bacillota,Bacilli,Bacillales,Bacillaceae,Bacillus,p,soil,107.8682,17.5,24,0.16,30,11,23.00188061,0.0,0.0,1.78376517,1.5816060938748315,Klebsiella pneumoniae,1.7785766231590356,-0.1969705292842041,38.159800353685014,60.0587962101747
60,ZnO,Bacillus subtilis,non-pathogenic,green_synthesis,MBEC,cubic,Bacteria,Bacillota,Bacilli,Bacillales,Bacillaceae,Bacillus,p,soil,81.3794,50.0,24,0.16,30,8,22.60496136,17.07,0.6865,4.082482905,2.2296049081008347,Klebsiella pneumoniae,2.4704403398413786,-0.2408354317405439,169.66994071807468,295.4203034075589
61,Ag,Bacillus subtilis,non-pathogenic,chemical_synthesis,MBC,quasi-spherical,Bacteria,Bacillota,Bacilli,Bacillales,Bacillaceae,Bacillus,p,soil,107.87,37.86,24,0.16,30,11,23.00188061,0.0,0.0,1.78376517,0.5863312192038606,Klebsiella pneumoniae,0.9018037040695626,-0.315472484865702,3.8577245888015015,7.976340846790177
