,np,bacteria,bac_type,np_synthesis,method,shape,kingdom,phylum,class,order,family,genus,gram,isolated_from,mol_weight (g/mol),np_size_avg (nm),time_set,"min_Incub_period, h","growth_temp, C",Valance_electron,labuteASA,tpsa,CrippenMR,chi0v,pred_MIC_norm,pathogenic_bacteria,pred_MIC_pathogen,Fitness,pred_norm_MIC_original,pred_path_MIC_original
0,ZnO,Bacillus subtilis,non-pathogenic,green_synthesis,MBC,rod-shaped,Bacteria,Bacillota,Bacilli,Bacillales,Bacillaceae,Bacillus,p,soil,81.3794,8.7,2,0.16,30,8,22.60496136,17.07,0.6865,4.082482905,2.161801163625249,Klebsiella pneumoniae,1.528697446845534,0.6331037167797149,145.14469383538204,33.78294038730004
1,Ag,Bacillus subtilis,non-pathogenic,chemical_synthesis,MIC,hexagonal,Bacteria,Bacillota,Bacilli,Bacillales,Bacillaceae,Bacillus,p,soil,107.87,6.0,2,0.16,30,11,23.00188061,0.0,0.0,1.78376517,2.0467800780676826,Klebsiella pneumoniae,1.4796164060191161,0.5671636720485664,111.37304099834535,30.17285502195594
2,ZnO,Bacillus subtilis,non-pathogenic,chemical_synthesis,MBC,rod-shaped,Bacteria,Bacillota,Bacilli,Bacillales,Bacillaceae,Bacillus,p,soil,81.3794,6.0,4,0.16,30,8,22.60496136,17.07,0.6865,4.082482905,1.5220432635427745,Klebsiella pneumoniae,0.9567540556411912,0.5652892079015833,33.2692693820282,9.052198226575126
3,Pd,Bacillus subtilis,non-pathogenic,green_synthesis,MIC,quasi-spherical,Bacteria,Bacillota,Bacilli,Bacillales,Bacillaceae,Bacillus,p,soil,195.084,6.0,3,0.16,30,10,21.14774404,0.0,0.0,1.870828693,1.4972745523978344,Klebsiella pneumoniae,0.9601971206486333,0.5370774317492011,31.42494689161495,9.124248832383893
4,CeO2,Bacillus subtilis,non-pathogenic,chemical_synthesis,MBEC,quasi-hexagonal,Bacteria,Bacillota,Bacilli,Bacillales,Bacillaceae,Bacillus,p,soil,172.115,6.0,3,0.16,30,16,39.19032095,34.14,1.373,4.456551526,2.662483348353882,Klebsiella pneumoniae,2.134863037429426,0.5276203109244562,459.70936209377174,136.41528586222478
5,ZnO,Bacillus subtilis,non-pathogenic,chemical_synthesis,MBEC,nanoplates,Bacteria,Bacillota,Bacilli,Bacillales,Bacillaceae,Bacillus,p,soil,81.3794,5.1,0,0.16,30,8,22.60496136,17.07,0.6865,4.082482905,2.5266099195823344,Klebsiella pneumoniae,2.0090939151990876,0.5175160043832467,336.2094526200113,102.11602834339395
6,TiO2,Bacillus subtilis,non-pathogenic,green_synthesis,MBC,rod-shaped,Bacteria,Bacillota,Bacilli,Bacillales,Bacillaceae,Bacillus,p,soil,79.866,12.0,3,0.16,30,16,26.40611331,34.14,1.373,2.878049394,2.995463113738073,Klebsiella pneumoniae,2.4901285318980886,0.5053345818399846,989.607809190572,309.12101582054055
7,ZnO,Bacillus subtilis,non-pathogenic,chemical_synthesis,MBEC,spheroidal,Bacteria,Bacillota,Bacilli,Bacillales,Bacillaceae,Bacillus,p,soil,81.3794,10.4,18,0.16,30,8,22.60496136,17.07,0.6865,4.082482905,2.212664767899014,Klebsiella pneumoniae,1.718353430554654,0.49431133734435995,163.17918807655363,52.28214901013258
8,Ag,Bacillus subtilis,non-pathogenic,green_synthesis,MBEC,tetragonal,Bacteria,Bacillota,Bacilli,Bacillales,Bacillaceae,Bacillus,p,soil,107.87,6.0,18,0.16,30,11,23.00188061,0.0,0.0,1.78376517,1.012308611802868,Klebsiella pneumoniae,0.5225741396295778,0.48973447217329014,10.28747071197764,3.330996218263592
9,Au,Bacillus subtilis,non-pathogenic,green_synthesis,MBC,quasi-spherical,Bacteria,Bacillota,Bacilli,Bacillales,Bacillaceae,Bacillus,p,soil,196.966569,60.0,1,0.16,30,11,23.00188061,0.0,0.0,2.46797672,0.6926424241249309,Klebsiella pneumoniae,0.2680308033064114,0.42461162081851955,4.927679169722525,1.8536630939486498
10,TiO2,Bacillus subtilis,non-pathogenic,green_synthesis,MBC,cubic,Bacteria,Bacillota,Bacilli,Bacillales,Bacillaceae,Bacillus,p,soil,79.866,26.38,0,0.16,30,16,26.40611331,34.14,1.373,2.878049394,3.095322780762884,Klebsiella pneumoniae,2.678537727837367,0.4167850529255168,1245.4399163960597,477.021251897669
11,ZnO,Bacillus subtilis,non-pathogenic,green_synthesis,MBC,tetragonal,Bacteria,Bacillota,Bacilli,Bacillales,Bacillaceae,Bacillus,p,soil,81.3794,10.4,24,0.16,30,8,22.60496136,17.07,0.6865,4.082482905,2.0611864257092676,Klebsiella pneumoniae,1.652392037105292,0.40879438860397554,115.12944887795409,44.91506547441914
12,Au,Bacillus subtilis,non-pathogenic,green_synthesis,MIC,tetragonal,Bacteria,Bacillota,Bacilli,Bacillales,Bacillaceae,Bacillus,p,soil,196.966569,60.0,24,0.16,30,11,23.00188061,0.0,0.0,2.46797672,0.7842637540260667,Klebsiella pneumoniae,0.40374471930380706,0.3805190347222597,6.085044436218428,2.5336389057579476
13,ZnO,Bacillus subtilis,non-pathogenic,green_synthesis,MBEC,spheroidal,Bacteria,Bacillota,Bacilli,Bacillales,Bacillaceae,Bacillus,p,soil,81.3794,8.0,3,0.16,30,8,22.60496136,17.07,0.6865,4.082482905,2.5511219233887723,Klebsiella pneumoniae,2.1749711824478792,0.37615074094089307,355.73117215745964,149.613637687194
14,Pd,Bacillus subtilis,non-pathogenic,green_synthesis,MBEC,quasi-spherical,Bacteria,Bacillota,Bacilli,Bacillales,Bacillaceae,Bacillus,p,soil,195.084,8.7,3,0.16,30,10,21.14774404,0.0,0.0,1.870828693,2.081557257352431,Klebsiella pneumoniae,1.705651395871214,0.37590586148121696,120.65831535450728,50.775171137989254
15,TiO2,Bacillus subtilis,non-pathogenic,green_synthesis,MIC,hexagonal,Bacteria,Bacillota,Bacilli,Bacillales,Bacillaceae,Bacillus,p,soil,79.866,12.0,4,0.16,30,16,26.40611331,34.14,1.373,2.878049394,2.7284463848420297,Klebsiella pneumoniae,2.3568115804089422,0.3716348044330875,535.1140880058144,227.41105889665815
16,ZnO,Bacillus subtilis,non-pathogenic,green_synthesis,MBC,rod-shaped,Bacteria,Bacillota,Bacilli,Bacillales,Bacillaceae,Bacillus,p,soil,81.3794,37.86,1,0.16,30,8,22.60496136,17.07,0.6865,4.082482905,1.0652452433168622,Klebsiella pneumoniae,0.6939748552911682,0.371270388025694,11.621046616613402,4.9428206829834895
17,Ag,Bacillus subtilis,non-pathogenic,chemical_synthesis,MIC,quasi-spherical,Bacteria,Bacillota,Bacilli,Bacillales,Bacillaceae,Bacillus,p,soil,107.87,17.5,1,0.16,30,11,23.00188061,0.0,0.0,1.78376517,1.0315900176296828,Klebsiella pneumoniae,0.6757974985779476,0.35579251905173526,10.754494892057034,4.740209087913422
18,Ag,Bacillus subtilis,non-pathogenic,chemical_synthesis,MIC,rod-shaped,Bacteria,Bacillota,Bacilli,Bacillales,Bacillaceae,Bacillus,p,soil,107.87,8.0,3,0.16,30,11,23.00188061,0.0,0.0,1.78376517,1.286817509649755,Klebsiella pneumoniae,0.9328887529357861,0.35392875671396884,19.35608451220024,8.568183381035434
19,TiO2,Bacillus subtilis,non-pathogenic,green_synthesis,MBC,quasi-spherical,Bacteria,Bacillota,Bacilli,Bacillales,Bacillaceae,Bacillus,p,soil,79.866,44.45,18,0.16,30,16,26.40611331,34.14,1.373,2.878049394,1.5477132254696366,Klebsiella pneumoniae,1.1939276339671796,0.35378559150245703,35.29500318885688,15.628871986924024
20,ZnO,Bacillus subtilis,non-pathogenic,chemical_synthesis,MBEC,nanoplates,Bacteria,Bacillota,Bacilli,Bacillales,Bacillaceae,Bacillus,p,soil,81.3794,12.0,0,0.16,30,8,22.60496136,17.07,0.6865,4.082482905,2.5797183904623218,Klebsiella pneumoniae,2.2299810010040626,0.34973738945825916,379.94295004959184,169.8169361353142
21,Ag,Bacillus subtilis,non-pathogenic,chemical_synthesis,MIC,rod-shaped,Bacteria,Bacillota,Bacilli,Bacillales,Bacillaceae,Bacillus,p,soil,107.87,8.0,0,0.16,30,11,23.00188061,0.0,0.0,1.78376517,1.3064808408155266,Klebsiella pneumoniae,0.9568001228577034,0.3496807179578232,20.252602591762294,9.053158477535352
22,Au,Bacillus subtilis,non-pathogenic,green_synthesis,MBEC,quasi-spherical,Bacteria,Bacillota,Bacilli,Bacillales,Bacillaceae,Bacillus,p,soil,196.966569,79.0,3,0.16,30,11,23.00188061,0.0,0.0,2.46797672,1.0917641533704705,Klebsiella pneumoniae,0.7502547718608088,0.3415093815096617,12.352764258356338,5.626713104495901
23,CuO,Bacillus subtilis,non-pathogenic,green_synthesis,MBEC,quasi-hexagonal,Bacteria,Bacillota,Bacilli,Bacillales,Bacillaceae,Bacillus,p,soil,79.5454,26.06,4,0.16,30,17,20.67942236,17.07,0.6865,1.651411411,2.337928538208611,Klebsiella pneumoniae,2.001987053513102,0.33594148469550866,217.73514665376268,100.45858427385356
24,TiO2,Bacillus subtilis,non-pathogenic,green_synthesis,MIC,spherical,Bacteria,Bacillota,Bacilli,Bacillales,Bacillaceae,Bacillus,p,soil,79.866,12.0,4,0.16,30,16,26.40611331,34.14,1.373,2.878049394,2.302374284508971,Klebsiella pneumoniae,1.9695458788907754,0.3328284056181956,200.6200269929913,93.22789511347541
25,Ag,Bacillus subtilis,non-pathogenic,chemical_synthesis,MIC,spherical,Bacteria,Bacillota,Bacilli,Bacillales,Bacillaceae,Bacillus,p,soil,107.87,10.0,0,0.16,30,11,23.00188061,0.0,0.0,1.78376517,1.3470417591245463,Klebsiella pneumoniae,1.015450541610123,0.33159121751442333,22.235236809302886,10.362165911368017
26,CuO,Bacillus subtilis,non-pathogenic,green_synthesis,MBC,hexagonal,Bacteria,Bacillota,Bacilli,Bacillales,Bacillaceae,Bacillus,p,soil,79.5454,44.45,4,0.16,30,17,20.67942236,17.07,0.6865,1.651411411,2.3294888995813654,Klebsiella pneumoniae,2.0003704952325636,0.3291184043488018,213.54475040410003,100.08534607901001
27,Ag,Bacillus subtilis,non-pathogenic,green_synthesis,MBC,spheroidal,Bacteria,Bacillota,Bacilli,Bacillales,Bacillaceae,Bacillus,p,soil,107.87,6.0,4,0.16,30,11,23.00188061,0.0,0.0,1.78376517,1.9134105480147738,Klebsiella pneumoniae,1.588260213912822,0.32515033410195193,81.92388665103496,38.74897455495234
28,ZnO,Bacillus subtilis,non-pathogenic,green_synthesis,MBC,nanoplates,Bacteria,Bacillota,Bacilli,Bacillales,Bacillaceae,Bacillus,p,soil,81.3794,12.5,0,0.16,30,8,22.60496136,17.07,0.6865,4.082482905,2.511306106861462,Klebsiella pneumoniae,2.186273438996496,0.3250326678649662,324.5683045275166,153.55835072985712
29,Pd,Bacillus subtilis,non-pathogenic,chemical_synthesis,MIC,rod-shaped,Bacteria,Bacillota,Bacilli,Bacillales,Bacillaceae,Bacillus,p,soil,195.084,9.0,3,0.16,30,10,21.14774404,0.0,0.0,1.870828693,0.775358848046153,Klebsiella pneumoniae,0.45415761027582713,0.32120123777032583,5.961545295458652,2.845493581213356
30,ZnO,Bacillus subtilis,non-pathogenic,chemical_synthesis,MBC,quasi-hexagonal,Bacteria,Bacillota,Bacilli,Bacillales,Bacillaceae,Bacillus,p,soil,81.3794,27.43,3,0.16,30,8,22.60496136,17.07,0.6865,4.082482905,0.44638859429864364,Klebsiella pneumoniae,0.12942163071043677,0.31696696358820686,2.7950436479204424,1.3471676043774123
31,ZnO,Bacillus subtilis,non-pathogenic,green_synthesis,MBEC,nanoplates,Bacteria,Bacillota,Bacilli,Bacillales,Bacillaceae,Bacillus,p,soil,81.3794,9.0,18,0.16,30,8,22.60496136,17.07,0.6865,4.082482905,2.5419936030674237,Klebsiella pneumoniae,2.2340667979145783,0.30792680515284543,348.33218424572954,171.42209479268007
32,Ag,Bacillus subtilis,non-pathogenic,chemical_synthesis,MIC,quasi-spherical,Bacteria,Bacillota,Bacilli,Bacillales,Bacillaceae,Bacillus,p,soil,107.87,26.38,2,0.16,30,11,23.00188061,0.0,0.0,1.78376517,0.9949905365150365,Klebsiella pneumoniae,0.6890540698828089,0.3059364666322276,9.885315538457824,4.887132005962011
33,Ag,Bacillus subtilis,non-pathogenic,green_synthesis,MIC,nanoplates,Bacteria,Bacillota,Bacilli,Bacillales,Bacillaceae,Bacillus,p,soil,107.87,44.45,4,0.16,30,11,23.00188061,0.0,0.0,1.78376517,0.9339327569799997,Klebsiella pneumoniae,0.6321753317691428,0.3017574252108569,8.588805283538179,4.287215673567503
34,Al2O3,Bacillus subtilis,non-pathogenic,green_synthesis,MBEC,rod-shaped,Bacteria,Bacillota,Bacilli,Bacillales,Bacillaceae,Bacillus,p,soil,101.961276,8.7,4,0.16,30,24,51.55776403,85.5,13.5675,4.688846487,2.6834060714799763,Klebsiella pneumoniae,2.383564829070372,0.2998412424096042,482.3986363664066,241.8604346821171
35,Au,Bacillus subtilis,non-pathogenic,chemical_synthesis,MIC,cubic,Bacteria,Bacillota,Bacilli,Bacillales,Bacillaceae,Bacillus,p,soil,196.966569,18.0,4,0.16,30,11,23.00188061,0.0,0.0,2.46797672,2.138705786727987,Klebsiella pneumoniae,1.840374898553721,0.2983308881742661,137.6276792789061,69.24284420373715
36,Ag,Bacillus subtilis,non-pathogenic,green_synthesis,MIC,spheroidal,Bacteria,Bacillota,Bacilli,Bacillales,Bacillaceae,Bacillus,p,soil,107.87,45.26,4,0.16,30,11,23.00188061,0.0,0.0,1.78376517,0.9769792893885817,Klebsiella pneumoniae,0.6811737689206401,0.2958055204679416,9.48373236251671,4.799254368997759
37,Au,Bacillus subtilis,non-pathogenic,chemical_synthesis,MBC,quasi-spherical,Bacteria,Bacillota,Bacilli,Bacillales,Bacillaceae,Bacillus,p,soil,196.966569,60.0,1,0.16,30,11,23.00188061,0.0,0.0,2.46797672,0.9069819319751699,Klebsiella pneumoniae,0.6661655526157984,0.2408163793593715,8.072014474155575,4.636236189084386
38,ZnO,Bacillus subtilis,non-pathogenic,chemical_synthesis,MBEC,spheroidal,Bacteria,Bacillota,Bacilli,Bacillales,Bacillaceae,Bacillus,p,soil,81.3794,10.4,4,0.16,30,8,22.60496136,17.07,0.6865,4.082482905,2.183085304271974,Klebsiella pneumoniae,1.9470575113268913,0.2360277929450827,152.4352138166643,88.52328287823285
39,ZnO,Bacillus subtilis,non-pathogenic,chemical_synthesis,MBC,spherical,Bacteria,Bacillota,Bacilli,Bacillales,Bacillaceae,Bacillus,p,soil,81.3794,18.5,3,0.16,30,8,22.60496136,17.07,0.6865,4.082482905,1.458256053310953,Klebsiella pneumoniae,1.247525155427729,0.21073089788322408,28.724736489184192,17.68174631886167
40,Ag,Bacillus subtilis,non-pathogenic,chemical_synthesis,MIC,nanoplates,Bacteria,Bacillota,Bacilli,Bacillales,Bacillaceae,Bacillus,p,soil,107.87,79.0,2,0.16,30,11,23.00188061,0.0,0.0,1.78376517,1.437301502670254,Klebsiella pneumoniae,1.255410557068394,0.18189094560186003,27.371683064080546,18.00572268464866
41,Au,Bacillus subtilis,non-pathogenic,green_synthesis,MBC,spherical,Bacteria,Bacillota,Bacilli,Bacillales,Bacillaceae,Bacillus,p,soil,196.966569,28.0,1,0.16,30,11,23.00188061,0.0,0.0,2.46797672,1.2765407079948383,Klebsiella pneumoniae,1.1022609154045944,0.17427979259024395,18.90343411617835,12.654964039647416
42,ZnO,Bacillus subtilis,non-pathogenic,green_synthesis,MBC,spheroidal,Bacteria,Bacillota,Bacilli,Bacillales,Bacillaceae,Bacillus,p,soil,81.3794,18.0,2,0.16,30,8,22.60496136,17.07,0.6865,4.082482905,2.2513390985584736,Klebsiella pneumoniae,2.0906260984204725,0.16071300013800105,178.37709981046518,123.20436605717879
43,Ag,Bacillus subtilis,non-pathogenic,green_synthesis,MIC,spheroidal,Bacteria,Bacillota,Bacilli,Bacillales,Bacillaceae,Bacillus,p,soil,107.8682,27.43,24,0.16,30,11,23.00188061,0.0,0.0,1.78376517,1.2252490206619626,Klebsiella pneumoniae,1.0723323304526888,0.1529166902092738,16.797669057099426,11.812241852635553
44,Pd,Bacillus subtilis,non-pathogenic,green_synthesis,MIC,quasi-spherical,Bacteria,Bacillota,Bacilli,Bacillales,Bacillaceae,Bacillus,p,soil,195.084,22.5,3,0.16,30,10,21.14774404,0.0,0.0,1.870828693,1.2996831240423896,Klebsiella pneumoniae,1.1623554275657217,0.13732769647666787,19.938070350069623,14.533005153831695
45,Ag,Bacillus subtilis,non-pathogenic,chemical_synthesis,MIC,triangular,Bacteria,Bacillota,Bacilli,Bacillales,Bacillaceae,Bacillus,p,soil,107.8682,5.1,4,0.16,30,11,23.00188061,0.0,0.0,1.78376517,-0.015392308863180437,Klebsiella pneumoniae,-0.1355008395642403,0.12010853070105987,0.96517861555153,0.7319799081582287
46,ZnO,Bacillus subtilis,non-pathogenic,chemical_synthesis,MBC,cubic,Bacteria,Bacillota,Bacilli,Bacillales,Bacillaceae,Bacillus,p,soil,81.3794,100.0,2,0.16,30,8,22.60496136,17.07,0.6865,4.082482905,1.8851539079099338,Klebsiella pneumoniae,1.774871859751084,0.11028204815884979,76.76334797679021,59.54864170596416
47,Ag,Bacillus subtilis,non-pathogenic,green_synthesis,MBC,hexagonal,Bacteria,Bacillota,Bacilli,Bacillales,Bacillaceae,Bacillus,p,soil,107.8682,6.0,18,0.16,30,11,23.00188061,0.0,0.0,1.78376517,2.0817517749501615,Klebsiella pneumoniae,1.9761387588349582,0.10561301611520335,120.71236951240519,94.65395362497794
48,Ag,Bacillus subtilis,non-pathogenic,chemical_synthesis,MBEC,quasi-hexagonal,Bacteria,Bacillota,Bacilli,Bacillales,Bacillaceae,Bacillus,p,soil,107.8682,26.38,1,0.16,30,11,23.00188061,0.0,0.0,1.78376517,1.1984855422204679,Klebsiella pneumoniae,1.1015574561800714,0.09692808604039649,15.793760290126896,12.634482441029885
49,ZnO,Bacillus subtilis,non-pathogenic,green_synthesis,MBEC,triangular,Bacteria,Bacillota,Bacilli,Bacillales,Bacillaceae,Bacillus,p,soil,81.3794,13.0,2,0.16,30,8,22.60496136,17.07,0.6865,4.082482905,0.7675276260174628,Klebsiella pneumoniae,0.7235386316221475,0.04398899439531534,5.855009795887134,5.291010600298814
50,TiO2,Bacillus subtilis,non-pathogenic,green_synthesis,MIC,spheroidal,Bacteria,Bacillota,Bacilli,Bacillales,Bacillaceae,Bacillus,p,soil,79.866,17.5,24,0.16,30,16,26.40611331,34.14,1.373,2.878049394,2.4908269556146365,Klebsiella pneumoniae,2.4535850106852326,0.037241944929403914,309.61853801301055,284.17443859143765
51,Ag,Bacillus subtilis,non-pathogenic,green_synthesis,MBC,hexagonal,Bacteria,Bacillota,Bacilli,Bacillales,Bacillaceae,Bacillus,p,soil,107.87,12.0,2,0.16,30,11,23.00188061,0.0,0.0,1.78376517,2.0447340458111922,Klebsiella pneumoniae,2.025262463735635,0.019471582075557325,110.8495784338104,105.98940734361713
52,ZnO,Bacillus subtilis,non-pathogenic,chemical_synthesis,MBEC,spheroidal,Bacteria,Bacillota,Bacilli,Bacillales,Bacillaceae,Bacillus,p,soil,81.3794,27.43,3,0.16,30,8,22.60496136,17.07,0.6865,4.082482905,1.8654245907173304,Klebsiella pneumoniae,1.8844857548336673,-0.01906116411633696,73.35413339638447,76.64533995363965
53,Ag2O,Bacillus subtilis,non-pathogenic,chemical_synthesis,MIC,triangular,Bacteria,Bacillota,Bacilli,Bacillales,Bacillaceae,Bacillus,p,soil,231.7358,35.0,18,0.16,30,28,46.55109718,17.07,0.6865,3.975778631,0.09605798473849103,Klebsiella pneumoniae,0.16961215068457625,-0.07355416594608521,1.2475500695150221,1.4777880511258024
54,Ag,Bacillus subtilis,non-pathogenic,green_synthesis,MBC,quasi-spherical,Bacteria,Bacillota,Bacilli,Bacillales,Bacillaceae,Bacillus,p,soil,107.87,12.5,2,0.16,30,11,23.00188061,0.0,0.0,1.78376517,1.595076749014218,Klebsiella pneumoniae,1.7497855926674828,-0.15470884365326487,39.361963021791794,56.206377078608405
55,Cu,Bacillus subtilis,non-pathogenic,green_synthesis,MIC,triangular,Bacteria,Bacillota,Bacilli,Bacillales,Bacillaceae,Bacillus,p,soil,63.55,100.0,2,0.16,30,11,17.96409803,0.0,0.0,1.243163121,-0.6975273356630156,Klebsiella pneumoniae,-0.4021525677019282,-0.2953747679610874,0.20066547817929387,0.39613884618580886
56,ZnO,Bacillus subtilis,non-pathogenic,chemical_synthesis,MBEC,nanoplates,Bacteria,Bacillota,Bacilli,Bacillales,Bacillaceae,Bacillus,p,soil,81.3794,17.5,24,0.16,30,8,22.60496136,17.07,0.6865,4.082482905,2.3947456457641767,Klebsiella pneumoniae,2.7166504270240814,-0.32190478125990474,248.1679228877853,520.7753590596858
57,Ag,Bacillus subtilis,non-pathogenic,chemical_synthesis,MBEC,cubic,Bacteria,Bacillota,Bacilli,Bacillales,Bacillaceae,Bacillus,p,soil,107.87,45.26,24,0.16,30,11,23.00188061,0.0,0.0,1.78376517,2.010111975726933,Klebsiella pneumoniae,2.368607660941431,-0.35849568521449804,102.35568656535982,233.67253010723027
