,np,bacteria,bac_type,np_synthesis,method,shape,kingdom,phylum,class,order,family,genus,gram,isolated_from,mol_weight (g/mol),np_size_avg (nm),time_set,"min_Incub_period, h","growth_temp, C",Valance_electron,labuteASA,tpsa,CrippenMR,chi0v,pred_MIC_norm,pathogenic_bacteria,pred_MIC_pathogen,Fitness,pred_norm_MIC_original,pred_path_MIC_original
0,ZnO,Bacillus subtilis,non-pathogenic,green_synthesis,MBC,quasi-hexagonal,Bacteria,Bacillota,Bacilli,Bacillales,Bacillaceae,Bacillus,p,soil,81.3794,6.0,2,0.16,30,8,22.60496136,17.07,0.6865,4.082482905,1.39685277273735,Klebsiella pneumoniae,0.5463803202816155,0.8504724524557346,24.937491944249643,3.5186844381344233
1,Ag,Bacillus subtilis,non-pathogenic,chemical_synthesis,MIC,spheroidal,Bacteria,Bacillota,Bacilli,Bacillales,Bacillaceae,Bacillus,p,soil,107.87,5.1,18,0.16,30,11,23.00188061,0.0,0.0,1.78376517,1.3273477432328624,Klebsiella pneumoniae,0.4946790075344687,0.8326687356983937,21.249452424663243,3.12376969655201
2,ZnO,Bacillus subtilis,non-pathogenic,green_synthesis,MIC,quasi-hexagonal,Bacteria,Bacillota,Bacilli,Bacillales,Bacillaceae,Bacillus,p,soil,81.3794,6.0,3,0.16,30,8,22.60496136,17.07,0.6865,4.082482905,0.8786990807498518,Klebsiella pneumoniae,0.1695412194494279,0.7091578613004239,7.563086730623818,1.4775467107988938
3,ZnO,Bacillus subtilis,non-pathogenic,green_synthesis,MBC,nanoplates,Bacteria,Bacillota,Bacilli,Bacillales,Bacillaceae,Bacillus,p,soil,81.3794,9.0,4,0.16,30,8,22.60496136,17.07,0.6865,4.082482905,2.4630732256898904,Klebsiella pneumoniae,1.814767212456186,0.6483060132337044,290.4512338306652,65.27805599055431
4,Ag,Bacillus subtilis,non-pathogenic,chemical_synthesis,MIC,hexagonal,Bacteria,Bacillota,Bacilli,Bacillales,Bacillaceae,Bacillus,p,soil,107.87,6.0,2,0.16,30,11,23.00188061,0.0,0.0,1.78376517,2.0467800780676826,Klebsiella pneumoniae,1.4796164060191161,0.5671636720485664,111.37304099834535,30.17285502195594
5,ZnO,Bacillus subtilis,non-pathogenic,chemical_synthesis,MBC,rod-shaped,Bacteria,Bacillota,Bacilli,Bacillales,Bacillaceae,Bacillus,p,soil,81.3794,6.0,4,0.16,30,8,22.60496136,17.07,0.6865,4.082482905,1.5220432635427745,Klebsiella pneumoniae,0.9567540556411912,0.5652892079015833,33.2692693820282,9.052198226575126
6,TiO2,Bacillus subtilis,non-pathogenic,chemical_synthesis,MBEC,quasi-spherical,Bacteria,Bacillota,Bacilli,Bacillales,Bacillaceae,Bacillus,p,soil,79.866,10.0,4,0.16,30,16,26.40611331,34.14,1.373,2.878049394,2.7454604956033455,Klebsiella pneumoniae,2.2043174532994243,0.5411430423039212,556.494012016926,160.0727674157663
7,Ag,Bacillus subtilis,non-pathogenic,chemical_synthesis,MIC,quasi-hexagonal,Bacteria,Bacillota,Bacilli,Bacillales,Bacillaceae,Bacillus,p,soil,107.87,8.7,3,0.16,30,11,23.00188061,0.0,0.0,1.78376517,0.8959049670005821,Klebsiella pneumoniae,0.3566684276576,0.5392365393429821,7.868735859431001,2.2733611169981454
8,Pd,Bacillus subtilis,non-pathogenic,green_synthesis,MIC,quasi-spherical,Bacteria,Bacillota,Bacilli,Bacillales,Bacillaceae,Bacillus,p,soil,195.084,6.0,3,0.16,30,10,21.14774404,0.0,0.0,1.870828693,1.4972745523978344,Klebsiella pneumoniae,0.9601971206486333,0.5370774317492011,31.42494689161495,9.124248832383893
9,Ag,Bacillus subtilis,non-pathogenic,chemical_synthesis,MIC,quasi-hexagonal,Bacteria,Bacillota,Bacilli,Bacillales,Bacillaceae,Bacillus,p,soil,107.87,12.0,4,0.16,30,11,23.00188061,0.0,0.0,1.78376517,0.7916612515587828,Klebsiella pneumoniae,0.2603899935669445,0.5312712579918383,6.189581012113697,1.8213356718388325
10,CeO2,Bacillus subtilis,non-pathogenic,chemical_synthesis,MBEC,quasi-hexagonal,Bacteria,Bacillota,Bacilli,Bacillales,Bacillaceae,Bacillus,p,soil,172.115,6.0,3,0.16,30,16,39.19032095,34.14,1.373,4.456551526,2.662483348353882,Klebsiella pneumoniae,2.134863037429426,0.5276203109244562,459.70936209377174,136.41528586222478
11,ZnO,Bacillus subtilis,non-pathogenic,green_synthesis,MIC,quasi-hexagonal,Bacteria,Bacillota,Bacilli,Bacillales,Bacillaceae,Bacillus,p,soil,81.3794,5.1,18,0.16,30,8,22.60496136,17.07,0.6865,4.082482905,0.7564807057938654,Klebsiella pneumoniae,0.2334432734033225,0.5230374323905429,5.70795717123283,1.711761575541715
12,TiO2,Bacillus subtilis,non-pathogenic,chemical_synthesis,MBEC,rod-shaped,Bacteria,Bacillota,Bacilli,Bacillales,Bacillaceae,Bacillus,p,soil,79.866,5.1,2,0.16,30,16,26.40611331,34.14,1.373,2.878049394,2.7376470384832077,Klebsiella pneumoniae,2.214622139279312,0.5230248992038957,546.571570541105,163.9162988246494
13,ZnO,Bacillus subtilis,non-pathogenic,chemical_synthesis,MBEC,nanoplates,Bacteria,Bacillota,Bacilli,Bacillales,Bacillaceae,Bacillus,p,soil,81.3794,5.1,0,0.16,30,8,22.60496136,17.07,0.6865,4.082482905,2.5266099195823344,Klebsiella pneumoniae,2.0090939151990876,0.5175160043832467,336.2094526200113,102.11602834339395
14,TiO2,Bacillus subtilis,non-pathogenic,green_synthesis,MBC,rod-shaped,Bacteria,Bacillota,Bacilli,Bacillales,Bacillaceae,Bacillus,p,soil,79.866,12.0,3,0.16,30,16,26.40611331,34.14,1.373,2.878049394,2.995463113738073,Klebsiella pneumoniae,2.4901285318980886,0.5053345818399846,989.607809190572,309.12101582054055
15,ZnO,Bacillus subtilis,non-pathogenic,green_synthesis,MIC,quasi-hexagonal,Bacteria,Bacillota,Bacilli,Bacillales,Bacillaceae,Bacillus,p,soil,81.3794,9.0,2,0.16,30,8,22.60496136,17.07,0.6865,4.082482905,0.772428731044057,Klebsiella pneumoniae,0.2726777744432163,0.4997509566008407,5.921459060802809,1.8736038685428766
16,Ag,Bacillus subtilis,non-pathogenic,green_synthesis,MBEC,spheroidal,Bacteria,Bacillota,Bacilli,Bacillales,Bacillaceae,Bacillus,p,soil,107.87,27.43,18,0.16,30,11,23.00188061,0.0,0.0,1.78376517,1.4980070467062632,Klebsiella pneumoniae,1.0078877188835307,0.4901193278227325,31.47799388749136,10.183280787097175
17,CeO2,Bacillus subtilis,non-pathogenic,chemical_synthesis,MIC,cubic,Bacteria,Bacillota,Bacilli,Bacillales,Bacillaceae,Bacillus,p,soil,172.115,11.3,3,0.16,30,16,39.19032095,34.14,1.373,4.456551526,3.090905363602692,Klebsiella pneumoniae,2.6023954001369654,0.48850996346572684,1232.8361586541143,400.309042251904
18,ZnO,Bacillus subtilis,non-pathogenic,chemical_synthesis,MIC,spherical,Bacteria,Bacillota,Bacilli,Bacillales,Bacillaceae,Bacillus,p,soil,81.3794,6.0,3,0.16,30,8,22.60496136,17.07,0.6865,4.082482905,1.4789532272249222,Klebsiella pneumoniae,0.9918710155105614,0.4870822117143607,30.126815460487244,9.814564093720254
19,Ag,Bacillus subtilis,non-pathogenic,green_synthesis,MIC,quasi-hexagonal,Bacteria,Bacillota,Bacilli,Bacillales,Bacillaceae,Bacillus,p,soil,107.87,5.1,1,0.16,30,11,23.00188061,0.0,0.0,1.78376517,1.2767327399199346,Klebsiella pneumoniae,0.7953815731756727,0.4813511667442619,18.911794492987237,6.242830926596883
20,TiO2,Bacillus subtilis,non-pathogenic,green_synthesis,MBC,quasi-spherical,Bacteria,Bacillota,Bacilli,Bacillales,Bacillaceae,Bacillus,p,soil,79.866,18.5,2,0.16,30,16,26.40611331,34.14,1.373,2.878049394,2.56375974468017,Klebsiella pneumoniae,2.085734882041545,0.478024862638625,366.2349143953648,121.82456856934178
21,ZnO,Bacillus subtilis,non-pathogenic,green_synthesis,MIC,quasi-spherical,Bacteria,Bacillota,Bacilli,Bacillales,Bacillaceae,Bacillus,p,soil,81.3794,10.4,1,0.16,30,8,22.60496136,17.07,0.6865,4.082482905,1.4928018567109727,Klebsiella pneumoniae,1.0256862032855483,0.4671156534254244,31.102969659071913,10.609287129021126
22,ZnO,Bacillus subtilis,non-pathogenic,green_synthesis,MIC,quasi-spherical,Bacteria,Bacillota,Bacilli,Bacillales,Bacillaceae,Bacillus,p,soil,81.3794,10.4,3,0.16,30,8,22.60496136,17.07,0.6865,4.082482905,1.562395570865226,Klebsiella pneumoniae,1.101688112198159,0.46070745866706697,36.50863291472954,12.638284053931933
23,Ag,Bacillus subtilis,non-pathogenic,green_synthesis,MBEC,quasi-hexagonal,Bacteria,Bacillota,Bacilli,Bacillales,Bacillaceae,Bacillus,p,soil,107.8682,6.0,0,0.16,30,11,23.00188061,0.0,0.0,1.78376517,1.5020346365582484,Klebsiella pneumoniae,1.0642181085121267,0.4378165280461217,31.771274479694974,11.59359455837958
24,Ni,Bacillus subtilis,non-pathogenic,green_synthesis,MBC,triangular,Bacteria,Bacillota,Bacilli,Bacillales,Bacillaceae,Bacillus,p,soil,58.6934,5.1,3,0.16,30,10,17.41523038,0.0,0.0,1.303840481,1.946253520633579,Klebsiella pneumoniae,1.513347518845038,0.4329060017885409,88.35955513026899,32.60975371752089
25,Au,Bacillus subtilis,non-pathogenic,green_synthesis,MBC,quasi-spherical,Bacteria,Bacillota,Bacilli,Bacillales,Bacillaceae,Bacillus,p,soil,196.966569,60.0,1,0.16,30,11,23.00188061,0.0,0.0,2.46797672,0.6926424241249309,Klebsiella pneumoniae,0.2680308033064114,0.42461162081851955,4.927679169722525,1.8536630939486498
26,ZnO,Bacillus subtilis,non-pathogenic,green_synthesis,MBC,quasi-spherical,Bacteria,Bacillota,Bacilli,Bacillales,Bacillaceae,Bacillus,p,soil,81.3794,35.0,0,0.16,30,8,22.60496136,17.07,0.6865,4.082482905,1.183210891266238,Klebsiella pneumoniae,0.7587654779044547,0.4244454133617833,15.247930060420407,5.738065189456233
27,CuO,Bacillus subtilis,non-pathogenic,green_synthesis,MBC,spheroidal,Bacteria,Bacillota,Bacilli,Bacillales,Bacillaceae,Bacillus,p,soil,79.5454,10.4,2,0.16,30,17,20.67942236,17.07,0.6865,1.651411411,3.5713891488428358,Klebsiella pneumoniae,3.1519348963386418,0.419454252504194,3727.25536760801,1418.8448113740728
28,Au,Bacillus subtilis,non-pathogenic,chemical_synthesis,MIC,quasi-hexagonal,Bacteria,Bacillota,Bacilli,Bacillales,Bacillaceae,Bacillus,p,soil,196.966569,10.4,3,0.16,30,11,23.00188061,0.0,0.0,2.46797672,1.5184405712121436,Klebsiella pneumoniae,1.0994256961585926,0.41901487505355095,32.99442553021287,12.572617299022598
29,TiO2,Bacillus subtilis,non-pathogenic,green_synthesis,MBC,cubic,Bacteria,Bacillota,Bacilli,Bacillales,Bacillaceae,Bacillus,p,soil,79.866,26.38,0,0.16,30,16,26.40611331,34.14,1.373,2.878049394,3.095322780762884,Klebsiella pneumoniae,2.678537727837367,0.4167850529255168,1245.4399163960597,477.021251897669
30,Cu,Bacillus subtilis,non-pathogenic,green_synthesis,MBC,nanoplates,Bacteria,Bacillota,Bacilli,Bacillales,Bacillaceae,Bacillus,p,soil,63.55,6.0,4,0.16,30,11,17.96409803,0.0,0.0,1.243163121,2.1075157223686407,Klebsiella pneumoniae,1.6939132786577982,0.41360244371084254,128.09014650091615,49.42119912668316
31,Au,Bacillus subtilis,non-pathogenic,chemical_synthesis,MIC,quasi-hexagonal,Bacteria,Bacillota,Bacilli,Bacillales,Bacillaceae,Bacillus,p,soil,196.966569,9.0,2,0.16,30,11,23.00188061,0.0,0.0,2.46797672,1.4952128979813555,Klebsiella pneumoniae,1.082543901791886,0.4126689961894694,31.27612196043771,12.09327424785493
32,ZnO,Bacillus subtilis,non-pathogenic,chemical_synthesis,MBC,hexagonal,Bacteria,Bacillota,Bacilli,Bacillales,Bacillaceae,Bacillus,p,soil,81.3794,12.0,4,0.16,30,8,22.60496136,17.07,0.6865,4.082482905,1.9594901189911558,Klebsiella pneumoniae,1.5492395327781943,0.4102505862129615,91.0940726430921,35.41926402600174
33,ZrO2,Bacillus subtilis,non-pathogenic,green_synthesis,MBC,quasi-spherical,Bacteria,Bacillota,Bacilli,Bacillales,Bacillaceae,Bacillus,p,soil,123.2218,40.0,1,0.16,30,16,29.29254423,34.14,1.373,3.774536472,1.6098278678962714,Klebsiella pneumoniae,1.2067443959101163,0.40308347198615513,40.72188451072568,16.096979683226866
34,Al2O3,Bacillus subtilis,non-pathogenic,green_synthesis,MBC,cubic,Bacteria,Bacillota,Bacilli,Bacillales,Bacillaceae,Bacillus,p,soil,101.961276,8.0,4,0.16,30,24,51.55776403,85.5,13.5675,4.688846487,2.9884375427578336,Klebsiella pneumoniae,2.5872185432704637,0.40121899948736983,973.7277404394462,386.56145143731726
35,ZnO,Bacillus subtilis,non-pathogenic,chemical_synthesis,MBEC,hexagonal,Bacteria,Bacillota,Bacilli,Bacillales,Bacillaceae,Bacillus,p,soil,81.3794,8.0,2,0.16,30,8,22.60496136,17.07,0.6865,4.082482905,2.5075076969366923,Klebsiella pneumoniae,2.1087286807221033,0.398779016214589,321.7419554039886,128.44839462187122
36,Cu,Bacillus subtilis,non-pathogenic,green_synthesis,MBEC,quasi-hexagonal,Bacteria,Bacillota,Bacilli,Bacillales,Bacillaceae,Bacillus,p,soil,63.55,8.7,4,0.16,30,11,17.96409803,0.0,0.0,1.243163121,1.5538361192857157,Klebsiella pneumoniae,1.1571460682237082,0.3966900510620075,35.79613351583514,14.359723191962864
37,Ni,Bacillus subtilis,non-pathogenic,green_synthesis,MBEC,spheroidal,Bacteria,Bacillota,Bacilli,Bacillales,Bacillaceae,Bacillus,p,soil,58.6934,5.1,0,0.16,30,10,17.41523038,0.0,0.0,1.303840481,3.043025784862751,Klebsiella pneumoniae,2.6465006553216144,0.3965251295411365,1104.144173027884,443.09888309566713
38,ZnO,Bacillus subtilis,non-pathogenic,chemical_synthesis,MBEC,spherical,Bacteria,Bacillota,Bacilli,Bacillales,Bacillaceae,Bacillus,p,soil,81.3794,6.0,18,0.16,30,8,22.60496136,17.07,0.6865,4.082482905,2.1325462972249034,Klebsiella pneumoniae,1.7773778158213682,0.3551684814035352,135.6895172093055,59.893241157958094
39,Ag,Bacillus subtilis,non-pathogenic,green_synthesis,MIC,spherical,Bacteria,Bacillota,Bacilli,Bacillales,Bacillaceae,Bacillus,p,soil,107.87,6.0,4,0.16,30,11,23.00188061,0.0,0.0,1.78376517,1.7857228641323077,Klebsiella pneumoniae,1.431869506066166,0.3538533580661418,61.05522894963952,27.031460186316984
40,ZnO,Bacillus subtilis,non-pathogenic,green_synthesis,MBC,nanoplates,Bacteria,Bacillota,Bacilli,Bacillales,Bacillaceae,Bacillus,p,soil,81.3794,25.0,1,0.16,30,8,22.60496136,17.07,0.6865,4.082482905,2.230853337162074,Klebsiella pneumoniae,1.8772181009072835,0.35363523625479054,170.1583780278796,75.37339908217814
41,ZnO,Bacillus subtilis,non-pathogenic,green_synthesis,MBEC,spherical,Bacteria,Bacillota,Bacilli,Bacillales,Bacillaceae,Bacillus,p,soil,81.3794,44.45,1,0.16,30,8,22.60496136,17.07,0.6865,4.082482905,1.4996504189762316,Klebsiella pneumoniae,1.1911310413282838,0.3085193776479478,31.59733240407526,15.528554882780712
42,ZnO,Bacillus subtilis,non-pathogenic,green_synthesis,MIC,quasi-hexagonal,Bacteria,Bacillota,Bacilli,Bacillales,Bacillaceae,Bacillus,p,soil,81.3794,50.0,3,0.16,30,8,22.60496136,17.07,0.6865,4.082482905,-0.22669573738409565,Klebsiella pneumoniae,-0.43614304030654294,0.2094473029224473,0.5933408680133085,0.3663169037337089
43,Ag,Bacillus subtilis,non-pathogenic,chemical_synthesis,MBEC,rod-shaped,Bacteria,Bacillota,Bacilli,Bacillales,Bacillaceae,Bacillus,p,soil,107.87,5.1,0,0.16,30,11,23.00188061,0.0,0.0,1.78376517,1.7075109895345026,Klebsiella pneumoniae,1.5065532282483738,0.20095776128612886,50.99305008655308,32.10356249615881
44,Ag,Bacillus subtilis,non-pathogenic,green_synthesis,MIC,quasi-spherical,Bacteria,Bacillota,Bacilli,Bacillales,Bacillaceae,Bacillus,p,soil,107.87,45.26,2,0.16,30,11,23.00188061,0.0,0.0,1.78376517,0.728896760740378,Klebsiella pneumoniae,0.5704957000435953,0.15840106069678273,5.356693045803374,3.7195953836656277
45,ZnO,Bacillus subtilis,non-pathogenic,chemical_synthesis,MBC,cubic,Bacteria,Bacillota,Bacilli,Bacillales,Bacillaceae,Bacillus,p,soil,81.3794,12.5,2,0.16,30,8,22.60496136,17.07,0.6865,4.082482905,1.9573416999705784,Klebsiella pneumoniae,1.8233263269223947,0.13401537304818367,90.6445505620156,66.57732273142703
46,Ag,Bacillus subtilis,non-pathogenic,green_synthesis,MBEC,rod-shaped,Bacteria,Bacillota,Bacilli,Bacillales,Bacillaceae,Bacillus,p,soil,107.8682,10.0,4,0.16,30,11,23.00188061,0.0,0.0,1.78376517,1.7104941513373932,Klebsiella pneumoniae,1.5891804447534308,0.12131370658396246,51.34452628668031,38.831167186119366
47,Ag2O,Bacillus subtilis,non-pathogenic,green_synthesis,MBEC,quasi-spherical,Bacteria,Bacillota,Bacilli,Bacillales,Bacillaceae,Bacillus,p,soil,231.7358,6.0,2,0.16,30,28,46.55109718,17.07,0.6865,3.975778631,2.505398164770291,Klebsiella pneumoniae,2.4089984750654123,0.09639968970487889,320.1829227972066,256.4475031882144
48,Au,Bacillus subtilis,non-pathogenic,green_synthesis,MBC,hexagonal,Bacteria,Bacillota,Bacilli,Bacillales,Bacillaceae,Bacillus,p,soil,196.966569,8.7,1,0.16,30,11,23.00188061,0.0,0.0,2.46797672,2.0358252960765206,Klebsiella pneumoniae,1.940311376565631,0.09551391951088961,108.59886743672163,87.15882695373432
49,Ag,Bacillus subtilis,non-pathogenic,green_synthesis,MBC,rod-shaped,Bacteria,Bacillota,Bacilli,Bacillales,Bacillaceae,Bacillus,p,soil,107.87,26.06,0,0.16,30,11,23.00188061,0.0,0.0,1.78376517,1.1270637133019996,Klebsiella pneumoniae,1.0525512289554233,0.07451248434657631,13.3987323951274,11.28629061664324
50,ZnO,Bacillus subtilis,non-pathogenic,chemical_synthesis,MIC,spherical,Bacteria,Bacillota,Bacilli,Bacillales,Bacillaceae,Bacillus,p,soil,81.3794,18.5,1,0.16,30,8,22.60496136,17.07,0.6865,4.082482905,1.1057551299008972,Klebsiella pneumoniae,1.047125193348339,0.058629936552558215,12.757193117633776,11.146157957271818
51,Ag,Bacillus subtilis,non-pathogenic,green_synthesis,MBC,nanoplates,Bacteria,Bacillota,Bacilli,Bacillales,Bacillaceae,Bacillus,p,soil,107.87,11.3,1,0.16,30,11,23.00188061,0.0,0.0,1.78376517,2.010075738657423,Klebsiella pneumoniae,1.9749637025618194,0.03511203609560343,102.34714647206546,94.39819769197533
52,Au,Bacillus subtilis,non-pathogenic,chemical_synthesis,MBC,quasi-spherical,Bacteria,Bacillota,Bacilli,Bacillales,Bacillaceae,Bacillus,p,soil,196.966569,9.0,2,0.16,30,11,23.00188061,0.0,0.0,2.46797672,1.3723098084599419,Klebsiella pneumoniae,1.35183458006885,0.020475228391091838,23.56729882022284,22.481981187537773
53,Ag,Bacillus subtilis,non-pathogenic,chemical_synthesis,MBEC,hexagonal,Bacteria,Bacillota,Bacilli,Bacillales,Bacillaceae,Bacillus,p,soil,107.87,50.0,2,0.16,30,11,23.00188061,0.0,0.0,1.78376517,1.8094975882581736,Klebsiella pneumoniae,1.834249220512509,-0.0247516322543353,64.49077385302103,68.27303675522305
54,ZnO,Bacillus subtilis,non-pathogenic,chemical_synthesis,MBEC,hexagonal,Bacteria,Bacillota,Bacilli,Bacillales,Bacillaceae,Bacillus,p,soil,81.3794,40.0,0,0.16,30,8,22.60496136,17.07,0.6865,4.082482905,2.240826254921032,Klebsiella pneumoniae,2.307627964755206,-0.066801709834174,174.1110180576341,203.06167524144254
55,ZnO,Bacillus subtilis,non-pathogenic,green_synthesis,MBEC,quasi-spherical,Bacteria,Bacillota,Bacilli,Bacillales,Bacillaceae,Bacillus,p,soil,81.3794,17.5,24,0.16,30,8,22.60496136,17.07,0.6865,4.082482905,2.2821119652763553,Klebsiella pneumoniae,2.4087832744476745,-0.1266713091713192,191.47495021517068,256.3204603810219
56,CuO,Bacillus subtilis,non-pathogenic,chemical_synthesis,MBC,spherical,Bacteria,Bacillota,Bacilli,Bacillales,Bacillaceae,Bacillus,p,soil,79.5454,18.0,18,0.16,30,17,20.67942236,17.07,0.6865,1.651411411,2.4867736803413716,Klebsiella pneumoniae,2.6260964848664994,-0.1393228045251278,306.74230754663046,422.76252670731554
57,TiO2,Bacillus subtilis,non-pathogenic,chemical_synthesis,MBC,tetragonal,Bacteria,Bacillota,Bacilli,Bacillales,Bacillaceae,Bacillus,p,soil,79.866,30.0,24,0.16,30,16,26.40611331,34.14,1.373,2.878049394,1.7725110424885178,Klebsiella pneumoniae,1.9703106272410407,-0.1977995847525229,59.22581455998805,93.39220456527008
58,Ag,Bacillus subtilis,non-pathogenic,chemical_synthesis,MBEC,cubic,Bacteria,Bacillota,Bacilli,Bacillales,Bacillaceae,Bacillus,p,soil,107.8682,28.0,18,0.16,30,11,23.00188061,0.0,0.0,1.78376517,2.286861866540132,Klebsiella pneumoniae,2.547444578011546,-0.26058271147141365,193.5806155681316,352.7317702893193
