,np,bacteria,bac_type,np_synthesis,method,shape,kingdom,phylum,class,order,family,genus,gram,isolated_from,mol_weight (g/mol),np_size_avg (nm),time_set,"min_Incub_period, h","growth_temp, C",Valance_electron,labuteASA,tpsa,CrippenMR,chi0v,pred_MIC_norm,pathogenic_bacteria,pred_MIC_pathogen,Fitness,pred_norm_MIC_original,pred_path_MIC_original
0,ZnO,Bacillus subtilis,non-pathogenic,green_synthesis,MBC,quasi-hexagonal,Bacteria,Bacillota,Bacilli,Bacillales,Bacillaceae,Bacillus,p,soil,81.3794,6.0,3,0.16,30,8,22.60496136,17.07,0.6865,4.082482905,1.4231733188680664,Klebsiella pneumoniae,0.560587509211383,0.8625858096566834,26.49557316797073,3.6356955548809307
1,Ag,Bacillus subtilis,non-pathogenic,chemical_synthesis,MIC,spheroidal,Bacteria,Bacillota,Bacilli,Bacillales,Bacillaceae,Bacillus,p,soil,107.87,5.1,18,0.16,30,11,23.00188061,0.0,0.0,1.78376517,1.3273477432328624,Klebsiella pneumoniae,0.4946790075344687,0.8326687356983937,21.249452424663243,3.12376969655201
2,ZnO,Bacillus subtilis,non-pathogenic,green_synthesis,MBC,quasi-hexagonal,Bacteria,Bacillota,Bacilli,Bacillales,Bacillaceae,Bacillus,p,soil,81.3794,9.0,4,0.16,30,8,22.60496136,17.07,0.6865,4.082482905,1.2785527831260188,Klebsiella pneumoniae,0.5123694557084828,0.766183327417536,18.99121642836487,3.253639678573776
3,Ag,Bacillus subtilis,non-pathogenic,green_synthesis,MBC,spheroidal,Bacteria,Bacillota,Bacilli,Bacillales,Bacillaceae,Bacillus,p,soil,107.87,6.0,18,0.16,30,11,23.00188061,0.0,0.0,1.78376517,1.9440725440018949,Klebsiella pneumoniae,1.360638665500666,0.583433878501229,87.91693599060969,22.942390390681183
4,ZnO,Bacillus subtilis,non-pathogenic,green_synthesis,MBC,spherical,Bacteria,Bacillota,Bacilli,Bacillales,Bacillaceae,Bacillus,p,soil,81.3794,10.4,2,0.16,30,8,22.60496136,17.07,0.6865,4.082482905,2.4241096508020172,Klebsiella pneumoniae,1.8458522869018985,0.5782573639001187,265.52758822077084,70.12167586251975
5,Ag,Bacillus subtilis,non-pathogenic,chemical_synthesis,MIC,nanoplates,Bacteria,Bacillota,Bacilli,Bacillales,Bacillaceae,Bacillus,p,soil,107.87,5.1,2,0.16,30,11,23.00188061,0.0,0.0,1.78376517,1.9662924996039255,Klebsiella pneumoniae,1.4086619788756694,0.5576305207282561,92.53211727653533,25.624888177049943
6,ZnO,Bacillus subtilis,non-pathogenic,chemical_synthesis,MBEC,spherical,Bacteria,Bacillota,Bacilli,Bacillales,Bacillaceae,Bacillus,p,soil,81.3794,5.1,1,0.16,30,8,22.60496136,17.07,0.6865,4.082482905,2.18183483669025,Klebsiella pneumoniae,1.624498436802272,0.5573363998879779,151.99693715361127,42.120977065066455
7,TiO2,Bacillus subtilis,non-pathogenic,green_synthesis,MIC,rod-shaped,Bacteria,Bacillota,Bacilli,Bacillales,Bacillaceae,Bacillus,p,soil,79.866,6.0,4,0.16,30,16,26.40611331,34.14,1.373,2.878049394,2.3643905823225198,Klebsiella pneumoniae,1.81272152842714,0.5516690538953797,231.41450787223764,64.97129578845819
8,ZnO,Bacillus subtilis,non-pathogenic,chemical_synthesis,MBEC,rod-shaped,Bacteria,Bacillota,Bacilli,Bacillales,Bacillaceae,Bacillus,p,soil,81.3794,5.1,0,0.16,30,8,22.60496136,17.07,0.6865,4.082482905,2.011283502971159,Klebsiella pneumoniae,1.4640918647500079,0.5471916382211512,102.63216798606005,29.113328767137858
9,TiO2,Bacillus subtilis,non-pathogenic,chemical_synthesis,MBEC,quasi-spherical,Bacteria,Bacillota,Bacilli,Bacillales,Bacillaceae,Bacillus,p,soil,79.866,8.7,1,0.16,30,16,26.40611331,34.14,1.373,2.878049394,2.756856398417052,Klebsiella pneumoniae,2.2150346821085725,0.5418217163084798,571.2897057180411,164.0720793479574
10,Ag,Bacillus subtilis,non-pathogenic,chemical_synthesis,MIC,quasi-hexagonal,Bacteria,Bacillota,Bacilli,Bacillales,Bacillaceae,Bacillus,p,soil,107.87,8.7,3,0.16,30,11,23.00188061,0.0,0.0,1.78376517,0.8959049670005821,Klebsiella pneumoniae,0.3566684276576,0.5392365393429821,7.868735859431001,2.2733611169981454
11,CeO2,Bacillus subtilis,non-pathogenic,chemical_synthesis,MIC,cubic,Bacteria,Bacillota,Bacilli,Bacillales,Bacillaceae,Bacillus,p,soil,172.115,8.0,3,0.16,30,16,39.19032095,34.14,1.373,4.456551526,3.1250808202294307,Klebsiella pneumoniae,2.5866362168348904,0.5384446033945403,1333.7696175340293,386.0434754733869
12,Pd,Bacillus subtilis,non-pathogenic,green_synthesis,MIC,quasi-spherical,Bacteria,Bacillota,Bacilli,Bacillales,Bacillaceae,Bacillus,p,soil,195.084,6.0,3,0.16,30,10,21.14774404,0.0,0.0,1.870828693,1.4972745523978344,Klebsiella pneumoniae,0.9601971206486333,0.5370774317492011,31.42494689161495,9.124248832383893
13,TiO2,Bacillus subtilis,non-pathogenic,green_synthesis,MBC,quasi-hexagonal,Bacteria,Bacillota,Bacilli,Bacillales,Bacillaceae,Bacillus,p,soil,79.866,27.43,1,0.16,30,16,26.40611331,34.14,1.373,2.878049394,1.8914612678907419,Klebsiella pneumoniae,1.357616507281948,0.5338447606087939,77.88633493247832,22.783293625850245
14,Ag,Bacillus subtilis,non-pathogenic,chemical_synthesis,MIC,quasi-hexagonal,Bacteria,Bacillota,Bacilli,Bacillales,Bacillaceae,Bacillus,p,soil,107.87,12.0,4,0.16,30,11,23.00188061,0.0,0.0,1.78376517,0.7916612515587828,Klebsiella pneumoniae,0.2603899935669445,0.5312712579918383,6.189581012113697,1.8213356718388325
15,CeO2,Bacillus subtilis,non-pathogenic,chemical_synthesis,MBEC,quasi-hexagonal,Bacteria,Bacillota,Bacilli,Bacillales,Bacillaceae,Bacillus,p,soil,172.115,6.0,3,0.16,30,16,39.19032095,34.14,1.373,4.456551526,2.662483348353882,Klebsiella pneumoniae,2.134863037429426,0.5276203109244562,459.70936209377174,136.41528586222478
16,Ag,Bacillus subtilis,non-pathogenic,chemical_synthesis,MIC,quasi-hexagonal,Bacteria,Bacillota,Bacilli,Bacillales,Bacillaceae,Bacillus,p,soil,107.87,8.0,2,0.16,30,11,23.00188061,0.0,0.0,1.78376517,0.8686275019057978,Klebsiella pneumoniae,0.3415043197637644,0.5271231821420335,7.389711812563425,2.195352785379184
17,ZnO,Bacillus subtilis,non-pathogenic,green_synthesis,MIC,quasi-hexagonal,Bacteria,Bacillota,Bacilli,Bacillales,Bacillaceae,Bacillus,p,soil,81.3794,5.1,18,0.16,30,8,22.60496136,17.07,0.6865,4.082482905,0.7564807057938654,Klebsiella pneumoniae,0.2334432734033225,0.5230374323905429,5.70795717123283,1.711761575541715
18,TiO2,Bacillus subtilis,non-pathogenic,chemical_synthesis,MBEC,rod-shaped,Bacteria,Bacillota,Bacilli,Bacillales,Bacillaceae,Bacillus,p,soil,79.866,5.1,2,0.16,30,16,26.40611331,34.14,1.373,2.878049394,2.7376470384832077,Klebsiella pneumoniae,2.214622139279312,0.5230248992038957,546.571570541105,163.9162988246494
19,CeO2,Bacillus subtilis,non-pathogenic,chemical_synthesis,MIC,cubic,Bacteria,Bacillota,Bacilli,Bacillales,Bacillaceae,Bacillus,p,soil,172.115,8.7,0,0.16,30,16,39.19032095,34.14,1.373,4.456551526,3.14894512331651,Klebsiella pneumoniae,2.628502400387874,0.5204427229286361,1409.1107344291797,425.11105642831
20,TiO2,Bacillus subtilis,non-pathogenic,green_synthesis,MBC,rod-shaped,Bacteria,Bacillota,Bacilli,Bacillales,Bacillaceae,Bacillus,p,soil,79.866,11.3,1,0.16,30,16,26.40611331,34.14,1.373,2.878049394,2.9160193280050595,Klebsiella pneumoniae,2.397003844623276,0.5190154833817835,824.1747935819908,249.46168106207415
21,ZnO,Bacillus subtilis,non-pathogenic,green_synthesis,MBC,quasi-spherical,Bacteria,Bacillota,Bacilli,Bacillales,Bacillaceae,Bacillus,p,soil,81.3794,27.43,4,0.16,30,8,22.60496136,17.07,0.6865,4.082482905,1.7759093301037332,Klebsiella pneumoniae,1.2576496029337227,0.5182597271700105,59.69106534620153,18.09879258299861
22,ZnO,Bacillus subtilis,non-pathogenic,green_synthesis,MBC,triangular,Bacteria,Bacillota,Bacilli,Bacillales,Bacillaceae,Bacillus,p,soil,81.3794,9.0,18,0.16,30,8,22.60496136,17.07,0.6865,4.082482905,1.2203843901081441,Klebsiella pneumoniae,0.7030178543747063,0.5173665357334378,16.610564430020723,5.046820452301439
23,Ag,Bacillus subtilis,non-pathogenic,chemical_synthesis,MIC,spherical,Bacteria,Bacillota,Bacilli,Bacillales,Bacillaceae,Bacillus,p,soil,107.87,6.0,0,0.16,30,11,23.00188061,0.0,0.0,1.78376517,1.450277973066696,Klebsiella pneumoniae,0.9370413057355206,0.5132366673311753,28.201874334028062,8.650501897615806
24,ZnO,Bacillus subtilis,non-pathogenic,chemical_synthesis,MBC,quasi-hexagonal,Bacteria,Bacillota,Bacilli,Bacillales,Bacillaceae,Bacillus,p,soil,81.3794,11.3,1,0.16,30,8,22.60496136,17.07,0.6865,4.082482905,0.7848378992931992,Klebsiella pneumoniae,0.27568315606768734,0.5091547432255119,6.093094296381071,1.8866144482369165
25,TiO2,Bacillus subtilis,non-pathogenic,green_synthesis,MBC,rod-shaped,Bacteria,Bacillota,Bacilli,Bacillales,Bacillaceae,Bacillus,p,soil,79.866,12.0,3,0.16,30,16,26.40611331,34.14,1.373,2.878049394,2.995463113738073,Klebsiella pneumoniae,2.4901285318980886,0.5053345818399846,989.607809190572,309.12101582054055
26,ZnO,Bacillus subtilis,non-pathogenic,chemical_synthesis,MIC,spherical,Bacteria,Bacillota,Bacilli,Bacillales,Bacillaceae,Bacillus,p,soil,81.3794,5.1,3,0.16,30,8,22.60496136,17.07,0.6865,4.082482905,1.4743932059482519,Klebsiella pneumoniae,0.9704343621727207,0.5039588437755311,29.812143700408015,9.341881674866888
27,Ag,Bacillus subtilis,non-pathogenic,green_synthesis,MIC,spheroidal,Bacteria,Bacillota,Bacilli,Bacillales,Bacillaceae,Bacillus,p,soil,107.87,11.3,18,0.16,30,11,23.00188061,0.0,0.0,1.78376517,1.6304015690299303,Klebsiella pneumoniae,1.1345638749839564,0.4958376940459739,42.69741366280515,13.632134896132403
28,ZnO,Bacillus subtilis,non-pathogenic,chemical_synthesis,MBC,quasi-hexagonal,Bacteria,Bacillota,Bacilli,Bacillales,Bacillaceae,Bacillus,p,soil,81.3794,11.3,3,0.16,30,8,22.60496136,17.07,0.6865,4.082482905,0.8421983599084214,Klebsiella pneumoniae,0.34733403076373137,0.49486432914469003,6.953418358967367,2.225020572240181
29,Ag,Bacillus subtilis,non-pathogenic,green_synthesis,MBEC,spheroidal,Bacteria,Bacillota,Bacilli,Bacillales,Bacillaceae,Bacillus,p,soil,107.87,79.0,18,0.16,30,11,23.00188061,0.0,0.0,1.78376517,1.2148735785497111,Klebsiella pneumoniae,0.7230113192911436,0.4918622592585675,16.40112273340523,5.284590251567445
30,CeO2,Bacillus subtilis,non-pathogenic,chemical_synthesis,MIC,cubic,Bacteria,Bacillota,Bacilli,Bacillales,Bacillaceae,Bacillus,p,soil,172.115,11.3,3,0.16,30,16,39.19032095,34.14,1.373,4.456551526,3.090905363602692,Klebsiella pneumoniae,2.6023954001369654,0.48850996346572684,1232.8361586541143,400.309042251904
31,ZnO,Bacillus subtilis,non-pathogenic,green_synthesis,MBEC,nanoplates,Bacteria,Bacillota,Bacilli,Bacillales,Bacillaceae,Bacillus,p,soil,81.3794,12.0,3,0.16,30,8,22.60496136,17.07,0.6865,4.082482905,2.668183551790916,Klebsiella pneumoniae,2.1805617000638113,0.4876218517271047,465.78291210293764,151.55200978105339
32,CuO,Bacillus subtilis,non-pathogenic,green_synthesis,MBC,quasi-spherical,Bacteria,Bacillota,Bacilli,Bacillales,Bacillaceae,Bacillus,p,soil,79.5454,9.0,0,0.16,30,17,20.67942236,17.07,0.6865,1.651411411,3.3712788819742108,Klebsiella pneumoniae,2.885036115809119,0.48624276616509166,2351.1421208804836,767.4253055846846
33,Ag,Bacillus subtilis,non-pathogenic,green_synthesis,MIC,quasi-hexagonal,Bacteria,Bacillota,Bacilli,Bacillales,Bacillaceae,Bacillus,p,soil,107.87,5.1,1,0.16,30,11,23.00188061,0.0,0.0,1.78376517,1.2767327399199346,Klebsiella pneumoniae,0.7953815731756727,0.4813511667442619,18.911794492987237,6.242830926596883
34,ZnO,Bacillus subtilis,non-pathogenic,green_synthesis,MBEC,nanoplates,Bacteria,Bacillota,Bacilli,Bacillales,Bacillaceae,Bacillus,p,soil,81.3794,11.3,0,0.16,30,8,22.60496136,17.07,0.6865,4.082482905,2.7030432741595587,Klebsiella pneumoniae,2.2230282063136864,0.48001506784587233,504.7115857492994,167.1199150888356
35,Pd,Bacillus subtilis,non-pathogenic,chemical_synthesis,MBEC,quasi-hexagonal,Bacteria,Bacillota,Bacilli,Bacillales,Bacillaceae,Bacillus,p,soil,195.084,6.0,1,0.16,30,10,21.14774404,0.0,0.0,1.870828693,1.044172499825741,Klebsiella pneumoniae,0.5918320560273729,0.452340443798368,11.070634172994753,3.9068978477089775
36,ZnO,Bacillus subtilis,non-pathogenic,chemical_synthesis,MBEC,spherical,Bacteria,Bacillota,Bacilli,Bacillales,Bacillaceae,Bacillus,p,soil,81.3794,11.3,4,0.16,30,8,22.60496136,17.07,0.6865,4.082482905,2.0994236188782582,Klebsiella pneumoniae,1.6998405645190922,0.3995830543591661,125.72557162895394,50.10032746656523
37,Ag,Bacillus subtilis,non-pathogenic,green_synthesis,MBC,tetragonal,Bacteria,Bacillota,Bacilli,Bacillales,Bacillaceae,Bacillus,p,soil,107.87,8.0,18,0.16,30,11,23.00188061,0.0,0.0,1.78376517,1.0843746629017077,Klebsiella pneumoniae,0.7083740361754416,0.3760006267262661,12.144360844461131,5.109448618571815
38,CuO,Bacillus subtilis,non-pathogenic,green_synthesis,MBEC,hexagonal,Bacteria,Bacillota,Bacilli,Bacillales,Bacillaceae,Bacillus,p,soil,79.5454,8.0,2,0.16,30,17,20.67942236,17.07,0.6865,1.651411411,3.6715854654072295,Klebsiella pneumoniae,3.3344978126608855,0.337087652746344,4694.458081126789,2160.219154729177
39,Ag,Bacillus subtilis,non-pathogenic,green_synthesis,MIC,spheroidal,Bacteria,Bacillota,Bacilli,Bacillales,Bacillaceae,Bacillus,p,soil,107.87,37.86,2,0.16,30,11,23.00188061,0.0,0.0,1.78376517,0.8753900293646997,Klebsiella pneumoniae,0.596388565317894,0.2790014640468057,7.505679736755991,3.948103828087455
40,ZnO,Bacillus subtilis,non-pathogenic,green_synthesis,MBEC,tetragonal,Bacteria,Bacillota,Bacilli,Bacillales,Bacillaceae,Bacillus,p,soil,81.3794,35.0,18,0.16,30,8,22.60496136,17.07,0.6865,4.082482905,0.720941152352301,Klebsiella pneumoniae,0.45082157737547535,0.2701195749768257,5.259459949770894,2.8237196585873643
41,Ag,Bacillus subtilis,non-pathogenic,green_synthesis,MBEC,quasi-hexagonal,Bacteria,Bacillota,Bacilli,Bacillales,Bacillaceae,Bacillus,p,soil,107.87,37.86,4,0.16,30,11,23.00188061,0.0,0.0,1.78376517,0.054990786590875196,Klebsiella pneumoniae,-0.1871117933986548,0.24210257998953,1.1349867370608702,0.6499623595179572
42,CeO2,Bacillus subtilis,non-pathogenic,green_synthesis,MBEC,spheroidal,Bacteria,Bacillota,Bacilli,Bacillales,Bacillaceae,Bacillus,p,soil,172.115,27.43,1,0.16,30,16,39.19032095,34.14,1.373,4.456551526,2.3839123391480337,Klebsiella pneumoniae,2.172258157819735,0.21165418132829883,242.054041964037,148.68191901048098
43,ZnO,Bacillus subtilis,non-pathogenic,chemical_synthesis,MBEC,hexagonal,Bacteria,Bacillota,Bacilli,Bacillales,Bacillaceae,Bacillus,p,soil,81.3794,20.0,0,0.16,30,8,22.60496136,17.07,0.6865,4.082482905,2.439085446253451,Klebsiella pneumoniae,2.2784836870672853,0.1606017591861657,274.84348469620295,189.88195174631974
44,Ag,Bacillus subtilis,non-pathogenic,green_synthesis,MBEC,quasi-spherical,Bacteria,Bacillota,Bacilli,Bacillales,Bacillaceae,Bacillus,p,soil,107.87,27.43,0,0.16,30,11,23.00188061,0.0,0.0,1.78376517,1.5315015416088613,Klebsiella pneumoniae,1.3744280975788854,0.15707344402997592,34.0017712757902,23.682530079393366
45,ZnO,Bacillus subtilis,non-pathogenic,chemical_synthesis,MBC,hexagonal,Bacteria,Bacillota,Bacilli,Bacillales,Bacillaceae,Bacillus,p,soil,81.3794,100.0,1,0.16,30,8,22.60496136,17.07,0.6865,4.082482905,1.861258815707103,Klebsiella pneumoniae,1.7264319632377665,0.13482685246933657,72.65388057513236,53.26377745213069
46,Pd,Bacillus subtilis,non-pathogenic,green_synthesis,MIC,quasi-hexagonal,Bacteria,Bacillota,Bacilli,Bacillales,Bacillaceae,Bacillus,p,soil,195.084,18.0,0,0.16,30,10,21.14774404,0.0,0.0,1.870828693,0.8332510784971096,Klebsiella pneumoniae,0.7093157325879444,0.1239353459091651,6.811630454039234,5.120539640759173
47,Ag,Bacillus subtilis,non-pathogenic,green_synthesis,MBC,rod-shaped,Bacteria,Bacillota,Bacilli,Bacillales,Bacillaceae,Bacillus,p,soil,107.8682,20.0,2,0.16,30,11,23.00188061,0.0,0.0,1.78376517,1.1394856008832686,Klebsiella pneumoniae,1.0510507216506222,0.08843487923264637,13.787502394827687,11.247363252828364
48,Pd,Bacillus subtilis,non-pathogenic,green_synthesis,MBEC,spherical,Bacteria,Bacillota,Bacilli,Bacillales,Bacillaceae,Bacillus,p,soil,195.084,25.0,4,0.16,30,10,21.14774404,0.0,0.0,1.870828693,1.8517955542343267,Klebsiella pneumoniae,1.7746752037264892,0.0771203505078375,71.08787860021536,59.521683159044066
49,ZnO,Bacillus subtilis,non-pathogenic,green_synthesis,MBC,triangular,Bacteria,Bacillota,Bacilli,Bacillales,Bacillaceae,Bacillus,p,soil,81.3794,26.06,3,0.16,30,8,22.60496136,17.07,0.6865,4.082482905,1.040324473996967,Klebsiella pneumoniae,0.9649594961546075,0.07536497784235952,10.972977128929992,9.224853888799556
50,ZnO,Bacillus subtilis,non-pathogenic,chemical_synthesis,MBEC,cubic,Bacteria,Bacillota,Bacilli,Bacillales,Bacillaceae,Bacillus,p,soil,81.3794,38.0,0,0.16,30,8,22.60496136,17.07,0.6865,4.082482905,2.175827632698612,Klebsiella pneumoniae,2.122033456434257,0.05379417626435501,149.90897431211192,132.4443561478784
51,ZnO,Bacillus subtilis,non-pathogenic,chemical_synthesis,MBC,quasi-spherical,Bacteria,Bacillota,Bacilli,Bacillales,Bacillaceae,Bacillus,p,soil,81.3794,37.86,18,0.16,30,8,22.60496136,17.07,0.6865,4.082482905,1.0924314488107587,Klebsiella pneumoniae,1.043917387103586,0.04851406170717265,12.371758925598908,11.064132984542276
52,Ag,Bacillus subtilis,non-pathogenic,chemical_synthesis,MBC,cubic,Bacteria,Bacillota,Bacilli,Bacillales,Bacillaceae,Bacillus,p,soil,107.8682,26.06,3,0.16,30,11,23.00188061,0.0,0.0,1.78376517,1.8746218161111057,Klebsiella pneumoniae,1.9027360233801323,-0.02811420726902658,74.92414852537982,79.93482405694435
53,ZnO,Bacillus subtilis,non-pathogenic,green_synthesis,MIC,triangular,Bacteria,Bacillota,Bacilli,Bacillales,Bacillaceae,Bacillus,p,soil,81.3794,60.0,0,0.16,30,8,22.60496136,17.07,0.6865,4.082482905,-0.5893476170812013,Klebsiella pneumoniae,-0.5334954252835469,-0.05585219179765444,0.25742598484727286,0.29275517090820813
54,CuO,Bacillus subtilis,non-pathogenic,chemical_synthesis,MBC,spherical,Bacteria,Bacillota,Bacilli,Bacillales,Bacillaceae,Bacillus,p,soil,79.5454,17.5,2,0.16,30,17,20.67942236,17.07,0.6865,1.651411411,2.509581864191657,Klebsiella pneumoniae,2.566365348933406,-0.05678348474174877,323.28225306439447,368.43879133842677
55,Ag,Bacillus subtilis,non-pathogenic,chemical_synthesis,MBC,quasi-spherical,Bacteria,Bacillota,Bacilli,Bacillales,Bacillaceae,Bacillus,p,soil,107.87,35.0,3,0.16,30,11,23.00188061,0.0,0.0,1.78376517,0.8271549418923736,Klebsiella pneumoniae,0.8854781082297217,-0.05832316633734813,6.716684392464735,7.682067311965563
56,ZnO,Bacillus subtilis,non-pathogenic,chemical_synthesis,MBC,triangular,Bacteria,Bacillota,Bacilli,Bacillales,Bacillaceae,Bacillus,p,soil,81.3794,60.0,0,0.16,30,8,22.60496136,17.07,0.6865,4.082482905,0.7023385929846884,Klebsiella pneumoniae,0.8144315276284851,-0.11209293464379677,5.038933106421447,6.522761927680305
57,Ag,Bacillus subtilis,non-pathogenic,green_synthesis,MBC,nanoplates,Bacteria,Bacillota,Bacilli,Bacillales,Bacillaceae,Bacillus,p,soil,107.87,38.0,18,0.16,30,11,23.00188061,0.0,0.0,1.78376517,1.010728612230129,Klebsiella pneumoniae,1.1325998917060285,-0.12187127947589937,10.250112033104443,13.570626312321194
58,ZnO,Bacillus subtilis,non-pathogenic,green_synthesis,MBEC,quasi-spherical,Bacteria,Bacillota,Bacilli,Bacillales,Bacillaceae,Bacillus,p,soil,81.3794,18.5,24,0.16,30,8,22.60496136,17.07,0.6865,4.082482905,2.1915123832576175,Klebsiella pneumoniae,2.3305738836455046,-0.139061500387887,155.42196063873592,214.07890940722314
59,Al2O3,Bacillus subtilis,non-pathogenic,chemical_synthesis,MBC,tetragonal,Bacteria,Bacillota,Bacilli,Bacillales,Bacillaceae,Bacillus,p,soil,101.961276,20.0,2,0.16,30,24,51.55776403,85.5,13.5675,4.688846487,1.7226609890464137,Klebsiella pneumoniae,1.8649060821986303,-0.14224509315221656,52.80329075422108,73.26660742348986
60,CuO,Bacillus subtilis,non-pathogenic,chemical_synthesis,MIC,quasi-spherical,Bacteria,Bacillota,Bacilli,Bacillales,Bacillaceae,Bacillus,p,soil,79.5454,18.5,0,0.16,30,17,20.67942236,17.07,0.6865,1.651411411,2.51432810164056,Klebsiella pneumoniae,2.6637977512923907,-0.14946964965183085,326.83465660746435,461.1027913530389
61,Ag,Bacillus subtilis,non-pathogenic,chemical_synthesis,MBC,spherical,Bacteria,Bacillota,Bacilli,Bacillales,Bacillaceae,Bacillus,p,soil,107.87,12.0,0,0.16,30,11,23.00188061,0.0,0.0,1.78376517,1.698989757578163,Klebsiella pneumoniae,1.8610126681562011,-0.1620229105780382,50.002274227764524,72.61271378973267
62,ZnO,Bacillus subtilis,non-pathogenic,chemical_synthesis,MBEC,cubic,Bacteria,Bacillota,Bacilli,Bacillales,Bacillaceae,Bacillus,p,soil,81.3794,17.5,24,0.16,30,8,22.60496136,17.07,0.6865,4.082482905,2.373462694740713,Klebsiella pneumoniae,2.684069576603788,-0.31060688186307495,236.29944126802994,483.1361971821243
