,np,bacteria,bac_type,np_synthesis,method,shape,kingdom,phylum,class,order,family,genus,gram,isolated_from,mol_weight (g/mol),np_size_avg (nm),time_set,"min_Incub_period, h","growth_temp, C",Valance_electron,labuteASA,tpsa,CrippenMR,chi0v,pred_MIC_norm,pathogenic_bacteria,pred_MIC_pathogen,Fitness,pred_norm_MIC_original,pred_path_MIC_original
0,ZnO,Bacillus subtilis,non-pathogenic,green_synthesis,MBC,rod-shaped,Bacteria,Bacillota,Bacilli,Bacillales,Bacillaceae,Bacillus,p,soil,81.3794,8.7,2,0.16,30,8,22.60496136,17.07,0.6865,4.082482905,2.161801163625249,Klebsiella pneumoniae,1.528697446845534,0.6331037167797149,145.14469383538204,33.78294038730004
1,Ag,Bacillus subtilis,non-pathogenic,chemical_synthesis,MIC,hexagonal,Bacteria,Bacillota,Bacilli,Bacillales,Bacillaceae,Bacillus,p,soil,107.87,6.0,2,0.16,30,11,23.00188061,0.0,0.0,1.78376517,2.0467800780676826,Klebsiella pneumoniae,1.4796164060191161,0.5671636720485664,111.37304099834535,30.17285502195594
2,ZnO,Bacillus subtilis,non-pathogenic,chemical_synthesis,MBC,rod-shaped,Bacteria,Bacillota,Bacilli,Bacillales,Bacillaceae,Bacillus,p,soil,81.3794,6.0,4,0.16,30,8,22.60496136,17.07,0.6865,4.082482905,1.5220432635427745,Klebsiella pneumoniae,0.9567540556411912,0.5652892079015833,33.2692693820282,9.052198226575126
3,TiO2,Bacillus subtilis,non-pathogenic,green_synthesis,MBC,rod-shaped,Bacteria,Bacillota,Bacilli,Bacillales,Bacillaceae,Bacillus,p,soil,79.866,12.0,3,0.16,30,16,26.40611331,34.14,1.373,2.878049394,2.995463113738073,Klebsiella pneumoniae,2.4901285318980886,0.5053345818399846,989.607809190572,309.12101582054055
4,ZnO,Bacillus subtilis,non-pathogenic,chemical_synthesis,MBEC,spheroidal,Bacteria,Bacillota,Bacilli,Bacillales,Bacillaceae,Bacillus,p,soil,81.3794,10.4,18,0.16,30,8,22.60496136,17.07,0.6865,4.082482905,2.212664767899014,Klebsiella pneumoniae,1.718353430554654,0.49431133734435995,163.17918807655363,52.28214901013258
5,Ag,Bacillus subtilis,non-pathogenic,green_synthesis,MBEC,tetragonal,Bacteria,Bacillota,Bacilli,Bacillales,Bacillaceae,Bacillus,p,soil,107.87,6.0,18,0.16,30,11,23.00188061,0.0,0.0,1.78376517,1.012308611802868,Klebsiella pneumoniae,0.5225741396295778,0.48973447217329014,10.28747071197764,3.330996218263592
6,TiO2,Bacillus subtilis,non-pathogenic,green_synthesis,MBC,cubic,Bacteria,Bacillota,Bacilli,Bacillales,Bacillaceae,Bacillus,p,soil,79.866,26.38,0,0.16,30,16,26.40611331,34.14,1.373,2.878049394,3.095322780762884,Klebsiella pneumoniae,2.678537727837367,0.4167850529255168,1245.4399163960597,477.021251897669
7,Au,Bacillus subtilis,non-pathogenic,green_synthesis,MIC,tetragonal,Bacteria,Bacillota,Bacilli,Bacillales,Bacillaceae,Bacillus,p,soil,196.966569,60.0,24,0.16,30,11,23.00188061,0.0,0.0,2.46797672,0.7842637540260667,Klebsiella pneumoniae,0.40374471930380706,0.3805190347222597,6.085044436218428,2.5336389057579476
8,Pd,Bacillus subtilis,non-pathogenic,green_synthesis,MBEC,quasi-spherical,Bacteria,Bacillota,Bacilli,Bacillales,Bacillaceae,Bacillus,p,soil,195.084,8.7,3,0.16,30,10,21.14774404,0.0,0.0,1.870828693,2.081557257352431,Klebsiella pneumoniae,1.705651395871214,0.37590586148121696,120.65831535450728,50.775171137989254
9,TiO2,Bacillus subtilis,non-pathogenic,green_synthesis,MIC,hexagonal,Bacteria,Bacillota,Bacilli,Bacillales,Bacillaceae,Bacillus,p,soil,79.866,12.0,4,0.16,30,16,26.40611331,34.14,1.373,2.878049394,2.7284463848420297,Klebsiella pneumoniae,2.3568115804089422,0.3716348044330875,535.1140880058144,227.41105889665815
10,Ag,Bacillus subtilis,non-pathogenic,chemical_synthesis,MIC,rod-shaped,Bacteria,Bacillota,Bacilli,Bacillales,Bacillaceae,Bacillus,p,soil,107.87,8.0,3,0.16,30,11,23.00188061,0.0,0.0,1.78376517,1.286817509649755,Klebsiella pneumoniae,0.9328887529357861,0.35392875671396884,19.35608451220024,8.568183381035434
11,TiO2,Bacillus subtilis,non-pathogenic,green_synthesis,MBC,quasi-spherical,Bacteria,Bacillota,Bacilli,Bacillales,Bacillaceae,Bacillus,p,soil,79.866,44.45,18,0.16,30,16,26.40611331,34.14,1.373,2.878049394,1.5477132254696366,Klebsiella pneumoniae,1.1939276339671796,0.35378559150245703,35.29500318885688,15.628871986924024
12,ZnO,Bacillus subtilis,non-pathogenic,chemical_synthesis,MBEC,nanoplates,Bacteria,Bacillota,Bacilli,Bacillales,Bacillaceae,Bacillus,p,soil,81.3794,12.0,0,0.16,30,8,22.60496136,17.07,0.6865,4.082482905,2.5797183904623218,Klebsiella pneumoniae,2.2299810010040626,0.34973738945825916,379.94295004959184,169.8169361353142
13,Au,Bacillus subtilis,non-pathogenic,green_synthesis,MBEC,quasi-spherical,Bacteria,Bacillota,Bacilli,Bacillales,Bacillaceae,Bacillus,p,soil,196.966569,79.0,3,0.16,30,11,23.00188061,0.0,0.0,2.46797672,1.0917641533704705,Klebsiella pneumoniae,0.7502547718608088,0.3415093815096617,12.352764258356338,5.626713104495901
14,CuO,Bacillus subtilis,non-pathogenic,green_synthesis,MBEC,quasi-hexagonal,Bacteria,Bacillota,Bacilli,Bacillales,Bacillaceae,Bacillus,p,soil,79.5454,26.06,4,0.16,30,17,20.67942236,17.07,0.6865,1.651411411,2.337928538208611,Klebsiella pneumoniae,2.001987053513102,0.33594148469550866,217.73514665376268,100.45858427385356
15,TiO2,Bacillus subtilis,non-pathogenic,green_synthesis,MIC,spherical,Bacteria,Bacillota,Bacilli,Bacillales,Bacillaceae,Bacillus,p,soil,79.866,12.0,4,0.16,30,16,26.40611331,34.14,1.373,2.878049394,2.302374284508971,Klebsiella pneumoniae,1.9695458788907754,0.3328284056181956,200.6200269929913,93.22789511347541
16,Ag,Bacillus subtilis,non-pathogenic,chemical_synthesis,MIC,spherical,Bacteria,Bacillota,Bacilli,Bacillales,Bacillaceae,Bacillus,p,soil,107.87,10.0,0,0.16,30,11,23.00188061,0.0,0.0,1.78376517,1.3470417591245463,Klebsiella pneumoniae,1.015450541610123,0.33159121751442333,22.235236809302886,10.362165911368017
17,CuO,Bacillus subtilis,non-pathogenic,green_synthesis,MBC,hexagonal,Bacteria,Bacillota,Bacilli,Bacillales,Bacillaceae,Bacillus,p,soil,79.5454,44.45,4,0.16,30,17,20.67942236,17.07,0.6865,1.651411411,2.3294888995813654,Klebsiella pneumoniae,2.0003704952325636,0.3291184043488018,213.54475040410003,100.08534607901001
18,Ag,Bacillus subtilis,non-pathogenic,green_synthesis,MBC,spheroidal,Bacteria,Bacillota,Bacilli,Bacillales,Bacillaceae,Bacillus,p,soil,107.87,6.0,4,0.16,30,11,23.00188061,0.0,0.0,1.78376517,1.9134105480147738,Klebsiella pneumoniae,1.588260213912822,0.32515033410195193,81.92388665103496,38.74897455495234
19,ZnO,Bacillus subtilis,non-pathogenic,green_synthesis,MBC,nanoplates,Bacteria,Bacillota,Bacilli,Bacillales,Bacillaceae,Bacillus,p,soil,81.3794,12.5,0,0.16,30,8,22.60496136,17.07,0.6865,4.082482905,2.511306106861462,Klebsiella pneumoniae,2.186273438996496,0.3250326678649662,324.5683045275166,153.55835072985712
20,Pd,Bacillus subtilis,non-pathogenic,green_synthesis,MBC,cubic,Bacteria,Bacillota,Bacilli,Bacillales,Bacillaceae,Bacillus,p,soil,195.084,12.0,4,0.16,30,10,21.14774404,0.0,0.0,1.870828693,1.8914308761813476,Klebsiella pneumoniae,1.583351038577152,0.30807983760419555,77.88088467664174,38.31343041917117
21,ZnO,Bacillus subtilis,non-pathogenic,green_synthesis,MBEC,nanoplates,Bacteria,Bacillota,Bacilli,Bacillales,Bacillaceae,Bacillus,p,soil,81.3794,9.0,18,0.16,30,8,22.60496136,17.07,0.6865,4.082482905,2.5419936030674237,Klebsiella pneumoniae,2.2340667979145783,0.30792680515284543,348.33218424572954,171.42209479268007
22,Ag,Bacillus subtilis,non-pathogenic,chemical_synthesis,MIC,quasi-spherical,Bacteria,Bacillota,Bacilli,Bacillales,Bacillaceae,Bacillus,p,soil,107.87,26.38,2,0.16,30,11,23.00188061,0.0,0.0,1.78376517,0.9949905365150365,Klebsiella pneumoniae,0.6890540698828089,0.3059364666322276,9.885315538457824,4.887132005962011
23,Al2O3,Bacillus subtilis,non-pathogenic,green_synthesis,MBEC,rod-shaped,Bacteria,Bacillota,Bacilli,Bacillales,Bacillaceae,Bacillus,p,soil,101.961276,8.7,4,0.16,30,24,51.55776403,85.5,13.5675,4.688846487,2.6834060714799763,Klebsiella pneumoniae,2.383564829070372,0.2998412424096042,482.3986363664066,241.8604346821171
24,Au,Bacillus subtilis,non-pathogenic,chemical_synthesis,MIC,cubic,Bacteria,Bacillota,Bacilli,Bacillales,Bacillaceae,Bacillus,p,soil,196.966569,18.0,4,0.16,30,11,23.00188061,0.0,0.0,2.46797672,2.138705786727987,Klebsiella pneumoniae,1.840374898553721,0.2983308881742661,137.6276792789061,69.24284420373715
25,Ag,Bacillus subtilis,non-pathogenic,green_synthesis,MIC,spheroidal,Bacteria,Bacillota,Bacilli,Bacillales,Bacillaceae,Bacillus,p,soil,107.87,45.26,4,0.16,30,11,23.00188061,0.0,0.0,1.78376517,0.9769792893885817,Klebsiella pneumoniae,0.6811737689206401,0.2958055204679416,9.48373236251671,4.799254368997759
26,ZnO,Bacillus subtilis,non-pathogenic,chemical_synthesis,MBC,quasi-hexagonal,Bacteria,Bacillota,Bacilli,Bacillales,Bacillaceae,Bacillus,p,soil,81.3794,13.0,1,0.16,30,8,22.60496136,17.07,0.6865,4.082482905,0.69809029226921,Klebsiella pneumoniae,0.40425471331552854,0.2938355789536815,4.989882191380456,2.536615917219317
27,Ag,Bacillus subtilis,non-pathogenic,green_synthesis,MIC,spheroidal,Bacteria,Bacillota,Bacilli,Bacillales,Bacillaceae,Bacillus,p,soil,107.87,38.0,3,0.16,30,11,23.00188061,0.0,0.0,1.78376517,0.9026674944594839,Klebsiella pneumoniae,0.6115526732117296,0.29111482124775434,7.992221184269573,4.088393349998778
28,ZnO,Bacillus subtilis,non-pathogenic,green_synthesis,MIC,hexagonal,Bacteria,Bacillota,Bacilli,Bacillales,Bacillaceae,Bacillus,p,soil,81.3794,5.1,24,0.16,30,8,22.60496136,17.07,0.6865,4.082482905,2.3405572677629385,Klebsiella pneumoniae,2.0494580391425328,0.2910992286204057,219.05706662096253,112.06191484264812
29,Ag,Bacillus subtilis,non-pathogenic,chemical_synthesis,MIC,rod-shaped,Bacteria,Bacillota,Bacilli,Bacillales,Bacillaceae,Bacillus,p,soil,107.87,17.5,0,0.16,30,11,23.00188061,0.0,0.0,1.78376517,0.9349528694850275,Klebsiella pneumoniae,0.6442288500650626,0.29072401941996495,8.609003204721633,4.4078707363515806
30,Ag,Bacillus subtilis,non-pathogenic,green_synthesis,MBC,quasi-hexagonal,Bacteria,Bacillota,Bacilli,Bacillales,Bacillaceae,Bacillus,p,soil,107.8682,26.06,1,0.16,30,11,23.00188061,0.0,0.0,1.78376517,0.46551760288780186,Klebsiella pneumoniae,0.17573576208096742,0.28978184080683445,2.9209061484053844,1.4987726593438926
31,ZnO,Bacillus subtilis,non-pathogenic,chemical_synthesis,MBC,quasi-spherical,Bacteria,Bacillota,Bacilli,Bacillales,Bacillaceae,Bacillus,p,soil,81.3794,27.43,2,0.16,30,8,22.60496136,17.07,0.6865,4.082482905,1.2095060295038245,Klebsiella pneumoniae,0.9233916282308445,0.28611440127297993,16.19966484464106,8.38284870920727
32,ZnO,Bacillus subtilis,non-pathogenic,chemical_synthesis,MIC,cubic,Bacteria,Bacillota,Bacilli,Bacillales,Bacillaceae,Bacillus,p,soil,81.3794,10.0,3,0.16,30,8,22.60496136,17.07,0.6865,4.082482905,2.0497309217829778,Klebsiella pneumoniae,1.7720929395914253,0.27763798219155245,112.13234944790872,59.16882426914381
33,Ni,Bacillus subtilis,non-pathogenic,green_synthesis,MBC,hexagonal,Bacteria,Bacillota,Bacilli,Bacillales,Bacillaceae,Bacillus,p,soil,58.6934,27.43,4,0.16,30,10,17.41523038,0.0,0.0,1.303840481,2.218031605589632,Klebsiella pneumoniae,1.944448474755278,0.27358313083435415,165.20820233958753,87.99307094057988
34,Al2O3,Bacillus subtilis,non-pathogenic,green_synthesis,MBEC,nanoplates,Bacteria,Bacillota,Bacilli,Bacillales,Bacillaceae,Bacillus,p,soil,101.961276,12.0,3,0.16,30,24,51.55776403,85.5,13.5675,4.688846487,3.139218719917258,Klebsiella pneumoniae,2.8671962201456798,0.2720224997715781,1377.9032354913966,736.5398010151591
35,Ag,Bacillus subtilis,non-pathogenic,chemical_synthesis,MIC,spheroidal,Bacteria,Bacillota,Bacilli,Bacillales,Bacillaceae,Bacillus,p,soil,107.87,30.0,24,0.16,30,11,23.00188061,0.0,0.0,1.78376517,1.2126682219008713,Klebsiella pneumoniae,0.9427631209042466,0.2699051009966247,16.318048586753065,8.765226052663431
36,ZnO,Bacillus subtilis,non-pathogenic,green_synthesis,MBEC,nanoplates,Bacteria,Bacillota,Bacilli,Bacillales,Bacillaceae,Bacillus,p,soil,81.3794,17.5,3,0.16,30,8,22.60496136,17.07,0.6865,4.082482905,2.367941447882405,Klebsiella pneumoniae,2.099798507056007,0.2681429408263982,233.31434837939779,125.83414629697523
37,Au,Bacillus subtilis,non-pathogenic,chemical_synthesis,MIC,spheroidal,Bacteria,Bacillota,Bacilli,Bacillales,Bacillaceae,Bacillus,p,soil,196.966569,26.06,18,0.16,30,11,23.00188061,0.0,0.0,2.46797672,1.4425042202298228,Klebsiella pneumoniae,1.1812493056307507,0.26125491459907213,27.70155957852487,15.179214763273704
38,Ag,Bacillus subtilis,non-pathogenic,green_synthesis,MIC,spheroidal,Bacteria,Bacillota,Bacilli,Bacillales,Bacillaceae,Bacillus,p,soil,107.87,35.0,4,0.16,30,11,23.00188061,0.0,0.0,1.78376517,0.9436588444982111,Klebsiella pneumoniae,0.7027909014532701,0.24086794304494108,8.783322809977955,5.044183781868723
39,ZnO,Bacillus subtilis,non-pathogenic,green_synthesis,MIC,quasi-hexagonal,Bacteria,Bacillota,Bacilli,Bacillales,Bacillaceae,Bacillus,p,soil,81.3794,27.43,2,0.16,30,8,22.60496136,17.07,0.6865,4.082482905,0.42174250337291985,Klebsiella pneumoniae,0.19907873642798446,0.2226637669449354,2.6408425166719907,1.5815347412989922
40,Ag,Bacillus subtilis,non-pathogenic,green_synthesis,MBC,quasi-spherical,Bacteria,Bacillota,Bacilli,Bacillales,Bacillaceae,Bacillus,p,soil,107.87,40.0,0,0.16,30,11,23.00188061,0.0,0.0,1.78376517,0.5258874974104681,Klebsiella pneumoniae,0.3171901729995319,0.20869732441093625,3.3565065375709042,2.075822299284766
41,ZnO,Bacillus subtilis,non-pathogenic,green_synthesis,MIC,quasi-spherical,Bacteria,Bacillota,Bacilli,Bacillales,Bacillaceae,Bacillus,p,soil,81.3794,50.0,1,0.16,30,8,22.60496136,17.07,0.6865,4.082482905,0.562020304887827,Klebsiella pneumoniae,0.37956625343179784,0.1824540514560291,3.6477100093256363,2.3964383085048326
42,ZnO,Bacillus subtilis,non-pathogenic,green_synthesis,MIC,cubic,Bacteria,Bacillota,Bacilli,Bacillales,Bacillaceae,Bacillus,p,soil,81.3794,12.5,1,0.16,30,8,22.60496136,17.07,0.6865,4.082482905,1.956516544123947,Klebsiella pneumoniae,1.7835097664324782,0.17300677769146877,90.47249019011403,60.74489230467818
43,Ag,Bacillus subtilis,non-pathogenic,green_synthesis,MBC,quasi-spherical,Bacteria,Bacillota,Bacilli,Bacillales,Bacillaceae,Bacillus,p,soil,107.87,10.0,4,0.16,30,11,23.00188061,0.0,0.0,1.78376517,1.6003124269870972,Klebsiella pneumoniae,1.4377930852206924,0.1625193417664048,39.839366779993306,27.40268290493603
44,Ag,Bacillus subtilis,non-pathogenic,green_synthesis,MBEC,quasi-hexagonal,Bacteria,Bacillota,Bacilli,Bacillales,Bacillaceae,Bacillus,p,soil,107.87,5.1,18,0.16,30,11,23.00188061,0.0,0.0,1.78376517,1.3981445967769348,Klebsiella pneumoniae,1.2906053027564373,0.10753929402049756,25.011779812421633,19.525641120544808
45,ZnO,Bacillus subtilis,non-pathogenic,green_synthesis,MBC,cubic,Bacteria,Bacillota,Bacilli,Bacillales,Bacillaceae,Bacillus,p,soil,81.3794,40.0,18,0.16,30,8,22.60496136,17.07,0.6865,4.082482905,1.2243450896012158,Klebsiella pneumoniae,1.1381173568701328,0.08622773273108297,16.76274311481141,13.744133245496775
46,Ag,Bacillus subtilis,non-pathogenic,chemical_synthesis,MBC,quasi-hexagonal,Bacteria,Bacillota,Bacilli,Bacillales,Bacillaceae,Bacillus,p,soil,107.87,10.0,3,0.16,30,11,23.00188061,0.0,0.0,1.78376517,0.9009097181113787,Klebsiella pneumoniae,0.8424459678498664,0.05846375026151229,7.959938606352234,6.957383899817377
47,Ag,Bacillus subtilis,non-pathogenic,green_synthesis,MBC,quasi-spherical,Bacteria,Bacillota,Bacilli,Bacillales,Bacillaceae,Bacillus,p,soil,107.87,13.0,0,0.16,30,11,23.00188061,0.0,0.0,1.78376517,1.61380451046581,Klebsiella pneumoniae,1.595135873812306,0.018668636653504045,41.096469139825814,39.36732211944831
48,ZnO,Bacillus subtilis,non-pathogenic,chemical_synthesis,MIC,quasi-spherical,Bacteria,Bacillota,Bacilli,Bacillales,Bacillaceae,Bacillus,p,soil,81.3794,28.0,2,0.16,30,8,22.60496136,17.07,0.6865,4.082482905,1.2985045916388585,Klebsiella pneumoniae,1.3068369777173063,-0.008332386078447884,19.884038329619038,20.269217256658962
49,Ag,Bacillus subtilis,non-pathogenic,chemical_synthesis,MBC,nanoplates,Bacteria,Bacillota,Bacilli,Bacillales,Bacillaceae,Bacillus,p,soil,107.87,27.43,2,0.16,30,11,23.00188061,0.0,0.0,1.78376517,1.5471750748784496,Klebsiella pneumoniae,1.5713203323628784,-0.02414525748442875,35.2512949116935,37.266648091635105
50,Au,Bacillus subtilis,non-pathogenic,green_synthesis,MIC,tetragonal,Bacteria,Bacillota,Bacilli,Bacillales,Bacillaceae,Bacillus,p,soil,196.966569,5.1,3,0.16,30,11,23.00188061,0.0,0.0,2.46797672,1.0891203813282944,Klebsiella pneumoniae,1.1368356687161647,-0.04771528738787034,12.277795100518121,13.703631407755607
51,ZnO,Bacillus subtilis,non-pathogenic,chemical_synthesis,MBC,tetragonal,Bacteria,Bacillota,Bacilli,Bacillales,Bacillaceae,Bacillus,p,soil,81.3794,35.0,24,0.16,30,8,22.60496136,17.07,0.6865,4.082482905,1.15514206484437,Klebsiella pneumoniae,1.2297824301705043,-0.07464036532613427,14.293614496064578,16.973930912380936
52,Ag,Bacillus subtilis,non-pathogenic,chemical_synthesis,MBEC,cubic,Bacteria,Bacillota,Bacilli,Bacillales,Bacillaceae,Bacillus,p,soil,107.8682,35.0,4,0.16,30,11,23.00188061,0.0,0.0,1.78376517,2.425764964457618,Klebsiella pneumoniae,2.5386114321793007,-0.11284646772168294,266.5415779523257,345.6300006643875
53,ZnO,Bacillus subtilis,non-pathogenic,green_synthesis,MIC,triangular,Bacteria,Bacillota,Bacilli,Bacillales,Bacillaceae,Bacillus,p,soil,81.3794,45.26,4,0.16,30,8,22.60496136,17.07,0.6865,4.082482905,-0.8020130950835633,Klebsiella pneumoniae,-0.6680378264545368,-0.13397526862902653,0.15775637014229574,0.2147643409184709
54,Ag,Bacillus subtilis,non-pathogenic,green_synthesis,MBC,rod-shaped,Bacteria,Bacillota,Bacilli,Bacillales,Bacillaceae,Bacillus,p,soil,107.87,25.0,18,0.16,30,11,23.00188061,0.0,0.0,1.78376517,1.0092328928544603,Klebsiella pneumoniae,1.188480113909782,-0.17924722105532176,10.214871150604077,15.434057500602616
55,CuO,Bacillus subtilis,non-pathogenic,chemical_synthesis,MBC,quasi-hexagonal,Bacteria,Bacillota,Bacilli,Bacillales,Bacillaceae,Bacillus,p,soil,79.5454,40.0,18,0.16,30,17,20.67942236,17.07,0.6865,1.651411411,1.8954627306766103,Klebsiella pneumoniae,2.080124667737849,-0.1846619370612388,78.60727308024053,120.26096038707934
56,Ag,Bacillus subtilis,non-pathogenic,green_synthesis,MBEC,spherical,Bacteria,Bacillota,Bacilli,Bacillales,Bacillaceae,Bacillus,p,soil,107.87,40.0,24,0.16,30,11,23.00188061,0.0,0.0,1.78376517,1.4028894749935168,Klebsiella pneumoniae,1.5969416569066677,-0.19405218191315088,25.286543891238274,39.53135101087757
57,ZnO,Bacillus subtilis,non-pathogenic,green_synthesis,MBEC,hexagonal,Bacteria,Bacillota,Bacilli,Bacillales,Bacillaceae,Bacillus,p,soil,81.3794,26.38,24,0.16,30,8,22.60496136,17.07,0.6865,4.082482905,2.7042864166969873,Klebsiella pneumoniae,2.948447354914946,-0.2441609382179588,506.1583627947913,888.0703180984801
58,Ag,Bacillus subtilis,non-pathogenic,green_synthesis,MBEC,nanoplates,Bacteria,Bacillota,Bacilli,Bacillales,Bacillaceae,Bacillus,p,soil,107.87,22.5,24,0.16,30,11,23.00188061,0.0,0.0,1.78376517,2.1810154089497145,Klebsiella pneumoniae,2.5379262864130756,-0.35691087746336114,151.71041939952548,345.0851624368321
