,np,bacteria,bac_type,np_synthesis,method,shape,kingdom,phylum,class,order,family,genus,gram,isolated_from,mol_weight (g/mol),np_size_avg (nm),time_set,"min_Incub_period, h","growth_temp, C",Valance_electron,labuteASA,tpsa,CrippenMR,chi0v,pred_MIC_norm,pathogenic_bacteria,pred_MIC_pathogen,Fitness,pred_norm_MIC_original,pred_path_MIC_original
0,ZnO,Bacillus subtilis,non-pathogenic,green_synthesis,MBEC,quasi-hexagonal,Bacteria,Bacillota,Bacilli,Bacillales,Bacillaceae,Bacillus,p,soil,81.3794,6.0,3,0.16,30,8,22.60496136,17.07,0.6865,4.082482905,1.5509593430813329,Klebsiella pneumoniae,0.7549623012475432,0.7959970418337897,35.55980273405054,5.688035539441096
1,ZnO,Bacillus subtilis,non-pathogenic,green_synthesis,MIC,quasi-hexagonal,Bacteria,Bacillota,Bacilli,Bacillales,Bacillaceae,Bacillus,p,soil,81.3794,8.7,4,0.16,30,8,22.60496136,17.07,0.6865,4.082482905,0.7342059741789706,Klebsiella pneumoniae,0.14533760495216153,0.5888683692268091,5.42258007797156,1.397454269750874
2,Ag,Bacillus subtilis,non-pathogenic,chemical_synthesis,MIC,hexagonal,Bacteria,Bacillota,Bacilli,Bacillales,Bacillaceae,Bacillus,p,soil,107.87,6.0,2,0.16,30,11,23.00188061,0.0,0.0,1.78376517,2.0467800780676826,Klebsiella pneumoniae,1.4796164060191161,0.5671636720485664,111.37304099834535,30.17285502195594
3,ZnO,Bacillus subtilis,non-pathogenic,chemical_synthesis,MBC,rod-shaped,Bacteria,Bacillota,Bacilli,Bacillales,Bacillaceae,Bacillus,p,soil,81.3794,6.0,4,0.16,30,8,22.60496136,17.07,0.6865,4.082482905,1.5220432635427745,Klebsiella pneumoniae,0.9567540556411912,0.5652892079015833,33.2692693820282,9.052198226575126
4,TiO2,Bacillus subtilis,non-pathogenic,chemical_synthesis,MBEC,quasi-spherical,Bacteria,Bacillota,Bacilli,Bacillales,Bacillaceae,Bacillus,p,soil,79.866,10.0,4,0.16,30,16,26.40611331,34.14,1.373,2.878049394,2.7454604956033455,Klebsiella pneumoniae,2.2043174532994243,0.5411430423039212,556.494012016926,160.0727674157663
5,Pd,Bacillus subtilis,non-pathogenic,green_synthesis,MIC,quasi-spherical,Bacteria,Bacillota,Bacilli,Bacillales,Bacillaceae,Bacillus,p,soil,195.084,6.0,3,0.16,30,10,21.14774404,0.0,0.0,1.870828693,1.4972745523978344,Klebsiella pneumoniae,0.9601971206486333,0.5370774317492011,31.42494689161495,9.124248832383893
6,CeO2,Bacillus subtilis,non-pathogenic,chemical_synthesis,MBEC,quasi-hexagonal,Bacteria,Bacillota,Bacilli,Bacillales,Bacillaceae,Bacillus,p,soil,172.115,6.0,3,0.16,30,16,39.19032095,34.14,1.373,4.456551526,2.662483348353882,Klebsiella pneumoniae,2.134863037429426,0.5276203109244562,459.70936209377174,136.41528586222478
7,ZnO,Bacillus subtilis,non-pathogenic,green_synthesis,MIC,quasi-hexagonal,Bacteria,Bacillota,Bacilli,Bacillales,Bacillaceae,Bacillus,p,soil,81.3794,5.1,18,0.16,30,8,22.60496136,17.07,0.6865,4.082482905,0.7564807057938654,Klebsiella pneumoniae,0.2334432734033225,0.5230374323905429,5.70795717123283,1.711761575541715
8,TiO2,Bacillus subtilis,non-pathogenic,chemical_synthesis,MBEC,rod-shaped,Bacteria,Bacillota,Bacilli,Bacillales,Bacillaceae,Bacillus,p,soil,79.866,5.1,2,0.16,30,16,26.40611331,34.14,1.373,2.878049394,2.7376470384832077,Klebsiella pneumoniae,2.214622139279312,0.5230248992038957,546.571570541105,163.9162988246494
9,ZnO,Bacillus subtilis,non-pathogenic,chemical_synthesis,MBEC,nanoplates,Bacteria,Bacillota,Bacilli,Bacillales,Bacillaceae,Bacillus,p,soil,81.3794,5.1,0,0.16,30,8,22.60496136,17.07,0.6865,4.082482905,2.5266099195823344,Klebsiella pneumoniae,2.0090939151990876,0.5175160043832467,336.2094526200113,102.11602834339395
10,TiO2,Bacillus subtilis,non-pathogenic,green_synthesis,MBC,rod-shaped,Bacteria,Bacillota,Bacilli,Bacillales,Bacillaceae,Bacillus,p,soil,79.866,12.0,3,0.16,30,16,26.40611331,34.14,1.373,2.878049394,2.995463113738073,Klebsiella pneumoniae,2.4901285318980886,0.5053345818399846,989.607809190572,309.12101582054055
11,ZnO,Bacillus subtilis,non-pathogenic,green_synthesis,MIC,quasi-hexagonal,Bacteria,Bacillota,Bacilli,Bacillales,Bacillaceae,Bacillus,p,soil,81.3794,9.0,2,0.16,30,8,22.60496136,17.07,0.6865,4.082482905,0.772428731044057,Klebsiella pneumoniae,0.2726777744432163,0.4997509566008407,5.921459060802809,1.8736038685428766
12,Ag,Bacillus subtilis,non-pathogenic,green_synthesis,MBEC,spheroidal,Bacteria,Bacillota,Bacilli,Bacillales,Bacillaceae,Bacillus,p,soil,107.87,27.43,18,0.16,30,11,23.00188061,0.0,0.0,1.78376517,1.4980070467062632,Klebsiella pneumoniae,1.0078877188835307,0.4901193278227325,31.47799388749136,10.183280787097175
13,ZnO,Bacillus subtilis,non-pathogenic,green_synthesis,MBC,quasi-spherical,Bacteria,Bacillota,Bacilli,Bacillales,Bacillaceae,Bacillus,p,soil,81.3794,60.0,3,0.16,30,8,22.60496136,17.07,0.6865,4.082482905,0.8559262450106994,Klebsiella pneumoniae,0.40389333241080894,0.4520329125998904,7.17672400671017,2.5345060509702293
14,Ag,Bacillus subtilis,non-pathogenic,green_synthesis,MBEC,quasi-hexagonal,Bacteria,Bacillota,Bacilli,Bacillales,Bacillaceae,Bacillus,p,soil,107.8682,6.0,0,0.16,30,11,23.00188061,0.0,0.0,1.78376517,1.5020346365582484,Klebsiella pneumoniae,1.0642181085121267,0.4378165280461217,31.771274479694974,11.59359455837958
15,Au,Bacillus subtilis,non-pathogenic,green_synthesis,MBC,quasi-spherical,Bacteria,Bacillota,Bacilli,Bacillales,Bacillaceae,Bacillus,p,soil,196.966569,60.0,1,0.16,30,11,23.00188061,0.0,0.0,2.46797672,0.6926424241249309,Klebsiella pneumoniae,0.2680308033064114,0.42461162081851955,4.927679169722525,1.8536630939486498
16,ZnO,Bacillus subtilis,non-pathogenic,green_synthesis,MBC,quasi-spherical,Bacteria,Bacillota,Bacilli,Bacillales,Bacillaceae,Bacillus,p,soil,81.3794,35.0,0,0.16,30,8,22.60496136,17.07,0.6865,4.082482905,1.183210891266238,Klebsiella pneumoniae,0.7587654779044547,0.4244454133617833,15.247930060420407,5.738065189456233
17,CuO,Bacillus subtilis,non-pathogenic,green_synthesis,MBC,spheroidal,Bacteria,Bacillota,Bacilli,Bacillales,Bacillaceae,Bacillus,p,soil,79.5454,10.4,2,0.16,30,17,20.67942236,17.07,0.6865,1.651411411,3.5713891488428358,Klebsiella pneumoniae,3.1519348963386418,0.419454252504194,3727.25536760801,1418.8448113740728
18,Au,Bacillus subtilis,non-pathogenic,chemical_synthesis,MIC,quasi-hexagonal,Bacteria,Bacillota,Bacilli,Bacillales,Bacillaceae,Bacillus,p,soil,196.966569,10.4,3,0.16,30,11,23.00188061,0.0,0.0,2.46797672,1.5184405712121436,Klebsiella pneumoniae,1.0994256961585926,0.41901487505355095,32.99442553021287,12.572617299022598
19,TiO2,Bacillus subtilis,non-pathogenic,green_synthesis,MBC,cubic,Bacteria,Bacillota,Bacilli,Bacillales,Bacillaceae,Bacillus,p,soil,79.866,26.38,0,0.16,30,16,26.40611331,34.14,1.373,2.878049394,3.095322780762884,Klebsiella pneumoniae,2.678537727837367,0.4167850529255168,1245.4399163960597,477.021251897669
20,Cu,Bacillus subtilis,non-pathogenic,green_synthesis,MBC,nanoplates,Bacteria,Bacillota,Bacilli,Bacillales,Bacillaceae,Bacillus,p,soil,63.55,6.0,4,0.16,30,11,17.96409803,0.0,0.0,1.243163121,2.1075157223686407,Klebsiella pneumoniae,1.6939132786577982,0.41360244371084254,128.09014650091615,49.42119912668316
21,Au,Bacillus subtilis,non-pathogenic,chemical_synthesis,MIC,quasi-hexagonal,Bacteria,Bacillota,Bacilli,Bacillales,Bacillaceae,Bacillus,p,soil,196.966569,9.0,2,0.16,30,11,23.00188061,0.0,0.0,2.46797672,1.4952128979813555,Klebsiella pneumoniae,1.082543901791886,0.4126689961894694,31.27612196043771,12.09327424785493
22,ZnO,Bacillus subtilis,non-pathogenic,chemical_synthesis,MBC,hexagonal,Bacteria,Bacillota,Bacilli,Bacillales,Bacillaceae,Bacillus,p,soil,81.3794,12.0,4,0.16,30,8,22.60496136,17.07,0.6865,4.082482905,1.9594901189911558,Klebsiella pneumoniae,1.5492395327781943,0.4102505862129615,91.0940726430921,35.41926402600174
23,ZrO2,Bacillus subtilis,non-pathogenic,green_synthesis,MBC,quasi-spherical,Bacteria,Bacillota,Bacilli,Bacillales,Bacillaceae,Bacillus,p,soil,123.2218,40.0,1,0.16,30,16,29.29254423,34.14,1.373,3.774536472,1.6098278678962714,Klebsiella pneumoniae,1.2067443959101163,0.40308347198615513,40.72188451072568,16.096979683226866
24,Al2O3,Bacillus subtilis,non-pathogenic,green_synthesis,MBC,cubic,Bacteria,Bacillota,Bacilli,Bacillales,Bacillaceae,Bacillus,p,soil,101.961276,8.0,4,0.16,30,24,51.55776403,85.5,13.5675,4.688846487,2.9884375427578336,Klebsiella pneumoniae,2.5872185432704637,0.40121899948736983,973.7277404394462,386.56145143731726
25,ZnO,Bacillus subtilis,non-pathogenic,green_synthesis,MBC,rod-shaped,Bacteria,Bacillota,Bacilli,Bacillales,Bacillaceae,Bacillus,p,soil,81.3794,27.43,4,0.16,30,8,22.60496136,17.07,0.6865,4.082482905,1.7057813101986323,Klebsiella pneumoniae,1.30752795384257,0.3982533563560624,50.79036223344205,20.301491884424262
26,Ag,Bacillus subtilis,non-pathogenic,chemical_synthesis,MIC,quasi-spherical,Bacteria,Bacillota,Bacilli,Bacillales,Bacillaceae,Bacillus,p,soil,107.87,9.0,1,0.16,30,11,23.00188061,0.0,0.0,1.78376517,1.3788851711101573,Klebsiella pneumoniae,0.9890072263966568,0.38987794471350046,23.92683039495295,9.750058610883256
27,ZnO,Bacillus subtilis,non-pathogenic,green_synthesis,MBEC,quasi-spherical,Bacteria,Bacillota,Bacilli,Bacillales,Bacillaceae,Bacillus,p,soil,81.3794,38.0,4,0.16,30,8,22.60496136,17.07,0.6865,4.082482905,1.012175493251191,Klebsiella pneumoniae,0.6313775442413241,0.38079794900986697,10.284317912667742,4.279347400380066
28,Au,Bacillus subtilis,non-pathogenic,green_synthesis,MIC,tetragonal,Bacteria,Bacillota,Bacilli,Bacillales,Bacillaceae,Bacillus,p,soil,196.966569,60.0,24,0.16,30,11,23.00188061,0.0,0.0,2.46797672,0.7842637540260667,Klebsiella pneumoniae,0.40374471930380706,0.3805190347222597,6.085044436218428,2.5336389057579476
29,ZnO,Bacillus subtilis,non-pathogenic,green_synthesis,MBEC,spheroidal,Bacteria,Bacillota,Bacilli,Bacillales,Bacillaceae,Bacillus,p,soil,81.3794,8.0,3,0.16,30,8,22.60496136,17.07,0.6865,4.082482905,2.5511219233887723,Klebsiella pneumoniae,2.1749711824478792,0.37615074094089307,355.73117215745964,149.613637687194
30,Pd,Bacillus subtilis,non-pathogenic,green_synthesis,MBEC,quasi-spherical,Bacteria,Bacillota,Bacilli,Bacillales,Bacillaceae,Bacillus,p,soil,195.084,8.7,3,0.16,30,10,21.14774404,0.0,0.0,1.870828693,2.081557257352431,Klebsiella pneumoniae,1.705651395871214,0.37590586148121696,120.65831535450728,50.775171137989254
31,TiO2,Bacillus subtilis,non-pathogenic,green_synthesis,MIC,hexagonal,Bacteria,Bacillota,Bacilli,Bacillales,Bacillaceae,Bacillus,p,soil,79.866,12.0,4,0.16,30,16,26.40611331,34.14,1.373,2.878049394,2.7284463848420297,Klebsiella pneumoniae,2.3568115804089422,0.3716348044330875,535.1140880058144,227.41105889665815
32,ZnO,Bacillus subtilis,non-pathogenic,green_synthesis,MBC,rod-shaped,Bacteria,Bacillota,Bacilli,Bacillales,Bacillaceae,Bacillus,p,soil,81.3794,37.86,1,0.16,30,8,22.60496136,17.07,0.6865,4.082482905,1.0652452433168622,Klebsiella pneumoniae,0.6939748552911682,0.371270388025694,11.621046616613402,4.9428206829834895
33,Au,Bacillus subtilis,non-pathogenic,green_synthesis,MBC,quasi-hexagonal,Bacteria,Bacillota,Bacilli,Bacillales,Bacillaceae,Bacillus,p,soil,196.966569,79.0,0,0.16,30,11,23.00188061,0.0,0.0,2.46797672,0.4675722228860262,Klebsiella pneumoniae,0.10359597895786621,0.36397624392815997,2.9347575116165725,1.2693926488653031
34,Ag,Bacillus subtilis,non-pathogenic,green_synthesis,MIC,nanoplates,Bacteria,Bacillota,Bacilli,Bacillales,Bacillaceae,Bacillus,p,soil,107.87,6.0,0,0.16,30,11,23.00188061,0.0,0.0,1.78376517,2.4545321760093195,Klebsiella pneumoniae,2.0963217489203916,0.3582104270889279,284.79487911860633,124.83079860501867
35,TiO2,Bacillus subtilis,non-pathogenic,green_synthesis,MBC,quasi-spherical,Bacteria,Bacillota,Bacilli,Bacillales,Bacillaceae,Bacillus,p,soil,79.866,44.45,18,0.16,30,16,26.40611331,34.14,1.373,2.878049394,1.5477132254696366,Klebsiella pneumoniae,1.1939276339671796,0.35378559150245703,35.29500318885688,15.628871986924024
36,ZnO,Bacillus subtilis,non-pathogenic,chemical_synthesis,MBEC,nanoplates,Bacteria,Bacillota,Bacilli,Bacillales,Bacillaceae,Bacillus,p,soil,81.3794,12.0,0,0.16,30,8,22.60496136,17.07,0.6865,4.082482905,2.5797183904623218,Klebsiella pneumoniae,2.2299810010040626,0.34973738945825916,379.94295004959184,169.8169361353142
37,Ag,Bacillus subtilis,non-pathogenic,chemical_synthesis,MIC,rod-shaped,Bacteria,Bacillota,Bacilli,Bacillales,Bacillaceae,Bacillus,p,soil,107.87,8.0,0,0.16,30,11,23.00188061,0.0,0.0,1.78376517,1.3064808408155266,Klebsiella pneumoniae,0.9568001228577034,0.3496807179578232,20.252602591762294,9.053158477535352
38,Au,Bacillus subtilis,non-pathogenic,green_synthesis,MBEC,spherical,Bacteria,Bacillota,Bacilli,Bacillales,Bacillaceae,Bacillus,p,soil,196.966569,44.45,0,0.16,30,11,23.00188061,0.0,0.0,2.46797672,1.3321667100527208,Klebsiella pneumoniae,0.9858557270737772,0.3463109829789436,21.48655107367723,9.679562471123683
39,Ag,Bacillus subtilis,non-pathogenic,green_synthesis,MBEC,quasi-spherical,Bacteria,Bacillota,Bacilli,Bacillales,Bacillaceae,Bacillus,p,soil,107.8682,44.45,4,0.16,30,11,23.00188061,0.0,0.0,1.78376517,0.678512768892066,Klebsiella pneumoniae,0.392422098156173,0.286090670735893,4.769938382285613,2.4684372877125305
40,ZnO,Bacillus subtilis,non-pathogenic,green_synthesis,MBEC,rod-shaped,Bacteria,Bacillota,Bacilli,Bacillales,Bacillaceae,Bacillus,p,soil,81.3794,79.0,4,0.16,30,8,22.60496136,17.07,0.6865,4.082482905,1.5248992606097709,Klebsiella pneumoniae,1.2681252854517258,0.2567739751580451,33.48877492443565,18.540664081177404
41,Ag,Bacillus subtilis,non-pathogenic,green_synthesis,MIC,triangular,Bacteria,Bacillota,Bacilli,Bacillales,Bacillaceae,Bacillus,p,soil,107.87,6.0,2,0.16,30,11,23.00188061,0.0,0.0,1.78376517,-0.052200854545982445,Klebsiella pneumoniae,-0.28605002950975056,0.2338491749637681,0.8867458108337709,0.517547208525378
42,ZnO,Bacillus subtilis,non-pathogenic,chemical_synthesis,MBC,quasi-spherical,Bacteria,Bacillota,Bacilli,Bacillales,Bacillaceae,Bacillus,p,soil,81.3794,44.45,3,0.16,30,8,22.60496136,17.07,0.6865,4.082482905,1.2382055485460919,Klebsiella pneumoniae,1.0046939582596295,0.2335115902864624,17.306352629959783,10.108668583261627
43,Pt,Bacillus subtilis,non-pathogenic,chemical_synthesis,MBEC,quasi-hexagonal,Bacteria,Bacillota,Bacilli,Bacillales,Bacillaceae,Bacillus,p,soil,195.084,17.5,1,0.16,30,10,21.75656585,0.0,0.0,2.588435821,0.8318514900333958,Klebsiella pneumoniae,0.6224243645236136,0.20942712550978215,6.789714139991097,4.192029831424565
44,Cu,Bacillus subtilis,non-pathogenic,green_synthesis,MBC,quasi-spherical,Bacteria,Bacillota,Bacilli,Bacillales,Bacillaceae,Bacillus,p,soil,63.55,25.0,18,0.16,30,11,17.96409803,0.0,0.0,1.243163121,1.526357393395099,Klebsiella pneumoniae,1.3346140319277113,0.19174336146738757,33.601401607659334,21.607973169948913
45,ZnO,Bacillus subtilis,non-pathogenic,chemical_synthesis,MBEC,triangular,Bacteria,Bacillota,Bacilli,Bacillales,Bacillaceae,Bacillus,p,soil,81.3794,20.0,1,0.16,30,8,22.60496136,17.07,0.6865,4.082482905,0.4592232961142766,Klebsiella pneumoniae,0.342167382081326,0.11705591403295057,2.8788782334226184,2.1987071164811045
46,Ag,Bacillus subtilis,non-pathogenic,green_synthesis,MBC,spheroidal,Bacteria,Bacillota,Bacilli,Bacillales,Bacillaceae,Bacillus,p,soil,107.87,18.5,4,0.16,30,11,23.00188061,0.0,0.0,1.78376517,1.1744763428534188,Klebsiella pneumoniae,1.0798149800998007,0.09466136275361814,14.944326345284733,12.017523501247505
47,CeO2,Bacillus subtilis,non-pathogenic,green_synthesis,MBEC,spherical,Bacteria,Bacillota,Bacilli,Bacillales,Bacillaceae,Bacillus,p,soil,172.115,45.26,2,0.16,30,16,39.19032095,34.14,1.373,4.456551526,2.1321406156065277,Klebsiella pneumoniae,2.0390413982220856,0.09309921738444205,135.56282658071052,109.40606503674344
48,Pd,Bacillus subtilis,non-pathogenic,green_synthesis,MIC,quasi-spherical,Bacteria,Bacillota,Bacilli,Bacillales,Bacillaceae,Bacillus,p,soil,195.084,30.0,0,0.16,30,10,21.14774404,0.0,0.0,1.870828693,1.2744022006371003,Klebsiella pneumoniae,1.197256030089571,0.07714617054752937,18.810580605057737,15.749110498348719
49,ZnO,Bacillus subtilis,non-pathogenic,chemical_synthesis,MIC,cubic,Bacteria,Bacillota,Bacilli,Bacillales,Bacillaceae,Bacillus,p,soil,81.3794,17.5,4,0.16,30,8,22.60496136,17.07,0.6865,4.082482905,1.814776924357673,Klebsiella pneumoniae,1.7604932395067667,0.05428368485090629,65.27951578607124,57.6093850661218
50,Ag,Bacillus subtilis,non-pathogenic,green_synthesis,MBEC,cubic,Bacteria,Bacillota,Bacilli,Bacillales,Bacillaceae,Bacillus,p,soil,107.87,26.06,0,0.16,30,11,23.00188061,0.0,0.0,1.78376517,2.0437200263287574,Klebsiella pneumoniae,2.003154705270363,0.0405653210583945,110.59106142477012,100.72904240088882
51,Au,Bacillus subtilis,non-pathogenic,chemical_synthesis,MBEC,spherical,Bacteria,Bacillota,Bacilli,Bacillales,Bacillaceae,Bacillus,p,soil,196.966569,26.38,0,0.16,30,11,23.00188061,0.0,0.0,2.46797672,1.670010702927679,Klebsiella pneumoniae,1.6336793693071794,0.03633133362049956,46.77466684819608,43.02088788427431
52,Ag,Bacillus subtilis,non-pathogenic,chemical_synthesis,MIC,spheroidal,Bacteria,Bacillota,Bacilli,Bacillales,Bacillaceae,Bacillus,p,soil,107.8682,10.0,2,0.16,30,11,23.00188061,0.0,0.0,1.78376517,1.751563044602934,Klebsiella pneumoniae,1.7170589729388692,0.03450407166406477,56.436886232249506,52.12654890496832
53,ZnO,Bacillus subtilis,non-pathogenic,green_synthesis,MIC,quasi-spherical,Bacteria,Bacillota,Bacilli,Bacillales,Bacillaceae,Bacillus,p,soil,81.3794,12.5,18,0.16,30,8,22.60496136,17.07,0.6865,4.082482905,1.5231685378742097,Klebsiella pneumoniae,1.4934190057345,0.029749532139709656,33.35558315940893,31.147199584040745
54,Au,Bacillus subtilis,non-pathogenic,chemical_synthesis,MIC,triangular,Bacteria,Bacillota,Bacilli,Bacillales,Bacillaceae,Bacillus,p,soil,196.966569,35.0,0,0.16,30,11,23.00188061,0.0,0.0,2.46797672,-0.0604402280583034,Klebsiella pneumoniae,-0.04194893541708433,-0.01849129264121907,0.8700811740813682,0.9079272784887059
55,ZnO,Bacillus subtilis,non-pathogenic,green_synthesis,MBC,tetragonal,Bacteria,Bacillota,Bacilli,Bacillales,Bacillaceae,Bacillus,p,soil,81.3794,79.0,4,0.16,30,8,22.60496136,17.07,0.6865,4.082482905,0.9474448381779977,Klebsiella pneumoniae,0.9672281852787662,-0.019783347100768456,8.86022678528601,9.27316922571251
56,Ag2O,Bacillus subtilis,non-pathogenic,chemical_synthesis,MBC,quasi-spherical,Bacteria,Bacillota,Bacilli,Bacillales,Bacillaceae,Bacillus,p,soil,231.7358,79.0,3,0.16,30,28,46.55109718,17.07,0.6865,3.975778631,1.3811870013801306,Klebsiella pneumoniae,1.4100577687927829,-0.028870767412652265,24.053983093089425,25.707377132878324
57,ZnO,Bacillus subtilis,non-pathogenic,chemical_synthesis,MIC,nanoplates,Bacteria,Bacillota,Bacilli,Bacillales,Bacillaceae,Bacillus,p,soil,81.3794,8.7,24,0.16,30,8,22.60496136,17.07,0.6865,4.082482905,2.4480479141950995,Klebsiella pneumoniae,2.4971988547978743,-0.049150940602774806,280.57431687323054,314.1946999550479
58,Ag,Bacillus subtilis,non-pathogenic,chemical_synthesis,MBC,cubic,Bacteria,Bacillota,Bacilli,Bacillales,Bacillaceae,Bacillus,p,soil,107.87,17.5,0,0.16,30,11,23.00188061,0.0,0.0,1.78376517,1.6577608483297084,Klebsiella pneumoniae,1.7085446939369267,-0.05078384560721827,45.47375821789505,51.11456791468163
59,CuO,Bacillus subtilis,non-pathogenic,chemical_synthesis,MBC,rod-shaped,Bacteria,Bacillota,Bacilli,Bacillales,Bacillaceae,Bacillus,p,soil,79.5454,100.0,2,0.16,30,17,20.67942236,17.07,0.6865,1.651411411,2.070679754964721,Klebsiella pneumoniae,2.170450782179325,-0.09977102721460396,117.67379370318041,148.06444469590645
60,Ag,Bacillus subtilis,non-pathogenic,chemical_synthesis,MBEC,hexagonal,Bacteria,Bacillota,Bacilli,Bacillales,Bacillaceae,Bacillus,p,soil,107.87,18.0,24,0.16,30,11,23.00188061,0.0,0.0,1.78376517,1.7976669050175824,Klebsiella pneumoniae,2.0116401667779,-0.2139732617603174,62.757683558435026,102.71648914681337
61,TiO2,Bacillus subtilis,non-pathogenic,chemical_synthesis,MIC,cubic,Bacteria,Bacillota,Bacilli,Bacillales,Bacillaceae,Bacillus,p,soil,79.866,30.0,2,0.16,30,16,26.40611331,34.14,1.373,2.878049394,2.9268087237427434,Klebsiella pneumoniae,3.208161834286919,-0.2813531105441758,844.9066410889459,1614.9602390033124
62,ZnO,Bacillus subtilis,non-pathogenic,chemical_synthesis,MIC,spheroidal,Bacteria,Bacillota,Bacilli,Bacillales,Bacillaceae,Bacillus,p,soil,81.3794,30.0,3,0.16,30,8,22.60496136,17.07,0.6865,4.082482905,1.3768334525613946,Klebsiella pneumoniae,1.6782495581049335,-0.3014161055435389,23.814060496553,47.67048364318302
63,Al2O3,Bacillus subtilis,non-pathogenic,green_synthesis,MBEC,rod-shaped,Bacteria,Bacillota,Bacilli,Bacillales,Bacillaceae,Bacillus,p,soil,101.961276,38.0,24,0.16,30,24,51.55776403,85.5,13.5675,4.688846487,2.434479661792843,Klebsiella pneumoniae,2.74716165916771,-0.3126819973748671,271.9441130457875,558.6781150206521
64,Au,Bacillus subtilis,non-pathogenic,green_synthesis,MBEC,rod-shaped,Bacteria,Bacillota,Bacilli,Bacillales,Bacillaceae,Bacillus,p,soil,196.966569,26.38,24,0.16,30,11,23.00188061,0.0,0.0,2.46797672,1.7880599233378363,Klebsiella pneumoniae,2.199219749706154,-0.4111598263683176,61.384669702013696,158.20483412132162
