,np,bacteria,bac_type,np_synthesis,method,shape,kingdom,phylum,class,order,family,genus,gram,isolated_from,mol_weight (g/mol),np_size_avg (nm),time_set,"min_Incub_period, h","growth_temp, C",Valance_electron,labuteASA,tpsa,CrippenMR,chi0v,pred_MIC_norm,pathogenic_bacteria,pred_MIC_pathogen,Fitness,pred_norm_MIC_original,pred_path_MIC_original
0,ZnO,Bacillus subtilis,non-pathogenic,green_synthesis,MBC,quasi-hexagonal,Bacteria,Bacillota,Bacilli,Bacillales,Bacillaceae,Bacillus,p,soil,81.3794,6.0,2,0.16,30,8,22.60496136,17.07,0.6865,4.082482905,1.39685277273735,Klebsiella pneumoniae,0.5463803202816155,0.8504724524557346,24.937491944249643,3.5186844381344233
1,Ag,Bacillus subtilis,non-pathogenic,chemical_synthesis,MIC,spheroidal,Bacteria,Bacillota,Bacilli,Bacillales,Bacillaceae,Bacillus,p,soil,107.87,5.1,18,0.16,30,11,23.00188061,0.0,0.0,1.78376517,1.3273477432328624,Klebsiella pneumoniae,0.4946790075344687,0.8326687356983937,21.249452424663243,3.12376969655201
2,ZnO,Bacillus subtilis,non-pathogenic,green_synthesis,MIC,quasi-hexagonal,Bacteria,Bacillota,Bacilli,Bacillales,Bacillaceae,Bacillus,p,soil,81.3794,6.0,3,0.16,30,8,22.60496136,17.07,0.6865,4.082482905,0.8786990807498518,Klebsiella pneumoniae,0.1695412194494279,0.7091578613004239,7.563086730623818,1.4775467107988938
3,Ag,Bacillus subtilis,non-pathogenic,chemical_synthesis,MIC,hexagonal,Bacteria,Bacillota,Bacilli,Bacillales,Bacillaceae,Bacillus,p,soil,107.87,6.0,2,0.16,30,11,23.00188061,0.0,0.0,1.78376517,2.0467800780676826,Klebsiella pneumoniae,1.4796164060191161,0.5671636720485664,111.37304099834535,30.17285502195594
4,ZnO,Bacillus subtilis,non-pathogenic,chemical_synthesis,MBC,rod-shaped,Bacteria,Bacillota,Bacilli,Bacillales,Bacillaceae,Bacillus,p,soil,81.3794,6.0,4,0.16,30,8,22.60496136,17.07,0.6865,4.082482905,1.5220432635427745,Klebsiella pneumoniae,0.9567540556411912,0.5652892079015833,33.2692693820282,9.052198226575126
5,TiO2,Bacillus subtilis,non-pathogenic,chemical_synthesis,MBEC,quasi-spherical,Bacteria,Bacillota,Bacilli,Bacillales,Bacillaceae,Bacillus,p,soil,79.866,10.0,4,0.16,30,16,26.40611331,34.14,1.373,2.878049394,2.7454604956033455,Klebsiella pneumoniae,2.2043174532994243,0.5411430423039212,556.494012016926,160.0727674157663
6,Ag,Bacillus subtilis,non-pathogenic,chemical_synthesis,MIC,quasi-hexagonal,Bacteria,Bacillota,Bacilli,Bacillales,Bacillaceae,Bacillus,p,soil,107.87,8.7,3,0.16,30,11,23.00188061,0.0,0.0,1.78376517,0.8959049670005821,Klebsiella pneumoniae,0.3566684276576,0.5392365393429821,7.868735859431001,2.2733611169981454
7,Pd,Bacillus subtilis,non-pathogenic,green_synthesis,MIC,quasi-spherical,Bacteria,Bacillota,Bacilli,Bacillales,Bacillaceae,Bacillus,p,soil,195.084,6.0,3,0.16,30,10,21.14774404,0.0,0.0,1.870828693,1.4972745523978344,Klebsiella pneumoniae,0.9601971206486333,0.5370774317492011,31.42494689161495,9.124248832383893
8,Ag,Bacillus subtilis,non-pathogenic,chemical_synthesis,MIC,quasi-hexagonal,Bacteria,Bacillota,Bacilli,Bacillales,Bacillaceae,Bacillus,p,soil,107.87,12.0,4,0.16,30,11,23.00188061,0.0,0.0,1.78376517,0.7916612515587828,Klebsiella pneumoniae,0.2603899935669445,0.5312712579918383,6.189581012113697,1.8213356718388325
9,CeO2,Bacillus subtilis,non-pathogenic,chemical_synthesis,MBEC,quasi-hexagonal,Bacteria,Bacillota,Bacilli,Bacillales,Bacillaceae,Bacillus,p,soil,172.115,6.0,3,0.16,30,16,39.19032095,34.14,1.373,4.456551526,2.662483348353882,Klebsiella pneumoniae,2.134863037429426,0.5276203109244562,459.70936209377174,136.41528586222478
10,ZnO,Bacillus subtilis,non-pathogenic,green_synthesis,MIC,quasi-hexagonal,Bacteria,Bacillota,Bacilli,Bacillales,Bacillaceae,Bacillus,p,soil,81.3794,5.1,18,0.16,30,8,22.60496136,17.07,0.6865,4.082482905,0.7564807057938654,Klebsiella pneumoniae,0.2334432734033225,0.5230374323905429,5.70795717123283,1.711761575541715
11,TiO2,Bacillus subtilis,non-pathogenic,chemical_synthesis,MBEC,rod-shaped,Bacteria,Bacillota,Bacilli,Bacillales,Bacillaceae,Bacillus,p,soil,79.866,5.1,2,0.16,30,16,26.40611331,34.14,1.373,2.878049394,2.7376470384832077,Klebsiella pneumoniae,2.214622139279312,0.5230248992038957,546.571570541105,163.9162988246494
12,ZnO,Bacillus subtilis,non-pathogenic,chemical_synthesis,MBEC,nanoplates,Bacteria,Bacillota,Bacilli,Bacillales,Bacillaceae,Bacillus,p,soil,81.3794,5.1,0,0.16,30,8,22.60496136,17.07,0.6865,4.082482905,2.5266099195823344,Klebsiella pneumoniae,2.0090939151990876,0.5175160043832467,336.2094526200113,102.11602834339395
13,TiO2,Bacillus subtilis,non-pathogenic,green_synthesis,MBC,rod-shaped,Bacteria,Bacillota,Bacilli,Bacillales,Bacillaceae,Bacillus,p,soil,79.866,12.0,3,0.16,30,16,26.40611331,34.14,1.373,2.878049394,2.995463113738073,Klebsiella pneumoniae,2.4901285318980886,0.5053345818399846,989.607809190572,309.12101582054055
14,ZnO,Bacillus subtilis,non-pathogenic,green_synthesis,MIC,quasi-hexagonal,Bacteria,Bacillota,Bacilli,Bacillales,Bacillaceae,Bacillus,p,soil,81.3794,9.0,2,0.16,30,8,22.60496136,17.07,0.6865,4.082482905,0.772428731044057,Klebsiella pneumoniae,0.2726777744432163,0.4997509566008407,5.921459060802809,1.8736038685428766
15,Ag,Bacillus subtilis,non-pathogenic,green_synthesis,MBEC,spheroidal,Bacteria,Bacillota,Bacilli,Bacillales,Bacillaceae,Bacillus,p,soil,107.87,27.43,18,0.16,30,11,23.00188061,0.0,0.0,1.78376517,1.4980070467062632,Klebsiella pneumoniae,1.0078877188835307,0.4901193278227325,31.47799388749136,10.183280787097175
16,CeO2,Bacillus subtilis,non-pathogenic,chemical_synthesis,MIC,cubic,Bacteria,Bacillota,Bacilli,Bacillales,Bacillaceae,Bacillus,p,soil,172.115,11.3,3,0.16,30,16,39.19032095,34.14,1.373,4.456551526,3.090905363602692,Klebsiella pneumoniae,2.6023954001369654,0.48850996346572684,1232.8361586541143,400.309042251904
17,ZnO,Bacillus subtilis,non-pathogenic,chemical_synthesis,MIC,spherical,Bacteria,Bacillota,Bacilli,Bacillales,Bacillaceae,Bacillus,p,soil,81.3794,6.0,3,0.16,30,8,22.60496136,17.07,0.6865,4.082482905,1.4789532272249222,Klebsiella pneumoniae,0.9918710155105614,0.4870822117143607,30.126815460487244,9.814564093720254
18,TiO2,Bacillus subtilis,non-pathogenic,green_synthesis,MBC,quasi-spherical,Bacteria,Bacillota,Bacilli,Bacillales,Bacillaceae,Bacillus,p,soil,79.866,18.5,2,0.16,30,16,26.40611331,34.14,1.373,2.878049394,2.56375974468017,Klebsiella pneumoniae,2.085734882041545,0.478024862638625,366.2349143953648,121.82456856934178
19,ZnO,Bacillus subtilis,non-pathogenic,green_synthesis,MIC,quasi-spherical,Bacteria,Bacillota,Bacilli,Bacillales,Bacillaceae,Bacillus,p,soil,81.3794,10.4,1,0.16,30,8,22.60496136,17.07,0.6865,4.082482905,1.4928018567109727,Klebsiella pneumoniae,1.0256862032855483,0.4671156534254244,31.102969659071913,10.609287129021126
20,Ag,Bacillus subtilis,non-pathogenic,green_synthesis,MBEC,quasi-hexagonal,Bacteria,Bacillota,Bacilli,Bacillales,Bacillaceae,Bacillus,p,soil,107.8682,6.0,0,0.16,30,11,23.00188061,0.0,0.0,1.78376517,1.5020346365582484,Klebsiella pneumoniae,1.0642181085121267,0.4378165280461217,31.771274479694974,11.59359455837958
21,Ni,Bacillus subtilis,non-pathogenic,green_synthesis,MBC,triangular,Bacteria,Bacillota,Bacilli,Bacillales,Bacillaceae,Bacillus,p,soil,58.6934,5.1,3,0.16,30,10,17.41523038,0.0,0.0,1.303840481,1.946253520633579,Klebsiella pneumoniae,1.513347518845038,0.4329060017885409,88.35955513026899,32.60975371752089
22,Au,Bacillus subtilis,non-pathogenic,green_synthesis,MBC,quasi-spherical,Bacteria,Bacillota,Bacilli,Bacillales,Bacillaceae,Bacillus,p,soil,196.966569,60.0,1,0.16,30,11,23.00188061,0.0,0.0,2.46797672,0.6926424241249309,Klebsiella pneumoniae,0.2680308033064114,0.42461162081851955,4.927679169722525,1.8536630939486498
23,ZnO,Bacillus subtilis,non-pathogenic,green_synthesis,MBC,quasi-spherical,Bacteria,Bacillota,Bacilli,Bacillales,Bacillaceae,Bacillus,p,soil,81.3794,35.0,0,0.16,30,8,22.60496136,17.07,0.6865,4.082482905,1.183210891266238,Klebsiella pneumoniae,0.7587654779044547,0.4244454133617833,15.247930060420407,5.738065189456233
24,CuO,Bacillus subtilis,non-pathogenic,green_synthesis,MBC,spheroidal,Bacteria,Bacillota,Bacilli,Bacillales,Bacillaceae,Bacillus,p,soil,79.5454,10.4,2,0.16,30,17,20.67942236,17.07,0.6865,1.651411411,3.5713891488428358,Klebsiella pneumoniae,3.1519348963386418,0.419454252504194,3727.25536760801,1418.8448113740728
25,Au,Bacillus subtilis,non-pathogenic,chemical_synthesis,MIC,quasi-hexagonal,Bacteria,Bacillota,Bacilli,Bacillales,Bacillaceae,Bacillus,p,soil,196.966569,10.4,3,0.16,30,11,23.00188061,0.0,0.0,2.46797672,1.5184405712121436,Klebsiella pneumoniae,1.0994256961585926,0.41901487505355095,32.99442553021287,12.572617299022598
26,TiO2,Bacillus subtilis,non-pathogenic,green_synthesis,MBC,cubic,Bacteria,Bacillota,Bacilli,Bacillales,Bacillaceae,Bacillus,p,soil,79.866,26.38,0,0.16,30,16,26.40611331,34.14,1.373,2.878049394,3.095322780762884,Klebsiella pneumoniae,2.678537727837367,0.4167850529255168,1245.4399163960597,477.021251897669
27,Cu,Bacillus subtilis,non-pathogenic,green_synthesis,MBC,nanoplates,Bacteria,Bacillota,Bacilli,Bacillales,Bacillaceae,Bacillus,p,soil,63.55,6.0,4,0.16,30,11,17.96409803,0.0,0.0,1.243163121,2.1075157223686407,Klebsiella pneumoniae,1.6939132786577982,0.41360244371084254,128.09014650091615,49.42119912668316
28,Au,Bacillus subtilis,non-pathogenic,chemical_synthesis,MIC,quasi-hexagonal,Bacteria,Bacillota,Bacilli,Bacillales,Bacillaceae,Bacillus,p,soil,196.966569,9.0,2,0.16,30,11,23.00188061,0.0,0.0,2.46797672,1.4952128979813555,Klebsiella pneumoniae,1.082543901791886,0.4126689961894694,31.27612196043771,12.09327424785493
29,ZnO,Bacillus subtilis,non-pathogenic,chemical_synthesis,MBC,hexagonal,Bacteria,Bacillota,Bacilli,Bacillales,Bacillaceae,Bacillus,p,soil,81.3794,12.0,4,0.16,30,8,22.60496136,17.07,0.6865,4.082482905,1.9594901189911558,Klebsiella pneumoniae,1.5492395327781943,0.4102505862129615,91.0940726430921,35.41926402600174
30,ZrO2,Bacillus subtilis,non-pathogenic,green_synthesis,MBC,quasi-spherical,Bacteria,Bacillota,Bacilli,Bacillales,Bacillaceae,Bacillus,p,soil,123.2218,40.0,1,0.16,30,16,29.29254423,34.14,1.373,3.774536472,1.6098278678962714,Klebsiella pneumoniae,1.2067443959101163,0.40308347198615513,40.72188451072568,16.096979683226866
31,Al2O3,Bacillus subtilis,non-pathogenic,green_synthesis,MBC,cubic,Bacteria,Bacillota,Bacilli,Bacillales,Bacillaceae,Bacillus,p,soil,101.961276,8.0,4,0.16,30,24,51.55776403,85.5,13.5675,4.688846487,2.9884375427578336,Klebsiella pneumoniae,2.5872185432704637,0.40121899948736983,973.7277404394462,386.56145143731726
32,ZnO,Bacillus subtilis,non-pathogenic,chemical_synthesis,MBEC,hexagonal,Bacteria,Bacillota,Bacilli,Bacillales,Bacillaceae,Bacillus,p,soil,81.3794,8.0,2,0.16,30,8,22.60496136,17.07,0.6865,4.082482905,2.5075076969366923,Klebsiella pneumoniae,2.1087286807221033,0.398779016214589,321.7419554039886,128.44839462187122
33,Ni,Bacillus subtilis,non-pathogenic,green_synthesis,MBEC,spheroidal,Bacteria,Bacillota,Bacilli,Bacillales,Bacillaceae,Bacillus,p,soil,58.6934,5.1,0,0.16,30,10,17.41523038,0.0,0.0,1.303840481,3.043025784862751,Klebsiella pneumoniae,2.6465006553216144,0.3965251295411365,1104.144173027884,443.09888309566713
34,Ag,Bacillus subtilis,non-pathogenic,chemical_synthesis,MIC,quasi-spherical,Bacteria,Bacillota,Bacilli,Bacillales,Bacillaceae,Bacillus,p,soil,107.87,9.0,1,0.16,30,11,23.00188061,0.0,0.0,1.78376517,1.3788851711101573,Klebsiella pneumoniae,0.9890072263966568,0.38987794471350046,23.92683039495295,9.750058610883256
35,Ag,Bacillus subtilis,non-pathogenic,chemical_synthesis,MIC,hexagonal,Bacteria,Bacillota,Bacilli,Bacillales,Bacillaceae,Bacillus,p,soil,107.87,10.4,3,0.16,30,11,23.00188061,0.0,0.0,1.78376517,1.9711780896210627,Klebsiella pneumoniae,1.5815858911521299,0.3895921984689328,93.57893313417809,38.15802525875288
36,ZnO,Bacillus subtilis,non-pathogenic,green_synthesis,MIC,hexagonal,Bacteria,Bacillota,Bacilli,Bacillales,Bacillaceae,Bacillus,p,soil,81.3794,11.3,3,0.16,30,8,22.60496136,17.07,0.6865,4.082482905,1.9712199084748738,Klebsiella pneumoniae,1.5872915503836067,0.38392835809126713,93.58794442100175,38.662643984734665
37,Ag,Bacillus subtilis,non-pathogenic,chemical_synthesis,MIC,spheroidal,Bacteria,Bacillota,Bacilli,Bacillales,Bacillaceae,Bacillus,p,soil,107.87,50.0,4,0.16,30,11,23.00188061,0.0,0.0,1.78376517,0.7809587061315952,Klebsiella pneumoniae,0.39735659320032957,0.38360211293126567,6.038912070727344,2.4966438453525512
38,ZnO,Bacillus subtilis,non-pathogenic,chemical_synthesis,MBC,nanoplates,Bacteria,Bacillota,Bacilli,Bacillales,Bacillaceae,Bacillus,p,soil,81.3794,11.3,0,0.16,30,8,22.60496136,17.07,0.6865,4.082482905,2.0585262438571115,Klebsiella pneumoniae,1.6854180555498006,0.37310818830731085,114.42640241314604,48.463866040217546
39,ZnO,Bacillus subtilis,non-pathogenic,chemical_synthesis,MBC,tetragonal,Bacteria,Bacillota,Bacilli,Bacillales,Bacillaceae,Bacillus,p,soil,81.3794,6.0,2,0.16,30,8,22.60496136,17.07,0.6865,4.082482905,1.1916606540368524,Klebsiella pneumoniae,0.8354631839649556,0.35619747007189684,15.547503170087124,6.846414421700962
40,ZnO,Bacillus subtilis,non-pathogenic,chemical_synthesis,MBC,tetragonal,Bacteria,Bacillota,Bacilli,Bacillales,Bacillaceae,Bacillus,p,soil,81.3794,6.0,2,0.16,30,8,22.60496136,17.07,0.6865,4.082482905,1.1916606540368524,Klebsiella pneumoniae,0.8354631839649556,0.35619747007189684,15.547503170087124,6.846414421700962
41,ZnO,Bacillus subtilis,non-pathogenic,chemical_synthesis,MIC,spheroidal,Bacteria,Bacillota,Bacilli,Bacillales,Bacillaceae,Bacillus,p,soil,81.3794,5.1,4,0.16,30,8,22.60496136,17.07,0.6865,4.082482905,1.438312677187821,Klebsiella pneumoniae,1.1738603078746568,0.2644523693131642,27.435487223755914,14.923143249851403
42,Ag,Bacillus subtilis,non-pathogenic,green_synthesis,MIC,triangular,Bacteria,Bacillota,Bacilli,Bacillales,Bacillaceae,Bacillus,p,soil,107.8682,44.45,24,0.16,30,11,23.00188061,0.0,0.0,1.78376517,-0.6756086614533148,Klebsiella pneumoniae,-0.9224469652473779,0.24683830379406313,0.21105290706357324,0.11955095088315319
43,Au,Bacillus subtilis,non-pathogenic,chemical_synthesis,MBC,hexagonal,Bacteria,Bacillota,Bacilli,Bacillales,Bacillaceae,Bacillus,p,soil,196.966569,60.0,2,0.16,30,11,23.00188061,0.0,0.0,2.46797672,2.0121952478497005,Klebsiella pneumoniae,1.816635828832927,0.19555941901677354,102.84785722415357,65.55952960829099
44,ZnO,Bacillus subtilis,non-pathogenic,green_synthesis,MIC,spheroidal,Bacteria,Bacillota,Bacilli,Bacillales,Bacillaceae,Bacillus,p,soil,81.3794,35.0,24,0.16,30,8,22.60496136,17.07,0.6865,4.082482905,1.425404171991774,Klebsiella pneumoniae,1.2344693163514977,0.19093485564027635,26.632023906147122,17.15810480891194
45,Ag,Bacillus subtilis,non-pathogenic,green_synthesis,MBC,cubic,Bacteria,Bacillota,Bacilli,Bacillales,Bacillaceae,Bacillus,p,soil,107.8682,25.0,0,0.16,30,11,23.00188061,0.0,0.0,1.78376517,1.7639297434122587,Klebsiella pneumoniae,1.5838387358234138,0.1800910075888449,58.06704738315206,38.35647920452684
46,Ag,Bacillus subtilis,non-pathogenic,green_synthesis,MBC,cubic,Bacteria,Bacillota,Bacilli,Bacillales,Bacillaceae,Bacillus,p,soil,107.87,79.0,0,0.16,30,11,23.00188061,0.0,0.0,1.78376517,1.633927879120582,Klebsiella pneumoniae,1.5053646262191944,0.1285632529013876,43.04551212579058,32.01581975079536
47,CeO2,Bacillus subtilis,non-pathogenic,chemical_synthesis,MBEC,nanoplates,Bacteria,Bacillota,Bacilli,Bacillales,Bacillaceae,Bacillus,p,soil,172.115,27.43,2,0.16,30,16,39.19032095,34.14,1.373,4.456551526,2.775508930867789,Klebsiella pneumoniae,2.6895862497894507,0.08592268107833823,596.3605833165883,489.31243170118665
48,ZnO,Bacillus subtilis,non-pathogenic,green_synthesis,MIC,tetragonal,Bacteria,Bacillota,Bacilli,Bacillales,Bacillaceae,Bacillus,p,soil,81.3794,45.26,24,0.16,30,8,22.60496136,17.07,0.6865,4.082482905,0.6501389858589364,Klebsiella pneumoniae,0.5783947645213683,0.07174422133756808,4.468265657332635,3.7878673743235707
49,Ag,Bacillus subtilis,non-pathogenic,green_synthesis,MIC,cubic,Bacteria,Bacillota,Bacilli,Bacillales,Bacillaceae,Bacillus,p,soil,107.8682,18.0,3,0.16,30,11,23.00188061,0.0,0.0,1.78376517,1.7771222189226232,Klebsiella pneumoniae,1.7354310289410382,0.04169118998158505,59.85800234322328,54.3789764668052
50,TiO2,Bacillus subtilis,non-pathogenic,chemical_synthesis,MBEC,quasi-hexagonal,Bacteria,Bacillota,Bacilli,Bacillales,Bacillaceae,Bacillus,p,soil,79.866,100.0,18,0.16,30,16,26.40611331,34.14,1.373,2.878049394,1.6605041360673978,Klebsiella pneumoniae,1.6410148347167872,0.019489301350610555,45.76190930683446,43.75370503800821
51,ZnO,Bacillus subtilis,non-pathogenic,chemical_synthesis,MIC,quasi-spherical,Bacteria,Bacillota,Bacilli,Bacillales,Bacillaceae,Bacillus,p,soil,81.3794,38.0,1,0.16,30,8,22.60496136,17.07,0.6865,4.082482905,0.8538658179434145,Klebsiella pneumoniae,0.8611301198438146,-0.007264301900400061,7.142756053864202,7.2632354009603555
52,TiO2,Bacillus subtilis,non-pathogenic,chemical_synthesis,MBC,hexagonal,Bacteria,Bacillota,Bacilli,Bacillales,Bacillaceae,Bacillus,p,soil,79.866,37.86,18,0.16,30,16,26.40611331,34.14,1.373,2.878049394,2.9544519636830158,Klebsiella pneumoniae,3.0345755510106818,-0.080123587327666,900.434162284096,1082.8680773225428
53,ZnO,Bacillus subtilis,non-pathogenic,green_synthesis,MIC,quasi-hexagonal,Bacteria,Bacillota,Bacilli,Bacillales,Bacillaceae,Bacillus,p,soil,81.3794,38.0,24,0.16,30,8,22.60496136,17.07,0.6865,4.082482905,0.028381175317329532,Klebsiella pneumoniae,0.13094947827454617,-0.10256830295721664,1.067532671429996,1.3519152849680578
54,Au,Bacillus subtilis,non-pathogenic,chemical_synthesis,MBEC,tetragonal,Bacteria,Bacillota,Bacilli,Bacillales,Bacillaceae,Bacillus,p,soil,196.966569,25.0,2,0.16,30,11,23.00188061,0.0,0.0,2.46797672,0.7668811209949299,Klebsiella pneumoniae,0.8885543939552741,-0.12167327296034425,5.846300320314045,7.736675720254974
55,ZnO,Bacillus subtilis,non-pathogenic,green_synthesis,MIC,nanoplates,Bacteria,Bacillota,Bacilli,Bacillales,Bacillaceae,Bacillus,p,soil,81.3794,28.0,18,0.16,30,8,22.60496136,17.07,0.6865,4.082482905,1.601380815403387,Klebsiella pneumoniae,1.7250924294949712,-0.12371161409158415,39.93749447331874,53.09974426804801
56,Ag,Bacillus subtilis,non-pathogenic,chemical_synthesis,MIC,quasi-spherical,Bacteria,Bacillota,Bacilli,Bacillales,Bacillaceae,Bacillus,p,soil,107.8682,27.43,1,0.16,30,11,23.00188061,0.0,0.0,1.78376517,1.704302837854197,Klebsiella pneumoniae,1.831916578722519,-0.127613740868322,50.61775015670625,67.90731805952221
57,Cu,Bacillus subtilis,non-pathogenic,green_synthesis,MIC,quasi-hexagonal,Bacteria,Bacillota,Bacilli,Bacillales,Bacillaceae,Bacillus,p,soil,63.55,38.0,3,0.16,30,11,17.96409803,0.0,0.0,1.243163121,-0.0921115247436537,Klebsiella pneumoniae,0.036863011281716984,-0.12897453602537068,0.8088881539003707,1.0885866682610839
58,TiO2,Bacillus subtilis,non-pathogenic,green_synthesis,MBC,nanoplates,Bacteria,Bacillota,Bacilli,Bacillales,Bacillaceae,Bacillus,p,soil,79.866,37.86,24,0.16,30,16,26.40611331,34.14,1.373,2.878049394,2.6941193532233627,Klebsiella pneumoniae,2.879323565957317,-0.18520421273395415,494.44655258937166,757.3969745051531
59,CuO,Bacillus subtilis,non-pathogenic,chemical_synthesis,MIC,nanoplates,Bacteria,Bacillota,Bacilli,Bacillales,Bacillaceae,Bacillus,p,soil,79.5454,10.0,3,0.16,30,17,20.67942236,17.07,0.6865,1.651411411,2.8145453042586537,Klebsiella pneumoniae,3.0016146093639757,-0.18706930510532205,652.4470987140463,1003.7246949520479
60,Ag2O,Bacillus subtilis,non-pathogenic,green_synthesis,MIC,tetragonal,Bacteria,Bacillota,Bacilli,Bacillales,Bacillaceae,Bacillus,p,soil,231.7358,13.0,24,0.16,30,28,46.55109718,17.07,0.6865,3.975778631,1.1666256735844853,Klebsiella pneumoniae,1.3719924859891315,-0.20536681240464616,14.676607284996699,23.550085380114325
61,Ag,Bacillus subtilis,non-pathogenic,chemical_synthesis,MBC,triangular,Bacteria,Bacillota,Bacilli,Bacillales,Bacillaceae,Bacillus,p,soil,107.8682,40.0,3,0.16,30,11,23.00188061,0.0,0.0,1.78376517,0.5458111860765593,Klebsiella pneumoniae,0.8122264394916571,-0.26641525341509775,3.514076292875899,6.489727172580094
62,Cu,Bacillus subtilis,non-pathogenic,green_synthesis,MIC,triangular,Bacteria,Bacillota,Bacilli,Bacillales,Bacillaceae,Bacillus,p,soil,63.55,13.0,1,0.16,30,11,17.96409803,0.0,0.0,1.243163121,-0.2567582653160596,Klebsiella pneumoniae,0.016897445510211107,-0.2736557108262707,0.5536581977448849,1.0396746276160433
63,ZnO,Bacillus subtilis,non-pathogenic,chemical_synthesis,MIC,quasi-hexagonal,Bacteria,Bacillota,Bacilli,Bacillales,Bacillaceae,Bacillus,p,soil,81.3794,27.43,24,0.16,30,8,22.60496136,17.07,0.6865,4.082482905,0.9384160374150087,Klebsiella pneumoniae,1.2409193047592124,-0.30250326734420374,8.677927898287674,17.414832624005186
64,CeO2,Bacillus subtilis,non-pathogenic,green_synthesis,MBEC,cubic,Bacteria,Bacillota,Bacilli,Bacillales,Bacillaceae,Bacillus,p,soil,172.115,18.5,24,0.16,30,16,39.19032095,34.14,1.373,4.456551526,2.748009130103635,Klebsiella pneumoniae,3.077215395763754,-0.3292062656601189,559.7693693135966,1194.580430126559
