,np,bacteria,bac_type,np_synthesis,method,shape,kingdom,phylum,class,order,family,genus,gram,isolated_from,mol_weight (g/mol),np_size_avg (nm),time_set,"min_Incub_period, h","growth_temp, C",Valance_electron,labuteASA,tpsa,CrippenMR,chi0v,pred_MIC_norm,pathogenic_bacteria,pred_MIC_pathogen,Fitness,pred_norm_MIC_original,pred_path_MIC_original
0,ZnO,Bacillus subtilis,non-pathogenic,green_synthesis,MBEC,quasi-hexagonal,Bacteria,Bacillota,Bacilli,Bacillales,Bacillaceae,Bacillus,p,soil,81.3794,6.0,3,0.16,30,8,22.60496136,17.07,0.6865,4.082482905,1.5509593430813329,Klebsiella pneumoniae,0.7549623012475432,0.7959970418337897,35.55980273405054,5.688035539441096
1,Ag,Bacillus subtilis,non-pathogenic,chemical_synthesis,MIC,hexagonal,Bacteria,Bacillota,Bacilli,Bacillales,Bacillaceae,Bacillus,p,soil,107.87,6.0,2,0.16,30,11,23.00188061,0.0,0.0,1.78376517,2.0467800780676826,Klebsiella pneumoniae,1.4796164060191161,0.5671636720485664,111.37304099834535,30.17285502195594
2,ZnO,Bacillus subtilis,non-pathogenic,chemical_synthesis,MBC,rod-shaped,Bacteria,Bacillota,Bacilli,Bacillales,Bacillaceae,Bacillus,p,soil,81.3794,6.0,4,0.16,30,8,22.60496136,17.07,0.6865,4.082482905,1.5220432635427745,Klebsiella pneumoniae,0.9567540556411912,0.5652892079015833,33.2692693820282,9.052198226575126
3,TiO2,Bacillus subtilis,non-pathogenic,chemical_synthesis,MBEC,quasi-spherical,Bacteria,Bacillota,Bacilli,Bacillales,Bacillaceae,Bacillus,p,soil,79.866,10.0,4,0.16,30,16,26.40611331,34.14,1.373,2.878049394,2.7454604956033455,Klebsiella pneumoniae,2.2043174532994243,0.5411430423039212,556.494012016926,160.0727674157663
4,Pd,Bacillus subtilis,non-pathogenic,green_synthesis,MIC,quasi-spherical,Bacteria,Bacillota,Bacilli,Bacillales,Bacillaceae,Bacillus,p,soil,195.084,6.0,3,0.16,30,10,21.14774404,0.0,0.0,1.870828693,1.4972745523978344,Klebsiella pneumoniae,0.9601971206486333,0.5370774317492011,31.42494689161495,9.124248832383893
5,CeO2,Bacillus subtilis,non-pathogenic,chemical_synthesis,MBEC,quasi-hexagonal,Bacteria,Bacillota,Bacilli,Bacillales,Bacillaceae,Bacillus,p,soil,172.115,6.0,3,0.16,30,16,39.19032095,34.14,1.373,4.456551526,2.662483348353882,Klebsiella pneumoniae,2.134863037429426,0.5276203109244562,459.70936209377174,136.41528586222478
6,ZnO,Bacillus subtilis,non-pathogenic,green_synthesis,MIC,quasi-hexagonal,Bacteria,Bacillota,Bacilli,Bacillales,Bacillaceae,Bacillus,p,soil,81.3794,5.1,18,0.16,30,8,22.60496136,17.07,0.6865,4.082482905,0.7564807057938654,Klebsiella pneumoniae,0.2334432734033225,0.5230374323905429,5.70795717123283,1.711761575541715
7,TiO2,Bacillus subtilis,non-pathogenic,chemical_synthesis,MBEC,rod-shaped,Bacteria,Bacillota,Bacilli,Bacillales,Bacillaceae,Bacillus,p,soil,79.866,5.1,2,0.16,30,16,26.40611331,34.14,1.373,2.878049394,2.7376470384832077,Klebsiella pneumoniae,2.214622139279312,0.5230248992038957,546.571570541105,163.9162988246494
8,ZnO,Bacillus subtilis,non-pathogenic,chemical_synthesis,MBEC,nanoplates,Bacteria,Bacillota,Bacilli,Bacillales,Bacillaceae,Bacillus,p,soil,81.3794,5.1,0,0.16,30,8,22.60496136,17.07,0.6865,4.082482905,2.5266099195823344,Klebsiella pneumoniae,2.0090939151990876,0.5175160043832467,336.2094526200113,102.11602834339395
9,TiO2,Bacillus subtilis,non-pathogenic,green_synthesis,MBC,rod-shaped,Bacteria,Bacillota,Bacilli,Bacillales,Bacillaceae,Bacillus,p,soil,79.866,12.0,3,0.16,30,16,26.40611331,34.14,1.373,2.878049394,2.995463113738073,Klebsiella pneumoniae,2.4901285318980886,0.5053345818399846,989.607809190572,309.12101582054055
10,ZnO,Bacillus subtilis,non-pathogenic,green_synthesis,MIC,quasi-hexagonal,Bacteria,Bacillota,Bacilli,Bacillales,Bacillaceae,Bacillus,p,soil,81.3794,9.0,2,0.16,30,8,22.60496136,17.07,0.6865,4.082482905,0.772428731044057,Klebsiella pneumoniae,0.2726777744432163,0.4997509566008407,5.921459060802809,1.8736038685428766
11,Ag,Bacillus subtilis,non-pathogenic,green_synthesis,MBEC,spheroidal,Bacteria,Bacillota,Bacilli,Bacillales,Bacillaceae,Bacillus,p,soil,107.87,27.43,18,0.16,30,11,23.00188061,0.0,0.0,1.78376517,1.4980070467062632,Klebsiella pneumoniae,1.0078877188835307,0.4901193278227325,31.47799388749136,10.183280787097175
12,ZnO,Bacillus subtilis,non-pathogenic,green_synthesis,MBC,quasi-spherical,Bacteria,Bacillota,Bacilli,Bacillales,Bacillaceae,Bacillus,p,soil,81.3794,60.0,3,0.16,30,8,22.60496136,17.07,0.6865,4.082482905,0.8559262450106994,Klebsiella pneumoniae,0.40389333241080894,0.4520329125998904,7.17672400671017,2.5345060509702293
13,Ag,Bacillus subtilis,non-pathogenic,green_synthesis,MBEC,quasi-hexagonal,Bacteria,Bacillota,Bacilli,Bacillales,Bacillaceae,Bacillus,p,soil,107.8682,6.0,0,0.16,30,11,23.00188061,0.0,0.0,1.78376517,1.5020346365582484,Klebsiella pneumoniae,1.0642181085121267,0.4378165280461217,31.771274479694974,11.59359455837958
14,Au,Bacillus subtilis,non-pathogenic,green_synthesis,MBC,quasi-spherical,Bacteria,Bacillota,Bacilli,Bacillales,Bacillaceae,Bacillus,p,soil,196.966569,60.0,1,0.16,30,11,23.00188061,0.0,0.0,2.46797672,0.6926424241249309,Klebsiella pneumoniae,0.2680308033064114,0.42461162081851955,4.927679169722525,1.8536630939486498
15,ZnO,Bacillus subtilis,non-pathogenic,green_synthesis,MBC,quasi-spherical,Bacteria,Bacillota,Bacilli,Bacillales,Bacillaceae,Bacillus,p,soil,81.3794,35.0,0,0.16,30,8,22.60496136,17.07,0.6865,4.082482905,1.183210891266238,Klebsiella pneumoniae,0.7587654779044547,0.4244454133617833,15.247930060420407,5.738065189456233
16,CuO,Bacillus subtilis,non-pathogenic,green_synthesis,MBC,spheroidal,Bacteria,Bacillota,Bacilli,Bacillales,Bacillaceae,Bacillus,p,soil,79.5454,10.4,2,0.16,30,17,20.67942236,17.07,0.6865,1.651411411,3.5713891488428358,Klebsiella pneumoniae,3.1519348963386418,0.419454252504194,3727.25536760801,1418.8448113740728
17,Au,Bacillus subtilis,non-pathogenic,chemical_synthesis,MIC,quasi-hexagonal,Bacteria,Bacillota,Bacilli,Bacillales,Bacillaceae,Bacillus,p,soil,196.966569,10.4,3,0.16,30,11,23.00188061,0.0,0.0,2.46797672,1.5184405712121436,Klebsiella pneumoniae,1.0994256961585926,0.41901487505355095,32.99442553021287,12.572617299022598
18,TiO2,Bacillus subtilis,non-pathogenic,green_synthesis,MBC,cubic,Bacteria,Bacillota,Bacilli,Bacillales,Bacillaceae,Bacillus,p,soil,79.866,26.38,0,0.16,30,16,26.40611331,34.14,1.373,2.878049394,3.095322780762884,Klebsiella pneumoniae,2.678537727837367,0.4167850529255168,1245.4399163960597,477.021251897669
19,Cu,Bacillus subtilis,non-pathogenic,green_synthesis,MBC,nanoplates,Bacteria,Bacillota,Bacilli,Bacillales,Bacillaceae,Bacillus,p,soil,63.55,6.0,4,0.16,30,11,17.96409803,0.0,0.0,1.243163121,2.1075157223686407,Klebsiella pneumoniae,1.6939132786577982,0.41360244371084254,128.09014650091615,49.42119912668316
20,Au,Bacillus subtilis,non-pathogenic,chemical_synthesis,MIC,quasi-hexagonal,Bacteria,Bacillota,Bacilli,Bacillales,Bacillaceae,Bacillus,p,soil,196.966569,9.0,2,0.16,30,11,23.00188061,0.0,0.0,2.46797672,1.4952128979813555,Klebsiella pneumoniae,1.082543901791886,0.4126689961894694,31.27612196043771,12.09327424785493
21,ZnO,Bacillus subtilis,non-pathogenic,chemical_synthesis,MBC,hexagonal,Bacteria,Bacillota,Bacilli,Bacillales,Bacillaceae,Bacillus,p,soil,81.3794,12.0,4,0.16,30,8,22.60496136,17.07,0.6865,4.082482905,1.9594901189911558,Klebsiella pneumoniae,1.5492395327781943,0.4102505862129615,91.0940726430921,35.41926402600174
22,ZnO,Bacillus subtilis,non-pathogenic,green_synthesis,MIC,cubic,Bacteria,Bacillota,Bacilli,Bacillales,Bacillaceae,Bacillus,p,soil,81.3794,10.4,2,0.16,30,8,22.60496136,17.07,0.6865,4.082482905,1.928783954759436,Klebsiella pneumoniae,1.5250854519033938,0.40369850285604225,84.87581446070034,33.50313535355188
23,ZrO2,Bacillus subtilis,non-pathogenic,green_synthesis,MBC,quasi-spherical,Bacteria,Bacillota,Bacilli,Bacillales,Bacillaceae,Bacillus,p,soil,123.2218,40.0,1,0.16,30,16,29.29254423,34.14,1.373,3.774536472,1.6098278678962714,Klebsiella pneumoniae,1.2067443959101163,0.40308347198615513,40.72188451072568,16.096979683226866
24,Al2O3,Bacillus subtilis,non-pathogenic,green_synthesis,MBC,cubic,Bacteria,Bacillota,Bacilli,Bacillales,Bacillaceae,Bacillus,p,soil,101.961276,8.0,4,0.16,30,24,51.55776403,85.5,13.5675,4.688846487,2.9884375427578336,Klebsiella pneumoniae,2.5872185432704637,0.40121899948736983,973.7277404394462,386.56145143731726
25,ZnO,Bacillus subtilis,non-pathogenic,green_synthesis,MBC,rod-shaped,Bacteria,Bacillota,Bacilli,Bacillales,Bacillaceae,Bacillus,p,soil,81.3794,27.43,4,0.16,30,8,22.60496136,17.07,0.6865,4.082482905,1.7057813101986323,Klebsiella pneumoniae,1.30752795384257,0.3982533563560624,50.79036223344205,20.301491884424262
26,Ag,Bacillus subtilis,non-pathogenic,chemical_synthesis,MIC,quasi-spherical,Bacteria,Bacillota,Bacilli,Bacillales,Bacillaceae,Bacillus,p,soil,107.87,9.0,1,0.16,30,11,23.00188061,0.0,0.0,1.78376517,1.3788851711101573,Klebsiella pneumoniae,0.9890072263966568,0.38987794471350046,23.92683039495295,9.750058610883256
27,ZnO,Bacillus subtilis,non-pathogenic,green_synthesis,MBEC,quasi-spherical,Bacteria,Bacillota,Bacilli,Bacillales,Bacillaceae,Bacillus,p,soil,81.3794,38.0,4,0.16,30,8,22.60496136,17.07,0.6865,4.082482905,1.012175493251191,Klebsiella pneumoniae,0.6313775442413241,0.38079794900986697,10.284317912667742,4.279347400380066
28,Au,Bacillus subtilis,non-pathogenic,green_synthesis,MIC,tetragonal,Bacteria,Bacillota,Bacilli,Bacillales,Bacillaceae,Bacillus,p,soil,196.966569,60.0,24,0.16,30,11,23.00188061,0.0,0.0,2.46797672,0.7842637540260667,Klebsiella pneumoniae,0.40374471930380706,0.3805190347222597,6.085044436218428,2.5336389057579476
29,ZnO,Bacillus subtilis,non-pathogenic,green_synthesis,MBEC,spheroidal,Bacteria,Bacillota,Bacilli,Bacillales,Bacillaceae,Bacillus,p,soil,81.3794,8.0,3,0.16,30,8,22.60496136,17.07,0.6865,4.082482905,2.5511219233887723,Klebsiella pneumoniae,2.1749711824478792,0.37615074094089307,355.73117215745964,149.613637687194
30,Pd,Bacillus subtilis,non-pathogenic,green_synthesis,MBEC,quasi-spherical,Bacteria,Bacillota,Bacilli,Bacillales,Bacillaceae,Bacillus,p,soil,195.084,8.7,3,0.16,30,10,21.14774404,0.0,0.0,1.870828693,2.081557257352431,Klebsiella pneumoniae,1.705651395871214,0.37590586148121696,120.65831535450728,50.775171137989254
31,TiO2,Bacillus subtilis,non-pathogenic,green_synthesis,MIC,hexagonal,Bacteria,Bacillota,Bacilli,Bacillales,Bacillaceae,Bacillus,p,soil,79.866,12.0,4,0.16,30,16,26.40611331,34.14,1.373,2.878049394,2.7284463848420297,Klebsiella pneumoniae,2.3568115804089422,0.3716348044330875,535.1140880058144,227.41105889665815
32,ZnO,Bacillus subtilis,non-pathogenic,green_synthesis,MBC,rod-shaped,Bacteria,Bacillota,Bacilli,Bacillales,Bacillaceae,Bacillus,p,soil,81.3794,37.86,1,0.16,30,8,22.60496136,17.07,0.6865,4.082482905,1.0652452433168622,Klebsiella pneumoniae,0.6939748552911682,0.371270388025694,11.621046616613402,4.9428206829834895
33,Au,Bacillus subtilis,non-pathogenic,green_synthesis,MBC,quasi-hexagonal,Bacteria,Bacillota,Bacilli,Bacillales,Bacillaceae,Bacillus,p,soil,196.966569,79.0,0,0.16,30,11,23.00188061,0.0,0.0,2.46797672,0.4675722228860262,Klebsiella pneumoniae,0.10359597895786621,0.36397624392815997,2.9347575116165725,1.2693926488653031
34,Ag,Bacillus subtilis,non-pathogenic,green_synthesis,MIC,nanoplates,Bacteria,Bacillota,Bacilli,Bacillales,Bacillaceae,Bacillus,p,soil,107.87,6.0,0,0.16,30,11,23.00188061,0.0,0.0,1.78376517,2.4545321760093195,Klebsiella pneumoniae,2.0963217489203916,0.3582104270889279,284.79487911860633,124.83079860501867
35,TiO2,Bacillus subtilis,non-pathogenic,green_synthesis,MBC,quasi-spherical,Bacteria,Bacillota,Bacilli,Bacillales,Bacillaceae,Bacillus,p,soil,79.866,44.45,18,0.16,30,16,26.40611331,34.14,1.373,2.878049394,1.5477132254696366,Klebsiella pneumoniae,1.1939276339671796,0.35378559150245703,35.29500318885688,15.628871986924024
36,ZnO,Bacillus subtilis,non-pathogenic,chemical_synthesis,MBC,quasi-hexagonal,Bacteria,Bacillota,Bacilli,Bacillales,Bacillaceae,Bacillus,p,soil,81.3794,22.5,1,0.16,30,8,22.60496136,17.07,0.6865,4.082482905,0.46445730089647985,Klebsiella pneumoniae,0.1456398948053379,0.31881740609114195,2.9137836423769348,1.3984273037536628
37,Ag,Bacillus subtilis,non-pathogenic,chemical_synthesis,MBC,spheroidal,Bacteria,Bacillota,Bacilli,Bacillales,Bacillaceae,Bacillus,p,soil,107.87,44.45,18,0.16,30,11,23.00188061,0.0,0.0,1.78376517,1.1754128526639487,Klebsiella pneumoniae,0.8886516320777987,0.28676122058614995,14.976586964707897,7.738408148546985
38,Au,Bacillus subtilis,non-pathogenic,chemical_synthesis,MIC,cubic,Bacteria,Bacillota,Bacilli,Bacillales,Bacillaceae,Bacillus,p,soil,196.966569,79.0,3,0.16,30,11,23.00188061,0.0,0.0,2.46797672,1.823398780683097,Klebsiella pneumoniae,1.586441935898235,0.236956844784862,66.58843081594216,38.58708181685688
39,Ag,Bacillus subtilis,non-pathogenic,green_synthesis,MBEC,quasi-hexagonal,Bacteria,Bacillota,Bacilli,Bacillales,Bacillaceae,Bacillus,p,soil,107.87,10.0,4,0.16,30,11,23.00188061,0.0,0.0,1.78376517,1.3614864627209844,Klebsiella pneumoniae,1.1324844139395611,0.22900204878142327,22.98722055286964,13.56701839797914
40,ZnO,Bacillus subtilis,non-pathogenic,chemical_synthesis,MBEC,spherical,Bacteria,Bacillota,Bacilli,Bacillales,Bacillaceae,Bacillus,p,soil,81.3794,13.0,0,0.16,30,8,22.60496136,17.07,0.6865,4.082482905,2.1473023114603227,Klebsiella pneumoniae,1.94130767367566,0.20599463778466265,140.37905401295916,87.35900395525675
41,Ag,Bacillus subtilis,non-pathogenic,green_synthesis,MBC,quasi-hexagonal,Bacteria,Bacillota,Bacilli,Bacillales,Bacillaceae,Bacillus,p,soil,107.8682,45.26,3,0.16,30,11,23.00188061,0.0,0.0,1.78376517,-0.010045236404430335,Klebsiella pneumoniae,-0.20844834583287586,0.19840310942844552,0.9771354365726933,0.6188019223108655
42,Au,Bacillus subtilis,non-pathogenic,green_synthesis,MIC,quasi-hexagonal,Bacteria,Bacillota,Bacilli,Bacillales,Bacillaceae,Bacillus,p,soil,196.966569,18.0,0,0.16,30,11,23.00188061,0.0,0.0,2.46797672,1.040589649390388,Klebsiella pneumoniae,0.8456882522843788,0.19490139710600907,10.979679152934313,7.009519564969954
43,ZnO,Bacillus subtilis,non-pathogenic,green_synthesis,MBEC,cubic,Bacteria,Bacillota,Bacilli,Bacillales,Bacillaceae,Bacillus,p,soil,81.3794,60.0,3,0.16,30,8,22.60496136,17.07,0.6865,4.082482905,1.9708972878907032,Klebsiella pneumoniae,1.7765153650851024,0.19438192280560074,93.51844737100299,59.77441921549864
44,Cu,Bacillus subtilis,non-pathogenic,green_synthesis,MBC,spherical,Bacteria,Bacillota,Bacilli,Bacillales,Bacillaceae,Bacillus,p,soil,63.55,18.0,2,0.16,30,11,17.96409803,0.0,0.0,1.243163121,1.7910476038055403,Klebsiella pneumoniae,1.6368750141746016,0.15417258963093872,61.80841457492948,43.33861360264709
45,ZnO,Bacillus subtilis,non-pathogenic,chemical_synthesis,MBEC,nanoplates,Bacteria,Bacillota,Bacilli,Bacillales,Bacillaceae,Bacillus,p,soil,81.3794,13.0,1,0.16,30,8,22.60496136,17.07,0.6865,4.082482905,2.3964845227357543,Klebsiella pneumoniae,2.247101994186263,0.1493825285494914,249.16355734658748,176.64526238919768
46,Ag,Bacillus subtilis,non-pathogenic,green_synthesis,MBC,spheroidal,Bacteria,Bacillota,Bacilli,Bacillales,Bacillaceae,Bacillus,p,soil,107.87,38.0,1,0.16,30,11,23.00188061,0.0,0.0,1.78376517,1.0674196057228924,Klebsiella pneumoniae,0.919611176205638,0.14780842951725437,11.679375074896692,8.310194263598836
47,Cu,Bacillus subtilis,non-pathogenic,green_synthesis,MBEC,cubic,Bacteria,Bacillota,Bacilli,Bacillales,Bacillaceae,Bacillus,p,soil,63.55,20.0,0,0.16,30,11,17.96409803,0.0,0.0,1.243163121,2.2432316703552795,Klebsiella pneumoniae,2.1116000937710395,0.13163157658423996,175.07803770901768,129.3004670976384
48,Ag,Bacillus subtilis,non-pathogenic,green_synthesis,MIC,hexagonal,Bacteria,Bacillota,Bacilli,Bacillales,Bacillaceae,Bacillus,p,soil,107.87,27.43,4,0.16,30,11,23.00188061,0.0,0.0,1.78376517,1.6884388715543739,Klebsiella pneumoniae,1.562814488967804,0.12562438258656994,48.80214057177381,36.5438659341538
49,ZnO,Bacillus subtilis,non-pathogenic,green_synthesis,MIC,triangular,Bacteria,Bacillota,Bacilli,Bacillales,Bacillaceae,Bacillus,p,soil,81.3794,10.0,1,0.16,30,8,22.60496136,17.07,0.6865,4.082482905,-0.3197311299205472,Klebsiella pneumoniae,-0.4013297672604361,0.08159863733988892,0.47892650215530114,0.39689006957687256
50,Ag,Bacillus subtilis,non-pathogenic,green_synthesis,MBEC,tetragonal,Bacteria,Bacillota,Bacilli,Bacillales,Bacillaceae,Bacillus,p,soil,107.87,26.38,2,0.16,30,11,23.00188061,0.0,0.0,1.78376517,0.4717440251886367,Klebsiella pneumoniae,0.4060485900822548,0.06569543510638187,2.9630844215673195,2.5471152150233496
51,Cu,Bacillus subtilis,non-pathogenic,green_synthesis,MBEC,hexagonal,Bacteria,Bacillota,Bacilli,Bacillales,Bacillaceae,Bacillus,p,soil,63.55,26.38,1,0.16,30,11,17.96409803,0.0,0.0,1.243163121,1.9598078360246616,Klebsiella pneumoniae,1.894324119457774,0.06548371656688756,91.16073876234093,78.40145444373547
52,Ag,Bacillus subtilis,non-pathogenic,green_synthesis,MIC,spherical,Bacteria,Bacillota,Bacilli,Bacillales,Bacillaceae,Bacillus,p,soil,107.8682,8.0,1,0.16,30,11,23.00188061,0.0,0.0,1.78376517,1.393817198569699,Klebsiella pneumoniae,1.3402961130667912,0.053521085502907795,24.763794908579108,21.892538043313632
53,ZnO,Bacillus subtilis,non-pathogenic,chemical_synthesis,MBEC,spherical,Bacteria,Bacillota,Bacilli,Bacillales,Bacillaceae,Bacillus,p,soil,81.3794,79.0,1,0.16,30,8,22.60496136,17.07,0.6865,4.082482905,1.6786832047143816,Klebsiella pneumoniae,1.637810456969303,0.04087274774507854,47.71810678497511,43.432062835905285
54,ZnO,Bacillus subtilis,non-pathogenic,green_synthesis,MBEC,tetragonal,Bacteria,Bacillota,Bacilli,Bacillales,Bacillaceae,Bacillus,p,soil,81.3794,12.5,2,0.16,30,8,22.60496136,17.07,0.6865,4.082482905,1.3645804295827095,Klebsiella pneumoniae,1.353909205761988,0.01067122382072161,23.151569040167796,22.589634586551846
55,Au,Bacillus subtilis,non-pathogenic,green_synthesis,MBEC,tetragonal,Bacteria,Bacillota,Bacilli,Bacillales,Bacillaceae,Bacillus,p,soil,196.966569,18.0,24,0.16,30,11,23.00188061,0.0,0.0,2.46797672,0.7260832946852285,Klebsiella pneumoniae,0.72724840067574,-0.0011651059905115613,5.322103237469768,5.33640030938957
56,TiO2,Bacillus subtilis,non-pathogenic,green_synthesis,MBEC,spherical,Bacteria,Bacillota,Bacilli,Bacillales,Bacillaceae,Bacillus,p,soil,79.866,8.7,24,0.16,30,16,26.40611331,34.14,1.373,2.878049394,3.2294556899944764,Klebsiella pneumoniae,3.2326515307632535,-0.003195840768777103,1696.1165428025495,1708.6437832007473
57,Ag,Bacillus subtilis,non-pathogenic,green_synthesis,MBC,spherical,Bacteria,Bacillota,Bacilli,Bacillales,Bacillaceae,Bacillus,p,soil,107.87,17.5,0,0.16,30,11,23.00188061,0.0,0.0,1.78376517,1.398637567300975,Klebsiella pneumoniae,1.4150466548261207,-0.016409087525145694,25.04018696778708,26.004389047492904
58,Al2O3,Bacillus subtilis,non-pathogenic,green_synthesis,MBC,hexagonal,Bacteria,Bacillota,Bacilli,Bacillales,Bacillaceae,Bacillus,p,soil,101.961276,30.0,18,0.16,30,24,51.55776403,85.5,13.5675,4.688846487,2.5873547247241397,Klebsiella pneumoniae,2.618646369533042,-0.03129164480890223,386.68268428043814,415.572087198587
59,Ag,Bacillus subtilis,non-pathogenic,green_synthesis,MIC,cubic,Bacteria,Bacillota,Bacilli,Bacillales,Bacillaceae,Bacillus,p,soil,107.87,41.23,24,0.16,30,11,23.00188061,0.0,0.0,1.78376517,1.2196605586398146,Klebsiella pneumoniae,1.2578001798940726,-0.03813962125425796,16.582902933432567,18.1050688167237
60,ZnO,Bacillus subtilis,non-pathogenic,chemical_synthesis,MBEC,quasi-hexagonal,Bacteria,Bacillota,Bacilli,Bacillales,Bacillaceae,Bacillus,p,soil,81.3794,60.0,18,0.16,30,8,22.60496136,17.07,0.6865,4.082482905,0.8387776258879068,Klebsiella pneumoniae,0.9162793018296291,-0.0775016759417223,6.898864671526122,8.246683020776723
61,Ag,Bacillus subtilis,non-pathogenic,chemical_synthesis,MIC,quasi-hexagonal,Bacteria,Bacillota,Bacilli,Bacillales,Bacillaceae,Bacillus,p,soil,107.8682,38.0,18,0.16,30,11,23.00188061,0.0,0.0,1.78376517,0.37150752215338656,Klebsiella pneumoniae,0.5066498296072908,-0.1351423074539042,2.352380237198652,3.2110704177270835
62,CeO2,Bacillus subtilis,non-pathogenic,chemical_synthesis,MBC,quasi-spherical,Bacteria,Bacillota,Bacilli,Bacillales,Bacillaceae,Bacillus,p,soil,172.115,6.0,24,0.16,30,16,39.19032095,34.14,1.373,4.456551526,2.976720187681651,Klebsiella pneumoniae,3.232098772536876,-0.255378584855225,947.807601989969,1706.4704511520083
