,np,bacteria,bac_type,np_synthesis,method,shape,kingdom,phylum,class,order,family,genus,gram,isolated_from,mol_weight (g/mol),np_size_avg (nm),time_set,"min_Incub_period, h","growth_temp, C",Valance_electron,labuteASA,tpsa,CrippenMR,chi0v,pred_MIC_norm,pathogenic_bacteria,pred_MIC_pathogen,Fitness,pred_norm_MIC_original,pred_path_MIC_original
0,ZnO,Bacillus subtilis,non-pathogenic,green_synthesis,MBC,quasi-hexagonal,Bacteria,Bacillota,Bacilli,Bacillales,Bacillaceae,Bacillus,p,soil,81.3794,6.0,3,0.16,30,8,22.60496136,17.07,0.6865,4.082482905,1.4231733188680664,Klebsiella pneumoniae,0.560587509211383,0.8625858096566834,26.49557316797073,3.6356955548809307
1,Ag,Bacillus subtilis,non-pathogenic,chemical_synthesis,MIC,spheroidal,Bacteria,Bacillota,Bacilli,Bacillales,Bacillaceae,Bacillus,p,soil,107.87,5.1,18,0.16,30,11,23.00188061,0.0,0.0,1.78376517,1.3273477432328624,Klebsiella pneumoniae,0.4946790075344687,0.8326687356983937,21.249452424663243,3.12376969655201
2,ZnO,Bacillus subtilis,non-pathogenic,green_synthesis,MBC,quasi-hexagonal,Bacteria,Bacillota,Bacilli,Bacillales,Bacillaceae,Bacillus,p,soil,81.3794,9.0,4,0.16,30,8,22.60496136,17.07,0.6865,4.082482905,1.2785527831260188,Klebsiella pneumoniae,0.5123694557084828,0.766183327417536,18.99121642836487,3.253639678573776
3,Ag,Bacillus subtilis,non-pathogenic,green_synthesis,MBC,spheroidal,Bacteria,Bacillota,Bacilli,Bacillales,Bacillaceae,Bacillus,p,soil,107.87,6.0,18,0.16,30,11,23.00188061,0.0,0.0,1.78376517,1.9440725440018949,Klebsiella pneumoniae,1.360638665500666,0.583433878501229,87.91693599060969,22.942390390681183
4,ZnO,Bacillus subtilis,non-pathogenic,green_synthesis,MBC,spherical,Bacteria,Bacillota,Bacilli,Bacillales,Bacillaceae,Bacillus,p,soil,81.3794,10.4,2,0.16,30,8,22.60496136,17.07,0.6865,4.082482905,2.4241096508020172,Klebsiella pneumoniae,1.8458522869018985,0.5782573639001187,265.52758822077084,70.12167586251975
5,Ag,Bacillus subtilis,non-pathogenic,chemical_synthesis,MIC,nanoplates,Bacteria,Bacillota,Bacilli,Bacillales,Bacillaceae,Bacillus,p,soil,107.87,5.1,2,0.16,30,11,23.00188061,0.0,0.0,1.78376517,1.9662924996039255,Klebsiella pneumoniae,1.4086619788756694,0.5576305207282561,92.53211727653533,25.624888177049943
6,ZnO,Bacillus subtilis,non-pathogenic,chemical_synthesis,MBEC,spherical,Bacteria,Bacillota,Bacilli,Bacillales,Bacillaceae,Bacillus,p,soil,81.3794,5.1,1,0.16,30,8,22.60496136,17.07,0.6865,4.082482905,2.18183483669025,Klebsiella pneumoniae,1.624498436802272,0.5573363998879779,151.99693715361127,42.120977065066455
7,TiO2,Bacillus subtilis,non-pathogenic,green_synthesis,MIC,rod-shaped,Bacteria,Bacillota,Bacilli,Bacillales,Bacillaceae,Bacillus,p,soil,79.866,6.0,4,0.16,30,16,26.40611331,34.14,1.373,2.878049394,2.3643905823225198,Klebsiella pneumoniae,1.81272152842714,0.5516690538953797,231.41450787223764,64.97129578845819
8,ZnO,Bacillus subtilis,non-pathogenic,chemical_synthesis,MBEC,rod-shaped,Bacteria,Bacillota,Bacilli,Bacillales,Bacillaceae,Bacillus,p,soil,81.3794,5.1,0,0.16,30,8,22.60496136,17.07,0.6865,4.082482905,2.011283502971159,Klebsiella pneumoniae,1.4640918647500079,0.5471916382211512,102.63216798606005,29.113328767137858
9,TiO2,Bacillus subtilis,non-pathogenic,chemical_synthesis,MBEC,quasi-spherical,Bacteria,Bacillota,Bacilli,Bacillales,Bacillaceae,Bacillus,p,soil,79.866,8.7,1,0.16,30,16,26.40611331,34.14,1.373,2.878049394,2.756856398417052,Klebsiella pneumoniae,2.2150346821085725,0.5418217163084798,571.2897057180411,164.0720793479574
10,Ag,Bacillus subtilis,non-pathogenic,chemical_synthesis,MIC,quasi-hexagonal,Bacteria,Bacillota,Bacilli,Bacillales,Bacillaceae,Bacillus,p,soil,107.87,8.7,3,0.16,30,11,23.00188061,0.0,0.0,1.78376517,0.8959049670005821,Klebsiella pneumoniae,0.3566684276576,0.5392365393429821,7.868735859431001,2.2733611169981454
11,CeO2,Bacillus subtilis,non-pathogenic,chemical_synthesis,MIC,cubic,Bacteria,Bacillota,Bacilli,Bacillales,Bacillaceae,Bacillus,p,soil,172.115,8.0,3,0.16,30,16,39.19032095,34.14,1.373,4.456551526,3.1250808202294307,Klebsiella pneumoniae,2.5866362168348904,0.5384446033945403,1333.7696175340293,386.0434754733869
12,Pd,Bacillus subtilis,non-pathogenic,green_synthesis,MIC,quasi-spherical,Bacteria,Bacillota,Bacilli,Bacillales,Bacillaceae,Bacillus,p,soil,195.084,6.0,3,0.16,30,10,21.14774404,0.0,0.0,1.870828693,1.4972745523978344,Klebsiella pneumoniae,0.9601971206486333,0.5370774317492011,31.42494689161495,9.124248832383893
13,TiO2,Bacillus subtilis,non-pathogenic,green_synthesis,MBC,quasi-hexagonal,Bacteria,Bacillota,Bacilli,Bacillales,Bacillaceae,Bacillus,p,soil,79.866,27.43,1,0.16,30,16,26.40611331,34.14,1.373,2.878049394,1.8914612678907419,Klebsiella pneumoniae,1.357616507281948,0.5338447606087939,77.88633493247832,22.783293625850245
14,Ag,Bacillus subtilis,non-pathogenic,chemical_synthesis,MIC,quasi-hexagonal,Bacteria,Bacillota,Bacilli,Bacillales,Bacillaceae,Bacillus,p,soil,107.87,12.0,4,0.16,30,11,23.00188061,0.0,0.0,1.78376517,0.7916612515587828,Klebsiella pneumoniae,0.2603899935669445,0.5312712579918383,6.189581012113697,1.8213356718388325
15,CeO2,Bacillus subtilis,non-pathogenic,chemical_synthesis,MBEC,quasi-hexagonal,Bacteria,Bacillota,Bacilli,Bacillales,Bacillaceae,Bacillus,p,soil,172.115,6.0,3,0.16,30,16,39.19032095,34.14,1.373,4.456551526,2.662483348353882,Klebsiella pneumoniae,2.134863037429426,0.5276203109244562,459.70936209377174,136.41528586222478
16,Ag,Bacillus subtilis,non-pathogenic,chemical_synthesis,MIC,quasi-hexagonal,Bacteria,Bacillota,Bacilli,Bacillales,Bacillaceae,Bacillus,p,soil,107.87,8.0,2,0.16,30,11,23.00188061,0.0,0.0,1.78376517,0.8686275019057978,Klebsiella pneumoniae,0.3415043197637644,0.5271231821420335,7.389711812563425,2.195352785379184
17,ZnO,Bacillus subtilis,non-pathogenic,green_synthesis,MIC,quasi-hexagonal,Bacteria,Bacillota,Bacilli,Bacillales,Bacillaceae,Bacillus,p,soil,81.3794,5.1,18,0.16,30,8,22.60496136,17.07,0.6865,4.082482905,0.7564807057938654,Klebsiella pneumoniae,0.2334432734033225,0.5230374323905429,5.70795717123283,1.711761575541715
18,TiO2,Bacillus subtilis,non-pathogenic,chemical_synthesis,MBEC,rod-shaped,Bacteria,Bacillota,Bacilli,Bacillales,Bacillaceae,Bacillus,p,soil,79.866,5.1,2,0.16,30,16,26.40611331,34.14,1.373,2.878049394,2.7376470384832077,Klebsiella pneumoniae,2.214622139279312,0.5230248992038957,546.571570541105,163.9162988246494
19,CeO2,Bacillus subtilis,non-pathogenic,chemical_synthesis,MIC,cubic,Bacteria,Bacillota,Bacilli,Bacillales,Bacillaceae,Bacillus,p,soil,172.115,8.7,0,0.16,30,16,39.19032095,34.14,1.373,4.456551526,3.14894512331651,Klebsiella pneumoniae,2.628502400387874,0.5204427229286361,1409.1107344291797,425.11105642831
20,TiO2,Bacillus subtilis,non-pathogenic,green_synthesis,MBC,rod-shaped,Bacteria,Bacillota,Bacilli,Bacillales,Bacillaceae,Bacillus,p,soil,79.866,11.3,1,0.16,30,16,26.40611331,34.14,1.373,2.878049394,2.9160193280050595,Klebsiella pneumoniae,2.397003844623276,0.5190154833817835,824.1747935819908,249.46168106207415
21,ZnO,Bacillus subtilis,non-pathogenic,green_synthesis,MBC,quasi-spherical,Bacteria,Bacillota,Bacilli,Bacillales,Bacillaceae,Bacillus,p,soil,81.3794,27.43,4,0.16,30,8,22.60496136,17.07,0.6865,4.082482905,1.7759093301037332,Klebsiella pneumoniae,1.2576496029337227,0.5182597271700105,59.69106534620153,18.09879258299861
22,Ag,Bacillus subtilis,non-pathogenic,chemical_synthesis,MIC,spherical,Bacteria,Bacillota,Bacilli,Bacillales,Bacillaceae,Bacillus,p,soil,107.87,6.0,0,0.16,30,11,23.00188061,0.0,0.0,1.78376517,1.450277973066696,Klebsiella pneumoniae,0.9370413057355206,0.5132366673311753,28.201874334028062,8.650501897615806
23,ZnO,Bacillus subtilis,non-pathogenic,chemical_synthesis,MBC,quasi-hexagonal,Bacteria,Bacillota,Bacilli,Bacillales,Bacillaceae,Bacillus,p,soil,81.3794,11.3,1,0.16,30,8,22.60496136,17.07,0.6865,4.082482905,0.7848378992931992,Klebsiella pneumoniae,0.27568315606768734,0.5091547432255119,6.093094296381071,1.8866144482369165
24,TiO2,Bacillus subtilis,non-pathogenic,green_synthesis,MBC,rod-shaped,Bacteria,Bacillota,Bacilli,Bacillales,Bacillaceae,Bacillus,p,soil,79.866,12.0,3,0.16,30,16,26.40611331,34.14,1.373,2.878049394,2.995463113738073,Klebsiella pneumoniae,2.4901285318980886,0.5053345818399846,989.607809190572,309.12101582054055
25,ZnO,Bacillus subtilis,non-pathogenic,chemical_synthesis,MIC,spherical,Bacteria,Bacillota,Bacilli,Bacillales,Bacillaceae,Bacillus,p,soil,81.3794,5.1,3,0.16,30,8,22.60496136,17.07,0.6865,4.082482905,1.4743932059482519,Klebsiella pneumoniae,0.9704343621727207,0.5039588437755311,29.812143700408015,9.341881674866888
26,ZnO,Bacillus subtilis,non-pathogenic,green_synthesis,MBEC,spherical,Bacteria,Bacillota,Bacilli,Bacillales,Bacillaceae,Bacillus,p,soil,81.3794,12.0,0,0.16,30,8,22.60496136,17.07,0.6865,4.082482905,2.492354339222796,Klebsiella pneumoniae,1.9906512134390386,0.5017031257837572,310.7093620150076,97.87036622802415
27,Ag,Bacillus subtilis,non-pathogenic,green_synthesis,MIC,spheroidal,Bacteria,Bacillota,Bacilli,Bacillales,Bacillaceae,Bacillus,p,soil,107.87,11.3,18,0.16,30,11,23.00188061,0.0,0.0,1.78376517,1.6304015690299303,Klebsiella pneumoniae,1.1345638749839564,0.4958376940459739,42.69741366280515,13.632134896132403
28,ZnO,Bacillus subtilis,non-pathogenic,chemical_synthesis,MBC,quasi-hexagonal,Bacteria,Bacillota,Bacilli,Bacillales,Bacillaceae,Bacillus,p,soil,81.3794,11.3,3,0.16,30,8,22.60496136,17.07,0.6865,4.082482905,0.8421983599084214,Klebsiella pneumoniae,0.34733403076373137,0.49486432914469003,6.953418358967367,2.225020572240181
29,Ag,Bacillus subtilis,non-pathogenic,green_synthesis,MBEC,spheroidal,Bacteria,Bacillota,Bacilli,Bacillales,Bacillaceae,Bacillus,p,soil,107.87,79.0,18,0.16,30,11,23.00188061,0.0,0.0,1.78376517,1.2148735785497111,Klebsiella pneumoniae,0.7230113192911436,0.4918622592585675,16.40112273340523,5.284590251567445
30,CeO2,Bacillus subtilis,non-pathogenic,chemical_synthesis,MIC,cubic,Bacteria,Bacillota,Bacilli,Bacillales,Bacillaceae,Bacillus,p,soil,172.115,11.3,3,0.16,30,16,39.19032095,34.14,1.373,4.456551526,3.090905363602692,Klebsiella pneumoniae,2.6023954001369654,0.48850996346572684,1232.8361586541143,400.309042251904
31,ZnO,Bacillus subtilis,non-pathogenic,green_synthesis,MBEC,nanoplates,Bacteria,Bacillota,Bacilli,Bacillales,Bacillaceae,Bacillus,p,soil,81.3794,12.0,3,0.16,30,8,22.60496136,17.07,0.6865,4.082482905,2.668183551790916,Klebsiella pneumoniae,2.1805617000638113,0.4876218517271047,465.78291210293764,151.55200978105339
32,CuO,Bacillus subtilis,non-pathogenic,green_synthesis,MBC,quasi-spherical,Bacteria,Bacillota,Bacilli,Bacillales,Bacillaceae,Bacillus,p,soil,79.5454,9.0,0,0.16,30,17,20.67942236,17.07,0.6865,1.651411411,3.3712788819742108,Klebsiella pneumoniae,2.885036115809119,0.48624276616509166,2351.1421208804836,767.4253055846846
33,Ag,Bacillus subtilis,non-pathogenic,green_synthesis,MIC,quasi-hexagonal,Bacteria,Bacillota,Bacilli,Bacillales,Bacillaceae,Bacillus,p,soil,107.87,5.1,1,0.16,30,11,23.00188061,0.0,0.0,1.78376517,1.2767327399199346,Klebsiella pneumoniae,0.7953815731756727,0.4813511667442619,18.911794492987237,6.242830926596883
34,ZnO,Bacillus subtilis,non-pathogenic,green_synthesis,MBEC,nanoplates,Bacteria,Bacillota,Bacilli,Bacillales,Bacillaceae,Bacillus,p,soil,81.3794,11.3,0,0.16,30,8,22.60496136,17.07,0.6865,4.082482905,2.7030432741595587,Klebsiella pneumoniae,2.2230282063136864,0.48001506784587233,504.7115857492994,167.1199150888356
35,TiO2,Bacillus subtilis,non-pathogenic,green_synthesis,MBC,quasi-spherical,Bacteria,Bacillota,Bacilli,Bacillales,Bacillaceae,Bacillus,p,soil,79.866,18.5,2,0.16,30,16,26.40611331,34.14,1.373,2.878049394,2.56375974468017,Klebsiella pneumoniae,2.085734882041545,0.478024862638625,366.2349143953648,121.82456856934178
36,ZnO,Bacillus subtilis,non-pathogenic,chemical_synthesis,MBC,spherical,Bacteria,Bacillota,Bacilli,Bacillales,Bacillaceae,Bacillus,p,soil,81.3794,10.0,4,0.16,30,8,22.60496136,17.07,0.6865,4.082482905,1.7157196220528794,Klebsiella pneumoniae,1.28921483237035,0.42650478968252936,51.96603985374755,19.463226305836823
37,Ag,Bacillus subtilis,non-pathogenic,chemical_synthesis,MIC,tetragonal,Bacteria,Bacillota,Bacilli,Bacillales,Bacillaceae,Bacillus,p,soil,107.87,25.0,0,0.16,30,11,23.00188061,0.0,0.0,1.78376517,-0.28573801830451995,Klebsiella pneumoniae,-0.7024492913148856,0.4167112730103657,0.5179191647793449,0.19840413020830056
38,TiO2,Bacillus subtilis,non-pathogenic,chemical_synthesis,MBEC,tetragonal,Bacteria,Bacillota,Bacilli,Bacillales,Bacillaceae,Bacillus,p,soil,79.866,8.7,3,0.16,30,16,26.40611331,34.14,1.373,2.878049394,1.6471919902918701,Klebsiella pneumoniae,1.2550677716198169,0.39212421867205327,44.38047951254941,17.991516506977273
39,ZnO,Bacillus subtilis,non-pathogenic,green_synthesis,MBEC,quasi-hexagonal,Bacteria,Bacillota,Bacilli,Bacillales,Bacillaceae,Bacillus,p,soil,81.3794,38.0,1,0.16,30,8,22.60496136,17.07,0.6865,4.082482905,0.1069904699231985,Klebsiella pneumoniae,-0.27227744348280636,0.37926791340600485,1.2793532299617427,0.534222968841718
40,ZnO,Bacillus subtilis,non-pathogenic,chemical_synthesis,MBC,quasi-spherical,Bacteria,Bacillota,Bacilli,Bacillales,Bacillaceae,Bacillus,p,soil,81.3794,26.38,0,0.16,30,8,22.60496136,17.07,0.6865,4.082482905,1.3377884572372607,Klebsiella pneumoniae,1.02307057225332,0.3147178849839407,21.766492786515588,10.545582467269785
41,Pt,Bacillus subtilis,non-pathogenic,chemical_synthesis,MIC,rod-shaped,Bacteria,Bacillota,Bacilli,Bacillales,Bacillaceae,Bacillus,p,soil,195.084,60.0,3,0.16,30,10,21.75656585,0.0,0.0,2.588435821,0.9298357931096939,Klebsiella pneumoniae,0.7422826551210578,0.18755313798863604,8.508162834542524,5.524368689160419
42,Ag,Bacillus subtilis,non-pathogenic,chemical_synthesis,MBEC,tetragonal,Bacteria,Bacillota,Bacilli,Bacillales,Bacillaceae,Bacillus,p,soil,107.87,28.0,1,0.16,30,11,23.00188061,0.0,0.0,1.78376517,0.11230325222707771,Klebsiella pneumoniae,-0.061341318639938525,0.17364457086701623,1.295099847470144,0.8682777683579954
43,ZnO,Bacillus subtilis,non-pathogenic,green_synthesis,MIC,rod-shaped,Bacteria,Bacillota,Bacilli,Bacillales,Bacillaceae,Bacillus,p,soil,81.3794,12.5,0,0.16,30,8,22.60496136,17.07,0.6865,4.082482905,1.4556527791104463,Klebsiella pneumoniae,1.283967946582121,0.17168483252832534,28.553067966623704,19.22949798973958
44,Ag,Bacillus subtilis,non-pathogenic,green_synthesis,MBEC,hexagonal,Bacteria,Bacillota,Bacilli,Bacillales,Bacillaceae,Bacillus,p,soil,107.87,8.7,4,0.16,30,11,23.00188061,0.0,0.0,1.78376517,2.497481099673952,Klebsiella pneumoniae,2.3407874448276664,0.1566936548462854,314.398959208368,219.17319813754753
45,CuO,Bacillus subtilis,non-pathogenic,green_synthesis,MBC,tetragonal,Bacteria,Bacillota,Bacilli,Bacillales,Bacillaceae,Bacillus,p,soil,79.5454,50.0,0,0.16,30,17,20.67942236,17.07,0.6865,1.651411411,1.9386664005584173,Klebsiella pneumoniae,1.804366835348595,0.13429956520982222,86.82932013606381,63.73336299593778
46,ZnO,Bacillus subtilis,non-pathogenic,green_synthesis,MIC,quasi-spherical,Bacteria,Bacillota,Bacilli,Bacillales,Bacillaceae,Bacillus,p,soil,81.3794,45.26,2,0.16,30,8,22.60496136,17.07,0.6865,4.082482905,0.5832637841749249,Klebsiella pneumoniae,0.48827881957640806,0.0949849645985168,3.8305733614798765,3.0780723208132947
47,Ag,Bacillus subtilis,non-pathogenic,green_synthesis,MBEC,triangular,Bacteria,Bacillota,Bacilli,Bacillales,Bacillaceae,Bacillus,p,soil,107.87,10.0,1,0.16,30,11,23.00188061,0.0,0.0,1.78376517,0.34870980520017647,Klebsiella pneumoniae,0.26424546977066554,0.08446433542951093,2.2320802523682026,1.837576675844764
48,Cu,Bacillus subtilis,non-pathogenic,green_synthesis,MBEC,spherical,Bacteria,Bacillota,Bacilli,Bacillales,Bacillaceae,Bacillus,p,soil,63.55,22.5,1,0.16,30,11,17.96409803,0.0,0.0,1.243163121,1.8404295647990114,Klebsiella pneumoniae,1.773256818297724,0.06717274650128746,69.2515606040255,59.327605227995875
49,ZnO,Bacillus subtilis,non-pathogenic,chemical_synthesis,MIC,spherical,Bacteria,Bacillota,Bacilli,Bacillales,Bacillaceae,Bacillus,p,soil,81.3794,17.5,0,0.16,30,8,22.60496136,17.07,0.6865,4.082482905,1.2611622682661443,Klebsiella pneumoniae,1.2034750385178405,0.05768722974830376,18.245773036368696,15.976257013860106
50,Ag,Bacillus subtilis,non-pathogenic,green_synthesis,MBC,rod-shaped,Bacteria,Bacillota,Bacilli,Bacillales,Bacillaceae,Bacillus,p,soil,107.87,10.0,1,0.16,30,11,23.00188061,0.0,0.0,1.78376517,1.5215849424041776,Klebsiella pneumoniae,1.4848737367912508,0.036711205612926845,33.23417806243443,30.54033079651651
51,ZnO,Bacillus subtilis,non-pathogenic,chemical_synthesis,MIC,cubic,Bacteria,Bacillota,Bacilli,Bacillales,Bacillaceae,Bacillus,p,soil,81.3794,18.5,0,0.16,30,8,22.60496136,17.07,0.6865,4.082482905,1.9015749329348821,Klebsiella pneumoniae,1.8781163959734857,0.023458536961396437,79.72140296017446,75.5294628288412
52,Ag,Bacillus subtilis,non-pathogenic,green_synthesis,MBEC,spherical,Bacteria,Bacillota,Bacilli,Bacillales,Bacillaceae,Bacillus,p,soil,107.87,22.5,0,0.16,30,11,23.00188061,0.0,0.0,1.78376517,1.716785734462549,Klebsiella pneumoniae,1.7074177779745385,0.009367956488010476,52.093763548921004,50.982106747637104
53,TiO2,Bacillus subtilis,non-pathogenic,chemical_synthesis,MIC,cubic,Bacteria,Bacillota,Bacilli,Bacillales,Bacillaceae,Bacillus,p,soil,79.866,13.0,3,0.16,30,16,26.40611331,34.14,1.373,2.878049394,2.942068969423926,Klebsiella pneumoniae,2.945904530972831,-0.0038355615489051864,875.1227406564082,882.8857982210803
54,ZnO,Bacillus subtilis,non-pathogenic,green_synthesis,MBC,tetragonal,Bacteria,Bacillota,Bacilli,Bacillales,Bacillaceae,Bacillus,p,soil,81.3794,41.23,3,0.16,30,8,22.60496136,17.07,0.6865,4.082482905,0.9849938006475397,Klebsiella pneumoniae,1.0296838636685897,-0.04469006302104994,9.66037089159643,10.70739597149377
55,Au,Bacillus subtilis,non-pathogenic,green_synthesis,MBC,triangular,Bacteria,Bacillota,Bacilli,Bacillales,Bacillaceae,Bacillus,p,soil,196.966569,37.86,4,0.16,30,11,23.00188061,0.0,0.0,2.46797672,0.3591957717098879,Klebsiella pneumoniae,0.41403728515100635,-0.05484151344111843,2.2866293401929645,2.5944020877701983
56,CeO2,Bacillus subtilis,non-pathogenic,chemical_synthesis,MBEC,tetragonal,Bacteria,Bacillota,Bacilli,Bacillales,Bacillaceae,Bacillus,p,soil,172.115,41.23,2,0.16,30,16,39.19032095,34.14,1.373,4.456551526,1.1468864652875155,Klebsiella pneumoniae,1.2305723036701337,-0.08368583838261823,14.024470242543007,17.004830355956877
57,Al2O3,Bacillus subtilis,non-pathogenic,green_synthesis,MIC,spherical,Bacteria,Bacillota,Bacilli,Bacillales,Bacillaceae,Bacillus,p,soil,101.961276,100.0,18,0.16,30,24,51.55776403,85.5,13.5675,4.688846487,1.2738943633069075,Klebsiella pneumoniae,1.3796483427123762,-0.10575397940546871,18.788597521163062,23.968913202238646
58,ZnO,Bacillus subtilis,non-pathogenic,green_synthesis,MBC,nanoplates,Bacteria,Bacillota,Bacilli,Bacillales,Bacillaceae,Bacillus,p,soil,81.3794,22.5,24,0.16,30,8,22.60496136,17.07,0.6865,4.082482905,2.5655686965981332,Klebsiella pneumoniae,2.733943206158748,-0.16837450956061462,367.763561530511,541.9300161419775
59,Ag,Bacillus subtilis,non-pathogenic,chemical_synthesis,MBC,spheroidal,Bacteria,Bacillota,Bacilli,Bacillales,Bacillaceae,Bacillus,p,soil,107.87,35.0,24,0.16,30,11,23.00188061,0.0,0.0,1.78376517,1.3403453677670876,Klebsiella pneumoniae,1.5120355574208928,-0.17169018965380523,21.895021085568555,32.51139146683063
60,Ag,Bacillus subtilis,non-pathogenic,green_synthesis,MBC,nanoplates,Bacteria,Bacillota,Bacilli,Bacillales,Bacillaceae,Bacillus,p,soil,107.87,12.5,3,0.16,30,11,23.00188061,0.0,0.0,1.78376517,2.045742452660463,Klebsiella pneumoniae,2.2546664800661227,-0.20892402740565963,111.10726383940181,179.74899880831202
61,CuO,Bacillus subtilis,non-pathogenic,chemical_synthesis,MBC,cubic,Bacteria,Bacillota,Bacilli,Bacillales,Bacillaceae,Bacillus,p,soil,79.5454,40.0,2,0.16,30,17,20.67942236,17.07,0.6865,1.651411411,2.9871814265626373,Klebsiella pneumoniae,3.2297977246623812,-0.24261629809974394,970.9154825761377,1697.45286916082
62,ZnO,Bacillus subtilis,non-pathogenic,chemical_synthesis,MIC,tetragonal,Bacteria,Bacillota,Bacilli,Bacillales,Bacillaceae,Bacillus,p,soil,81.3794,35.0,3,0.16,30,8,22.60496136,17.07,0.6865,4.082482905,-0.042336476172838866,Klebsiella pneumoniae,0.22219917512678644,-0.2645356512996253,0.9071174549814176,1.6680120169590633
63,Ag,Bacillus subtilis,non-pathogenic,chemical_synthesis,MBC,spherical,Bacteria,Bacillota,Bacilli,Bacillales,Bacillaceae,Bacillus,p,soil,107.8682,41.23,3,0.16,30,11,23.00188061,0.0,0.0,1.78376517,1.8659059173999175,Klebsiella pneumoniae,2.188609581210955,-0.32270366381103743,73.43547653070513,154.38659225297874
64,ZnO,Bacillus subtilis,non-pathogenic,chemical_synthesis,MIC,nanoplates,Bacteria,Bacillota,Bacilli,Bacillales,Bacillaceae,Bacillus,p,soil,81.3794,27.43,24,0.16,30,8,22.60496136,17.07,0.6865,4.082482905,2.3055140499263667,Klebsiella pneumoniae,2.757004331949104,-0.45149028202273733,202.0756804743354,571.4843370176417
