,np,bacteria,bac_type,np_synthesis,method,shape,kingdom,phylum,class,order,family,genus,gram,isolated_from,mol_weight (g/mol),np_size_avg (nm),time_set,"min_Incub_period, h","growth_temp, C",Valance_electron,labuteASA,tpsa,CrippenMR,chi0v,pred_MIC_norm,pathogenic_bacteria,pred_MIC_pathogen,Fitness,pred_norm_MIC_original,pred_path_MIC_original
0,ZnO,Bacillus subtilis,non-pathogenic,green_synthesis,MBC,quasi-hexagonal,Bacteria,Bacillota,Bacilli,Bacillales,Bacillaceae,Bacillus,p,soil,81.3794,6.0,2,0.16,30,8,22.60496136,17.07,0.6865,4.082482905,1.39685277273735,Klebsiella pneumoniae,0.5463803202816155,0.8504724524557346,24.937491944249643,3.5186844381344233
1,ZnO,Bacillus subtilis,non-pathogenic,green_synthesis,MBEC,quasi-hexagonal,Bacteria,Bacillota,Bacilli,Bacillales,Bacillaceae,Bacillus,p,soil,81.3794,6.0,3,0.16,30,8,22.60496136,17.07,0.6865,4.082482905,1.5509593430813329,Klebsiella pneumoniae,0.7549623012475432,0.7959970418337897,35.55980273405054,5.688035539441096
2,Ag,Bacillus subtilis,non-pathogenic,chemical_synthesis,MIC,hexagonal,Bacteria,Bacillota,Bacilli,Bacillales,Bacillaceae,Bacillus,p,soil,107.87,6.0,2,0.16,30,11,23.00188061,0.0,0.0,1.78376517,2.0467800780676826,Klebsiella pneumoniae,1.4796164060191161,0.5671636720485664,111.37304099834535,30.17285502195594
3,ZnO,Bacillus subtilis,non-pathogenic,chemical_synthesis,MBC,rod-shaped,Bacteria,Bacillota,Bacilli,Bacillales,Bacillaceae,Bacillus,p,soil,81.3794,6.0,4,0.16,30,8,22.60496136,17.07,0.6865,4.082482905,1.5220432635427745,Klebsiella pneumoniae,0.9567540556411912,0.5652892079015833,33.2692693820282,9.052198226575126
4,TiO2,Bacillus subtilis,non-pathogenic,chemical_synthesis,MBEC,quasi-spherical,Bacteria,Bacillota,Bacilli,Bacillales,Bacillaceae,Bacillus,p,soil,79.866,10.0,4,0.16,30,16,26.40611331,34.14,1.373,2.878049394,2.7454604956033455,Klebsiella pneumoniae,2.2043174532994243,0.5411430423039212,556.494012016926,160.0727674157663
5,Ag,Bacillus subtilis,non-pathogenic,chemical_synthesis,MIC,quasi-hexagonal,Bacteria,Bacillota,Bacilli,Bacillales,Bacillaceae,Bacillus,p,soil,107.87,8.7,3,0.16,30,11,23.00188061,0.0,0.0,1.78376517,0.8959049670005821,Klebsiella pneumoniae,0.3566684276576,0.5392365393429821,7.868735859431001,2.2733611169981454
6,Pd,Bacillus subtilis,non-pathogenic,green_synthesis,MIC,quasi-spherical,Bacteria,Bacillota,Bacilli,Bacillales,Bacillaceae,Bacillus,p,soil,195.084,6.0,3,0.16,30,10,21.14774404,0.0,0.0,1.870828693,1.4972745523978344,Klebsiella pneumoniae,0.9601971206486333,0.5370774317492011,31.42494689161495,9.124248832383893
7,CeO2,Bacillus subtilis,non-pathogenic,chemical_synthesis,MBEC,quasi-hexagonal,Bacteria,Bacillota,Bacilli,Bacillales,Bacillaceae,Bacillus,p,soil,172.115,6.0,3,0.16,30,16,39.19032095,34.14,1.373,4.456551526,2.662483348353882,Klebsiella pneumoniae,2.134863037429426,0.5276203109244562,459.70936209377174,136.41528586222478
8,ZnO,Bacillus subtilis,non-pathogenic,green_synthesis,MIC,quasi-hexagonal,Bacteria,Bacillota,Bacilli,Bacillales,Bacillaceae,Bacillus,p,soil,81.3794,5.1,18,0.16,30,8,22.60496136,17.07,0.6865,4.082482905,0.7564807057938654,Klebsiella pneumoniae,0.2334432734033225,0.5230374323905429,5.70795717123283,1.711761575541715
9,TiO2,Bacillus subtilis,non-pathogenic,chemical_synthesis,MBEC,rod-shaped,Bacteria,Bacillota,Bacilli,Bacillales,Bacillaceae,Bacillus,p,soil,79.866,5.1,2,0.16,30,16,26.40611331,34.14,1.373,2.878049394,2.7376470384832077,Klebsiella pneumoniae,2.214622139279312,0.5230248992038957,546.571570541105,163.9162988246494
10,ZnO,Bacillus subtilis,non-pathogenic,chemical_synthesis,MBEC,nanoplates,Bacteria,Bacillota,Bacilli,Bacillales,Bacillaceae,Bacillus,p,soil,81.3794,5.1,0,0.16,30,8,22.60496136,17.07,0.6865,4.082482905,2.5266099195823344,Klebsiella pneumoniae,2.0090939151990876,0.5175160043832467,336.2094526200113,102.11602834339395
11,TiO2,Bacillus subtilis,non-pathogenic,green_synthesis,MBC,rod-shaped,Bacteria,Bacillota,Bacilli,Bacillales,Bacillaceae,Bacillus,p,soil,79.866,12.0,3,0.16,30,16,26.40611331,34.14,1.373,2.878049394,2.995463113738073,Klebsiella pneumoniae,2.4901285318980886,0.5053345818399846,989.607809190572,309.12101582054055
12,TiO2,Bacillus subtilis,non-pathogenic,chemical_synthesis,MBEC,spheroidal,Bacteria,Bacillota,Bacilli,Bacillales,Bacillaceae,Bacillus,p,soil,79.866,6.0,1,0.16,30,16,26.40611331,34.14,1.373,2.878049394,2.840949675703726,Klebsiella pneumoniae,2.337894236230344,0.5030554394733819,693.3454592808299,217.7179499090778
13,ZnO,Bacillus subtilis,non-pathogenic,green_synthesis,MIC,quasi-hexagonal,Bacteria,Bacillota,Bacilli,Bacillales,Bacillaceae,Bacillus,p,soil,81.3794,9.0,2,0.16,30,8,22.60496136,17.07,0.6865,4.082482905,0.772428731044057,Klebsiella pneumoniae,0.2726777744432163,0.4997509566008407,5.921459060802809,1.8736038685428766
14,Ag,Bacillus subtilis,non-pathogenic,green_synthesis,MBEC,spheroidal,Bacteria,Bacillota,Bacilli,Bacillales,Bacillaceae,Bacillus,p,soil,107.87,27.43,18,0.16,30,11,23.00188061,0.0,0.0,1.78376517,1.4980070467062632,Klebsiella pneumoniae,1.0078877188835307,0.4901193278227325,31.47799388749136,10.183280787097175
15,TiO2,Bacillus subtilis,non-pathogenic,green_synthesis,MBC,quasi-spherical,Bacteria,Bacillota,Bacilli,Bacillales,Bacillaceae,Bacillus,p,soil,79.866,18.5,2,0.16,30,16,26.40611331,34.14,1.373,2.878049394,2.56375974468017,Klebsiella pneumoniae,2.085734882041545,0.478024862638625,366.2349143953648,121.82456856934178
16,ZnO,Bacillus subtilis,non-pathogenic,green_synthesis,MBC,quasi-spherical,Bacteria,Bacillota,Bacilli,Bacillales,Bacillaceae,Bacillus,p,soil,81.3794,60.0,3,0.16,30,8,22.60496136,17.07,0.6865,4.082482905,0.8559262450106994,Klebsiella pneumoniae,0.40389333241080894,0.4520329125998904,7.17672400671017,2.5345060509702293
17,Ag,Bacillus subtilis,non-pathogenic,green_synthesis,MBEC,quasi-hexagonal,Bacteria,Bacillota,Bacilli,Bacillales,Bacillaceae,Bacillus,p,soil,107.8682,6.0,0,0.16,30,11,23.00188061,0.0,0.0,1.78376517,1.5020346365582484,Klebsiella pneumoniae,1.0642181085121267,0.4378165280461217,31.771274479694974,11.59359455837958
18,Ni,Bacillus subtilis,non-pathogenic,green_synthesis,MBC,triangular,Bacteria,Bacillota,Bacilli,Bacillales,Bacillaceae,Bacillus,p,soil,58.6934,5.1,3,0.16,30,10,17.41523038,0.0,0.0,1.303840481,1.946253520633579,Klebsiella pneumoniae,1.513347518845038,0.4329060017885409,88.35955513026899,32.60975371752089
19,Au,Bacillus subtilis,non-pathogenic,green_synthesis,MBC,quasi-spherical,Bacteria,Bacillota,Bacilli,Bacillales,Bacillaceae,Bacillus,p,soil,196.966569,60.0,1,0.16,30,11,23.00188061,0.0,0.0,2.46797672,0.6926424241249309,Klebsiella pneumoniae,0.2680308033064114,0.42461162081851955,4.927679169722525,1.8536630939486498
20,ZnO,Bacillus subtilis,non-pathogenic,green_synthesis,MBC,quasi-spherical,Bacteria,Bacillota,Bacilli,Bacillales,Bacillaceae,Bacillus,p,soil,81.3794,35.0,0,0.16,30,8,22.60496136,17.07,0.6865,4.082482905,1.183210891266238,Klebsiella pneumoniae,0.7587654779044547,0.4244454133617833,15.247930060420407,5.738065189456233
21,CuO,Bacillus subtilis,non-pathogenic,green_synthesis,MBC,spheroidal,Bacteria,Bacillota,Bacilli,Bacillales,Bacillaceae,Bacillus,p,soil,79.5454,10.4,2,0.16,30,17,20.67942236,17.07,0.6865,1.651411411,3.5713891488428358,Klebsiella pneumoniae,3.1519348963386418,0.419454252504194,3727.25536760801,1418.8448113740728
22,Au,Bacillus subtilis,non-pathogenic,chemical_synthesis,MIC,quasi-hexagonal,Bacteria,Bacillota,Bacilli,Bacillales,Bacillaceae,Bacillus,p,soil,196.966569,10.4,3,0.16,30,11,23.00188061,0.0,0.0,2.46797672,1.5184405712121436,Klebsiella pneumoniae,1.0994256961585926,0.41901487505355095,32.99442553021287,12.572617299022598
23,TiO2,Bacillus subtilis,non-pathogenic,green_synthesis,MBC,cubic,Bacteria,Bacillota,Bacilli,Bacillales,Bacillaceae,Bacillus,p,soil,79.866,26.38,0,0.16,30,16,26.40611331,34.14,1.373,2.878049394,3.095322780762884,Klebsiella pneumoniae,2.678537727837367,0.4167850529255168,1245.4399163960597,477.021251897669
24,Cu,Bacillus subtilis,non-pathogenic,green_synthesis,MBC,nanoplates,Bacteria,Bacillota,Bacilli,Bacillales,Bacillaceae,Bacillus,p,soil,63.55,6.0,4,0.16,30,11,17.96409803,0.0,0.0,1.243163121,2.1075157223686407,Klebsiella pneumoniae,1.6939132786577982,0.41360244371084254,128.09014650091615,49.42119912668316
25,Au,Bacillus subtilis,non-pathogenic,chemical_synthesis,MIC,quasi-hexagonal,Bacteria,Bacillota,Bacilli,Bacillales,Bacillaceae,Bacillus,p,soil,196.966569,9.0,2,0.16,30,11,23.00188061,0.0,0.0,2.46797672,1.4952128979813555,Klebsiella pneumoniae,1.082543901791886,0.4126689961894694,31.27612196043771,12.09327424785493
26,ZnO,Bacillus subtilis,non-pathogenic,chemical_synthesis,MBC,hexagonal,Bacteria,Bacillota,Bacilli,Bacillales,Bacillaceae,Bacillus,p,soil,81.3794,12.0,4,0.16,30,8,22.60496136,17.07,0.6865,4.082482905,1.9594901189911558,Klebsiella pneumoniae,1.5492395327781943,0.4102505862129615,91.0940726430921,35.41926402600174
27,ZrO2,Bacillus subtilis,non-pathogenic,green_synthesis,MBC,quasi-spherical,Bacteria,Bacillota,Bacilli,Bacillales,Bacillaceae,Bacillus,p,soil,123.2218,40.0,1,0.16,30,16,29.29254423,34.14,1.373,3.774536472,1.6098278678962714,Klebsiella pneumoniae,1.2067443959101163,0.40308347198615513,40.72188451072568,16.096979683226866
28,Al2O3,Bacillus subtilis,non-pathogenic,green_synthesis,MBC,cubic,Bacteria,Bacillota,Bacilli,Bacillales,Bacillaceae,Bacillus,p,soil,101.961276,8.0,4,0.16,30,24,51.55776403,85.5,13.5675,4.688846487,2.9884375427578336,Klebsiella pneumoniae,2.5872185432704637,0.40121899948736983,973.7277404394462,386.56145143731726
29,ZnO,Bacillus subtilis,non-pathogenic,green_synthesis,MBC,rod-shaped,Bacteria,Bacillota,Bacilli,Bacillales,Bacillaceae,Bacillus,p,soil,81.3794,27.43,4,0.16,30,8,22.60496136,17.07,0.6865,4.082482905,1.7057813101986323,Klebsiella pneumoniae,1.30752795384257,0.3982533563560624,50.79036223344205,20.301491884424262
30,Ag,Bacillus subtilis,non-pathogenic,chemical_synthesis,MIC,quasi-spherical,Bacteria,Bacillota,Bacilli,Bacillales,Bacillaceae,Bacillus,p,soil,107.87,9.0,1,0.16,30,11,23.00188061,0.0,0.0,1.78376517,1.3788851711101573,Klebsiella pneumoniae,0.9890072263966568,0.38987794471350046,23.92683039495295,9.750058610883256
31,ZnO,Bacillus subtilis,non-pathogenic,green_synthesis,MIC,hexagonal,Bacteria,Bacillota,Bacilli,Bacillales,Bacillaceae,Bacillus,p,soil,81.3794,11.3,3,0.16,30,8,22.60496136,17.07,0.6865,4.082482905,1.9712199084748738,Klebsiella pneumoniae,1.5872915503836067,0.38392835809126713,93.58794442100175,38.662643984734665
32,Ag,Bacillus subtilis,non-pathogenic,chemical_synthesis,MIC,spheroidal,Bacteria,Bacillota,Bacilli,Bacillales,Bacillaceae,Bacillus,p,soil,107.87,50.0,4,0.16,30,11,23.00188061,0.0,0.0,1.78376517,0.7809587061315952,Klebsiella pneumoniae,0.39735659320032957,0.38360211293126567,6.038912070727344,2.4966438453525512
33,Au,Bacillus subtilis,non-pathogenic,green_synthesis,MIC,tetragonal,Bacteria,Bacillota,Bacilli,Bacillales,Bacillaceae,Bacillus,p,soil,196.966569,60.0,24,0.16,30,11,23.00188061,0.0,0.0,2.46797672,0.7842637540260667,Klebsiella pneumoniae,0.40374471930380706,0.3805190347222597,6.085044436218428,2.5336389057579476
34,ZnO,Bacillus subtilis,non-pathogenic,green_synthesis,MBEC,spheroidal,Bacteria,Bacillota,Bacilli,Bacillales,Bacillaceae,Bacillus,p,soil,81.3794,8.0,3,0.16,30,8,22.60496136,17.07,0.6865,4.082482905,2.5511219233887723,Klebsiella pneumoniae,2.1749711824478792,0.37615074094089307,355.73117215745964,149.613637687194
35,Pd,Bacillus subtilis,non-pathogenic,green_synthesis,MBEC,quasi-spherical,Bacteria,Bacillota,Bacilli,Bacillales,Bacillaceae,Bacillus,p,soil,195.084,8.7,3,0.16,30,10,21.14774404,0.0,0.0,1.870828693,2.081557257352431,Klebsiella pneumoniae,1.705651395871214,0.37590586148121696,120.65831535450728,50.775171137989254
36,TiO2,Bacillus subtilis,non-pathogenic,green_synthesis,MIC,hexagonal,Bacteria,Bacillota,Bacilli,Bacillales,Bacillaceae,Bacillus,p,soil,79.866,12.0,4,0.16,30,16,26.40611331,34.14,1.373,2.878049394,2.7284463848420297,Klebsiella pneumoniae,2.3568115804089422,0.3716348044330875,535.1140880058144,227.41105889665815
37,Ag,Bacillus subtilis,non-pathogenic,chemical_synthesis,MIC,quasi-hexagonal,Bacteria,Bacillota,Bacilli,Bacillales,Bacillaceae,Bacillus,p,soil,107.87,79.0,2,0.16,30,11,23.00188061,0.0,0.0,1.78376517,0.1774049227307255,Klebsiella pneumoniae,-0.1437972281743487,0.3212021509050742,1.5045441026801163,0.7181295072330676
38,ZnO,Bacillus subtilis,non-pathogenic,green_synthesis,MBEC,quasi-hexagonal,Bacteria,Bacillota,Bacilli,Bacillales,Bacillaceae,Bacillus,p,soil,81.3794,45.26,0,0.16,30,8,22.60496136,17.07,0.6865,4.082482905,0.4228544167753494,Klebsiella pneumoniae,0.1337457261514723,0.2891086906238771,2.647612463105885,1.360647807370239
39,Au,Bacillus subtilis,non-pathogenic,chemical_synthesis,MIC,cubic,Bacteria,Bacillota,Bacilli,Bacillales,Bacillaceae,Bacillus,p,soil,196.966569,37.86,4,0.16,30,11,23.00188061,0.0,0.0,2.46797672,1.7942331680864267,Klebsiella pneumoniae,1.5539563429943124,0.24027682509211434,62.26344812761113,35.80604416361901
40,ZnO,Bacillus subtilis,non-pathogenic,chemical_synthesis,MBEC,quasi-hexagonal,Bacteria,Bacillota,Bacilli,Bacillales,Bacillaceae,Bacillus,p,soil,81.3794,22.5,1,0.16,30,8,22.60496136,17.07,0.6865,4.082482905,0.9157646260723117,Klebsiella pneumoniae,0.6976887508641771,0.21807587520813454,8.236915791324645,4.985270762023312
41,ZnO,Bacillus subtilis,non-pathogenic,green_synthesis,MIC,spheroidal,Bacteria,Bacillota,Bacilli,Bacillales,Bacillaceae,Bacillus,p,soil,81.3794,10.0,2,0.16,30,8,22.60496136,17.07,0.6865,4.082482905,1.4786010338794726,Klebsiella pneumoniae,1.294418344543453,0.18418268933601967,30.10239386817071,19.69782816517312
42,Ag,Bacillus subtilis,non-pathogenic,chemical_synthesis,MIC,rod-shaped,Bacteria,Bacillota,Bacilli,Bacillales,Bacillaceae,Bacillus,p,soil,107.87,13.0,1,0.16,30,11,23.00188061,0.0,0.0,1.78376517,1.1421614130212006,Klebsiella pneumoniae,0.9623377185395473,0.17982369448165325,13.872713363433547,9.16933243790746
43,ZnO,Bacillus subtilis,non-pathogenic,green_synthesis,MBC,quasi-hexagonal,Bacteria,Bacillota,Bacilli,Bacillales,Bacillaceae,Bacillus,p,soil,81.3794,45.26,18,0.16,30,8,22.60496136,17.07,0.6865,4.082482905,-0.08716445649968563,Klebsiella pneumoniae,-0.2644830134515619,0.17731855695187626,0.8181549145862816,0.5438974047490033
44,Au,Bacillus subtilis,non-pathogenic,green_synthesis,MIC,cubic,Bacteria,Bacillota,Bacilli,Bacillales,Bacillaceae,Bacillus,p,soil,196.966569,45.26,2,0.16,30,11,23.00188061,0.0,0.0,2.46797672,1.6586983789573746,Klebsiella pneumoniae,1.49888548041417,0.15981289854320457,45.57203045690659,31.541727864416004
45,Pd,Bacillus subtilis,non-pathogenic,chemical_synthesis,MBC,cubic,Bacteria,Bacillota,Bacilli,Bacillales,Bacillaceae,Bacillus,p,soil,195.084,44.45,2,0.16,30,10,21.14774404,0.0,0.0,1.870828693,1.7331310408490928,Klebsiella pneumoniae,1.5783146816202374,0.1548163592288554,54.09175108288818,37.87168964707791
46,Ag,Bacillus subtilis,non-pathogenic,green_synthesis,MBC,spherical,Bacteria,Bacillota,Bacilli,Bacillales,Bacillaceae,Bacillus,p,soil,107.8682,8.7,0,0.16,30,11,23.00188061,0.0,0.0,1.78376517,1.8327995792900889,Klebsiella pneumoniae,1.7128771606209334,0.11992241866915543,68.0455265823442,51.62703225267966
47,Ag,Bacillus subtilis,non-pathogenic,green_synthesis,MBEC,quasi-spherical,Bacteria,Bacillota,Bacilli,Bacillales,Bacillaceae,Bacillus,p,soil,107.8682,22.5,0,0.16,30,11,23.00188061,0.0,0.0,1.78376517,1.5422349596479639,Klebsiella pneumoniae,1.4521493835313048,0.09008557611665902,34.85258215909991,28.323660723851926
48,Ag,Bacillus subtilis,non-pathogenic,green_synthesis,MBEC,spherical,Bacteria,Bacillota,Bacilli,Bacillales,Bacillaceae,Bacillus,p,soil,107.87,37.86,4,0.16,30,11,23.00188061,0.0,0.0,1.78376517,1.2616148414224844,Klebsiella pneumoniae,1.1725450203800194,0.08906982104246497,18.26479665163055,14.878015964434084
49,ZnO,Bacillus subtilis,non-pathogenic,chemical_synthesis,MBEC,spherical,Bacteria,Bacillota,Bacilli,Bacillales,Bacillaceae,Bacillus,p,soil,81.3794,38.0,2,0.16,30,8,22.60496136,17.07,0.6865,4.082482905,1.9639313317127067,Klebsiella pneumoniae,1.888296688068224,0.0756346436444828,92.03040467657304,77.32086218124464
50,Ag,Bacillus subtilis,non-pathogenic,green_synthesis,MBEC,rod-shaped,Bacteria,Bacillota,Bacilli,Bacillales,Bacillaceae,Bacillus,p,soil,107.8682,27.43,1,0.16,30,11,23.00188061,0.0,0.0,1.78376517,1.1754150957804113,Klebsiella pneumoniae,1.1017918349632974,0.0736232608171139,14.976664318478047,12.641302822013415
51,ZnO,Bacillus subtilis,non-pathogenic,green_synthesis,MIC,rod-shaped,Bacteria,Bacillota,Bacilli,Bacillales,Bacillaceae,Bacillus,p,soil,81.3794,8.0,24,0.16,30,8,22.60496136,17.07,0.6865,4.082482905,1.8494959570343417,Klebsiella pneumoniae,1.8402193206987083,0.00927663633563336,70.71246178349324,69.21804369554539
52,Au,Bacillus subtilis,non-pathogenic,chemical_synthesis,MIC,triangular,Bacteria,Bacillota,Bacilli,Bacillales,Bacillaceae,Bacillus,p,soil,196.966569,22.5,0,0.16,30,11,23.00188061,0.0,0.0,2.46797672,-0.035602356990202644,Klebsiella pneumoniae,-0.041566465861333945,0.005964108871131302,0.9212927276422698,0.9087272138098612
53,ZnO,Bacillus subtilis,non-pathogenic,chemical_synthesis,MBC,cubic,Bacteria,Bacillota,Bacilli,Bacillales,Bacillaceae,Bacillus,p,soil,81.3794,27.43,18,0.16,30,8,22.60496136,17.07,0.6865,4.082482905,1.593284457324046,Klebsiella pneumoniae,1.6101638674377519,-0.01687941011370575,39.19985470692121,40.75340190117342
54,TiO2,Bacillus subtilis,non-pathogenic,chemical_synthesis,MBEC,triangular,Bacteria,Bacillota,Bacilli,Bacillales,Bacillaceae,Bacillus,p,soil,79.866,40.0,1,0.16,30,16,26.40611331,34.14,1.373,2.878049394,0.7990700497277549,Klebsiella pneumoniae,0.8170744381784464,-0.018004388450691522,6.296077275349673,6.5625773939773335
55,Au,Bacillus subtilis,non-pathogenic,green_synthesis,MIC,spheroidal,Bacteria,Bacillota,Bacilli,Bacillales,Bacillaceae,Bacillus,p,soil,196.966569,18.0,2,0.16,30,11,23.00188061,0.0,0.0,2.46797672,1.5716641432622216,Klebsiella pneumoniae,1.6038237241495654,-0.03215958088734383,37.296162058015604,40.162776101067756
56,Cu,Bacillus subtilis,non-pathogenic,chemical_synthesis,MIC,rod-shaped,Bacteria,Bacillota,Bacilli,Bacillales,Bacillaceae,Bacillus,p,soil,63.55,6.0,3,0.16,30,11,17.96409803,0.0,0.0,1.243163121,1.3984234021894877,Klebsiella pneumoniae,1.4345461366705912,-0.03612273448110348,25.027841859565267,27.198574110231853
57,Au,Bacillus subtilis,non-pathogenic,chemical_synthesis,MBEC,spheroidal,Bacteria,Bacillota,Bacilli,Bacillales,Bacillaceae,Bacillus,p,soil,196.966569,18.0,2,0.16,30,11,23.00188061,0.0,0.0,2.46797672,1.81258504976108,Klebsiella pneumoniae,1.9179723925807552,-0.10538734281967521,64.95088152343287,82.7889534399992
58,Pt,Bacillus subtilis,non-pathogenic,green_synthesis,MBC,hexagonal,Bacteria,Bacillota,Bacilli,Bacillales,Bacillaceae,Bacillus,p,soil,195.084,18.5,18,0.16,30,10,21.75656585,0.0,0.0,2.588435821,1.3917721232387894,Klebsiella pneumoniae,1.5391766345704045,-0.14740451133161514,24.647457319125774,34.60801055668245
59,Au,Bacillus subtilis,non-pathogenic,chemical_synthesis,MBC,quasi-spherical,Bacteria,Bacillota,Bacilli,Bacillales,Bacillaceae,Bacillus,p,soil,196.966569,12.0,18,0.16,30,11,23.00188061,0.0,0.0,2.46797672,1.2869341837153878,Klebsiella pneumoniae,1.4667215652961807,-0.17978738158079288,19.36128526088932,29.290147943701914
