,np,bacteria,bac_type,np_synthesis,method,shape,kingdom,phylum,class,order,family,genus,gram,isolated_from,mol_weight (g/mol),np_size_avg (nm),time_set,"min_Incub_period, h","growth_temp, C",Valance_electron,labuteASA,tpsa,CrippenMR,chi0v,pred_MIC_norm,pathogenic_bacteria,pred_MIC_pathogen,Fitness,pred_norm_MIC_original,pred_path_MIC_original
0,ZnO,Bacillus subtilis,non-pathogenic,green_synthesis,MBEC,quasi-hexagonal,Bacteria,Bacillota,Bacilli,Bacillales,Bacillaceae,Bacillus,p,soil,81.3794,6.0,4,0.16,30,8,22.60496136,17.07,0.6865,4.082482905,1.4789275623111002,Klebsiella pneumoniae,0.6418145629545837,0.8371129993565165,30.125035149410888,4.383434919005843
1,TiO2,Bacillus subtilis,non-pathogenic,green_synthesis,MBC,rod-shaped,Bacteria,Bacillota,Bacilli,Bacillales,Bacillaceae,Bacillus,p,soil,79.866,6.0,2,0.16,30,16,26.40611331,34.14,1.373,2.878049394,3.041888416199155,Klebsiella pneumoniae,2.379772494984189,0.6621159212149657,1101.2563260838785,239.757662029985
2,ZnO,Bacillus subtilis,non-pathogenic,green_synthesis,MBEC,spherical,Bacteria,Bacillota,Bacilli,Bacillales,Bacillaceae,Bacillus,p,soil,81.3794,5.1,0,0.16,30,8,22.60496136,17.07,0.6865,4.082482905,2.56444896747078,Klebsiella pneumoniae,1.9072794680109855,0.6571694994597945,366.8165884868991,80.77546522536798
3,Ag,Bacillus subtilis,non-pathogenic,green_synthesis,MIC,spheroidal,Bacteria,Bacillota,Bacilli,Bacillales,Bacillaceae,Bacillus,p,soil,107.87,50.0,18,0.16,30,11,23.00188061,0.0,0.0,1.78376517,0.9745455288699738,Klebsiella pneumoniae,0.35498861025762096,0.6195569186123528,9.430734725339864,2.264584916147646
4,ZnO,Bacillus subtilis,non-pathogenic,green_synthesis,MBEC,spheroidal,Bacteria,Bacillota,Bacilli,Bacillales,Bacillaceae,Bacillus,p,soil,81.3794,10.4,18,0.16,30,8,22.60496136,17.07,0.6865,4.082482905,2.484355947849278,Klebsiella pneumoniae,1.8824738565875796,0.6018820912616984,305.0394068989603,76.291096449852
5,Pd,Bacillus subtilis,non-pathogenic,chemical_synthesis,MIC,quasi-hexagonal,Bacteria,Bacillota,Bacilli,Bacillales,Bacillaceae,Bacillus,p,soil,195.084,8.0,0,0.16,30,10,21.14774404,0.0,0.0,1.870828693,0.5961122516982282,Klebsiella pneumoniae,0.01654401511036574,0.5795682365878625,3.945592702712533,1.0388288808748876
6,ZnO,Bacillus subtilis,non-pathogenic,green_synthesis,MBEC,triangular,Bacteria,Bacillota,Bacilli,Bacillales,Bacillaceae,Bacillus,p,soil,81.3794,6.0,18,0.16,30,8,22.60496136,17.07,0.6865,4.082482905,0.7305482127828238,Klebsiella pneumoniae,0.15147799769272874,0.579070215090095,5.377101231794221,1.417352903429221
7,ZnO,Bacillus subtilis,non-pathogenic,chemical_synthesis,MBEC,rod-shaped,Bacteria,Bacillota,Bacilli,Bacillales,Bacillaceae,Bacillus,p,soil,81.3794,6.0,3,0.16,30,8,22.60496136,17.07,0.6865,4.082482905,1.9968505729213692,Klebsiella pneumoniae,1.4203212640550351,0.5765293088663341,99.27744071858966,26.322144204509982
8,Ag,Bacillus subtilis,non-pathogenic,chemical_synthesis,MIC,spheroidal,Bacteria,Bacillota,Bacilli,Bacillales,Bacillaceae,Bacillus,p,soil,107.87,6.0,4,0.16,30,11,23.00188061,0.0,0.0,1.78376517,1.2581406853207162,Klebsiella pneumoniae,0.6898562308573111,0.5682844544634051,18.11926953037063,4.896167094866514
9,Ag,Bacillus subtilis,non-pathogenic,chemical_synthesis,MIC,hexagonal,Bacteria,Bacillota,Bacilli,Bacillales,Bacillaceae,Bacillus,p,soil,107.87,6.0,2,0.16,30,11,23.00188061,0.0,0.0,1.78376517,2.0467800780676826,Klebsiella pneumoniae,1.4796164060191161,0.5671636720485664,111.37304099834535,30.17285502195594
10,ZnO,Bacillus subtilis,non-pathogenic,green_synthesis,MBEC,cubic,Bacteria,Bacillota,Bacilli,Bacillales,Bacillaceae,Bacillus,p,soil,81.3794,8.7,1,0.16,30,8,22.60496136,17.07,0.6865,4.082482905,2.5740735763035447,Klebsiella pneumoniae,2.0230586429382096,0.5510149333653351,375.0365339405238,105.45292802413893
11,Ag,Bacillus subtilis,non-pathogenic,chemical_synthesis,MIC,nanoplates,Bacteria,Bacillota,Bacilli,Bacillales,Bacillaceae,Bacillus,p,soil,107.87,5.1,1,0.16,30,11,23.00188061,0.0,0.0,1.78376517,1.9113864300890129,Klebsiella pneumoniae,1.3603761562921681,0.5510102737968448,81.54295208543807,22.928527057887848
12,CuO,Bacillus subtilis,non-pathogenic,green_synthesis,MBC,quasi-hexagonal,Bacteria,Bacillota,Bacilli,Bacillales,Bacillaceae,Bacillus,p,soil,79.5454,8.0,1,0.16,30,17,20.67942236,17.07,0.6865,1.651411411,2.6943650726433184,Klebsiella pneumoniae,2.144754185922233,0.5496108867210854,494.72638459738175,139.55782292599457
13,Pd,Bacillus subtilis,non-pathogenic,chemical_synthesis,MIC,quasi-hexagonal,Bacteria,Bacillota,Bacilli,Bacillales,Bacillaceae,Bacillus,p,soil,195.084,9.0,0,0.16,30,10,21.14774404,0.0,0.0,1.870828693,0.5886237739237976,Klebsiella pneumoniae,0.04494363523822642,0.5436801386855712,3.8781425982265736,1.109030870726965
14,ZnO,Bacillus subtilis,non-pathogenic,chemical_synthesis,MBC,quasi-hexagonal,Bacteria,Bacillota,Bacilli,Bacillales,Bacillaceae,Bacillus,p,soil,81.3794,8.0,2,0.16,30,8,22.60496136,17.07,0.6865,4.082482905,0.8193853935058132,Klebsiella pneumoniae,0.2776089286516221,0.5417764648541911,6.597591066634872,1.8949987535847832
15,TiO2,Bacillus subtilis,non-pathogenic,green_synthesis,MBEC,nanoplates,Bacteria,Bacillota,Bacilli,Bacillales,Bacillaceae,Bacillus,p,soil,79.866,8.7,0,0.16,30,16,26.40611331,34.14,1.373,2.878049394,3.3669810231629738,Klebsiella pneumoniae,2.8525925716185867,0.5143884515443871,2327.989532119328,712.1845888359233
16,ZnO,Bacillus subtilis,non-pathogenic,green_synthesis,MBC,triangular,Bacteria,Bacillota,Bacilli,Bacillales,Bacillaceae,Bacillus,p,soil,81.3794,10.0,18,0.16,30,8,22.60496136,17.07,0.6865,4.082482905,1.2203775041851226,Klebsiella pneumoniae,0.7065185226627613,0.5138589815223613,16.610301064571665,5.087665180776056
17,Ag,Bacillus subtilis,non-pathogenic,green_synthesis,MIC,spheroidal,Bacteria,Bacillota,Bacilli,Bacillales,Bacillaceae,Bacillus,p,soil,107.8682,6.0,18,0.16,30,11,23.00188061,0.0,0.0,1.78376517,1.419831797193971,Klebsiella pneumoniae,0.9096755943782149,0.510156202815756,26.292494829994123,8.122235816041684
18,ZnO,Bacillus subtilis,non-pathogenic,green_synthesis,MBC,quasi-spherical,Bacteria,Bacillota,Bacilli,Bacillales,Bacillaceae,Bacillus,p,soil,81.3794,18.0,4,0.16,30,8,22.60496136,17.07,0.6865,4.082482905,1.8671081400736098,Klebsiella pneumoniae,1.3645155656857884,0.5025925743878215,73.63904371543536,23.14811150406515
19,TiO2,Bacillus subtilis,non-pathogenic,green_synthesis,MBEC,spherical,Bacteria,Bacillota,Bacilli,Bacillales,Bacillaceae,Bacillus,p,soil,79.866,8.0,0,0.16,30,16,26.40611331,34.14,1.373,2.878049394,2.956979335865547,Klebsiella pneumoniae,2.457544790762123,0.4994345451034241,905.6895063258218,286.77731267955767
20,ZnO,Bacillus subtilis,non-pathogenic,chemical_synthesis,MBC,quasi-hexagonal,Bacteria,Bacillota,Bacilli,Bacillales,Bacillaceae,Bacillus,p,soil,81.3794,10.4,2,0.16,30,8,22.60496136,17.07,0.6865,4.082482905,0.8130302410669269,Klebsiella pneumoniae,0.31697906863878766,0.49605117242813923,6.501749621593862,2.0748135168342596
21,Ag,Bacillus subtilis,non-pathogenic,green_synthesis,MBEC,spheroidal,Bacteria,Bacillota,Bacilli,Bacillales,Bacillaceae,Bacillus,p,soil,107.8682,27.43,18,0.16,30,11,23.00188061,0.0,0.0,1.78376517,1.4483534911457763,Klebsiella pneumoniae,0.9557956179477897,0.4925578731979866,28.077180318230383,9.032243099445385
22,ZnO,Bacillus subtilis,non-pathogenic,chemical_synthesis,MIC,rod-shaped,Bacteria,Bacillota,Bacilli,Bacillales,Bacillaceae,Bacillus,p,soil,81.3794,6.0,1,0.16,30,8,22.60496136,17.07,0.6865,4.082482905,1.3358299179104203,Klebsiella pneumoniae,0.8454400153252719,0.49038990258514836,21.66855336359053,7.005514161488808
23,Ag,Bacillus subtilis,non-pathogenic,green_synthesis,MBEC,spheroidal,Bacteria,Bacillota,Bacilli,Bacillales,Bacillaceae,Bacillus,p,soil,107.87,40.0,18,0.16,30,11,23.00188061,0.0,0.0,1.78376517,1.2562780761668655,Klebsiella pneumoniae,0.7670125250521651,0.4892655511147004,18.041725720431252,5.848069497327749
24,ZnO,Bacillus subtilis,non-pathogenic,chemical_synthesis,MBC,spheroidal,Bacteria,Bacillota,Bacilli,Bacillales,Bacillaceae,Bacillus,p,soil,81.3794,12.0,18,0.16,30,8,22.60496136,17.07,0.6865,4.082482905,1.8643990593128623,Klebsiella pneumoniae,1.3917533975742562,0.4726456617386061,73.18112125607388,24.64639460687287
25,TiO2,Bacillus subtilis,non-pathogenic,green_synthesis,MIC,quasi-hexagonal,Bacteria,Bacillota,Bacilli,Bacillales,Bacillaceae,Bacillus,p,soil,79.866,12.0,4,0.16,30,16,26.40611331,34.14,1.373,2.878049394,1.7625584654848883,Klebsiella pneumoniae,1.2900421573607765,0.4725163081241117,57.883990754780854,19.50033882135404
26,CuO,Bacillus subtilis,non-pathogenic,green_synthesis,MBC,quasi-spherical,Bacteria,Bacillota,Bacilli,Bacillales,Bacillaceae,Bacillus,p,soil,79.5454,18.5,4,0.16,30,17,20.67942236,17.07,0.6865,1.651411411,2.8478951683888005,Klebsiella pneumoniae,2.3760019133094405,0.47189325507936,704.5229880713193,237.68507579551974
27,Pd,Bacillus subtilis,non-pathogenic,chemical_synthesis,MIC,hexagonal,Bacteria,Bacillota,Bacilli,Bacillales,Bacillaceae,Bacillus,p,soil,195.084,8.0,3,0.16,30,10,21.14774404,0.0,0.0,1.870828693,1.4326005650480444,Klebsiella pneumoniae,0.9609202516365808,0.47168031341146366,27.077001252388662,9.139454006495532
28,ZnO,Bacillus subtilis,non-pathogenic,green_synthesis,MBC,quasi-hexagonal,Bacteria,Bacillota,Bacilli,Bacillales,Bacillaceae,Bacillus,p,soil,81.3794,17.5,2,0.16,30,8,22.60496136,17.07,0.6865,4.082482905,1.0173511539960005,Klebsiella pneumoniae,0.5460273945562073,0.4713237594397932,10.407613457401922,3.515826170615137
29,Ag,Bacillus subtilis,non-pathogenic,chemical_synthesis,MBEC,tetragonal,Bacteria,Bacillota,Bacilli,Bacillales,Bacillaceae,Bacillus,p,soil,107.87,12.0,18,0.16,30,11,23.00188061,0.0,0.0,1.78376517,0.5989959173581711,Klebsiella pneumoniae,0.12889143251291602,0.47010448484525513,3.971878156361094,1.3455239500244383
30,ZnO,Bacillus subtilis,non-pathogenic,green_synthesis,MBC,quasi-hexagonal,Bacteria,Bacillota,Bacilli,Bacillales,Bacillaceae,Bacillus,p,soil,81.3794,79.0,0,0.16,30,8,22.60496136,17.07,0.6865,4.082482905,0.32985381824537363,Klebsiella pneumoniae,-0.13877178687821168,0.4686256051235853,2.137242581264964,0.7264876119568513
31,CuO,Bacillus subtilis,non-pathogenic,green_synthesis,MBEC,quasi-hexagonal,Bacteria,Bacillota,Bacilli,Bacillales,Bacillaceae,Bacillus,p,soil,79.5454,8.7,0,0.16,30,17,20.67942236,17.07,0.6865,1.651411411,2.949726430316382,Klebsiella pneumoniae,2.486003786682003,0.4637226436343793,890.6897003781473,306.1990131548603
32,TiO2,Bacillus subtilis,non-pathogenic,chemical_synthesis,MBC,cubic,Bacteria,Bacillota,Bacilli,Bacillales,Bacillaceae,Bacillus,p,soil,79.866,10.0,0,0.16,30,16,26.40611331,34.14,1.373,2.878049394,3.0564946190557123,Klebsiella pneumoniae,2.5988342929011368,0.4576603261545755,1138.9236704305006,397.040028077357
33,ZnO,Bacillus subtilis,non-pathogenic,chemical_synthesis,MBEC,quasi-spherical,Bacteria,Bacillota,Bacilli,Bacillales,Bacillaceae,Bacillus,p,soil,81.3794,10.0,2,0.16,30,8,22.60496136,17.07,0.6865,4.082482905,2.0714138809964253,Klebsiella pneumoniae,1.6149567509144058,0.4564571300820195,117.8728762475392,41.20564825329539
34,CeO2,Bacillus subtilis,non-pathogenic,green_synthesis,MIC,rod-shaped,Bacteria,Bacillota,Bacilli,Bacillales,Bacillaceae,Bacillus,p,soil,172.115,5.1,3,0.16,30,16,39.19032095,34.14,1.373,4.456551526,2.7929147652528323,Klebsiella pneumoniae,2.343408506450335,0.44950625880249717,620.7471942696386,220.49995564887305
35,Ag,Bacillus subtilis,non-pathogenic,chemical_synthesis,MBEC,spheroidal,Bacteria,Bacillota,Bacilli,Bacillales,Bacillaceae,Bacillus,p,soil,107.87,44.45,18,0.16,30,11,23.00188061,0.0,0.0,1.78376517,1.3992625809388728,Klebsiella pneumoniae,0.9504920038133788,0.44877057712549395,25.07624942324781,8.922611912126598
36,TiO2,Bacillus subtilis,non-pathogenic,chemical_synthesis,MIC,hexagonal,Bacteria,Bacillota,Bacilli,Bacillales,Bacillaceae,Bacillus,p,soil,79.866,6.0,1,0.16,30,16,26.40611331,34.14,1.373,2.878049394,2.9672967569932562,Klebsiella pneumoniae,2.544422270024026,0.42287448696923,927.4633502468778,350.28558861674514
37,ZnO,Bacillus subtilis,non-pathogenic,green_synthesis,MBC,spherical,Bacteria,Bacillota,Bacilli,Bacillales,Bacillaceae,Bacillus,p,soil,81.3794,22.5,4,0.16,30,8,22.60496136,17.07,0.6865,4.082482905,2.051378124482415,Klebsiella pneumoniae,1.6766957984408266,0.3746823260415886,112.55845531833278,47.50023939751581
38,Au,Bacillus subtilis,non-pathogenic,chemical_synthesis,MIC,nanoplates,Bacteria,Bacillota,Bacilli,Bacillales,Bacillaceae,Bacillus,p,soil,196.966569,10.0,4,0.16,30,11,23.00188061,0.0,0.0,2.46797672,2.5661183606098095,Klebsiella pneumoniae,2.2070684133257554,0.35904994728405404,368.2293154834153,161.08993761501497
39,Ag,Bacillus subtilis,non-pathogenic,chemical_synthesis,MIC,spheroidal,Bacteria,Bacillota,Bacilli,Bacillales,Bacillaceae,Bacillus,p,soil,107.87,60.0,3,0.16,30,11,23.00188061,0.0,0.0,1.78376517,0.5975218677066727,Klebsiella pneumoniae,0.24235501792919845,0.35516684977747426,3.9584199587120716,1.7472498744093792
40,ZnO,Bacillus subtilis,non-pathogenic,chemical_synthesis,MIC,tetragonal,Bacteria,Bacillota,Bacilli,Bacillales,Bacillaceae,Bacillus,p,soil,81.3794,9.0,18,0.16,30,8,22.60496136,17.07,0.6865,4.082482905,0.2934612239037693,Klebsiella pneumoniae,-0.05554504560745932,0.3490062695112286,1.9654464873431159,0.8799438379961564
41,CuO,Bacillus subtilis,non-pathogenic,green_synthesis,MBEC,quasi-spherical,Bacteria,Bacillota,Bacilli,Bacillales,Bacillaceae,Bacillus,p,soil,79.5454,60.0,1,0.16,30,17,20.67942236,17.07,0.6865,1.651411411,2.246815618615127,Klebsiella pneumoniae,1.9441914406105607,0.3026241780045662,176.5288201706649,87.94100826635778
42,CeO2,Bacillus subtilis,non-pathogenic,chemical_synthesis,MBEC,quasi-hexagonal,Bacteria,Bacillota,Bacilli,Bacillales,Bacillaceae,Bacillus,p,soil,172.115,20.0,3,0.16,30,16,39.19032095,34.14,1.373,4.456551526,2.133236120557588,Klebsiella pneumoniae,1.839889168490603,0.29334695206698513,135.90521456608738,69.1654438886232
43,Ag,Bacillus subtilis,non-pathogenic,green_synthesis,MIC,nanoplates,Bacteria,Bacillota,Bacilli,Bacillales,Bacillaceae,Bacillus,p,soil,107.87,8.7,0,0.16,30,11,23.00188061,0.0,0.0,1.78376517,2.3804000462533375,Klebsiella pneumoniae,2.167408491004122,0.21299155524921565,240.10435992858427,147.03085780863998
44,Au,Bacillus subtilis,non-pathogenic,green_synthesis,MIC,spherical,Bacteria,Bacillota,Bacilli,Bacillales,Bacillaceae,Bacillus,p,soil,196.966569,9.0,2,0.16,30,11,23.00188061,0.0,0.0,2.46797672,2.0038121143857177,Klebsiella pneumoniae,1.8071936340688328,0.1966184803168849,100.88163548877233,64.14955293372773
45,Ag,Bacillus subtilis,non-pathogenic,green_synthesis,MBEC,quasi-hexagonal,Bacteria,Bacillota,Bacilli,Bacillales,Bacillaceae,Bacillus,p,soil,107.8682,40.0,2,0.16,30,11,23.00188061,0.0,0.0,1.78376517,0.14750324501341505,Klebsiella pneumoniae,-0.04827672252803983,0.19577996754145488,1.4044401774027135,0.8947944412820862
46,ZnO,Bacillus subtilis,non-pathogenic,green_synthesis,MBEC,hexagonal,Bacteria,Bacillota,Bacilli,Bacillales,Bacillaceae,Bacillus,p,soil,81.3794,40.0,3,0.16,30,8,22.60496136,17.07,0.6865,4.082482905,1.6633389876753515,Klebsiella pneumoniae,1.5131395118177093,0.15019947585764215,46.061596615793704,32.59413888912996
47,Ag,Bacillus subtilis,non-pathogenic,green_synthesis,MBEC,hexagonal,Bacteria,Bacillota,Bacilli,Bacillales,Bacillaceae,Bacillus,p,soil,107.8682,13.0,4,0.16,30,11,23.00188061,0.0,0.0,1.78376517,2.375963852108449,Klebsiella pneumoniae,2.256190703702258,0.11977314840619124,237.66424618931072,180.38096405412915
48,ZnO,Bacillus subtilis,non-pathogenic,green_synthesis,MIC,spherical,Bacteria,Bacillota,Bacilli,Bacillales,Bacillaceae,Bacillus,p,soil,81.3794,37.86,3,0.16,30,8,22.60496136,17.07,0.6865,4.082482905,0.8208199011847317,Klebsiella pneumoniae,0.7315114642904468,0.08930843689428491,6.619419441871791,5.389040709080475
49,Cu,Bacillus subtilis,non-pathogenic,green_synthesis,MBEC,spherical,Bacteria,Bacillota,Bacilli,Bacillales,Bacillaceae,Bacillus,p,soil,63.55,60.0,3,0.16,30,11,17.96409803,0.0,0.0,1.243163121,1.488355263935597,Klebsiella pneumoniae,1.4064557048684865,0.08189955906711055,30.78614169687607,25.495040421831664
50,ZnO,Bacillus subtilis,non-pathogenic,chemical_synthesis,MBEC,tetragonal,Bacteria,Bacillota,Bacilli,Bacillales,Bacillaceae,Bacillus,p,soil,81.3794,20.0,1,0.16,30,8,22.60496136,17.07,0.6865,4.082482905,0.96004212425894,Klebsiella pneumoniae,0.8790240322631946,0.08101809199574539,9.120993038554017,7.568747765353259
51,CeO2,Bacillus subtilis,non-pathogenic,green_synthesis,MBC,triangular,Bacteria,Bacillota,Bacilli,Bacillales,Bacillaceae,Bacillus,p,soil,172.115,22.5,3,0.16,30,16,39.19032095,34.14,1.373,4.456551526,1.3037278307896987,Klebsiella pneumoniae,1.2599607506176793,0.04376708017201936,20.12462658797739,18.195364104984076
52,Ag,Bacillus subtilis,non-pathogenic,green_synthesis,MBC,rod-shaped,Bacteria,Bacillota,Bacilli,Bacillales,Bacillaceae,Bacillus,p,soil,107.8682,17.5,0,0.16,30,11,23.00188061,0.0,0.0,1.78376517,1.169280099654609,Klebsiella pneumoniae,1.125624059058079,0.043656040596530055,14.76658602045447,13.354390119664558
53,CuO,Bacillus subtilis,non-pathogenic,green_synthesis,MBC,hexagonal,Bacteria,Bacillota,Bacilli,Bacillales,Bacillaceae,Bacillus,p,soil,79.5454,11.3,24,0.16,30,17,20.67942236,17.07,0.6865,1.651411411,3.061349169338845,Klebsiella pneumoniae,3.0345198840051237,0.02682928533372131,1151.7259954228696,1082.7292863347022
54,ZnO,Bacillus subtilis,non-pathogenic,chemical_synthesis,MIC,hexagonal,Bacteria,Bacillota,Bacilli,Bacillales,Bacillaceae,Bacillus,p,soil,81.3794,13.0,3,0.16,30,8,22.60496136,17.07,0.6865,4.082482905,2.059479154911256,Klebsiella pneumoniae,2.0513118866797915,0.008167268231464409,114.67774775456202,112.54128941702062
55,Pd,Bacillus subtilis,non-pathogenic,green_synthesis,MBEC,spherical,Bacteria,Bacillota,Bacilli,Bacillales,Bacillaceae,Bacillus,p,soil,195.084,10.4,18,0.16,30,10,21.14774404,0.0,0.0,1.870828693,2.0248458071228996,Klebsiella pneumoniae,2.022832501910724,0.0020133052121757977,105.88777121370885,105.39803203344219
56,CuO,Bacillus subtilis,non-pathogenic,chemical_synthesis,MBC,quasi-hexagonal,Bacteria,Bacillota,Bacilli,Bacillales,Bacillaceae,Bacillus,p,soil,79.5454,11.3,18,0.16,30,17,20.67942236,17.07,0.6865,1.651411411,2.0361993216112975,Klebsiella pneumoniae,2.0612669064339104,-0.025067584822612954,108.69243584971932,115.15078592100525
57,ZnO,Bacillus subtilis,non-pathogenic,green_synthesis,MBEC,quasi-hexagonal,Bacteria,Bacillota,Bacilli,Bacillales,Bacillaceae,Bacillus,p,soil,81.3794,18.5,24,0.16,30,8,22.60496136,17.07,0.6865,4.082482905,1.0516689197102838,Klebsiella pneumoniae,1.1092292781665913,-0.05756035845630758,11.263384753180041,12.859653836728793
58,Ag,Bacillus subtilis,non-pathogenic,chemical_synthesis,MIC,triangular,Bacteria,Bacillota,Bacilli,Bacillales,Bacillaceae,Bacillus,p,soil,107.8682,38.0,3,0.16,30,11,23.00188061,0.0,0.0,1.78376517,-0.6349373555189577,Klebsiella pneumoniae,-0.5735547775891074,-0.061382577929850246,0.23177289449270436,0.2669594029838238
59,Al2O3,Bacillus subtilis,non-pathogenic,chemical_synthesis,MBEC,spherical,Bacteria,Bacillota,Bacilli,Bacillales,Bacillaceae,Bacillus,p,soil,101.961276,26.06,4,0.16,30,24,51.55776403,85.5,13.5675,4.688846487,2.495311534060145,Klebsiella pneumoniae,2.565320365398739,-0.07000883133859404,312.83226136312027,367.5533330691739
60,Cu,Bacillus subtilis,non-pathogenic,green_synthesis,MBC,triangular,Bacteria,Bacillota,Bacilli,Bacillales,Bacillaceae,Bacillus,p,soil,63.55,41.23,18,0.16,30,11,17.96409803,0.0,0.0,1.243163121,0.42208787096770806,Klebsiella pneumoniae,0.5176893986361897,-0.09560152766848162,2.6429434509814214,3.29374064178842
61,Ag2O,Bacillus subtilis,non-pathogenic,chemical_synthesis,MBEC,spheroidal,Bacteria,Bacillota,Bacilli,Bacillales,Bacillaceae,Bacillus,p,soil,231.7358,10.0,3,0.16,30,28,46.55109718,17.07,0.6865,3.975778631,2.3339115972302915,Klebsiella pneumoniae,2.4538474300163373,-0.1199358327860458,215.73052344054634,284.3462008490746
62,ZnO,Bacillus subtilis,non-pathogenic,chemical_synthesis,MIC,tetragonal,Bacteria,Bacillota,Bacilli,Bacillales,Bacillaceae,Bacillus,p,soil,81.3794,44.45,2,0.16,30,8,22.60496136,17.07,0.6865,4.082482905,-0.2632744773896962,Klebsiella pneumoniae,-0.10774896313801685,-0.15552551425167938,0.5454130469788767,0.780281008940335
