,np,bacteria,bac_type,np_synthesis,method,shape,kingdom,phylum,class,order,family,genus,gram,isolated_from,mol_weight (g/mol),np_size_avg (nm),time_set,"min_Incub_period, h","growth_temp, C",Valance_electron,labuteASA,tpsa,CrippenMR,chi0v,pred_MIC_norm,pathogenic_bacteria,pred_MIC_pathogen,Fitness,pred_norm_MIC_original,pred_path_MIC_original
0,ZnO,Bacillus subtilis,non-pathogenic,green_synthesis,MBEC,quasi-hexagonal,Bacteria,Bacillota,Bacilli,Bacillales,Bacillaceae,Bacillus,p,soil,81.3794,6.0,4,0.16,30,8,22.60496136,17.07,0.6865,4.082482905,1.4789275623111002,Klebsiella pneumoniae,0.6418145629545837,0.8371129993565165,30.125035149410888,4.383434919005843
1,TiO2,Bacillus subtilis,non-pathogenic,green_synthesis,MBC,rod-shaped,Bacteria,Bacillota,Bacilli,Bacillales,Bacillaceae,Bacillus,p,soil,79.866,6.0,2,0.16,30,16,26.40611331,34.14,1.373,2.878049394,3.041888416199155,Klebsiella pneumoniae,2.379772494984189,0.6621159212149657,1101.2563260838785,239.757662029985
2,ZnO,Bacillus subtilis,non-pathogenic,green_synthesis,MBEC,spherical,Bacteria,Bacillota,Bacilli,Bacillales,Bacillaceae,Bacillus,p,soil,81.3794,5.1,0,0.16,30,8,22.60496136,17.07,0.6865,4.082482905,2.56444896747078,Klebsiella pneumoniae,1.9072794680109855,0.6571694994597945,366.8165884868991,80.77546522536798
3,Ag,Bacillus subtilis,non-pathogenic,green_synthesis,MIC,spheroidal,Bacteria,Bacillota,Bacilli,Bacillales,Bacillaceae,Bacillus,p,soil,107.87,50.0,18,0.16,30,11,23.00188061,0.0,0.0,1.78376517,0.9745455288699738,Klebsiella pneumoniae,0.35498861025762096,0.6195569186123528,9.430734725339864,2.264584916147646
4,ZnO,Bacillus subtilis,non-pathogenic,green_synthesis,MBEC,spheroidal,Bacteria,Bacillota,Bacilli,Bacillales,Bacillaceae,Bacillus,p,soil,81.3794,10.4,18,0.16,30,8,22.60496136,17.07,0.6865,4.082482905,2.484355947849278,Klebsiella pneumoniae,1.8824738565875796,0.6018820912616984,305.0394068989603,76.291096449852
5,Pd,Bacillus subtilis,non-pathogenic,chemical_synthesis,MIC,quasi-hexagonal,Bacteria,Bacillota,Bacilli,Bacillales,Bacillaceae,Bacillus,p,soil,195.084,8.0,0,0.16,30,10,21.14774404,0.0,0.0,1.870828693,0.5961122516982282,Klebsiella pneumoniae,0.01654401511036574,0.5795682365878625,3.945592702712533,1.0388288808748876
6,Ag,Bacillus subtilis,non-pathogenic,green_synthesis,MIC,spheroidal,Bacteria,Bacillota,Bacilli,Bacillales,Bacillaceae,Bacillus,p,soil,107.87,37.86,18,0.16,30,11,23.00188061,0.0,0.0,1.78376517,0.8529036361382554,Klebsiella pneumoniae,0.28704328022104253,0.5658603559172128,7.126948755718848,1.9366149503885313
7,ZnO,Bacillus subtilis,non-pathogenic,green_synthesis,MBEC,cubic,Bacteria,Bacillota,Bacilli,Bacillales,Bacillaceae,Bacillus,p,soil,81.3794,8.7,1,0.16,30,8,22.60496136,17.07,0.6865,4.082482905,2.5740735763035447,Klebsiella pneumoniae,2.0230586429382096,0.5510149333653351,375.0365339405238,105.45292802413893
8,Ag,Bacillus subtilis,non-pathogenic,chemical_synthesis,MIC,nanoplates,Bacteria,Bacillota,Bacilli,Bacillales,Bacillaceae,Bacillus,p,soil,107.87,5.1,1,0.16,30,11,23.00188061,0.0,0.0,1.78376517,1.9113864300890129,Klebsiella pneumoniae,1.3603761562921681,0.5510102737968448,81.54295208543807,22.928527057887848
9,CuO,Bacillus subtilis,non-pathogenic,green_synthesis,MBC,quasi-hexagonal,Bacteria,Bacillota,Bacilli,Bacillales,Bacillaceae,Bacillus,p,soil,79.5454,8.0,1,0.16,30,17,20.67942236,17.07,0.6865,1.651411411,2.6943650726433184,Klebsiella pneumoniae,2.144754185922233,0.5496108867210854,494.72638459738175,139.55782292599457
10,Pd,Bacillus subtilis,non-pathogenic,chemical_synthesis,MIC,quasi-hexagonal,Bacteria,Bacillota,Bacilli,Bacillales,Bacillaceae,Bacillus,p,soil,195.084,9.0,0,0.16,30,10,21.14774404,0.0,0.0,1.870828693,0.5886237739237976,Klebsiella pneumoniae,0.04494363523822642,0.5436801386855712,3.8781425982265736,1.109030870726965
11,ZnO,Bacillus subtilis,non-pathogenic,chemical_synthesis,MBC,quasi-hexagonal,Bacteria,Bacillota,Bacilli,Bacillales,Bacillaceae,Bacillus,p,soil,81.3794,11.3,4,0.16,30,8,22.60496136,17.07,0.6865,4.082482905,0.7764760809072289,Klebsiella pneumoniae,0.24049579423980982,0.535980286667419,5.976901255523725,1.7397858496605143
12,TiO2,Bacillus subtilis,non-pathogenic,green_synthesis,MBEC,nanoplates,Bacteria,Bacillota,Bacilli,Bacillales,Bacillaceae,Bacillus,p,soil,79.866,8.7,0,0.16,30,16,26.40611331,34.14,1.373,2.878049394,3.3669810231629738,Klebsiella pneumoniae,2.8525925716185867,0.5143884515443871,2327.989532119328,712.1845888359233
13,ZnO,Bacillus subtilis,non-pathogenic,green_synthesis,MBC,triangular,Bacteria,Bacillota,Bacilli,Bacillales,Bacillaceae,Bacillus,p,soil,81.3794,10.0,18,0.16,30,8,22.60496136,17.07,0.6865,4.082482905,1.2203775041851226,Klebsiella pneumoniae,0.7065185226627613,0.5138589815223613,16.610301064571665,5.087665180776056
14,Ag,Bacillus subtilis,non-pathogenic,green_synthesis,MIC,spheroidal,Bacteria,Bacillota,Bacilli,Bacillales,Bacillaceae,Bacillus,p,soil,107.8682,6.0,18,0.16,30,11,23.00188061,0.0,0.0,1.78376517,1.419831797193971,Klebsiella pneumoniae,0.9096755943782149,0.510156202815756,26.292494829994123,8.122235816041684
15,ZnO,Bacillus subtilis,non-pathogenic,green_synthesis,MBC,quasi-spherical,Bacteria,Bacillota,Bacilli,Bacillales,Bacillaceae,Bacillus,p,soil,81.3794,18.0,4,0.16,30,8,22.60496136,17.07,0.6865,4.082482905,1.8671081400736098,Klebsiella pneumoniae,1.3645155656857884,0.5025925743878215,73.63904371543536,23.14811150406515
16,TiO2,Bacillus subtilis,non-pathogenic,green_synthesis,MBEC,spherical,Bacteria,Bacillota,Bacilli,Bacillales,Bacillaceae,Bacillus,p,soil,79.866,8.0,0,0.16,30,16,26.40611331,34.14,1.373,2.878049394,2.956979335865547,Klebsiella pneumoniae,2.457544790762123,0.4994345451034241,905.6895063258218,286.77731267955767
17,ZnO,Bacillus subtilis,non-pathogenic,green_synthesis,MBEC,spheroidal,Bacteria,Bacillota,Bacilli,Bacillales,Bacillaceae,Bacillus,p,soil,81.3794,8.0,24,0.16,30,8,22.60496136,17.07,0.6865,4.082482905,2.851006647067476,Klebsiella pneumoniae,2.357799465689688,0.49320718137778785,709.5886284453768,227.92893732337964
18,Ag,Bacillus subtilis,non-pathogenic,green_synthesis,MBEC,spheroidal,Bacteria,Bacillota,Bacilli,Bacillales,Bacillaceae,Bacillus,p,soil,107.8682,27.43,18,0.16,30,11,23.00188061,0.0,0.0,1.78376517,1.4483534911457763,Klebsiella pneumoniae,0.9557956179477897,0.4925578731979866,28.077180318230383,9.032243099445385
19,ZnO,Bacillus subtilis,non-pathogenic,chemical_synthesis,MIC,rod-shaped,Bacteria,Bacillota,Bacilli,Bacillales,Bacillaceae,Bacillus,p,soil,81.3794,6.0,1,0.16,30,8,22.60496136,17.07,0.6865,4.082482905,1.3358299179104203,Klebsiella pneumoniae,0.8454400153252719,0.49038990258514836,21.66855336359053,7.005514161488808
20,Ag,Bacillus subtilis,non-pathogenic,green_synthesis,MBEC,spheroidal,Bacteria,Bacillota,Bacilli,Bacillales,Bacillaceae,Bacillus,p,soil,107.87,40.0,18,0.16,30,11,23.00188061,0.0,0.0,1.78376517,1.2562780761668655,Klebsiella pneumoniae,0.7670125250521651,0.4892655511147004,18.041725720431252,5.848069497327749
21,ZnO,Bacillus subtilis,non-pathogenic,chemical_synthesis,MBC,spheroidal,Bacteria,Bacillota,Bacilli,Bacillales,Bacillaceae,Bacillus,p,soil,81.3794,12.0,18,0.16,30,8,22.60496136,17.07,0.6865,4.082482905,1.8643990593128623,Klebsiella pneumoniae,1.3917533975742562,0.4726456617386061,73.18112125607388,24.64639460687287
22,TiO2,Bacillus subtilis,non-pathogenic,green_synthesis,MIC,quasi-hexagonal,Bacteria,Bacillota,Bacilli,Bacillales,Bacillaceae,Bacillus,p,soil,79.866,12.0,4,0.16,30,16,26.40611331,34.14,1.373,2.878049394,1.7625584654848883,Klebsiella pneumoniae,1.2900421573607765,0.4725163081241117,57.883990754780854,19.50033882135404
23,CuO,Bacillus subtilis,non-pathogenic,green_synthesis,MBC,quasi-spherical,Bacteria,Bacillota,Bacilli,Bacillales,Bacillaceae,Bacillus,p,soil,79.5454,18.5,4,0.16,30,17,20.67942236,17.07,0.6865,1.651411411,2.8478951683888005,Klebsiella pneumoniae,2.3760019133094405,0.47189325507936,704.5229880713193,237.68507579551974
24,Pd,Bacillus subtilis,non-pathogenic,chemical_synthesis,MIC,hexagonal,Bacteria,Bacillota,Bacilli,Bacillales,Bacillaceae,Bacillus,p,soil,195.084,8.0,3,0.16,30,10,21.14774404,0.0,0.0,1.870828693,1.4326005650480444,Klebsiella pneumoniae,0.9609202516365808,0.47168031341146366,27.077001252388662,9.139454006495532
25,ZnO,Bacillus subtilis,non-pathogenic,green_synthesis,MBC,quasi-hexagonal,Bacteria,Bacillota,Bacilli,Bacillales,Bacillaceae,Bacillus,p,soil,81.3794,17.5,2,0.16,30,8,22.60496136,17.07,0.6865,4.082482905,1.0173511539960005,Klebsiella pneumoniae,0.5460273945562073,0.4713237594397932,10.407613457401922,3.515826170615137
26,Ag,Bacillus subtilis,non-pathogenic,chemical_synthesis,MBEC,tetragonal,Bacteria,Bacillota,Bacilli,Bacillales,Bacillaceae,Bacillus,p,soil,107.87,12.0,18,0.16,30,11,23.00188061,0.0,0.0,1.78376517,0.5989959173581711,Klebsiella pneumoniae,0.12889143251291602,0.47010448484525513,3.971878156361094,1.3455239500244383
27,ZnO,Bacillus subtilis,non-pathogenic,green_synthesis,MBC,quasi-hexagonal,Bacteria,Bacillota,Bacilli,Bacillales,Bacillaceae,Bacillus,p,soil,81.3794,79.0,0,0.16,30,8,22.60496136,17.07,0.6865,4.082482905,0.32985381824537363,Klebsiella pneumoniae,-0.13877178687821168,0.4686256051235853,2.137242581264964,0.7264876119568513
28,TiO2,Bacillus subtilis,non-pathogenic,chemical_synthesis,MBC,cubic,Bacteria,Bacillota,Bacilli,Bacillales,Bacillaceae,Bacillus,p,soil,79.866,10.0,0,0.16,30,16,26.40611331,34.14,1.373,2.878049394,3.0564946190557123,Klebsiella pneumoniae,2.5988342929011368,0.4576603261545755,1138.9236704305006,397.040028077357
29,ZnO,Bacillus subtilis,non-pathogenic,chemical_synthesis,MBEC,quasi-spherical,Bacteria,Bacillota,Bacilli,Bacillales,Bacillaceae,Bacillus,p,soil,81.3794,10.0,2,0.16,30,8,22.60496136,17.07,0.6865,4.082482905,2.0714138809964253,Klebsiella pneumoniae,1.6149567509144058,0.4564571300820195,117.8728762475392,41.20564825329539
30,CeO2,Bacillus subtilis,non-pathogenic,green_synthesis,MIC,rod-shaped,Bacteria,Bacillota,Bacilli,Bacillales,Bacillaceae,Bacillus,p,soil,172.115,5.1,3,0.16,30,16,39.19032095,34.14,1.373,4.456551526,2.7929147652528323,Klebsiella pneumoniae,2.343408506450335,0.44950625880249717,620.7471942696386,220.49995564887305
31,Ag,Bacillus subtilis,non-pathogenic,chemical_synthesis,MBEC,spheroidal,Bacteria,Bacillota,Bacilli,Bacillales,Bacillaceae,Bacillus,p,soil,107.87,44.45,18,0.16,30,11,23.00188061,0.0,0.0,1.78376517,1.3992625809388728,Klebsiella pneumoniae,0.9504920038133788,0.44877057712549395,25.07624942324781,8.922611912126598
32,CuO,Bacillus subtilis,non-pathogenic,green_synthesis,MBC,quasi-spherical,Bacteria,Bacillota,Bacilli,Bacillales,Bacillaceae,Bacillus,p,soil,79.5454,79.0,1,0.16,30,17,20.67942236,17.07,0.6865,1.651411411,1.8568497071994194,Klebsiella pneumoniae,1.4149048379405902,0.44194486925882925,71.92000471539014,25.99589881895712
33,ZnO,Bacillus subtilis,non-pathogenic,green_synthesis,MBC,spheroidal,Bacteria,Bacillota,Bacilli,Bacillales,Bacillaceae,Bacillus,p,soil,81.3794,44.45,18,0.16,30,8,22.60496136,17.07,0.6865,4.082482905,1.4198153290711109,Klebsiella pneumoniae,0.9810746151168499,0.43874071395426095,26.29149785710128,9.573585386923256
34,ZnO,Bacillus subtilis,non-pathogenic,green_synthesis,MBC,tetragonal,Bacteria,Bacillota,Bacilli,Bacillales,Bacillaceae,Bacillus,p,soil,81.3794,10.4,4,0.16,30,8,22.60496136,17.07,0.6865,4.082482905,1.6790383005164569,Klebsiella pneumoniae,1.3655759796849964,0.3134623208314604,47.757138891605294,23.204701155874083
35,CeO2,Bacillus subtilis,non-pathogenic,green_synthesis,MIC,rod-shaped,Bacteria,Bacillota,Bacilli,Bacillales,Bacillaceae,Bacillus,p,soil,172.115,40.0,0,0.16,30,16,39.19032095,34.14,1.373,4.456551526,1.6582189407150227,Klebsiella pneumoniae,1.39167010986201,0.26654883085301284,45.521749093751666,24.641668447352878
36,Ag,Bacillus subtilis,non-pathogenic,chemical_synthesis,MIC,cubic,Bacteria,Bacillota,Bacilli,Bacillales,Bacillaceae,Bacillus,p,soil,107.8682,9.0,4,0.16,30,11,23.00188061,0.0,0.0,1.78376517,2.3389981413556775,Klebsiella pneumoniae,2.108173550483237,0.23082459087244045,218.2720570462795,128.28431232809646
37,Ag,Bacillus subtilis,non-pathogenic,green_synthesis,MBEC,quasi-spherical,Bacteria,Bacillota,Bacilli,Bacillales,Bacillaceae,Bacillus,p,soil,107.87,38.0,4,0.16,30,11,23.00188061,0.0,0.0,1.78376517,0.7374756106173779,Klebsiella pneumoniae,0.5329301665207362,0.20454544409664166,5.4635586642396765,3.411380530557301
38,Au,Bacillus subtilis,non-pathogenic,green_synthesis,MIC,tetragonal,Bacteria,Bacillota,Bacilli,Bacillales,Bacillaceae,Bacillus,p,soil,196.966569,20.0,18,0.16,30,11,23.00188061,0.0,0.0,2.46797672,0.5122915164982935,Klebsiella pneumoniae,0.3189867550180556,0.1933047614802379,3.253055827375515,2.0844273118932826
39,Ag,Bacillus subtilis,non-pathogenic,green_synthesis,MBEC,nanoplates,Bacteria,Bacillota,Bacilli,Bacillales,Bacillaceae,Bacillus,p,soil,107.8682,9.0,2,0.16,30,11,23.00188061,0.0,0.0,1.78376517,2.4475692371362587,Klebsiella pneumoniae,2.2734050475844176,0.1741641895518411,280.2652397223095,187.67440496726508
40,ZnO,Bacillus subtilis,non-pathogenic,chemical_synthesis,MBEC,hexagonal,Bacteria,Bacillota,Bacilli,Bacillales,Bacillaceae,Bacillus,p,soil,81.3794,18.5,4,0.16,30,8,22.60496136,17.07,0.6865,4.082482905,2.19393907821519,Klebsiella pneumoniae,2.0374106536672323,0.1565284245479579,156.29283834302308,108.99602344867678
41,Ag,Bacillus subtilis,non-pathogenic,green_synthesis,MBEC,quasi-spherical,Bacteria,Bacillota,Bacilli,Bacillales,Bacillaceae,Bacillus,p,soil,107.87,10.4,1,0.16,30,11,23.00188061,0.0,0.0,1.78376517,2.0659092881776724,Klebsiella pneumoniae,1.9226966021162855,0.14321268606138693,116.38829018316481,83.6944388962622
42,ZnO,Bacillus subtilis,non-pathogenic,chemical_synthesis,MBEC,quasi-hexagonal,Bacteria,Bacillota,Bacilli,Bacillales,Bacillaceae,Bacillus,p,soil,81.3794,100.0,0,0.16,30,8,22.60496136,17.07,0.6865,4.082482905,1.108115008814783,Klebsiella pneumoniae,0.9827653241865534,0.1253496846282297,12.826702113086984,9.61092800948039
43,Ag,Bacillus subtilis,non-pathogenic,green_synthesis,MBC,triangular,Bacteria,Bacillota,Bacilli,Bacillales,Bacillaceae,Bacillus,p,soil,107.8682,60.0,3,0.16,30,11,23.00188061,0.0,0.0,1.78376517,0.20237900097739403,Klebsiella pneumoniae,0.123058519106233,0.07932048187116103,1.5935988254174387,1.3275733298409969
44,Au,Bacillus subtilis,non-pathogenic,green_synthesis,MBC,spheroidal,Bacteria,Bacillota,Bacilli,Bacillales,Bacillaceae,Bacillus,p,soil,196.966569,60.0,1,0.16,30,11,23.00188061,0.0,0.0,2.46797672,1.1257966217683095,Klebsiella pneumoniae,1.066639886823585,0.05915673494472462,13.359697411694718,11.658425097711651
45,CuO,Bacillus subtilis,non-pathogenic,green_synthesis,MIC,spherical,Bacteria,Bacillota,Bacilli,Bacillales,Bacillaceae,Bacillus,p,soil,79.5454,10.0,2,0.16,30,17,20.67942236,17.07,0.6865,1.651411411,2.4426085265297,Klebsiella pneumoniae,2.3914514365631185,0.05115708996658164,277.082135755566,246.2926414843647
46,Ag,Bacillus subtilis,non-pathogenic,chemical_synthesis,MBC,hexagonal,Bacteria,Bacillota,Bacilli,Bacillales,Bacillaceae,Bacillus,p,soil,107.87,6.0,1,0.16,30,11,23.00188061,0.0,0.0,1.78376517,2.032338340218501,Klebsiella pneumoniae,1.986576013999033,0.045762326219468186,107.73041682986037,96.95629557945406
47,Ag,Bacillus subtilis,non-pathogenic,green_synthesis,MBC,spheroidal,Bacteria,Bacillota,Bacilli,Bacillales,Bacillaceae,Bacillus,p,soil,107.8682,12.5,2,0.16,30,11,23.00188061,0.0,0.0,1.78376517,1.8069650855994337,Klebsiella pneumoniae,1.8186635688300257,-0.011698483230591972,64.11580296531615,65.86634564080535
48,ZnO,Bacillus subtilis,non-pathogenic,green_synthesis,MIC,triangular,Bacteria,Bacillota,Bacilli,Bacillales,Bacillaceae,Bacillus,p,soil,81.3794,18.0,0,0.16,30,8,22.60496136,17.07,0.6865,4.082482905,-0.40453816388268793,Klebsiella pneumoniae,-0.37936598960135415,-0.02517217428133378,0.3939688058833423,0.417478400046566
49,Ag,Bacillus subtilis,non-pathogenic,chemical_synthesis,MIC,rod-shaped,Bacteria,Bacillota,Bacilli,Bacillales,Bacillaceae,Bacillus,p,soil,107.8682,10.0,4,0.16,30,11,23.00188061,0.0,0.0,1.78376517,1.69862211137782,Klebsiella pneumoniae,1.739943520938402,-0.041321409560582056,49.95996338089531,54.94694118979117
50,Ag2O,Bacillus subtilis,non-pathogenic,chemical_synthesis,MBC,quasi-spherical,Bacteria,Bacillota,Bacilli,Bacillales,Bacillaceae,Bacillus,p,soil,231.7358,5.1,4,0.16,30,28,46.55109718,17.07,0.6865,3.975778631,1.94641804328714,Klebsiella pneumoniae,2.0124393522597126,-0.06602130897257252,88.39303449269764,102.90568128927217
51,Ag,Bacillus subtilis,non-pathogenic,green_synthesis,MBC,tetragonal,Bacteria,Bacillota,Bacilli,Bacillales,Bacillaceae,Bacillus,p,soil,107.87,13.0,0,0.16,30,11,23.00188061,0.0,0.0,1.78376517,1.107545376252202,Klebsiella pneumoniae,1.175250691629019,-0.06770531537681701,12.809889287032311,14.970995907052249
52,ZnO,Bacillus subtilis,non-pathogenic,chemical_synthesis,MBEC,triangular,Bacteria,Bacillota,Bacilli,Bacillales,Bacillaceae,Bacillus,p,soil,81.3794,100.0,4,0.16,30,8,22.60496136,17.07,0.6865,4.082482905,-0.011939797910399674,Klebsiella pneumoniae,0.10539062823521417,-0.11733042614561384,0.9728820757657807,1.274649054712169
53,Au,Bacillus subtilis,non-pathogenic,chemical_synthesis,MIC,rod-shaped,Bacteria,Bacillota,Bacilli,Bacillales,Bacillaceae,Bacillus,p,soil,196.966569,35.0,18,0.16,30,11,23.00188061,0.0,0.0,2.46797672,1.3358579493860367,Klebsiella pneumoniae,1.491537703218007,-0.1556797538319703,21.66995200242503,31.012566120284777
54,Ag,Bacillus subtilis,non-pathogenic,chemical_synthesis,MBEC,nanoplates,Bacteria,Bacillota,Bacilli,Bacillales,Bacillaceae,Bacillus,p,soil,107.87,8.7,24,0.16,30,11,23.00188061,0.0,0.0,1.78376517,2.4160644113510927,Klebsiella pneumoniae,2.577673093804287,-0.16160868245319415,260.65401041165154,378.1578270688617
55,ZnO,Bacillus subtilis,non-pathogenic,chemical_synthesis,MIC,tetragonal,Bacteria,Bacillota,Bacilli,Bacillales,Bacillaceae,Bacillus,p,soil,81.3794,41.23,0,0.16,30,8,22.60496136,17.07,0.6865,4.082482905,-0.10014451169019134,Klebsiella pneumoniae,0.10108478764701645,-0.2012292993372078,0.7940639656062022,1.262073906203371
56,CuO,Bacillus subtilis,non-pathogenic,chemical_synthesis,MBEC,spheroidal,Bacteria,Bacillota,Bacilli,Bacillales,Bacillaceae,Bacillus,p,soil,79.5454,30.0,2,0.16,30,17,20.67942236,17.07,0.6865,1.651411411,2.8962240756956277,Klebsiella pneumoniae,3.148143758082716,-0.2519196823870882,787.4519733888845,1406.5130242975656
57,CeO2,Bacillus subtilis,non-pathogenic,green_synthesis,MBC,rod-shaped,Bacteria,Bacillota,Bacilli,Bacillales,Bacillaceae,Bacillus,p,soil,172.115,40.0,24,0.16,30,16,39.19032095,34.14,1.373,4.456551526,2.107255601023248,Klebsiella pneumoniae,2.4563940320954654,-0.3491384310722174,128.01344968253193,286.01843901514843
58,CuO,Bacillus subtilis,non-pathogenic,chemical_synthesis,MIC,hexagonal,Bacteria,Bacillota,Bacilli,Bacillales,Bacillaceae,Bacillus,p,soil,79.5454,44.45,2,0.16,30,17,20.67942236,17.07,0.6865,1.651411411,2.5028294243507374,Klebsiella pneumoniae,2.9079018566968173,-0.4050724323460799,318.2947126126422,808.913077669581
