,np,bacteria,bac_type,np_synthesis,method,shape,kingdom,phylum,class,order,family,genus,gram,isolated_from,mol_weight (g/mol),np_size_avg (nm),time_set,"min_Incub_period, h","growth_temp, C",Valance_electron,labuteASA,tpsa,CrippenMR,chi0v,pred_MIC_norm,pathogenic_bacteria,pred_MIC_pathogen,Fitness,pred_norm_MIC_original,pred_path_MIC_original
0,ZnO,Bacillus subtilis,non-pathogenic,green_synthesis,MBEC,quasi-hexagonal,Bacteria,Bacillota,Bacilli,Bacillales,Bacillaceae,Bacillus,p,soil,81.3794,6.0,4,0.16,30,8,22.60496136,17.07,0.6865,4.082482905,1.4789275623111002,Klebsiella pneumoniae,0.6418145629545837,0.8371129993565165,30.125035149410888,4.383434919005843
1,TiO2,Bacillus subtilis,non-pathogenic,green_synthesis,MBC,nanoplates,Bacteria,Bacillota,Bacilli,Bacillales,Bacillaceae,Bacillus,p,soil,79.866,9.0,2,0.16,30,16,26.40611331,34.14,1.373,2.878049394,3.4038585278688736,Klebsiella pneumoniae,2.8308638241998456,0.5729947036690279,2534.302942730958,677.4290621096676
2,Ag,Bacillus subtilis,non-pathogenic,chemical_synthesis,MIC,nanoplates,Bacteria,Bacillota,Bacilli,Bacillales,Bacillaceae,Bacillus,p,soil,107.87,5.1,1,0.16,30,11,23.00188061,0.0,0.0,1.78376517,1.9113864300890129,Klebsiella pneumoniae,1.3603761562921681,0.5510102737968448,81.54295208543807,22.928527057887848
3,ZnO,Bacillus subtilis,non-pathogenic,green_synthesis,MBEC,tetragonal,Bacteria,Bacillota,Bacilli,Bacillales,Bacillaceae,Bacillus,p,soil,81.3794,9.0,18,0.16,30,8,22.60496136,17.07,0.6865,4.082482905,1.2520316929680164,Klebsiella pneumoniae,0.7326842318490099,0.5193474611190065,17.866179498899378,5.403612925501953
4,Ag,Bacillus subtilis,non-pathogenic,chemical_synthesis,MIC,spherical,Bacteria,Bacillota,Bacilli,Bacillales,Bacillaceae,Bacillus,p,soil,107.87,6.0,2,0.16,30,11,23.00188061,0.0,0.0,1.78376517,1.40333717680614,Klebsiella pneumoniae,0.8979658279197678,0.5053713488863723,25.312624509745028,7.906164165933274
5,TiO2,Bacillus subtilis,non-pathogenic,chemical_synthesis,MBEC,quasi-spherical,Bacteria,Bacillota,Bacilli,Bacillales,Bacillaceae,Bacillus,p,soil,79.866,11.3,0,0.16,30,16,26.40611331,34.14,1.373,2.878049394,2.867126399864746,Klebsiella pneumoniae,2.3736727130212936,0.4934536868434525,736.4213991370983,236.41373975867302
6,ZnO,Bacillus subtilis,non-pathogenic,green_synthesis,MBEC,nanoplates,Bacteria,Bacillota,Bacilli,Bacillales,Bacillaceae,Bacillus,p,soil,81.3794,10.4,1,0.16,30,8,22.60496136,17.07,0.6865,4.082482905,2.5922989217628127,Klebsiella pneumoniae,2.099128218409485,0.4931707033533277,391.11000136606646,125.64008409369244
7,Ag,Bacillus subtilis,non-pathogenic,green_synthesis,MBEC,spheroidal,Bacteria,Bacillota,Bacilli,Bacillales,Bacillaceae,Bacillus,p,soil,107.87,9.0,18,0.16,30,11,23.00188061,0.0,0.0,1.78376517,2.1649676786813767,Klebsiella pneumoniae,1.6797141370862207,0.485253541595156,146.20683594987457,47.831515032255325
8,TiO2,Bacillus subtilis,non-pathogenic,green_synthesis,MIC,quasi-hexagonal,Bacteria,Bacillota,Bacilli,Bacillales,Bacillaceae,Bacillus,p,soil,79.866,12.0,4,0.16,30,16,26.40611331,34.14,1.373,2.878049394,1.7625584654848883,Klebsiella pneumoniae,1.2900421573607765,0.4725163081241117,57.883990754780854,19.50033882135404
9,Pd,Bacillus subtilis,non-pathogenic,chemical_synthesis,MIC,hexagonal,Bacteria,Bacillota,Bacilli,Bacillales,Bacillaceae,Bacillus,p,soil,195.084,8.0,3,0.16,30,10,21.14774404,0.0,0.0,1.870828693,1.4326005650480444,Klebsiella pneumoniae,0.9609202516365808,0.47168031341146366,27.077001252388662,9.139454006495532
10,Ag,Bacillus subtilis,non-pathogenic,chemical_synthesis,MBEC,tetragonal,Bacteria,Bacillota,Bacilli,Bacillales,Bacillaceae,Bacillus,p,soil,107.87,12.0,18,0.16,30,11,23.00188061,0.0,0.0,1.78376517,0.5989959173581711,Klebsiella pneumoniae,0.12889143251291602,0.47010448484525513,3.971878156361094,1.3455239500244383
11,ZnO,Bacillus subtilis,non-pathogenic,green_synthesis,MBC,quasi-hexagonal,Bacteria,Bacillota,Bacilli,Bacillales,Bacillaceae,Bacillus,p,soil,81.3794,79.0,0,0.16,30,8,22.60496136,17.07,0.6865,4.082482905,0.32985381824537363,Klebsiella pneumoniae,-0.13877178687821168,0.4686256051235853,2.137242581264964,0.7264876119568513
12,TiO2,Bacillus subtilis,non-pathogenic,chemical_synthesis,MBC,cubic,Bacteria,Bacillota,Bacilli,Bacillales,Bacillaceae,Bacillus,p,soil,79.866,10.0,0,0.16,30,16,26.40611331,34.14,1.373,2.878049394,3.0564946190557123,Klebsiella pneumoniae,2.5988342929011368,0.4576603261545755,1138.9236704305006,397.040028077357
13,ZnO,Bacillus subtilis,non-pathogenic,chemical_synthesis,MBEC,quasi-spherical,Bacteria,Bacillota,Bacilli,Bacillales,Bacillaceae,Bacillus,p,soil,81.3794,10.0,2,0.16,30,8,22.60496136,17.07,0.6865,4.082482905,2.0714138809964253,Klebsiella pneumoniae,1.6149567509144058,0.4564571300820195,117.8728762475392,41.20564825329539
14,Ag,Bacillus subtilis,non-pathogenic,green_synthesis,MIC,quasi-spherical,Bacteria,Bacillota,Bacilli,Bacillales,Bacillaceae,Bacillus,p,soil,107.87,5.1,2,0.16,30,11,23.00188061,0.0,0.0,1.78376517,2.0305692545760614,Klebsiella pneumoniae,1.6236394229251672,0.40692983165089425,107.29247276582491,42.03774611172577
15,ZrO2,Bacillus subtilis,non-pathogenic,chemical_synthesis,MIC,quasi-hexagonal,Bacteria,Bacillota,Bacilli,Bacillales,Bacillaceae,Bacillus,p,soil,123.2218,28.0,3,0.16,30,16,29.29254423,34.14,1.373,3.774536472,1.2992633669325104,Klebsiella pneumoniae,0.8986765204388587,0.4005868464936517,19.918808987245363,7.919112641908314
16,Cu,Bacillus subtilis,non-pathogenic,green_synthesis,MBC,spheroidal,Bacteria,Bacillota,Bacilli,Bacillales,Bacillaceae,Bacillus,p,soil,63.55,6.0,1,0.16,30,11,17.96409803,0.0,0.0,1.243163121,2.253228842264295,Klebsiella pneumoniae,1.8532189978285363,0.40000984443575893,179.15496244329637,71.32125848519723
17,Au,Bacillus subtilis,non-pathogenic,green_synthesis,MBC,quasi-hexagonal,Bacteria,Bacillota,Bacilli,Bacillales,Bacillaceae,Bacillus,p,soil,196.966569,100.0,4,0.16,30,11,23.00188061,0.0,0.0,2.46797672,0.29461700322979745,Klebsiella pneumoniae,-0.1014145833599871,0.39603158658978455,1.9706840574859898,0.7917451590229048
18,Au,Bacillus subtilis,non-pathogenic,green_synthesis,MBC,quasi-spherical,Bacteria,Bacillota,Bacilli,Bacillales,Bacillaceae,Bacillus,p,soil,196.966569,37.86,1,0.16,30,11,23.00188061,0.0,0.0,2.46797672,0.5366246832906998,Klebsiella pneumoniae,0.1452985936113793,0.3913260896793205,3.440524725646076,1.3973287463593465
19,ZnO,Bacillus subtilis,non-pathogenic,chemical_synthesis,MBEC,rod-shaped,Bacteria,Bacillota,Bacilli,Bacillales,Bacillaceae,Bacillus,p,soil,81.3794,9.0,2,0.16,30,8,22.60496136,17.07,0.6865,4.082482905,1.8844950968065444,Klebsiella pneumoniae,1.4973504296315197,0.3871446671750247,76.64698866532704,31.43043774274809
20,CuO,Bacillus subtilis,non-pathogenic,green_synthesis,MBC,rod-shaped,Bacteria,Bacillota,Bacilli,Bacillales,Bacillaceae,Bacillus,p,soil,79.5454,9.0,4,0.16,30,17,20.67942236,17.07,0.6865,1.651411411,3.257403139047934,Klebsiella pneumoniae,2.872225156089659,0.3851779829582753,1808.8524358462112,745.1181736389619
21,Au,Bacillus subtilis,non-pathogenic,green_synthesis,MIC,quasi-spherical,Bacteria,Bacillota,Bacilli,Bacillales,Bacillaceae,Bacillus,p,soil,196.966569,79.0,1,0.16,30,11,23.00188061,0.0,0.0,2.46797672,1.0041684681544398,Klebsiella pneumoniae,0.6214672266097765,0.38270124154466334,10.0964446358965,4.182801225701654
22,ZnO,Bacillus subtilis,non-pathogenic,green_synthesis,MBC,nanoplates,Bacteria,Bacillota,Bacilli,Bacillales,Bacillaceae,Bacillus,p,soil,81.3794,28.0,4,0.16,30,8,22.60496136,17.07,0.6865,4.082482905,2.116242258789648,Klebsiella pneumoniae,1.7385962585915564,0.3776460001980917,130.68997015617694,54.776749666693014
23,Pd,Bacillus subtilis,non-pathogenic,green_synthesis,MIC,spheroidal,Bacteria,Bacillota,Bacilli,Bacillales,Bacillaceae,Bacillus,p,soil,195.084,100.0,24,0.16,30,10,21.14774404,0.0,0.0,1.870828693,1.1967674085284394,Klebsiella pneumoniae,0.8214202697954411,0.3753471387329983,15.731401252876502,6.6285764539401395
24,Al2O3,Bacillus subtilis,non-pathogenic,green_synthesis,MBC,quasi-spherical,Bacteria,Bacillota,Bacilli,Bacillales,Bacillaceae,Bacillus,p,soil,101.961276,26.38,0,0.16,30,24,51.55776403,85.5,13.5675,4.688846487,2.419736972541588,Klebsiella pneumoniae,2.046438091769806,0.37329888077178186,262.86754705208205,111.28537453416354
25,ZnO,Bacillus subtilis,non-pathogenic,chemical_synthesis,MBC,hexagonal,Bacteria,Bacillota,Bacilli,Bacillales,Bacillaceae,Bacillus,p,soil,81.3794,12.0,3,0.16,30,8,22.60496136,17.07,0.6865,4.082482905,2.0236242833948666,Klebsiella pneumoniae,1.6544896547046333,0.3691346286902333,105.59036311907558,45.1325274228348
26,CuO,Bacillus subtilis,non-pathogenic,green_synthesis,MBC,hexagonal,Bacteria,Bacillota,Bacilli,Bacillales,Bacillaceae,Bacillus,p,soil,79.5454,11.3,2,0.16,30,17,20.67942236,17.07,0.6865,1.651411411,3.523305215674381,Klebsiella pneumoniae,3.1559134506655093,0.36739176500887183,3336.608222254801,1431.9025109846775
27,ZnO,Bacillus subtilis,non-pathogenic,green_synthesis,MBC,quasi-spherical,Bacteria,Bacillota,Bacilli,Bacillales,Bacillaceae,Bacillus,p,soil,81.3794,45.26,1,0.16,30,8,22.60496136,17.07,0.6865,4.082482905,0.8972471348504566,Klebsiella pneumoniae,0.5299962714525284,0.36725086339792823,7.893091454447756,3.3884124707369287
28,Ag,Bacillus subtilis,non-pathogenic,chemical_synthesis,MIC,nanoplates,Bacteria,Bacillota,Bacilli,Bacillales,Bacillaceae,Bacillus,p,soil,107.87,11.3,2,0.16,30,11,23.00188061,0.0,0.0,1.78376517,1.943007349759191,Klebsiella pneumoniae,1.5785751512860875,0.3644321984731036,87.70156631452184,37.894410140804275
29,ZnO,Bacillus subtilis,non-pathogenic,chemical_synthesis,MBEC,cubic,Bacteria,Bacillota,Bacilli,Bacillales,Bacillaceae,Bacillus,p,soil,81.3794,6.0,18,0.16,30,8,22.60496136,17.07,0.6865,4.082482905,2.4698340699436767,Klebsiella pneumoniae,2.115111931930655,0.35472213801302166,295.008187921613,130.35026905543273
30,Au,Bacillus subtilis,non-pathogenic,chemical_synthesis,MIC,nanoplates,Bacteria,Bacillota,Bacilli,Bacillales,Bacillaceae,Bacillus,p,soil,196.966569,5.1,2,0.16,30,11,23.00188061,0.0,0.0,2.46797672,2.55863803287971,Klebsiella pneumoniae,2.204123549470467,0.35451448340924285,361.94120911484424,160.00131406843522
31,ZnO,Bacillus subtilis,non-pathogenic,chemical_synthesis,MBC,triangular,Bacteria,Bacillota,Bacilli,Bacillales,Bacillaceae,Bacillus,p,soil,81.3794,5.1,24,0.16,30,8,22.60496136,17.07,0.6865,4.082482905,1.0218186227919799,Klebsiella pneumoniae,0.6688726406025414,0.3529459821894385,10.515226279239624,4.665225497851922
32,TiO2,Bacillus subtilis,non-pathogenic,green_synthesis,MBEC,nanoplates,Bacteria,Bacillota,Bacilli,Bacillales,Bacillaceae,Bacillus,p,soil,79.866,10.0,18,0.16,30,16,26.40611331,34.14,1.373,2.878049394,3.293442831686731,Klebsiella pneumoniae,2.9415984461895244,0.3518443854972064,1965.3632531450248,874.175128787908
33,Pd,Bacillus subtilis,non-pathogenic,green_synthesis,MBEC,quasi-spherical,Bacteria,Bacillota,Bacilli,Bacillales,Bacillaceae,Bacillus,p,soil,195.084,37.86,2,0.16,30,10,21.14774404,0.0,0.0,1.870828693,1.090899686735929,Klebsiella pneumoniae,0.7415489340984888,0.3493507526374403,12.32820043780074,5.515043395915225
34,ZnO,Bacillus subtilis,non-pathogenic,green_synthesis,MBC,nanoplates,Bacteria,Bacillota,Bacilli,Bacillales,Bacillaceae,Bacillus,p,soil,81.3794,38.0,4,0.16,30,8,22.60496136,17.07,0.6865,4.082482905,1.2031427630696236,Klebsiella pneumoniae,0.8555323078398963,0.34761045522972733,15.964038374329995,7.170217139534993
35,ZnO,Bacillus subtilis,non-pathogenic,green_synthesis,MBC,rod-shaped,Bacteria,Bacillota,Bacilli,Bacillales,Bacillaceae,Bacillus,p,soil,81.3794,79.0,1,0.16,30,8,22.60496136,17.07,0.6865,4.082482905,1.196132295113264,Klebsiella pneumoniae,0.8491496242449692,0.3469826708682948,15.708412423050653,7.06560938515391
36,Ag,Bacillus subtilis,non-pathogenic,green_synthesis,MIC,spheroidal,Bacteria,Bacillota,Bacilli,Bacillales,Bacillaceae,Bacillus,p,soil,107.87,50.0,1,0.16,30,11,23.00188061,0.0,0.0,1.78376517,0.9683674647347539,Klebsiella pneumoniae,0.6218685557407075,0.34649890899404634,9.297527353486002,4.186668315704337
37,CuO,Bacillus subtilis,non-pathogenic,green_synthesis,MBEC,quasi-hexagonal,Bacteria,Bacillota,Bacilli,Bacillales,Bacillaceae,Bacillus,p,soil,79.5454,27.43,0,0.16,30,17,20.67942236,17.07,0.6865,1.651411411,2.3991957430796793,Klebsiella pneumoniae,2.0545348966688257,0.3446608464108536,250.72390488969052,113.37959378394562
38,ZnO,Bacillus subtilis,non-pathogenic,green_synthesis,MBEC,rod-shaped,Bacteria,Bacillota,Bacilli,Bacillales,Bacillaceae,Bacillus,p,soil,81.3794,8.7,18,0.16,30,8,22.60496136,17.07,0.6865,4.082482905,2.0570273853498335,Klebsiella pneumoniae,1.726550276163486,0.33047710918634743,114.03216906710786,53.27828984423023
39,ZnO,Bacillus subtilis,non-pathogenic,green_synthesis,MIC,tetragonal,Bacteria,Bacillota,Bacilli,Bacillales,Bacillaceae,Bacillus,p,soil,81.3794,6.0,2,0.16,30,8,22.60496136,17.07,0.6865,4.082482905,0.40704710895356055,Klebsiella pneumoniae,0.15297576965976512,0.25407133929379544,2.55297821525062,1.4222494341711005
40,Ni,Bacillus subtilis,non-pathogenic,green_synthesis,MBC,triangular,Bacteria,Bacillota,Bacilli,Bacillales,Bacillaceae,Bacillus,p,soil,58.6934,26.06,1,0.16,30,10,17.41523038,0.0,0.0,1.303840481,1.5875919939242489,Klebsiella pneumoniae,1.3529371843029165,0.23465480962133234,38.68939993259029,22.539131859803806
41,ZnO,Bacillus subtilis,non-pathogenic,green_synthesis,MBEC,tetragonal,Bacteria,Bacillota,Bacilli,Bacillales,Bacillaceae,Bacillus,p,soil,81.3794,12.0,3,0.16,30,8,22.60496136,17.07,0.6865,4.082482905,1.3160909990922636,Klebsiella pneumoniae,1.086736617007674,0.22935438208458958,20.70575157482741,12.21058910043536
42,Au,Bacillus subtilis,non-pathogenic,chemical_synthesis,MIC,cubic,Bacteria,Bacillota,Bacilli,Bacillales,Bacillaceae,Bacillus,p,soil,196.966569,38.0,3,0.16,30,11,23.00188061,0.0,0.0,2.46797672,1.842228398183013,Klebsiella pneumoniae,1.640991693482057,0.201236704700956,69.53899313531977,43.75137369873148
43,Ag,Bacillus subtilis,non-pathogenic,green_synthesis,MIC,triangular,Bacteria,Bacillota,Bacilli,Bacillales,Bacillaceae,Bacillus,p,soil,107.87,18.0,24,0.16,30,11,23.00188061,0.0,0.0,1.78376517,-0.3766996191977552,Klebsiella pneumoniae,-0.574983113886594,0.19828349468883877,0.42004941170778387,0.2660828515358228
44,ZnO,Bacillus subtilis,non-pathogenic,chemical_synthesis,MBEC,triangular,Bacteria,Bacillota,Bacilli,Bacillales,Bacillaceae,Bacillus,p,soil,81.3794,12.0,1,0.16,30,8,22.60496136,17.07,0.6865,4.082482905,0.43450468222831895,Klebsiella pneumoniae,0.25077421818455625,0.1837304640437627,2.719597806547957,1.7814523819167916
45,Pd,Bacillus subtilis,non-pathogenic,green_synthesis,MBEC,hexagonal,Bacteria,Bacillota,Bacilli,Bacillales,Bacillaceae,Bacillus,p,soil,195.084,45.26,4,0.16,30,10,21.14774404,0.0,0.0,1.870828693,1.7292313279016187,Klebsiella pneumoniae,1.5935575037009322,0.13567382420068652,53.608212679102344,39.224507895316485
46,Ag,Bacillus subtilis,non-pathogenic,green_synthesis,MBEC,tetragonal,Bacteria,Bacillota,Bacilli,Bacillales,Bacillaceae,Bacillus,p,soil,107.87,10.0,3,0.16,30,11,23.00188061,0.0,0.0,1.78376517,0.9836477080191902,Klebsiella pneumoniae,0.864370818212043,0.11927688980714723,9.630474996371154,7.317636262267113
47,Ag,Bacillus subtilis,non-pathogenic,green_synthesis,MBC,triangular,Bacteria,Bacillota,Bacilli,Bacillales,Bacillaceae,Bacillus,p,soil,107.8682,28.0,0,0.16,30,11,23.00188061,0.0,0.0,1.78376517,0.1670455802254347,Klebsiella pneumoniae,0.08282133523344792,0.08422424499198677,1.469080452995579,1.2101002070100457
48,ZnO,Bacillus subtilis,non-pathogenic,green_synthesis,MBC,rod-shaped,Bacteria,Bacillota,Bacilli,Bacillales,Bacillaceae,Bacillus,p,soil,81.3794,10.4,24,0.16,30,8,22.60496136,17.07,0.6865,4.082482905,2.495882937465523,Klebsiella pneumoniae,2.4372645243726274,0.058618413092895505,313.2441272096338,273.6935258281534
49,ZnO,Bacillus subtilis,non-pathogenic,chemical_synthesis,MBC,spherical,Bacteria,Bacillota,Bacilli,Bacillales,Bacillaceae,Bacillus,p,soil,81.3794,40.0,3,0.16,30,8,22.60496136,17.07,0.6865,4.082482905,1.9225934556123507,Klebsiella pneumoniae,1.8746084143453803,0.04798504126697045,83.67456352585675,74.921836498783
50,Ag,Bacillus subtilis,non-pathogenic,chemical_synthesis,MBC,quasi-hexagonal,Bacteria,Bacillota,Bacilli,Bacillales,Bacillaceae,Bacillus,p,soil,107.87,12.0,0,0.16,30,11,23.00188061,0.0,0.0,1.78376517,0.9235522667230979,Klebsiella pneumoniae,0.8944858326777363,0.029066434045361578,8.385949962639076,7.843065332364795
51,ZnO,Bacillus subtilis,non-pathogenic,green_synthesis,MBC,quasi-hexagonal,Bacteria,Bacillota,Bacilli,Bacillales,Bacillaceae,Bacillus,p,soil,81.3794,26.38,24,0.16,30,8,22.60496136,17.07,0.6865,4.082482905,1.1954390101218837,Klebsiella pneumoniae,1.1967567972422533,-0.0013177871203695624,15.683356339654203,15.731016886119754
52,TiO2,Bacillus subtilis,non-pathogenic,chemical_synthesis,MIC,quasi-spherical,Bacteria,Bacillota,Bacilli,Bacillales,Bacillaceae,Bacillus,p,soil,79.866,26.38,1,0.16,30,16,26.40611331,34.14,1.373,2.878049394,2.308578682309201,Klebsiella pneumoniae,2.3101748392750006,-0.0015961569657996222,203.50668610362825,204.2560077721217
53,CeO2,Bacillus subtilis,non-pathogenic,green_synthesis,MBC,nanoplates,Bacteria,Bacillota,Bacilli,Bacillales,Bacillaceae,Bacillus,p,soil,172.115,13.0,3,0.16,30,16,39.19032095,34.14,1.373,4.456551526,3.1104321440095553,Klebsiella pneumoniae,3.115369719728367,-0.004937575718811704,1289.5320602628406,1304.2766511982027
54,Ag,Bacillus subtilis,non-pathogenic,green_synthesis,MIC,quasi-spherical,Bacteria,Bacillota,Bacilli,Bacillales,Bacillaceae,Bacillus,p,soil,107.8682,45.26,0,0.16,30,11,23.00188061,0.0,0.0,1.78376517,0.6958063670564691,Klebsiella pneumoniae,0.72688926833854,-0.031082901282070807,4.963709619716715,5.331989289180914
55,CuO,Bacillus subtilis,non-pathogenic,chemical_synthesis,MBC,tetragonal,Bacteria,Bacillota,Bacilli,Bacillales,Bacillaceae,Bacillus,p,soil,79.5454,10.0,24,0.16,30,17,20.67942236,17.07,0.6865,1.651411411,1.7035180441846696,Klebsiella pneumoniae,1.8021180203676685,-0.09859997618299898,50.52636373344005,63.40419899876807
56,Ag,Bacillus subtilis,non-pathogenic,chemical_synthesis,MBEC,quasi-spherical,Bacteria,Bacillota,Bacilli,Bacillales,Bacillaceae,Bacillus,p,soil,107.8682,6.0,18,0.16,30,11,23.00188061,0.0,0.0,1.78376517,2.172276490586066,Klebsiella pneumoniae,2.2942641720111987,-0.12198768142513261,148.68819541629318,196.90836768316632
57,ZnO,Bacillus subtilis,non-pathogenic,green_synthesis,MBC,nanoplates,Bacteria,Bacillota,Bacilli,Bacillales,Bacillaceae,Bacillus,p,soil,81.3794,12.5,24,0.16,30,8,22.60496136,17.07,0.6865,4.082482905,2.77352513747413,Klebsiella pneumoniae,2.8955675913965147,-0.12204245392238455,593.6427079333708,786.2625515527349
58,Au,Bacillus subtilis,non-pathogenic,chemical_synthesis,MBC,hexagonal,Bacteria,Bacillota,Bacilli,Bacillales,Bacillaceae,Bacillus,p,soil,196.966569,17.5,18,0.16,30,11,23.00188061,0.0,0.0,2.46797672,1.6177278385664504,Klebsiella pneumoniae,1.778377703680703,-0.1606498651142525,41.46940828315244,60.0312938371963
59,Ag,Bacillus subtilis,non-pathogenic,green_synthesis,MBC,cubic,Bacteria,Bacillota,Bacilli,Bacillales,Bacillaceae,Bacillus,p,soil,107.87,12.5,0,0.16,30,11,23.00188061,0.0,0.0,1.78376517,2.046619488461992,Klebsiella pneumoniae,2.2243893156151504,-0.17776982715315848,111.33186606486885,167.64450221602067
