,np,bacteria,bac_type,np_synthesis,method,shape,kingdom,phylum,class,order,family,genus,gram,isolated_from,mol_weight (g/mol),np_size_avg (nm),time_set,"min_Incub_period, h","growth_temp, C",Valance_electron,labuteASA,tpsa,CrippenMR,chi0v,pred_MIC_norm,pathogenic_bacteria,pred_MIC_pathogen,Fitness,pred_norm_MIC_original,pred_path_MIC_original
0,ZnO,Bacillus subtilis,non-pathogenic,chemical_synthesis,MBC,quasi-hexagonal,Bacteria,Bacillota,Bacilli,Bacillales,Bacillaceae,Bacillus,p,soil,81.3794,6.0,2,0.16,30,8,22.60496136,17.07,0.6865,4.082482905,0.8907951724722368,Klebsiella pneumoniae,0.24738836575846146,0.6434068067137754,7.77669689992004,1.7676177978792647
1,Ag,Bacillus subtilis,non-pathogenic,chemical_synthesis,MIC,nanoplates,Bacteria,Bacillota,Bacilli,Bacillales,Bacillaceae,Bacillus,p,soil,107.87,5.1,1,0.16,30,11,23.00188061,0.0,0.0,1.78376517,1.9113864300890129,Klebsiella pneumoniae,1.3603761562921681,0.5510102737968448,81.54295208543807,22.928527057887848
2,ZnO,Bacillus subtilis,non-pathogenic,green_synthesis,MBEC,nanoplates,Bacteria,Bacillota,Bacilli,Bacillales,Bacillaceae,Bacillus,p,soil,81.3794,10.4,1,0.16,30,8,22.60496136,17.07,0.6865,4.082482905,2.5922989217628127,Klebsiella pneumoniae,2.099128218409485,0.4931707033533277,391.11000136606646,125.64008409369244
3,TiO2,Bacillus subtilis,non-pathogenic,green_synthesis,MIC,quasi-hexagonal,Bacteria,Bacillota,Bacilli,Bacillales,Bacillaceae,Bacillus,p,soil,79.866,12.0,4,0.16,30,16,26.40611331,34.14,1.373,2.878049394,1.7625584654848883,Klebsiella pneumoniae,1.2900421573607765,0.4725163081241117,57.883990754780854,19.50033882135404
4,Ag,Bacillus subtilis,non-pathogenic,chemical_synthesis,MBEC,tetragonal,Bacteria,Bacillota,Bacilli,Bacillales,Bacillaceae,Bacillus,p,soil,107.87,12.0,18,0.16,30,11,23.00188061,0.0,0.0,1.78376517,0.5989959173581711,Klebsiella pneumoniae,0.12889143251291602,0.47010448484525513,3.971878156361094,1.3455239500244383
5,ZnO,Bacillus subtilis,non-pathogenic,chemical_synthesis,MIC,quasi-hexagonal,Bacteria,Bacillota,Bacilli,Bacillales,Bacillaceae,Bacillus,p,soil,81.3794,8.7,3,0.16,30,8,22.60496136,17.07,0.6865,4.082482905,0.9033208792281684,Klebsiella pneumoniae,0.4940546709216298,0.4092662083065386,8.00425432297287,3.1192822285046313
6,Cu,Bacillus subtilis,non-pathogenic,green_synthesis,MBC,spheroidal,Bacteria,Bacillota,Bacilli,Bacillales,Bacillaceae,Bacillus,p,soil,63.55,6.0,1,0.16,30,11,17.96409803,0.0,0.0,1.243163121,2.253228842264295,Klebsiella pneumoniae,1.8532189978285363,0.40000984443575893,179.15496244329637,71.32125848519723
7,ZnO,Bacillus subtilis,non-pathogenic,chemical_synthesis,MBEC,rod-shaped,Bacteria,Bacillota,Bacilli,Bacillales,Bacillaceae,Bacillus,p,soil,81.3794,9.0,2,0.16,30,8,22.60496136,17.07,0.6865,4.082482905,1.8844950968065444,Klebsiella pneumoniae,1.4973504296315197,0.3871446671750247,76.64698866532704,31.43043774274809
8,Au,Bacillus subtilis,non-pathogenic,green_synthesis,MIC,quasi-spherical,Bacteria,Bacillota,Bacilli,Bacillales,Bacillaceae,Bacillus,p,soil,196.966569,79.0,1,0.16,30,11,23.00188061,0.0,0.0,2.46797672,1.0041684681544398,Klebsiella pneumoniae,0.6214672266097765,0.38270124154466334,10.0964446358965,4.182801225701654
9,ZnO,Bacillus subtilis,non-pathogenic,green_synthesis,MBC,nanoplates,Bacteria,Bacillota,Bacilli,Bacillales,Bacillaceae,Bacillus,p,soil,81.3794,28.0,4,0.16,30,8,22.60496136,17.07,0.6865,4.082482905,2.116242258789648,Klebsiella pneumoniae,1.7385962585915564,0.3776460001980917,130.68997015617694,54.776749666693014
10,Pd,Bacillus subtilis,non-pathogenic,green_synthesis,MBEC,quasi-spherical,Bacteria,Bacillota,Bacilli,Bacillales,Bacillaceae,Bacillus,p,soil,195.084,37.86,2,0.16,30,10,21.14774404,0.0,0.0,1.870828693,1.090899686735929,Klebsiella pneumoniae,0.7415489340984888,0.3493507526374403,12.32820043780074,5.515043395915225
11,ZnO,Bacillus subtilis,non-pathogenic,green_synthesis,MBC,nanoplates,Bacteria,Bacillota,Bacilli,Bacillales,Bacillaceae,Bacillus,p,soil,81.3794,38.0,4,0.16,30,8,22.60496136,17.07,0.6865,4.082482905,1.2031427630696236,Klebsiella pneumoniae,0.8555323078398963,0.34761045522972733,15.964038374329995,7.170217139534993
12,CuO,Bacillus subtilis,non-pathogenic,green_synthesis,MBEC,quasi-hexagonal,Bacteria,Bacillota,Bacilli,Bacillales,Bacillaceae,Bacillus,p,soil,79.5454,27.43,0,0.16,30,17,20.67942236,17.07,0.6865,1.651411411,2.3991957430796793,Klebsiella pneumoniae,2.0545348966688257,0.3446608464108536,250.72390488969052,113.37959378394562
13,Pd,Bacillus subtilis,non-pathogenic,green_synthesis,MBEC,cubic,Bacteria,Bacillota,Bacilli,Bacillales,Bacillaceae,Bacillus,p,soil,195.084,5.1,0,0.16,30,10,21.14774404,0.0,0.0,1.870828693,2.2531131194225025,Klebsiella pneumoniae,1.9267743964419688,0.3263387229805337,179.1072308687551,84.48398610136775
14,Ag,Bacillus subtilis,non-pathogenic,green_synthesis,MBEC,triangular,Bacteria,Bacillota,Bacilli,Bacillales,Bacillaceae,Bacillus,p,soil,107.87,9.0,18,0.16,30,11,23.00188061,0.0,0.0,1.78376517,0.3509646555658663,Klebsiella pneumoniae,0.025422231853952537,0.3255424237119138,2.243699316098264,1.0602840586661926
15,ZnO,Bacillus subtilis,non-pathogenic,green_synthesis,MBC,cubic,Bacteria,Bacillota,Bacilli,Bacillales,Bacillaceae,Bacillus,p,soil,81.3794,41.23,4,0.16,30,8,22.60496136,17.07,0.6865,4.082482905,1.2693591510550364,Klebsiella pneumoniae,0.9491487069935803,0.32021044406145605,18.593414499800474,8.895056417963435
16,Ag,Bacillus subtilis,non-pathogenic,green_synthesis,MIC,quasi-hexagonal,Bacteria,Bacillota,Bacilli,Bacillales,Bacillaceae,Bacillus,p,soil,107.87,8.0,3,0.16,30,11,23.00188061,0.0,0.0,1.78376517,1.232815183671808,Klebsiella pneumoniae,0.9165411179411241,0.31627406573068384,17.092877637894883,8.251656064453988
17,CeO2,Bacillus subtilis,non-pathogenic,green_synthesis,MBC,quasi-hexagonal,Bacteria,Bacillota,Bacilli,Bacillales,Bacillaceae,Bacillus,p,soil,172.115,37.86,1,0.16,30,16,39.19032095,34.14,1.373,4.456551526,1.2776080236812177,Klebsiella pneumoniae,0.9724357819686177,0.30517224171260005,18.949948048447624,9.38503252298997
18,Ag,Bacillus subtilis,non-pathogenic,chemical_synthesis,MIC,spheroidal,Bacteria,Bacillota,Bacilli,Bacillales,Bacillaceae,Bacillus,p,soil,107.87,37.86,3,0.16,30,11,23.00188061,0.0,0.0,1.78376517,0.9345465527063163,Klebsiella pneumoniae,0.6313446720273186,0.30320188067899767,8.600952569066465,4.279023504254851
19,CeO2,Bacillus subtilis,non-pathogenic,green_synthesis,MBC,spherical,Bacteria,Bacillota,Bacilli,Bacillales,Bacillaceae,Bacillus,p,soil,172.115,6.0,0,0.16,30,16,39.19032095,34.14,1.373,4.456551526,2.9488424335764236,Klebsiella pneumoniae,2.6483915228853165,0.3004509106911071,888.8785652293761,445.03228985581654
20,Al2O3,Bacillus subtilis,non-pathogenic,green_synthesis,MBEC,quasi-spherical,Bacteria,Bacillota,Bacilli,Bacillales,Bacillaceae,Bacillus,p,soil,101.961276,41.23,0,0.16,30,24,51.55776403,85.5,13.5675,4.688846487,1.9117094323179682,Klebsiella pneumoniae,1.611551987582132,0.30015744473583617,81.60362140850307,40.883868955735174
21,Ag,Bacillus subtilis,non-pathogenic,chemical_synthesis,MIC,rod-shaped,Bacteria,Bacillota,Bacilli,Bacillales,Bacillaceae,Bacillus,p,soil,107.87,18.0,3,0.16,30,11,23.00188061,0.0,0.0,1.78376517,0.8812238113870287,Klebsiella pneumoniae,0.5894036181591062,0.2918201932279224,7.6071820808664725,3.885112670947306
22,ZnO,Bacillus subtilis,non-pathogenic,green_synthesis,MBEC,rod-shaped,Bacteria,Bacillota,Bacilli,Bacillales,Bacillaceae,Bacillus,p,soil,81.3794,37.86,3,0.16,30,8,22.60496136,17.07,0.6865,4.082482905,1.3531140540374984,Klebsiella pneumoniae,1.0777632117493305,0.27535084228816786,22.548312962282345,11.960882161813979
23,ZnO,Bacillus subtilis,non-pathogenic,chemical_synthesis,MBEC,quasi-spherical,Bacteria,Bacillota,Bacilli,Bacillales,Bacillaceae,Bacillus,p,soil,81.3794,13.0,0,0.16,30,8,22.60496136,17.07,0.6865,4.082482905,2.0751075907460357,Klebsiella pneumoniae,1.805888865920807,0.2692187248252287,118.8796699706954,63.95711510496564
24,Au,Bacillus subtilis,non-pathogenic,chemical_synthesis,MIC,tetragonal,Bacteria,Bacillota,Bacilli,Bacillales,Bacillaceae,Bacillus,p,soil,196.966569,8.7,24,0.16,30,11,23.00188061,0.0,0.0,2.46797672,1.1490528932180497,Klebsiella pneumoniae,0.8852437705422377,0.263809122675812,14.094604477572151,7.677923321254858
25,Au,Bacillus subtilis,non-pathogenic,green_synthesis,MBEC,rod-shaped,Bacteria,Bacillota,Bacilli,Bacillales,Bacillaceae,Bacillus,p,soil,196.966569,37.86,0,0.16,30,11,23.00188061,0.0,0.0,2.46797672,1.2061378407728598,Klebsiella pneumoniae,0.945096568909474,0.26104127186338577,16.074513612193638,8.812448031716148
26,Ag,Bacillus subtilis,non-pathogenic,chemical_synthesis,MIC,spherical,Bacteria,Bacillota,Bacilli,Bacillales,Bacillaceae,Bacillus,p,soil,107.87,22.5,0,0.16,30,11,23.00188061,0.0,0.0,1.78376517,0.9107138133291556,Klebsiella pneumoniae,0.6557842876931033,0.2549295256360523,8.141675958713302,4.526726833706555
27,Cu,Bacillus subtilis,non-pathogenic,green_synthesis,MBC,hexagonal,Bacteria,Bacillota,Bacilli,Bacillales,Bacillaceae,Bacillus,p,soil,63.55,10.4,3,0.16,30,11,17.96409803,0.0,0.0,1.243163121,2.0822300782163987,Klebsiella pneumoniae,1.8299098754725525,0.25232020274384626,120.8453873807445,67.59426896195437
28,Au,Bacillus subtilis,non-pathogenic,green_synthesis,MIC,quasi-hexagonal,Bacteria,Bacillota,Bacilli,Bacillales,Bacillaceae,Bacillus,p,soil,196.966569,28.0,1,0.16,30,11,23.00188061,0.0,0.0,2.46797672,0.8206261945226166,Klebsiella pneumoniae,0.5851843283136726,0.23544186620894403,6.616467666548555,3.8475504960675275
29,Ag,Bacillus subtilis,non-pathogenic,green_synthesis,MBEC,quasi-hexagonal,Bacteria,Bacillota,Bacilli,Bacillales,Bacillaceae,Bacillus,p,soil,107.87,8.0,1,0.16,30,11,23.00188061,0.0,0.0,1.78376517,1.3885035899303553,Klebsiella pneumoniae,1.1605699494051271,0.22793364052522813,24.462654970921506,14.473379490242818
30,CuO,Bacillus subtilis,non-pathogenic,green_synthesis,MBEC,rod-shaped,Bacteria,Bacillota,Bacilli,Bacillales,Bacillaceae,Bacillus,p,soil,79.5454,28.0,3,0.16,30,17,20.67942236,17.07,0.6865,1.651411411,2.8510278413608146,Klebsiella pneumoniae,2.6277001140183343,0.2233277273424803,709.6232583961207,424.32645982892967
31,Al2O3,Bacillus subtilis,non-pathogenic,green_synthesis,MBEC,spheroidal,Bacteria,Bacillota,Bacilli,Bacillales,Bacillaceae,Bacillus,p,soil,101.961276,60.0,3,0.16,30,24,51.55776403,85.5,13.5675,4.688846487,2.0456243709623267,Klebsiella pneumoniae,1.8276296780561379,0.2179946929061889,111.07705864105212,67.24030551673911
32,Ag,Bacillus subtilis,non-pathogenic,chemical_synthesis,MBEC,spheroidal,Bacteria,Bacillota,Bacilli,Bacillales,Bacillaceae,Bacillus,p,soil,107.87,12.0,3,0.16,30,11,23.00188061,0.0,0.0,1.78376517,1.850788737055358,Klebsiella pneumoniae,1.639427936418504,0.21136080063685392,70.92326771562244,43.59412211694443
33,Au,Bacillus subtilis,non-pathogenic,green_synthesis,MBC,tetragonal,Bacteria,Bacillota,Bacilli,Bacillales,Bacillaceae,Bacillus,p,soil,196.966569,79.0,18,0.16,30,11,23.00188061,0.0,0.0,2.46797672,1.0043463143561704,Klebsiella pneumoniae,0.8030723294313722,0.2012739849247982,10.100580037362414,6.3543675164404005
34,Au,Bacillus subtilis,non-pathogenic,green_synthesis,MBC,quasi-spherical,Bacteria,Bacillota,Bacilli,Bacillales,Bacillaceae,Bacillus,p,soil,196.966569,22.5,3,0.16,30,11,23.00188061,0.0,0.0,2.46797672,1.209409810753962,Klebsiella pneumoniae,1.0133625024973791,0.1960473082565828,16.19607617633068,10.312465354067774
35,ZnO,Bacillus subtilis,non-pathogenic,chemical_synthesis,MBC,nanoplates,Bacteria,Bacillota,Bacilli,Bacillales,Bacillaceae,Bacillus,p,soil,81.3794,27.43,4,0.16,30,8,22.60496136,17.07,0.6865,4.082482905,1.6431905860351432,Klebsiella pneumoniae,1.4472346805893437,0.19595590544579955,43.973454645788706,28.004942195701627
36,Ag,Bacillus subtilis,non-pathogenic,green_synthesis,MIC,quasi-spherical,Bacteria,Bacillota,Bacilli,Bacillales,Bacillaceae,Bacillus,p,soil,107.87,100.0,2,0.16,30,11,23.00188061,0.0,0.0,1.78376517,0.7070555059144041,Klebsiella pneumoniae,0.5195288687043238,0.18752663721008034,5.093959713142711,3.3077209862585
37,ZnO,Bacillus subtilis,non-pathogenic,green_synthesis,MIC,spheroidal,Bacteria,Bacillota,Bacilli,Bacillales,Bacillaceae,Bacillus,p,soil,81.3794,11.3,0,0.16,30,8,22.60496136,17.07,0.6865,4.082482905,1.5312688160980574,Klebsiella pneumoniae,1.3460053411543331,0.1852634749437243,33.983555617741175,22.1822370037312
38,Ag,Bacillus subtilis,non-pathogenic,green_synthesis,MBC,spheroidal,Bacteria,Bacillota,Bacilli,Bacillales,Bacillaceae,Bacillus,p,soil,107.8682,18.0,4,0.16,30,11,23.00188061,0.0,0.0,1.78376517,1.3755585849020295,Klebsiella pneumoniae,1.195640963353001,0.17991762154902857,23.744257033762967,15.690651023687698
39,Au,Bacillus subtilis,non-pathogenic,green_synthesis,MBC,quasi-hexagonal,Bacteria,Bacillota,Bacilli,Bacillales,Bacillaceae,Bacillus,p,soil,196.966569,18.0,4,0.16,30,11,23.00188061,0.0,0.0,2.46797672,0.5357098740589232,Klebsiella pneumoniae,0.35924900655346215,0.17646086750546108,3.4332851420669606,2.2869096472684842
40,Ag,Bacillus subtilis,non-pathogenic,green_synthesis,MBEC,cubic,Bacteria,Bacillota,Bacilli,Bacillales,Bacillaceae,Bacillus,p,soil,107.87,8.0,4,0.16,30,11,23.00188061,0.0,0.0,1.78376517,2.4839858807285613,Klebsiella pneumoniae,2.3080020224822473,0.17598385824631402,304.77959016613164,203.23664755177833
41,ZnO,Bacillus subtilis,non-pathogenic,green_synthesis,MBEC,hexagonal,Bacteria,Bacillota,Bacilli,Bacillales,Bacillaceae,Bacillus,p,soil,81.3794,40.0,0,0.16,30,8,22.60496136,17.07,0.6865,4.082482905,1.7112578459038255,Klebsiella pneumoniae,1.5377905853099847,0.17346726059384077,51.434893615261075,34.49773528195538
42,Ag,Bacillus subtilis,non-pathogenic,green_synthesis,MBC,quasi-spherical,Bacteria,Bacillota,Bacilli,Bacillales,Bacillaceae,Bacillus,p,soil,107.87,50.0,2,0.16,30,11,23.00188061,0.0,0.0,1.78376517,0.6111888537699448,Klebsiella pneumoniae,0.43915180847680424,0.17203704529314057,4.084969833950228,2.74885485272008
43,ZnO,Bacillus subtilis,non-pathogenic,chemical_synthesis,MBEC,tetragonal,Bacteria,Bacillota,Bacilli,Bacillales,Bacillaceae,Bacillus,p,soil,81.3794,60.0,18,0.16,30,8,22.60496136,17.07,0.6865,4.082482905,0.7929733334642132,Klebsiella pneumoniae,0.637555796319464,0.15541753714474915,6.208309128200021,4.340660270310926
44,Ag,Bacillus subtilis,non-pathogenic,chemical_synthesis,MIC,rod-shaped,Bacteria,Bacillota,Bacilli,Bacillales,Bacillaceae,Bacillus,p,soil,107.87,38.0,4,0.16,30,11,23.00188061,0.0,0.0,1.78376517,0.8257740602049315,Klebsiella pneumoniae,0.7015411659534501,0.12423289425148143,6.695361955315185,5.029689390664843
45,ZnO,Bacillus subtilis,non-pathogenic,green_synthesis,MBEC,spheroidal,Bacteria,Bacillota,Bacilli,Bacillales,Bacillaceae,Bacillus,p,soil,81.3794,40.0,0,0.16,30,8,22.60496136,17.07,0.6865,4.082482905,1.8012511732719036,Klebsiella pneumoniae,1.7358295617584831,0.06542161151342052,63.27777111860847,54.42890054890986
46,Au,Bacillus subtilis,non-pathogenic,chemical_synthesis,MBEC,spherical,Bacteria,Bacillota,Bacilli,Bacillales,Bacillaceae,Bacillus,p,soil,196.966569,38.0,2,0.16,30,11,23.00188061,0.0,0.0,2.46797672,1.7274268408625228,Klebsiella pneumoniae,1.6759496065763413,0.05147723428618156,53.38593346504292,47.41869597147079
47,CeO2,Bacillus subtilis,non-pathogenic,green_synthesis,MIC,nanoplates,Bacteria,Bacillota,Bacilli,Bacillales,Bacillaceae,Bacillus,p,soil,172.115,5.1,24,0.16,30,16,39.19032095,34.14,1.373,4.456551526,3.5557708708999294,Klebsiella pneumoniae,3.5171158044551794,0.03865506644475003,3595.595853331345,3289.39330727873
48,Ag,Bacillus subtilis,non-pathogenic,green_synthesis,MBEC,spherical,Bacteria,Bacillota,Bacilli,Bacillales,Bacillaceae,Bacillus,p,soil,107.87,26.06,0,0.16,30,11,23.00188061,0.0,0.0,1.78376517,1.7034930809214899,Klebsiella pneumoniae,1.6724883073611756,0.03100477356031428,50.52345955961613,47.042274022486644
49,ZnO,Bacillus subtilis,non-pathogenic,chemical_synthesis,MBEC,cubic,Bacteria,Bacillota,Bacilli,Bacillales,Bacillaceae,Bacillus,p,soil,81.3794,50.0,0,0.16,30,8,22.60496136,17.07,0.6865,4.082482905,2.2275290849245626,Klebsiella pneumoniae,2.2179905872643486,0.009538497660213974,168.860894270847,165.19259946168225
50,Al2O3,Bacillus subtilis,non-pathogenic,chemical_synthesis,MBC,spherical,Bacteria,Bacillota,Bacilli,Bacillales,Bacillaceae,Bacillus,p,soil,101.961276,11.3,2,0.16,30,24,51.55776403,85.5,13.5675,4.688846487,2.5092675023852764,Klebsiella pneumoniae,2.508392916974721,0.0008745854105551842,323.0483315552628,322.3984290664228
51,CuO,Bacillus subtilis,non-pathogenic,chemical_synthesis,MBC,cubic,Bacteria,Bacillota,Bacilli,Bacillales,Bacillaceae,Bacillus,p,soil,79.5454,10.0,0,0.16,30,17,20.67942236,17.07,0.6865,1.651411411,2.886273981384392,Klebsiella pneumoniae,2.897734393751072,-0.01146041236667994,769.6158111948228,790.1952118213653
52,ZnO,Bacillus subtilis,non-pathogenic,chemical_synthesis,MBC,quasi-spherical,Bacteria,Bacillota,Bacilli,Bacillales,Bacillaceae,Bacillus,p,soil,81.3794,12.0,24,0.16,30,8,22.60496136,17.07,0.6865,4.082482905,1.9221833097183048,Klebsiella pneumoniae,1.9625693922325715,-0.040386082514266786,83.59557891992648,91.74225108429731
53,CuO,Bacillus subtilis,non-pathogenic,chemical_synthesis,MBC,triangular,Bacteria,Bacillota,Bacilli,Bacillales,Bacillaceae,Bacillus,p,soil,79.5454,44.45,2,0.16,30,17,20.67942236,17.07,0.6865,1.651411411,1.6259923555888791,Klebsiella pneumoniae,1.7252592804903073,-0.09926692490142819,42.26611745574008,53.12014850452131
54,Ag,Bacillus subtilis,non-pathogenic,chemical_synthesis,MBC,nanoplates,Bacteria,Bacillota,Bacilli,Bacillales,Bacillaceae,Bacillus,p,soil,107.87,35.0,3,0.16,30,11,23.00188061,0.0,0.0,1.78376517,1.6205763743518942,Klebsiella pneumoniae,1.7246687532241143,-0.10409237887222011,41.74229993702687,53.0479680364627
55,ZnO,Bacillus subtilis,non-pathogenic,green_synthesis,MIC,triangular,Bacteria,Bacillota,Bacilli,Bacillales,Bacillaceae,Bacillus,p,soil,81.3794,35.0,4,0.16,30,8,22.60496136,17.07,0.6865,4.082482905,-0.8640914648732223,Klebsiella pneumoniae,-0.7334690246824942,-0.1306224401907281,0.13674408045030673,0.1847272543793005
56,Ag,Bacillus subtilis,non-pathogenic,green_synthesis,MIC,quasi-spherical,Bacteria,Bacillota,Bacilli,Bacillales,Bacillaceae,Bacillus,p,soil,107.8682,18.0,24,0.16,30,11,23.00188061,0.0,0.0,1.78376517,0.9509247573371825,Klebsiella pneumoniae,1.0830696702466813,-0.1321449129094988,8.931507296116523,12.107923553047737
57,Al2O3,Bacillus subtilis,non-pathogenic,chemical_synthesis,MIC,rod-shaped,Bacteria,Bacillota,Bacilli,Bacillales,Bacillaceae,Bacillus,p,soil,101.961276,41.23,1,0.16,30,24,51.55776403,85.5,13.5675,4.688846487,1.9794196139235694,Klebsiella pneumoniae,2.115831631643578,-0.13641201772000855,95.37171974733673,130.56646067233387
58,ZnO,Bacillus subtilis,non-pathogenic,chemical_synthesis,MIC,tetragonal,Bacteria,Bacillota,Bacilli,Bacillales,Bacillaceae,Bacillus,p,soil,81.3794,44.45,2,0.16,30,8,22.60496136,17.07,0.6865,4.082482905,-0.2632744773896962,Klebsiella pneumoniae,-0.10774896313801685,-0.15552551425167938,0.5454130469788767,0.780281008940335
59,Au,Bacillus subtilis,non-pathogenic,chemical_synthesis,MBC,spheroidal,Bacteria,Bacillota,Bacilli,Bacillales,Bacillaceae,Bacillus,p,soil,196.966569,10.0,2,0.16,30,11,23.00188061,0.0,0.0,2.46797672,1.7651515978621697,Klebsiella pneumoniae,1.960362557223922,-0.19521095936175237,58.23064462498395,91.2772521093266
60,Ag,Bacillus subtilis,non-pathogenic,green_synthesis,MBEC,cubic,Bacteria,Bacillota,Bacilli,Bacillales,Bacillaceae,Bacillus,p,soil,107.87,18.0,24,0.16,30,11,23.00188061,0.0,0.0,1.78376517,1.9493043451231946,Klebsiella pneumoniae,2.2327593596856072,-0.2834550145624126,88.98244710922614,170.90680669519583
61,Ag,Bacillus subtilis,non-pathogenic,chemical_synthesis,MBC,nanoplates,Bacteria,Bacillota,Bacilli,Bacillales,Bacillaceae,Bacillus,p,soil,107.8682,8.7,24,0.16,30,11,23.00188061,0.0,0.0,1.78376517,2.004280366712402,Klebsiella pneumoniae,2.361945576296953,-0.35766520958455095,100.99046380108884,230.1153429820027
