,np,bacteria,bac_type,np_synthesis,method,shape,kingdom,phylum,class,order,family,genus,gram,isolated_from,mol_weight (g/mol),np_size_avg (nm),time_set,"min_Incub_period, h","growth_temp, C",Valance_electron,labuteASA,tpsa,CrippenMR,chi0v,pred_MIC_norm,pathogenic_bacteria,pred_MIC_pathogen,Fitness,pred_norm_MIC_original,pred_path_MIC_original
0,ZnO,Bacillus subtilis,non-pathogenic,green_synthesis,MBC,quasi-hexagonal,Bacteria,Bacillota,Bacilli,Bacillales,Bacillaceae,Bacillus,p,soil,81.3794,5.1,4,0.16,30,8,22.60496136,17.07,0.6865,4.082482905,1.3387006596391475,Klebsiella pneumoniae,0.4762037767985743,0.8624968828405732,21.812259690911823,2.9936689767698317
1,TiO2,Bacillus subtilis,non-pathogenic,green_synthesis,MBC,rod-shaped,Bacteria,Bacillota,Bacilli,Bacillales,Bacillaceae,Bacillus,p,soil,79.866,6.0,2,0.16,30,16,26.40611331,34.14,1.373,2.878049394,3.041888416199155,Klebsiella pneumoniae,2.379772494984189,0.6621159212149657,1101.2563260838785,239.757662029985
2,ZnO,Bacillus subtilis,non-pathogenic,green_synthesis,MBEC,spherical,Bacteria,Bacillota,Bacilli,Bacillales,Bacillaceae,Bacillus,p,soil,81.3794,5.1,0,0.16,30,8,22.60496136,17.07,0.6865,4.082482905,2.56444896747078,Klebsiella pneumoniae,1.9072794680109855,0.6571694994597945,366.8165884868991,80.77546522536798
3,Ag,Bacillus subtilis,non-pathogenic,green_synthesis,MIC,spheroidal,Bacteria,Bacillota,Bacilli,Bacillales,Bacillaceae,Bacillus,p,soil,107.87,50.0,18,0.16,30,11,23.00188061,0.0,0.0,1.78376517,0.9745455288699738,Klebsiella pneumoniae,0.35498861025762096,0.6195569186123528,9.430734725339864,2.264584916147646
4,ZnO,Bacillus subtilis,non-pathogenic,green_synthesis,MBEC,spheroidal,Bacteria,Bacillota,Bacilli,Bacillales,Bacillaceae,Bacillus,p,soil,81.3794,10.4,18,0.16,30,8,22.60496136,17.07,0.6865,4.082482905,2.484355947849278,Klebsiella pneumoniae,1.8824738565875796,0.6018820912616984,305.0394068989603,76.291096449852
5,TiO2,Bacillus subtilis,non-pathogenic,chemical_synthesis,MBC,cubic,Bacteria,Bacillota,Bacilli,Bacillales,Bacillaceae,Bacillus,p,soil,79.866,6.0,1,0.16,30,16,26.40611331,34.14,1.373,2.878049394,3.0267117033860425,Klebsiella pneumoniae,2.4365320993586477,0.5901796040273948,1063.436845254592,273.2323386548324
6,ZnO,Bacillus subtilis,non-pathogenic,green_synthesis,MBC,tetragonal,Bacteria,Bacillota,Bacilli,Bacillales,Bacillaceae,Bacillus,p,soil,81.3794,9.0,18,0.16,30,8,22.60496136,17.07,0.6865,4.082482905,1.7085480439138003,Klebsiella pneumoniae,1.1269649841593026,0.5815830597544978,51.1149621938815,13.395686777311841
7,Pd,Bacillus subtilis,non-pathogenic,chemical_synthesis,MIC,quasi-hexagonal,Bacteria,Bacillota,Bacilli,Bacillales,Bacillaceae,Bacillus,p,soil,195.084,8.0,0,0.16,30,10,21.14774404,0.0,0.0,1.870828693,0.5961122516982282,Klebsiella pneumoniae,0.01654401511036574,0.5795682365878625,3.945592702712533,1.0388288808748876
8,ZnO,Bacillus subtilis,non-pathogenic,green_synthesis,MBEC,triangular,Bacteria,Bacillota,Bacilli,Bacillales,Bacillaceae,Bacillus,p,soil,81.3794,6.0,18,0.16,30,8,22.60496136,17.07,0.6865,4.082482905,0.7305482127828238,Klebsiella pneumoniae,0.15147799769272874,0.579070215090095,5.377101231794221,1.417352903429221
9,Ag,Bacillus subtilis,non-pathogenic,chemical_synthesis,MIC,spheroidal,Bacteria,Bacillota,Bacilli,Bacillales,Bacillaceae,Bacillus,p,soil,107.87,6.0,4,0.16,30,11,23.00188061,0.0,0.0,1.78376517,1.2581406853207162,Klebsiella pneumoniae,0.6898562308573111,0.5682844544634051,18.11926953037063,4.896167094866514
10,ZnO,Bacillus subtilis,non-pathogenic,green_synthesis,MBEC,cubic,Bacteria,Bacillota,Bacilli,Bacillales,Bacillaceae,Bacillus,p,soil,81.3794,8.7,1,0.16,30,8,22.60496136,17.07,0.6865,4.082482905,2.5740735763035447,Klebsiella pneumoniae,2.0230586429382096,0.5510149333653351,375.0365339405238,105.45292802413893
11,Ag,Bacillus subtilis,non-pathogenic,chemical_synthesis,MIC,nanoplates,Bacteria,Bacillota,Bacilli,Bacillales,Bacillaceae,Bacillus,p,soil,107.87,5.1,1,0.16,30,11,23.00188061,0.0,0.0,1.78376517,1.9113864300890129,Klebsiella pneumoniae,1.3603761562921681,0.5510102737968448,81.54295208543807,22.928527057887848
12,CuO,Bacillus subtilis,non-pathogenic,green_synthesis,MBC,quasi-hexagonal,Bacteria,Bacillota,Bacilli,Bacillales,Bacillaceae,Bacillus,p,soil,79.5454,8.0,1,0.16,30,17,20.67942236,17.07,0.6865,1.651411411,2.6943650726433184,Klebsiella pneumoniae,2.144754185922233,0.5496108867210854,494.72638459738175,139.55782292599457
13,Pd,Bacillus subtilis,non-pathogenic,chemical_synthesis,MIC,quasi-hexagonal,Bacteria,Bacillota,Bacilli,Bacillales,Bacillaceae,Bacillus,p,soil,195.084,9.0,0,0.16,30,10,21.14774404,0.0,0.0,1.870828693,0.5886237739237976,Klebsiella pneumoniae,0.04494363523822642,0.5436801386855712,3.8781425982265736,1.109030870726965
14,ZnO,Bacillus subtilis,non-pathogenic,chemical_synthesis,MBEC,quasi-hexagonal,Bacteria,Bacillota,Bacilli,Bacillales,Bacillaceae,Bacillus,p,soil,81.3794,8.0,1,0.16,30,8,22.60496136,17.07,0.6865,4.082482905,1.2906590849316841,Klebsiella pneumoniae,0.7477127003305661,0.542946384601118,19.52805928730056,5.593874264200854
15,Al2O3,Bacillus subtilis,non-pathogenic,green_synthesis,MBC,quasi-hexagonal,Bacteria,Bacillota,Bacilli,Bacillales,Bacillaceae,Bacillus,p,soil,101.961276,6.0,4,0.16,30,24,51.55776403,85.5,13.5675,4.688846487,2.2914599909079163,Klebsiella pneumoniae,1.752382243332758,0.5390777475751583,195.641052660615,56.54344217290606
16,TiO2,Bacillus subtilis,non-pathogenic,green_synthesis,MBC,quasi-spherical,Bacteria,Bacillota,Bacilli,Bacillales,Bacillaceae,Bacillus,p,soil,79.866,22.5,4,0.16,30,16,26.40611331,34.14,1.373,2.878049394,2.5765842276873028,Klebsiella pneumoniae,2.0457588363266606,0.5308253913606422,377.21089473329613,111.11145541616642
17,CuO,Bacillus subtilis,non-pathogenic,green_synthesis,MBEC,quasi-hexagonal,Bacteria,Bacillota,Bacilli,Bacillales,Bacillaceae,Bacillus,p,soil,79.5454,6.0,18,0.16,30,17,20.67942236,17.07,0.6865,1.651411411,2.9237159506370585,Klebsiella pneumoniae,2.406322220884747,0.5173937297523117,838.9111190502181,254.87205515428636
18,ZnO,Bacillus subtilis,non-pathogenic,green_synthesis,MBC,triangular,Bacteria,Bacillota,Bacilli,Bacillales,Bacillaceae,Bacillus,p,soil,81.3794,10.0,18,0.16,30,8,22.60496136,17.07,0.6865,4.082482905,1.2203775041851226,Klebsiella pneumoniae,0.7065185226627613,0.5138589815223613,16.610301064571665,5.087665180776056
19,Ag,Bacillus subtilis,non-pathogenic,green_synthesis,MIC,spheroidal,Bacteria,Bacillota,Bacilli,Bacillales,Bacillaceae,Bacillus,p,soil,107.8682,6.0,18,0.16,30,11,23.00188061,0.0,0.0,1.78376517,1.419831797193971,Klebsiella pneumoniae,0.9096755943782149,0.510156202815756,26.292494829994123,8.122235816041684
20,ZnO,Bacillus subtilis,non-pathogenic,green_synthesis,MBC,quasi-spherical,Bacteria,Bacillota,Bacilli,Bacillales,Bacillaceae,Bacillus,p,soil,81.3794,18.0,4,0.16,30,8,22.60496136,17.07,0.6865,4.082482905,1.8671081400736098,Klebsiella pneumoniae,1.3645155656857884,0.5025925743878215,73.63904371543536,23.14811150406515
21,Ag,Bacillus subtilis,non-pathogenic,green_synthesis,MBEC,spheroidal,Bacteria,Bacillota,Bacilli,Bacillales,Bacillaceae,Bacillus,p,soil,107.87,50.0,18,0.16,30,11,23.00188061,0.0,0.0,1.78376517,1.5036509767863682,Klebsiella pneumoniae,1.0022879548360537,0.5013630219503145,31.889739880462074,10.052821121220795
22,TiO2,Bacillus subtilis,non-pathogenic,green_synthesis,MBEC,spherical,Bacteria,Bacillota,Bacilli,Bacillales,Bacillaceae,Bacillus,p,soil,79.866,8.0,0,0.16,30,16,26.40611331,34.14,1.373,2.878049394,2.956979335865547,Klebsiella pneumoniae,2.457544790762123,0.4994345451034241,905.6895063258218,286.77731267955767
23,ZnO,Bacillus subtilis,non-pathogenic,chemical_synthesis,MBC,quasi-hexagonal,Bacteria,Bacillota,Bacilli,Bacillales,Bacillaceae,Bacillus,p,soil,81.3794,10.4,2,0.16,30,8,22.60496136,17.07,0.6865,4.082482905,0.8130302410669269,Klebsiella pneumoniae,0.31697906863878766,0.49605117242813923,6.501749621593862,2.0748135168342596
24,Ag,Bacillus subtilis,non-pathogenic,green_synthesis,MBEC,spheroidal,Bacteria,Bacillota,Bacilli,Bacillales,Bacillaceae,Bacillus,p,soil,107.8682,27.43,18,0.16,30,11,23.00188061,0.0,0.0,1.78376517,1.4483534911457763,Klebsiella pneumoniae,0.9557956179477897,0.4925578731979866,28.077180318230383,9.032243099445385
25,ZnO,Bacillus subtilis,non-pathogenic,chemical_synthesis,MIC,rod-shaped,Bacteria,Bacillota,Bacilli,Bacillales,Bacillaceae,Bacillus,p,soil,81.3794,6.0,1,0.16,30,8,22.60496136,17.07,0.6865,4.082482905,1.3358299179104203,Klebsiella pneumoniae,0.8454400153252719,0.49038990258514836,21.66855336359053,7.005514161488808
26,Ag,Bacillus subtilis,non-pathogenic,green_synthesis,MBEC,tetragonal,Bacteria,Bacillota,Bacilli,Bacillales,Bacillaceae,Bacillus,p,soil,107.87,6.0,18,0.16,30,11,23.00188061,0.0,0.0,1.78376517,1.012308611802868,Klebsiella pneumoniae,0.5225741396295778,0.48973447217329014,10.28747071197764,3.330996218263592
27,ZnO,Bacillus subtilis,non-pathogenic,green_synthesis,MIC,nanoplates,Bacteria,Bacillota,Bacilli,Bacillales,Bacillaceae,Bacillus,p,soil,81.3794,8.0,4,0.16,30,8,22.60496136,17.07,0.6865,4.082482905,1.9197462177524425,Klebsiella pneumoniae,1.4418074410876534,0.4779387766647891,83.12778675850987,27.65715101680763
28,TiO2,Bacillus subtilis,non-pathogenic,green_synthesis,MIC,quasi-hexagonal,Bacteria,Bacillota,Bacilli,Bacillales,Bacillaceae,Bacillus,p,soil,79.866,12.0,4,0.16,30,16,26.40611331,34.14,1.373,2.878049394,1.7625584654848883,Klebsiella pneumoniae,1.2900421573607765,0.4725163081241117,57.883990754780854,19.50033882135404
29,CuO,Bacillus subtilis,non-pathogenic,green_synthesis,MBC,quasi-spherical,Bacteria,Bacillota,Bacilli,Bacillales,Bacillaceae,Bacillus,p,soil,79.5454,18.5,4,0.16,30,17,20.67942236,17.07,0.6865,1.651411411,2.8478951683888005,Klebsiella pneumoniae,2.3760019133094405,0.47189325507936,704.5229880713193,237.68507579551974
30,Pd,Bacillus subtilis,non-pathogenic,chemical_synthesis,MIC,hexagonal,Bacteria,Bacillota,Bacilli,Bacillales,Bacillaceae,Bacillus,p,soil,195.084,8.0,3,0.16,30,10,21.14774404,0.0,0.0,1.870828693,1.4326005650480444,Klebsiella pneumoniae,0.9609202516365808,0.47168031341146366,27.077001252388662,9.139454006495532
31,ZnO,Bacillus subtilis,non-pathogenic,green_synthesis,MBC,quasi-hexagonal,Bacteria,Bacillota,Bacilli,Bacillales,Bacillaceae,Bacillus,p,soil,81.3794,17.5,2,0.16,30,8,22.60496136,17.07,0.6865,4.082482905,1.0173511539960005,Klebsiella pneumoniae,0.5460273945562073,0.4713237594397932,10.407613457401922,3.515826170615137
32,Ag,Bacillus subtilis,non-pathogenic,chemical_synthesis,MBEC,tetragonal,Bacteria,Bacillota,Bacilli,Bacillales,Bacillaceae,Bacillus,p,soil,107.87,12.0,18,0.16,30,11,23.00188061,0.0,0.0,1.78376517,0.5989959173581711,Klebsiella pneumoniae,0.12889143251291602,0.47010448484525513,3.971878156361094,1.3455239500244383
33,ZnO,Bacillus subtilis,non-pathogenic,green_synthesis,MBC,quasi-hexagonal,Bacteria,Bacillota,Bacilli,Bacillales,Bacillaceae,Bacillus,p,soil,81.3794,79.0,0,0.16,30,8,22.60496136,17.07,0.6865,4.082482905,0.32985381824537363,Klebsiella pneumoniae,-0.13877178687821168,0.4686256051235853,2.137242581264964,0.7264876119568513
34,Ag,Bacillus subtilis,non-pathogenic,chemical_synthesis,MIC,quasi-hexagonal,Bacteria,Bacillota,Bacilli,Bacillales,Bacillaceae,Bacillus,p,soil,107.87,25.0,2,0.16,30,11,23.00188061,0.0,0.0,1.78376517,0.4346341039376569,Klebsiella pneumoniae,0.02215082181859973,0.41248328211905716,2.7204083797000007,1.0523272626601285
35,Ag,Bacillus subtilis,non-pathogenic,chemical_synthesis,MIC,quasi-hexagonal,Bacteria,Bacillota,Bacilli,Bacillales,Bacillaceae,Bacillus,p,soil,107.87,25.0,2,0.16,30,11,23.00188061,0.0,0.0,1.78376517,0.4346341039376569,Klebsiella pneumoniae,0.02215082181859973,0.41248328211905716,2.7204083797000007,1.0523272626601285
36,Ag,Bacillus subtilis,non-pathogenic,green_synthesis,MIC,cubic,Bacteria,Bacillota,Bacilli,Bacillales,Bacillaceae,Bacillus,p,soil,107.87,8.7,4,0.16,30,11,23.00188061,0.0,0.0,1.78376517,2.2654725131303883,Klebsiella pneumoniae,1.9794552337457023,0.286017279384686,184.27758544179935,95.37954223450011
37,Cu,Bacillus subtilis,non-pathogenic,green_synthesis,MBC,quasi-spherical,Bacteria,Bacillota,Bacilli,Bacillales,Bacillaceae,Bacillus,p,soil,63.55,26.06,3,0.16,30,11,17.96409803,0.0,0.0,1.243163121,1.5166190793109353,Klebsiella pneumoniae,1.2419213215419074,0.27469775776902794,32.85633208112934,17.45505901714549
38,CuO,Bacillus subtilis,non-pathogenic,green_synthesis,MBEC,hexagonal,Bacteria,Bacillota,Bacilli,Bacillales,Bacillaceae,Bacillus,p,soil,79.5454,20.0,4,0.16,30,17,20.67942236,17.07,0.6865,1.651411411,3.3806996474764346,Klebsiella pneumoniae,3.137052464839969,0.24364718263646568,2402.700548228248,1371.0473852090188
39,Au,Bacillus subtilis,non-pathogenic,chemical_synthesis,MBC,cubic,Bacteria,Bacillota,Bacilli,Bacillales,Bacillaceae,Bacillus,p,soil,196.966569,100.0,3,0.16,30,11,23.00188061,0.0,0.0,2.46797672,1.8017273125459732,Klebsiella pneumoniae,1.5742589950349557,0.22746831751101748,63.34718382196724,37.51966871266637
40,ZnO,Bacillus subtilis,non-pathogenic,green_synthesis,MBC,cubic,Bacteria,Bacillota,Bacilli,Bacillales,Bacillaceae,Bacillus,p,soil,81.3794,45.26,2,0.16,30,8,22.60496136,17.07,0.6865,4.082482905,1.4573815501444694,Klebsiella pneumoniae,1.253033669555755,0.20434788058871445,28.66695403945232,17.907446797473852
41,Al2O3,Bacillus subtilis,non-pathogenic,green_synthesis,MBC,nanoplates,Bacteria,Bacillota,Bacilli,Bacillales,Bacillaceae,Bacillus,p,soil,101.961276,17.5,2,0.16,30,24,51.55776403,85.5,13.5675,4.688846487,2.644670533611487,Klebsiella pneumoniae,2.4710792963273853,0.17359123728410175,441.2355882721067,295.85526091270145
42,Au,Bacillus subtilis,non-pathogenic,chemical_synthesis,MBEC,cubic,Bacteria,Bacillota,Bacilli,Bacillales,Bacillaceae,Bacillus,p,soil,196.966569,35.0,1,0.16,30,11,23.00188061,0.0,0.0,2.46797672,2.2453105407125724,Klebsiella pneumoniae,2.087535855144694,0.15777468556787833,175.9181060450368,122.33081106134458
43,Ag,Bacillus subtilis,non-pathogenic,green_synthesis,MIC,spheroidal,Bacteria,Bacillota,Bacilli,Bacillales,Bacillaceae,Bacillus,p,soil,107.87,13.0,2,0.16,30,11,23.00188061,0.0,0.0,1.78376517,1.6519984071820395,Klebsiella pneumoniae,1.5197696367818578,0.13222877040018166,44.87437441180555,33.09555258745952
44,ZnO,Bacillus subtilis,non-pathogenic,chemical_synthesis,MBEC,rod-shaped,Bacteria,Bacillota,Bacilli,Bacillales,Bacillaceae,Bacillus,p,soil,81.3794,22.5,4,0.16,30,8,22.60496136,17.07,0.6865,4.082482905,1.4799624053109528,Klebsiella pneumoniae,1.3632650137163296,0.11669739159462322,30.19690309684868,23.081552337845334
45,Ag,Bacillus subtilis,non-pathogenic,green_synthesis,MBEC,triangular,Bacteria,Bacillota,Bacilli,Bacillales,Bacillaceae,Bacillus,p,soil,107.87,38.0,24,0.16,30,11,23.00188061,0.0,0.0,1.78376517,-0.15664925933421725,Klebsiella pneumoniae,-0.2411554190937384,0.08450615975952114,0.6971893440520528,0.5739110423828987
46,CuO,Bacillus subtilis,non-pathogenic,chemical_synthesis,MBEC,quasi-hexagonal,Bacteria,Bacillota,Bacilli,Bacillales,Bacillaceae,Bacillus,p,soil,79.5454,18.0,2,0.16,30,17,20.67942236,17.07,0.6865,1.651411411,2.4820524550270946,Klebsiella pneumoniae,2.3977417819653453,0.08431067306174933,303.42576462657365,249.88591757255617
47,ZnO,Bacillus subtilis,non-pathogenic,green_synthesis,MIC,rod-shaped,Bacteria,Bacillota,Bacilli,Bacillales,Bacillaceae,Bacillus,p,soil,81.3794,25.0,0,0.16,30,8,22.60496136,17.07,0.6865,4.082482905,1.1354879508325222,Klebsiella pneumoniae,1.052455365386503,0.08303258544601921,13.661171732908945,11.283799623224466
48,Ag,Bacillus subtilis,non-pathogenic,green_synthesis,MIC,cubic,Bacteria,Bacillota,Bacilli,Bacillales,Bacillaceae,Bacillus,p,soil,107.8682,18.0,3,0.16,30,11,23.00188061,0.0,0.0,1.78376517,1.7771222189226232,Klebsiella pneumoniae,1.7354310289410382,0.04169118998158505,59.85800234322328,54.3789764668052
49,Au,Bacillus subtilis,non-pathogenic,green_synthesis,MBEC,cubic,Bacteria,Bacillota,Bacilli,Bacillales,Bacillaceae,Bacillus,p,soil,196.966569,26.38,4,0.16,30,11,23.00188061,0.0,0.0,2.46797672,1.890398976727917,Klebsiella pneumoniae,1.8885152636440363,0.0018837130838806893,77.69605653379953,77.3597867043417
50,Ag,Bacillus subtilis,non-pathogenic,chemical_synthesis,MBEC,cubic,Bacteria,Bacillota,Bacilli,Bacillales,Bacillaceae,Bacillus,p,soil,107.87,45.26,4,0.16,30,11,23.00188061,0.0,0.0,1.78376517,1.7891953270004428,Klebsiella pneumoniae,1.7956880885229822,-0.006492761522539414,61.545361506764074,62.47238532471209
51,Ag,Bacillus subtilis,non-pathogenic,chemical_synthesis,MIC,triangular,Bacteria,Bacillota,Bacilli,Bacillales,Bacillaceae,Bacillus,p,soil,107.8682,28.0,2,0.16,30,11,23.00188061,0.0,0.0,1.78376517,-0.3487808253822986,Klebsiella pneumoniae,-0.32846595786055,-0.020314867521748603,0.4479393078706899,0.4693902259918621
52,Ag,Bacillus subtilis,non-pathogenic,green_synthesis,MBC,quasi-hexagonal,Bacteria,Bacillota,Bacilli,Bacillales,Bacillaceae,Bacillus,p,soil,107.87,18.5,18,0.16,30,11,23.00188061,0.0,0.0,1.78376517,0.26377672862673984,Klebsiella pneumoniae,0.303638459188319,-0.039861730561579156,1.8355944191899798,2.012048565335135
53,Ag,Bacillus subtilis,non-pathogenic,green_synthesis,MIC,spherical,Bacteria,Bacillota,Bacilli,Bacillales,Bacillaceae,Bacillus,p,soil,107.8682,27.43,3,0.16,30,11,23.00188061,0.0,0.0,1.78376517,0.9511728827759298,Klebsiella pneumoniae,1.022632669657752,-0.07145978688182208,8.936611591591994,10.534954631188578
54,ZnO,Bacillus subtilis,non-pathogenic,green_synthesis,MIC,triangular,Bacteria,Bacillota,Bacilli,Bacillales,Bacillaceae,Bacillus,p,soil,81.3794,22.5,2,0.16,30,8,22.60496136,17.07,0.6865,4.082482905,-0.6102868501705596,Klebsiella pneumoniae,-0.526776892808785,-0.08350995736177458,0.24530881233135052,0.2973193037992209
55,Ag,Bacillus subtilis,non-pathogenic,chemical_synthesis,MBC,tetragonal,Bacteria,Bacillota,Bacilli,Bacillales,Bacillaceae,Bacillus,p,soil,107.87,35.0,1,0.16,30,11,23.00188061,0.0,0.0,1.78376517,0.3851771024653894,Klebsiella pneumoniae,0.485697035450553,-0.1005199329851636,2.4275998526929516,3.0598281478070595
56,Ag2O,Bacillus subtilis,non-pathogenic,green_synthesis,MBEC,rod-shaped,Bacteria,Bacillota,Bacilli,Bacillales,Bacillaceae,Bacillus,p,soil,231.7358,10.0,3,0.16,30,28,46.55109718,17.07,0.6865,3.975778631,2.332520163221637,Klebsiella pneumoniae,2.4373339510185494,-0.10481378779691264,215.04045150004808,273.7372821805562
57,Ag,Bacillus subtilis,non-pathogenic,chemical_synthesis,MBC,spherical,Bacteria,Bacillota,Bacilli,Bacillales,Bacillaceae,Bacillus,p,soil,107.87,38.0,2,0.16,30,11,23.00188061,0.0,0.0,1.78376517,1.222648081003664,Klebsiella pneumoniae,1.3510136989151291,-0.12836561791146517,16.6973703891508,22.439527034820593
58,Ag,Bacillus subtilis,non-pathogenic,chemical_synthesis,MBC,spheroidal,Bacteria,Bacillota,Bacilli,Bacillales,Bacillaceae,Bacillus,p,soil,107.8682,18.5,0,0.16,30,11,23.00188061,0.0,0.0,1.78376517,1.6281096744293855,Klebsiella pneumoniae,1.781208436235857,-0.15309876180647142,42.472680866407146,60.423855936109135
59,Pd,Bacillus subtilis,non-pathogenic,green_synthesis,MBC,hexagonal,Bacteria,Bacillota,Bacilli,Bacillales,Bacillaceae,Bacillus,p,soil,195.084,100.0,24,0.16,30,10,21.14774404,0.0,0.0,1.870828693,1.688589844555028,Klebsiella pneumoniae,1.8593750555604243,-0.17078521100539623,48.819108520215174,72.33942552823801
60,ZnO,Bacillus subtilis,non-pathogenic,chemical_synthesis,MIC,nanoplates,Bacteria,Bacillota,Bacilli,Bacillales,Bacillaceae,Bacillus,p,soil,81.3794,30.0,0,0.16,30,8,22.60496136,17.07,0.6865,4.082482905,2.0584103151775563,Klebsiella pneumoniae,2.292404325171589,-0.23399400999403275,114.39586200345344,196.06691935821436
