,np,bacteria,bac_type,np_synthesis,method,shape,kingdom,phylum,class,order,family,genus,gram,isolated_from,mol_weight (g/mol),np_size_avg (nm),time_set,"min_Incub_period, h","growth_temp, C",Valance_electron,labuteASA,tpsa,CrippenMR,chi0v,pred_MIC_norm,pathogenic_bacteria,pred_MIC_pathogen,Fitness,pred_norm_MIC_original,pred_path_MIC_original
0,ZnO,Bacillus subtilis,non-pathogenic,green_synthesis,MBEC,quasi-hexagonal,Bacteria,Bacillota,Bacilli,Bacillales,Bacillaceae,Bacillus,p,soil,81.3794,6.0,4,0.16,30,8,22.60496136,17.07,0.6865,4.082482905,1.4789275623111002,Klebsiella pneumoniae,0.6418145629545837,0.8371129993565165,30.125035149410888,4.383434919005843
1,TiO2,Bacillus subtilis,non-pathogenic,green_synthesis,MBC,rod-shaped,Bacteria,Bacillota,Bacilli,Bacillales,Bacillaceae,Bacillus,p,soil,79.866,6.0,2,0.16,30,16,26.40611331,34.14,1.373,2.878049394,3.041888416199155,Klebsiella pneumoniae,2.379772494984189,0.6621159212149657,1101.2563260838785,239.757662029985
2,ZnO,Bacillus subtilis,non-pathogenic,green_synthesis,MBEC,spherical,Bacteria,Bacillota,Bacilli,Bacillales,Bacillaceae,Bacillus,p,soil,81.3794,5.1,0,0.16,30,8,22.60496136,17.07,0.6865,4.082482905,2.56444896747078,Klebsiella pneumoniae,1.9072794680109855,0.6571694994597945,366.8165884868991,80.77546522536798
3,Ag,Bacillus subtilis,non-pathogenic,green_synthesis,MIC,spheroidal,Bacteria,Bacillota,Bacilli,Bacillales,Bacillaceae,Bacillus,p,soil,107.87,50.0,18,0.16,30,11,23.00188061,0.0,0.0,1.78376517,0.9745455288699738,Klebsiella pneumoniae,0.35498861025762096,0.6195569186123528,9.430734725339864,2.264584916147646
4,ZnO,Bacillus subtilis,non-pathogenic,green_synthesis,MBEC,spheroidal,Bacteria,Bacillota,Bacilli,Bacillales,Bacillaceae,Bacillus,p,soil,81.3794,10.4,18,0.16,30,8,22.60496136,17.07,0.6865,4.082482905,2.484355947849278,Klebsiella pneumoniae,1.8824738565875796,0.6018820912616984,305.0394068989603,76.291096449852
5,ZnO,Bacillus subtilis,non-pathogenic,chemical_synthesis,MIC,quasi-hexagonal,Bacteria,Bacillota,Bacilli,Bacillales,Bacillaceae,Bacillus,p,soil,81.3794,5.1,3,0.16,30,8,22.60496136,17.07,0.6865,4.082482905,0.960939538256493,Klebsiella pneumoniae,0.3754189203668734,0.5855206178896196,9.139859890284084,2.3736622358251
6,Pd,Bacillus subtilis,non-pathogenic,chemical_synthesis,MIC,quasi-hexagonal,Bacteria,Bacillota,Bacilli,Bacillales,Bacillaceae,Bacillus,p,soil,195.084,8.0,0,0.16,30,10,21.14774404,0.0,0.0,1.870828693,0.5961122516982282,Klebsiella pneumoniae,0.01654401511036574,0.5795682365878625,3.945592702712533,1.0388288808748876
7,ZnO,Bacillus subtilis,non-pathogenic,green_synthesis,MBEC,triangular,Bacteria,Bacillota,Bacilli,Bacillales,Bacillaceae,Bacillus,p,soil,81.3794,6.0,18,0.16,30,8,22.60496136,17.07,0.6865,4.082482905,0.7305482127828238,Klebsiella pneumoniae,0.15147799769272874,0.579070215090095,5.377101231794221,1.417352903429221
8,Ag,Bacillus subtilis,non-pathogenic,chemical_synthesis,MIC,spheroidal,Bacteria,Bacillota,Bacilli,Bacillales,Bacillaceae,Bacillus,p,soil,107.87,6.0,4,0.16,30,11,23.00188061,0.0,0.0,1.78376517,1.2581406853207162,Klebsiella pneumoniae,0.6898562308573111,0.5682844544634051,18.11926953037063,4.896167094866514
9,ZnO,Bacillus subtilis,non-pathogenic,green_synthesis,MBEC,cubic,Bacteria,Bacillota,Bacilli,Bacillales,Bacillaceae,Bacillus,p,soil,81.3794,8.7,1,0.16,30,8,22.60496136,17.07,0.6865,4.082482905,2.5740735763035447,Klebsiella pneumoniae,2.0230586429382096,0.5510149333653351,375.0365339405238,105.45292802413893
10,Ag,Bacillus subtilis,non-pathogenic,chemical_synthesis,MIC,nanoplates,Bacteria,Bacillota,Bacilli,Bacillales,Bacillaceae,Bacillus,p,soil,107.87,5.1,1,0.16,30,11,23.00188061,0.0,0.0,1.78376517,1.9113864300890129,Klebsiella pneumoniae,1.3603761562921681,0.5510102737968448,81.54295208543807,22.928527057887848
11,CuO,Bacillus subtilis,non-pathogenic,green_synthesis,MBC,quasi-hexagonal,Bacteria,Bacillota,Bacilli,Bacillales,Bacillaceae,Bacillus,p,soil,79.5454,8.0,1,0.16,30,17,20.67942236,17.07,0.6865,1.651411411,2.6943650726433184,Klebsiella pneumoniae,2.144754185922233,0.5496108867210854,494.72638459738175,139.55782292599457
12,Pd,Bacillus subtilis,non-pathogenic,chemical_synthesis,MIC,quasi-hexagonal,Bacteria,Bacillota,Bacilli,Bacillales,Bacillaceae,Bacillus,p,soil,195.084,9.0,0,0.16,30,10,21.14774404,0.0,0.0,1.870828693,0.5886237739237976,Klebsiella pneumoniae,0.04494363523822642,0.5436801386855712,3.8781425982265736,1.109030870726965
13,ZnO,Bacillus subtilis,non-pathogenic,chemical_synthesis,MBC,quasi-hexagonal,Bacteria,Bacillota,Bacilli,Bacillales,Bacillaceae,Bacillus,p,soil,81.3794,8.0,2,0.16,30,8,22.60496136,17.07,0.6865,4.082482905,0.8193853935058132,Klebsiella pneumoniae,0.2776089286516221,0.5417764648541911,6.597591066634872,1.8949987535847832
14,TiO2,Bacillus subtilis,non-pathogenic,green_synthesis,MBEC,nanoplates,Bacteria,Bacillota,Bacilli,Bacillales,Bacillaceae,Bacillus,p,soil,79.866,8.7,0,0.16,30,16,26.40611331,34.14,1.373,2.878049394,3.3669810231629738,Klebsiella pneumoniae,2.8525925716185867,0.5143884515443871,2327.989532119328,712.1845888359233
15,ZnO,Bacillus subtilis,non-pathogenic,green_synthesis,MBC,triangular,Bacteria,Bacillota,Bacilli,Bacillales,Bacillaceae,Bacillus,p,soil,81.3794,10.0,18,0.16,30,8,22.60496136,17.07,0.6865,4.082482905,1.2203775041851226,Klebsiella pneumoniae,0.7065185226627613,0.5138589815223613,16.610301064571665,5.087665180776056
16,Ag,Bacillus subtilis,non-pathogenic,green_synthesis,MIC,spheroidal,Bacteria,Bacillota,Bacilli,Bacillales,Bacillaceae,Bacillus,p,soil,107.8682,6.0,18,0.16,30,11,23.00188061,0.0,0.0,1.78376517,1.419831797193971,Klebsiella pneumoniae,0.9096755943782149,0.510156202815756,26.292494829994123,8.122235816041684
17,ZnO,Bacillus subtilis,non-pathogenic,green_synthesis,MBC,quasi-spherical,Bacteria,Bacillota,Bacilli,Bacillales,Bacillaceae,Bacillus,p,soil,81.3794,18.0,4,0.16,30,8,22.60496136,17.07,0.6865,4.082482905,1.8671081400736098,Klebsiella pneumoniae,1.3645155656857884,0.5025925743878215,73.63904371543536,23.14811150406515
18,Ag,Bacillus subtilis,non-pathogenic,green_synthesis,MBEC,spheroidal,Bacteria,Bacillota,Bacilli,Bacillales,Bacillaceae,Bacillus,p,soil,107.87,50.0,18,0.16,30,11,23.00188061,0.0,0.0,1.78376517,1.5036509767863682,Klebsiella pneumoniae,1.0022879548360537,0.5013630219503145,31.889739880462074,10.052821121220795
19,TiO2,Bacillus subtilis,non-pathogenic,green_synthesis,MBEC,spherical,Bacteria,Bacillota,Bacilli,Bacillales,Bacillaceae,Bacillus,p,soil,79.866,8.0,0,0.16,30,16,26.40611331,34.14,1.373,2.878049394,2.956979335865547,Klebsiella pneumoniae,2.457544790762123,0.4994345451034241,905.6895063258218,286.77731267955767
20,ZnO,Bacillus subtilis,non-pathogenic,chemical_synthesis,MBC,quasi-hexagonal,Bacteria,Bacillota,Bacilli,Bacillales,Bacillaceae,Bacillus,p,soil,81.3794,10.4,2,0.16,30,8,22.60496136,17.07,0.6865,4.082482905,0.8130302410669269,Klebsiella pneumoniae,0.31697906863878766,0.49605117242813923,6.501749621593862,2.0748135168342596
21,Ag,Bacillus subtilis,non-pathogenic,green_synthesis,MBEC,spheroidal,Bacteria,Bacillota,Bacilli,Bacillales,Bacillaceae,Bacillus,p,soil,107.8682,27.43,18,0.16,30,11,23.00188061,0.0,0.0,1.78376517,1.4483534911457763,Klebsiella pneumoniae,0.9557956179477897,0.4925578731979866,28.077180318230383,9.032243099445385
22,ZnO,Bacillus subtilis,non-pathogenic,chemical_synthesis,MIC,rod-shaped,Bacteria,Bacillota,Bacilli,Bacillales,Bacillaceae,Bacillus,p,soil,81.3794,6.0,1,0.16,30,8,22.60496136,17.07,0.6865,4.082482905,1.3358299179104203,Klebsiella pneumoniae,0.8454400153252719,0.49038990258514836,21.66855336359053,7.005514161488808
23,Ag,Bacillus subtilis,non-pathogenic,green_synthesis,MBEC,spheroidal,Bacteria,Bacillota,Bacilli,Bacillales,Bacillaceae,Bacillus,p,soil,107.87,40.0,18,0.16,30,11,23.00188061,0.0,0.0,1.78376517,1.2562780761668655,Klebsiella pneumoniae,0.7670125250521651,0.4892655511147004,18.041725720431252,5.848069497327749
24,ZnO,Bacillus subtilis,non-pathogenic,chemical_synthesis,MBC,spheroidal,Bacteria,Bacillota,Bacilli,Bacillales,Bacillaceae,Bacillus,p,soil,81.3794,12.0,18,0.16,30,8,22.60496136,17.07,0.6865,4.082482905,1.8643990593128623,Klebsiella pneumoniae,1.3917533975742562,0.4726456617386061,73.18112125607388,24.64639460687287
25,TiO2,Bacillus subtilis,non-pathogenic,green_synthesis,MIC,quasi-hexagonal,Bacteria,Bacillota,Bacilli,Bacillales,Bacillaceae,Bacillus,p,soil,79.866,12.0,4,0.16,30,16,26.40611331,34.14,1.373,2.878049394,1.7625584654848883,Klebsiella pneumoniae,1.2900421573607765,0.4725163081241117,57.883990754780854,19.50033882135404
26,CuO,Bacillus subtilis,non-pathogenic,green_synthesis,MBC,quasi-spherical,Bacteria,Bacillota,Bacilli,Bacillales,Bacillaceae,Bacillus,p,soil,79.5454,18.5,4,0.16,30,17,20.67942236,17.07,0.6865,1.651411411,2.8478951683888005,Klebsiella pneumoniae,2.3760019133094405,0.47189325507936,704.5229880713193,237.68507579551974
27,Pd,Bacillus subtilis,non-pathogenic,chemical_synthesis,MIC,hexagonal,Bacteria,Bacillota,Bacilli,Bacillales,Bacillaceae,Bacillus,p,soil,195.084,8.0,3,0.16,30,10,21.14774404,0.0,0.0,1.870828693,1.4326005650480444,Klebsiella pneumoniae,0.9609202516365808,0.47168031341146366,27.077001252388662,9.139454006495532
28,ZnO,Bacillus subtilis,non-pathogenic,green_synthesis,MBC,quasi-hexagonal,Bacteria,Bacillota,Bacilli,Bacillales,Bacillaceae,Bacillus,p,soil,81.3794,17.5,2,0.16,30,8,22.60496136,17.07,0.6865,4.082482905,1.0173511539960005,Klebsiella pneumoniae,0.5460273945562073,0.4713237594397932,10.407613457401922,3.515826170615137
29,Ag,Bacillus subtilis,non-pathogenic,chemical_synthesis,MBEC,tetragonal,Bacteria,Bacillota,Bacilli,Bacillales,Bacillaceae,Bacillus,p,soil,107.87,12.0,18,0.16,30,11,23.00188061,0.0,0.0,1.78376517,0.5989959173581711,Klebsiella pneumoniae,0.12889143251291602,0.47010448484525513,3.971878156361094,1.3455239500244383
30,ZnO,Bacillus subtilis,non-pathogenic,green_synthesis,MBC,quasi-hexagonal,Bacteria,Bacillota,Bacilli,Bacillales,Bacillaceae,Bacillus,p,soil,81.3794,79.0,0,0.16,30,8,22.60496136,17.07,0.6865,4.082482905,0.32985381824537363,Klebsiella pneumoniae,-0.13877178687821168,0.4686256051235853,2.137242581264964,0.7264876119568513
31,ZnO,Bacillus subtilis,non-pathogenic,green_synthesis,MBC,quasi-spherical,Bacteria,Bacillota,Bacilli,Bacillales,Bacillaceae,Bacillus,p,soil,81.3794,100.0,0,0.16,30,8,22.60496136,17.07,0.6865,4.082482905,0.7965871265837352,Klebsiella pneumoniae,0.33182950393704425,0.46475762264669096,6.260184408736074,2.1469874406973477
32,CuO,Bacillus subtilis,non-pathogenic,green_synthesis,MBEC,quasi-hexagonal,Bacteria,Bacillota,Bacilli,Bacillales,Bacillaceae,Bacillus,p,soil,79.5454,8.7,0,0.16,30,17,20.67942236,17.07,0.6865,1.651411411,2.949726430316382,Klebsiella pneumoniae,2.486003786682003,0.4637226436343793,890.6897003781473,306.1990131548603
33,TiO2,Bacillus subtilis,non-pathogenic,chemical_synthesis,MBC,cubic,Bacteria,Bacillota,Bacilli,Bacillales,Bacillaceae,Bacillus,p,soil,79.866,10.0,0,0.16,30,16,26.40611331,34.14,1.373,2.878049394,3.0564946190557123,Klebsiella pneumoniae,2.5988342929011368,0.4576603261545755,1138.9236704305006,397.040028077357
34,ZnO,Bacillus subtilis,non-pathogenic,chemical_synthesis,MBEC,quasi-spherical,Bacteria,Bacillota,Bacilli,Bacillales,Bacillaceae,Bacillus,p,soil,81.3794,10.0,2,0.16,30,8,22.60496136,17.07,0.6865,4.082482905,2.0714138809964253,Klebsiella pneumoniae,1.6149567509144058,0.4564571300820195,117.8728762475392,41.20564825329539
35,CeO2,Bacillus subtilis,non-pathogenic,green_synthesis,MIC,rod-shaped,Bacteria,Bacillota,Bacilli,Bacillales,Bacillaceae,Bacillus,p,soil,172.115,5.1,3,0.16,30,16,39.19032095,34.14,1.373,4.456551526,2.7929147652528323,Klebsiella pneumoniae,2.343408506450335,0.44950625880249717,620.7471942696386,220.49995564887305
36,Ag,Bacillus subtilis,non-pathogenic,chemical_synthesis,MBEC,spheroidal,Bacteria,Bacillota,Bacilli,Bacillales,Bacillaceae,Bacillus,p,soil,107.87,44.45,18,0.16,30,11,23.00188061,0.0,0.0,1.78376517,1.3992625809388728,Klebsiella pneumoniae,0.9504920038133788,0.44877057712549395,25.07624942324781,8.922611912126598
37,ZnO,Bacillus subtilis,non-pathogenic,green_synthesis,MBC,quasi-hexagonal,Bacteria,Bacillota,Bacilli,Bacillales,Bacillaceae,Bacillus,p,soil,81.3794,12.5,2,0.16,30,8,22.60496136,17.07,0.6865,4.082482905,1.2913113124572424,Klebsiella pneumoniae,0.8478427078515486,0.4434686046056938,19.557408742991964,7.044378904616962
38,Ag,Bacillus subtilis,non-pathogenic,chemical_synthesis,MIC,quasi-spherical,Bacteria,Bacillota,Bacilli,Bacillales,Bacillaceae,Bacillus,p,soil,107.87,10.0,4,0.16,30,11,23.00188061,0.0,0.0,1.78376517,1.3810384096777342,Klebsiella pneumoniae,0.9457364122525349,0.43530199742519926,24.045754549866697,8.825440925090998
39,Pd,Bacillus subtilis,non-pathogenic,green_synthesis,MBC,hexagonal,Bacteria,Bacillota,Bacilli,Bacillales,Bacillaceae,Bacillus,p,soil,195.084,44.45,0,0.16,30,10,21.14774404,0.0,0.0,1.870828693,1.305809648137175,Klebsiella pneumoniae,0.9624623591974469,0.3433472889397281,20.22132680908163,9.171964374739527
40,Ag,Bacillus subtilis,non-pathogenic,chemical_synthesis,MIC,spherical,Bacteria,Bacillota,Bacilli,Bacillales,Bacillaceae,Bacillus,p,soil,107.87,5.1,18,0.16,30,11,23.00188061,0.0,0.0,1.78376517,1.3346626414140652,Klebsiella pneumoniae,1.0386109103643772,0.29605173104968796,21.610391831259513,10.929767165472338
41,Ag,Bacillus subtilis,non-pathogenic,green_synthesis,MIC,quasi-hexagonal,Bacteria,Bacillota,Bacilli,Bacillales,Bacillaceae,Bacillus,p,soil,107.87,26.38,4,0.16,30,11,23.00188061,0.0,0.0,1.78376517,0.668895352026355,Klebsiella pneumoniae,0.4334522998085515,0.23544305221780348,4.665469472132877,2.7130156551033675
42,Ag,Bacillus subtilis,non-pathogenic,chemical_synthesis,MIC,quasi-spherical,Bacteria,Bacillota,Bacilli,Bacillales,Bacillaceae,Bacillus,p,soil,107.87,11.3,24,0.16,30,11,23.00188061,0.0,0.0,1.78376517,1.4412482135584461,Klebsiella pneumoniae,1.2267678205634645,0.21448039299498167,27.62156068078322,16.85651613343596
43,ZnO,Bacillus subtilis,non-pathogenic,chemical_synthesis,MBC,cubic,Bacteria,Bacillota,Bacilli,Bacillales,Bacillaceae,Bacillus,p,soil,81.3794,27.43,1,0.16,30,8,22.60496136,17.07,0.6865,4.082482905,1.6463829581944363,Klebsiella pneumoniae,1.4365042945422837,0.20987866365215258,44.29788161786689,27.32148460728956
44,ZnO,Bacillus subtilis,non-pathogenic,green_synthesis,MBC,spherical,Bacteria,Bacillota,Bacilli,Bacillales,Bacillaceae,Bacillus,p,soil,81.3794,20.0,18,0.16,30,8,22.60496136,17.07,0.6865,4.082482905,2.0154853477069903,Klebsiella pneumoniae,1.863979194181535,0.15150615352545538,103.62996410069962,73.11040575199233
45,Ag,Bacillus subtilis,non-pathogenic,chemical_synthesis,MBEC,quasi-hexagonal,Bacteria,Bacillota,Bacilli,Bacillales,Bacillaceae,Bacillus,p,soil,107.87,37.86,1,0.16,30,11,23.00188061,0.0,0.0,1.78376517,0.3878254961037928,Klebsiella pneumoniae,0.2611120594427463,0.1267134366610465,2.442448954913511,1.8243663762865983
46,ZnO,Bacillus subtilis,non-pathogenic,green_synthesis,MBC,triangular,Bacteria,Bacillota,Bacilli,Bacillales,Bacillaceae,Bacillus,p,soil,81.3794,44.45,24,0.16,30,8,22.60496136,17.07,0.6865,4.082482905,0.7160329618023744,Klebsiella pneumoniae,0.612844148858869,0.10318881294350546,5.200354643518845,4.100569233413045
47,Ag,Bacillus subtilis,non-pathogenic,green_synthesis,MBEC,rod-shaped,Bacteria,Bacillota,Bacilli,Bacillales,Bacillaceae,Bacillus,p,soil,107.8682,100.0,0,0.16,30,11,23.00188061,0.0,0.0,1.78376517,1.2202352572636057,Klebsiella pneumoniae,1.1246456111416108,0.09558964612199494,16.604861489841053,13.32433708526749
48,Pd,Bacillus subtilis,non-pathogenic,chemical_synthesis,MBEC,triangular,Bacteria,Bacillota,Bacilli,Bacillales,Bacillaceae,Bacillus,p,soil,195.084,50.0,18,0.16,30,10,21.14774404,0.0,0.0,1.870828693,0.32108733349939556,Klebsiella pneumoniae,0.25884679519657605,0.062240538302819504,2.094533609161143,1.814875321536358
49,ZnO,Bacillus subtilis,non-pathogenic,green_synthesis,MIC,nanoplates,Bacteria,Bacillota,Bacilli,Bacillales,Bacillaceae,Bacillus,p,soil,81.3794,25.0,3,0.16,30,8,22.60496136,17.07,0.6865,4.082482905,1.7328438237708583,Klebsiella pneumoniae,1.6923752004012933,0.04046862336956503,54.05598977540079,49.2464807492458
50,ZnO,Bacillus subtilis,non-pathogenic,green_synthesis,MIC,spheroidal,Bacteria,Bacillota,Bacilli,Bacillales,Bacillaceae,Bacillus,p,soil,81.3794,50.0,0,0.16,30,8,22.60496136,17.07,0.6865,4.082482905,1.0699943677166415,Klebsiella pneumoniae,1.0571033634369726,0.012891004279668827,11.748823180131744,11.40521202853358
51,Au,Bacillus subtilis,non-pathogenic,green_synthesis,MBEC,triangular,Bacteria,Bacillota,Bacilli,Bacillales,Bacillaceae,Bacillus,p,soil,196.966569,79.0,1,0.16,30,11,23.00188061,0.0,0.0,2.46797672,0.23673390415964657,Klebsiella pneumoniae,0.22393406430614893,0.012799839853497641,1.7247807806464381,1.6746886012378117
52,CeO2,Bacillus subtilis,non-pathogenic,green_synthesis,MBC,quasi-hexagonal,Bacteria,Bacillota,Bacilli,Bacillales,Bacillaceae,Bacillus,p,soil,172.115,12.5,2,0.16,30,16,39.19032095,34.14,1.373,4.456551526,2.357744506627361,Klebsiella pneumoniae,2.3661879209911665,-0.00844341436380569,227.9000952159843,232.3742071506854
53,Au,Bacillus subtilis,non-pathogenic,chemical_synthesis,MBC,spherical,Bacteria,Bacillota,Bacilli,Bacillales,Bacillaceae,Bacillus,p,soil,196.966569,8.7,1,0.16,30,11,23.00188061,0.0,0.0,2.46797672,1.5543655684414277,Klebsiella pneumoniae,1.5998527188650553,-0.04548715042362761,35.83979925533609,39.79721844154414
54,ZnO,Bacillus subtilis,non-pathogenic,chemical_synthesis,MBEC,quasi-spherical,Bacteria,Bacillota,Bacilli,Bacillales,Bacillaceae,Bacillus,p,soil,81.3794,37.86,18,0.16,30,8,22.60496136,17.07,0.6865,4.082482905,1.3589481931524596,Klebsiella pneumoniae,1.4100251235594716,-0.051076930407012,22.853261712987308,25.705444822387328
55,Al2O3,Bacillus subtilis,non-pathogenic,green_synthesis,MIC,spherical,Bacteria,Bacillota,Bacilli,Bacillales,Bacillaceae,Bacillus,p,soil,101.961276,18.5,18,0.16,30,24,51.55776403,85.5,13.5675,4.688846487,1.9549663893030895,Klebsiella pneumoniae,2.0645397280516824,-0.10957333874859287,90.15013663724577,116.02183448420898
56,ZnO,Bacillus subtilis,non-pathogenic,chemical_synthesis,MIC,spheroidal,Bacteria,Bacillota,Bacilli,Bacillales,Bacillaceae,Bacillus,p,soil,81.3794,60.0,0,0.16,30,8,22.60496136,17.07,0.6865,4.082482905,0.9638712599643738,Klebsiella pneumoniae,1.1486306757527884,-0.1847594157884146,9.201767588261,14.080908479554768
57,Cu,Bacillus subtilis,non-pathogenic,chemical_synthesis,MIC,quasi-hexagonal,Bacteria,Bacillota,Bacilli,Bacillales,Bacillaceae,Bacillus,p,soil,63.55,26.38,4,0.16,30,11,17.96409803,0.0,0.0,1.243163121,0.8983786825453856,Klebsiella pneumoniae,1.1306678155046024,-0.23228913295921683,7.9136835992978884,13.510387811966021
58,Ni,Bacillus subtilis,non-pathogenic,chemical_synthesis,MBEC,hexagonal,Bacteria,Bacillota,Bacilli,Bacillales,Bacillaceae,Bacillus,p,soil,58.6934,38.0,1,0.16,30,10,17.41523038,0.0,0.0,1.303840481,2.3651987846582547,Klebsiella pneumoniae,2.6203534692844546,-0.25515468462619983,231.84556073734615,417.2088086965065
59,Ag,Bacillus subtilis,non-pathogenic,green_synthesis,MIC,cubic,Bacteria,Bacillota,Bacilli,Bacillales,Bacillaceae,Bacillus,p,soil,107.8682,45.26,18,0.16,30,11,23.00188061,0.0,0.0,1.78376517,1.2293166493621386,Klebsiella pneumoniae,1.4917364658247647,-0.26241981646262613,16.955736131089953,31.026762822108857
