,np,bacteria,bac_type,np_synthesis,method,shape,kingdom,phylum,class,order,family,genus,gram,isolated_from,mol_weight (g/mol),np_size_avg (nm),time_set,"min_Incub_period, h","growth_temp, C",Valance_electron,labuteASA,tpsa,CrippenMR,chi0v,pred_MIC_norm,pathogenic_bacteria,pred_MIC_pathogen,Fitness,pred_norm_MIC_original,pred_path_MIC_original
0,ZnO,Bacillus subtilis,non-pathogenic,green_synthesis,MBEC,quasi-hexagonal,Bacteria,Bacillota,Bacilli,Bacillales,Bacillaceae,Bacillus,p,soil,81.3794,6.0,4,0.16,30,8,22.60496136,17.07,0.6865,4.082482905,1.4789275623111002,Klebsiella pneumoniae,0.6418145629545837,0.8371129993565165,30.125035149410888,4.383434919005843
1,TiO2,Bacillus subtilis,non-pathogenic,green_synthesis,MBC,rod-shaped,Bacteria,Bacillota,Bacilli,Bacillales,Bacillaceae,Bacillus,p,soil,79.866,6.0,2,0.16,30,16,26.40611331,34.14,1.373,2.878049394,3.041888416199155,Klebsiella pneumoniae,2.379772494984189,0.6621159212149657,1101.2563260838785,239.757662029985
2,ZnO,Bacillus subtilis,non-pathogenic,green_synthesis,MBEC,spherical,Bacteria,Bacillota,Bacilli,Bacillales,Bacillaceae,Bacillus,p,soil,81.3794,5.1,0,0.16,30,8,22.60496136,17.07,0.6865,4.082482905,2.56444896747078,Klebsiella pneumoniae,1.9072794680109855,0.6571694994597945,366.8165884868991,80.77546522536798
3,Ag,Bacillus subtilis,non-pathogenic,green_synthesis,MIC,spheroidal,Bacteria,Bacillota,Bacilli,Bacillales,Bacillaceae,Bacillus,p,soil,107.87,50.0,18,0.16,30,11,23.00188061,0.0,0.0,1.78376517,0.9745455288699738,Klebsiella pneumoniae,0.35498861025762096,0.6195569186123528,9.430734725339864,2.264584916147646
4,ZnO,Bacillus subtilis,non-pathogenic,green_synthesis,MBEC,spheroidal,Bacteria,Bacillota,Bacilli,Bacillales,Bacillaceae,Bacillus,p,soil,81.3794,10.4,18,0.16,30,8,22.60496136,17.07,0.6865,4.082482905,2.484355947849278,Klebsiella pneumoniae,1.8824738565875796,0.6018820912616984,305.0394068989603,76.291096449852
5,Pd,Bacillus subtilis,non-pathogenic,chemical_synthesis,MIC,quasi-hexagonal,Bacteria,Bacillota,Bacilli,Bacillales,Bacillaceae,Bacillus,p,soil,195.084,8.0,0,0.16,30,10,21.14774404,0.0,0.0,1.870828693,0.5961122516982282,Klebsiella pneumoniae,0.01654401511036574,0.5795682365878625,3.945592702712533,1.0388288808748876
6,ZnO,Bacillus subtilis,non-pathogenic,green_synthesis,MBEC,triangular,Bacteria,Bacillota,Bacilli,Bacillales,Bacillaceae,Bacillus,p,soil,81.3794,6.0,18,0.16,30,8,22.60496136,17.07,0.6865,4.082482905,0.7305482127828238,Klebsiella pneumoniae,0.15147799769272874,0.579070215090095,5.377101231794221,1.417352903429221
7,Ag,Bacillus subtilis,non-pathogenic,chemical_synthesis,MIC,spheroidal,Bacteria,Bacillota,Bacilli,Bacillales,Bacillaceae,Bacillus,p,soil,107.87,6.0,4,0.16,30,11,23.00188061,0.0,0.0,1.78376517,1.2581406853207162,Klebsiella pneumoniae,0.6898562308573111,0.5682844544634051,18.11926953037063,4.896167094866514
8,ZnO,Bacillus subtilis,non-pathogenic,green_synthesis,MBEC,cubic,Bacteria,Bacillota,Bacilli,Bacillales,Bacillaceae,Bacillus,p,soil,81.3794,8.7,1,0.16,30,8,22.60496136,17.07,0.6865,4.082482905,2.5740735763035447,Klebsiella pneumoniae,2.0230586429382096,0.5510149333653351,375.0365339405238,105.45292802413893
9,Ag,Bacillus subtilis,non-pathogenic,chemical_synthesis,MIC,nanoplates,Bacteria,Bacillota,Bacilli,Bacillales,Bacillaceae,Bacillus,p,soil,107.87,5.1,1,0.16,30,11,23.00188061,0.0,0.0,1.78376517,1.9113864300890129,Klebsiella pneumoniae,1.3603761562921681,0.5510102737968448,81.54295208543807,22.928527057887848
10,CuO,Bacillus subtilis,non-pathogenic,green_synthesis,MBC,quasi-hexagonal,Bacteria,Bacillota,Bacilli,Bacillales,Bacillaceae,Bacillus,p,soil,79.5454,8.0,1,0.16,30,17,20.67942236,17.07,0.6865,1.651411411,2.6943650726433184,Klebsiella pneumoniae,2.144754185922233,0.5496108867210854,494.72638459738175,139.55782292599457
11,Pd,Bacillus subtilis,non-pathogenic,chemical_synthesis,MIC,quasi-hexagonal,Bacteria,Bacillota,Bacilli,Bacillales,Bacillaceae,Bacillus,p,soil,195.084,9.0,0,0.16,30,10,21.14774404,0.0,0.0,1.870828693,0.5886237739237976,Klebsiella pneumoniae,0.04494363523822642,0.5436801386855712,3.8781425982265736,1.109030870726965
12,ZnO,Bacillus subtilis,non-pathogenic,chemical_synthesis,MBEC,quasi-hexagonal,Bacteria,Bacillota,Bacilli,Bacillales,Bacillaceae,Bacillus,p,soil,81.3794,8.0,1,0.16,30,8,22.60496136,17.07,0.6865,4.082482905,1.2906590849316841,Klebsiella pneumoniae,0.7477127003305661,0.542946384601118,19.52805928730056,5.593874264200854
13,Al2O3,Bacillus subtilis,non-pathogenic,green_synthesis,MBC,quasi-hexagonal,Bacteria,Bacillota,Bacilli,Bacillales,Bacillaceae,Bacillus,p,soil,101.961276,6.0,4,0.16,30,24,51.55776403,85.5,13.5675,4.688846487,2.2914599909079163,Klebsiella pneumoniae,1.752382243332758,0.5390777475751583,195.641052660615,56.54344217290606
14,TiO2,Bacillus subtilis,non-pathogenic,green_synthesis,MBC,quasi-spherical,Bacteria,Bacillota,Bacilli,Bacillales,Bacillaceae,Bacillus,p,soil,79.866,22.5,4,0.16,30,16,26.40611331,34.14,1.373,2.878049394,2.5765842276873028,Klebsiella pneumoniae,2.0457588363266606,0.5308253913606422,377.21089473329613,111.11145541616642
15,CuO,Bacillus subtilis,non-pathogenic,green_synthesis,MBEC,quasi-hexagonal,Bacteria,Bacillota,Bacilli,Bacillales,Bacillaceae,Bacillus,p,soil,79.5454,6.0,18,0.16,30,17,20.67942236,17.07,0.6865,1.651411411,2.9237159506370585,Klebsiella pneumoniae,2.406322220884747,0.5173937297523117,838.9111190502181,254.87205515428636
16,ZnO,Bacillus subtilis,non-pathogenic,green_synthesis,MBC,triangular,Bacteria,Bacillota,Bacilli,Bacillales,Bacillaceae,Bacillus,p,soil,81.3794,10.0,18,0.16,30,8,22.60496136,17.07,0.6865,4.082482905,1.2203775041851226,Klebsiella pneumoniae,0.7065185226627613,0.5138589815223613,16.610301064571665,5.087665180776056
17,Ag,Bacillus subtilis,non-pathogenic,green_synthesis,MIC,spheroidal,Bacteria,Bacillota,Bacilli,Bacillales,Bacillaceae,Bacillus,p,soil,107.8682,6.0,18,0.16,30,11,23.00188061,0.0,0.0,1.78376517,1.419831797193971,Klebsiella pneumoniae,0.9096755943782149,0.510156202815756,26.292494829994123,8.122235816041684
18,ZnO,Bacillus subtilis,non-pathogenic,green_synthesis,MBC,quasi-spherical,Bacteria,Bacillota,Bacilli,Bacillales,Bacillaceae,Bacillus,p,soil,81.3794,18.0,4,0.16,30,8,22.60496136,17.07,0.6865,4.082482905,1.8671081400736098,Klebsiella pneumoniae,1.3645155656857884,0.5025925743878215,73.63904371543536,23.14811150406515
19,Ag,Bacillus subtilis,non-pathogenic,green_synthesis,MBEC,spheroidal,Bacteria,Bacillota,Bacilli,Bacillales,Bacillaceae,Bacillus,p,soil,107.87,50.0,18,0.16,30,11,23.00188061,0.0,0.0,1.78376517,1.5036509767863682,Klebsiella pneumoniae,1.0022879548360537,0.5013630219503145,31.889739880462074,10.052821121220795
20,TiO2,Bacillus subtilis,non-pathogenic,green_synthesis,MBEC,spherical,Bacteria,Bacillota,Bacilli,Bacillales,Bacillaceae,Bacillus,p,soil,79.866,8.0,0,0.16,30,16,26.40611331,34.14,1.373,2.878049394,2.956979335865547,Klebsiella pneumoniae,2.457544790762123,0.4994345451034241,905.6895063258218,286.77731267955767
21,ZnO,Bacillus subtilis,non-pathogenic,chemical_synthesis,MBC,quasi-hexagonal,Bacteria,Bacillota,Bacilli,Bacillales,Bacillaceae,Bacillus,p,soil,81.3794,10.4,2,0.16,30,8,22.60496136,17.07,0.6865,4.082482905,0.8130302410669269,Klebsiella pneumoniae,0.31697906863878766,0.49605117242813923,6.501749621593862,2.0748135168342596
22,Ag,Bacillus subtilis,non-pathogenic,green_synthesis,MBEC,spheroidal,Bacteria,Bacillota,Bacilli,Bacillales,Bacillaceae,Bacillus,p,soil,107.8682,27.43,18,0.16,30,11,23.00188061,0.0,0.0,1.78376517,1.4483534911457763,Klebsiella pneumoniae,0.9557956179477897,0.4925578731979866,28.077180318230383,9.032243099445385
23,ZnO,Bacillus subtilis,non-pathogenic,chemical_synthesis,MIC,rod-shaped,Bacteria,Bacillota,Bacilli,Bacillales,Bacillaceae,Bacillus,p,soil,81.3794,6.0,1,0.16,30,8,22.60496136,17.07,0.6865,4.082482905,1.3358299179104203,Klebsiella pneumoniae,0.8454400153252719,0.49038990258514836,21.66855336359053,7.005514161488808
24,Ag,Bacillus subtilis,non-pathogenic,green_synthesis,MBEC,spheroidal,Bacteria,Bacillota,Bacilli,Bacillales,Bacillaceae,Bacillus,p,soil,107.87,40.0,18,0.16,30,11,23.00188061,0.0,0.0,1.78376517,1.2562780761668655,Klebsiella pneumoniae,0.7670125250521651,0.4892655511147004,18.041725720431252,5.848069497327749
25,ZnO,Bacillus subtilis,non-pathogenic,chemical_synthesis,MBC,spheroidal,Bacteria,Bacillota,Bacilli,Bacillales,Bacillaceae,Bacillus,p,soil,81.3794,12.0,18,0.16,30,8,22.60496136,17.07,0.6865,4.082482905,1.8643990593128623,Klebsiella pneumoniae,1.3917533975742562,0.4726456617386061,73.18112125607388,24.64639460687287
26,TiO2,Bacillus subtilis,non-pathogenic,green_synthesis,MIC,quasi-hexagonal,Bacteria,Bacillota,Bacilli,Bacillales,Bacillaceae,Bacillus,p,soil,79.866,12.0,4,0.16,30,16,26.40611331,34.14,1.373,2.878049394,1.7625584654848883,Klebsiella pneumoniae,1.2900421573607765,0.4725163081241117,57.883990754780854,19.50033882135404
27,CuO,Bacillus subtilis,non-pathogenic,green_synthesis,MBC,quasi-spherical,Bacteria,Bacillota,Bacilli,Bacillales,Bacillaceae,Bacillus,p,soil,79.5454,18.5,4,0.16,30,17,20.67942236,17.07,0.6865,1.651411411,2.8478951683888005,Klebsiella pneumoniae,2.3760019133094405,0.47189325507936,704.5229880713193,237.68507579551974
28,Pd,Bacillus subtilis,non-pathogenic,chemical_synthesis,MIC,hexagonal,Bacteria,Bacillota,Bacilli,Bacillales,Bacillaceae,Bacillus,p,soil,195.084,8.0,3,0.16,30,10,21.14774404,0.0,0.0,1.870828693,1.4326005650480444,Klebsiella pneumoniae,0.9609202516365808,0.47168031341146366,27.077001252388662,9.139454006495532
29,ZnO,Bacillus subtilis,non-pathogenic,green_synthesis,MBC,quasi-hexagonal,Bacteria,Bacillota,Bacilli,Bacillales,Bacillaceae,Bacillus,p,soil,81.3794,17.5,2,0.16,30,8,22.60496136,17.07,0.6865,4.082482905,1.0173511539960005,Klebsiella pneumoniae,0.5460273945562073,0.4713237594397932,10.407613457401922,3.515826170615137
30,Ag,Bacillus subtilis,non-pathogenic,chemical_synthesis,MBEC,tetragonal,Bacteria,Bacillota,Bacilli,Bacillales,Bacillaceae,Bacillus,p,soil,107.87,12.0,18,0.16,30,11,23.00188061,0.0,0.0,1.78376517,0.5989959173581711,Klebsiella pneumoniae,0.12889143251291602,0.47010448484525513,3.971878156361094,1.3455239500244383
31,ZnO,Bacillus subtilis,non-pathogenic,green_synthesis,MBC,quasi-hexagonal,Bacteria,Bacillota,Bacilli,Bacillales,Bacillaceae,Bacillus,p,soil,81.3794,79.0,0,0.16,30,8,22.60496136,17.07,0.6865,4.082482905,0.32985381824537363,Klebsiella pneumoniae,-0.13877178687821168,0.4686256051235853,2.137242581264964,0.7264876119568513
32,CuO,Bacillus subtilis,non-pathogenic,green_synthesis,MBEC,quasi-hexagonal,Bacteria,Bacillota,Bacilli,Bacillales,Bacillaceae,Bacillus,p,soil,79.5454,8.7,0,0.16,30,17,20.67942236,17.07,0.6865,1.651411411,2.949726430316382,Klebsiella pneumoniae,2.486003786682003,0.4637226436343793,890.6897003781473,306.1990131548603
33,TiO2,Bacillus subtilis,non-pathogenic,chemical_synthesis,MBC,cubic,Bacteria,Bacillota,Bacilli,Bacillales,Bacillaceae,Bacillus,p,soil,79.866,10.0,0,0.16,30,16,26.40611331,34.14,1.373,2.878049394,3.0564946190557123,Klebsiella pneumoniae,2.5988342929011368,0.4576603261545755,1138.9236704305006,397.040028077357
34,ZnO,Bacillus subtilis,non-pathogenic,chemical_synthesis,MBEC,quasi-spherical,Bacteria,Bacillota,Bacilli,Bacillales,Bacillaceae,Bacillus,p,soil,81.3794,10.0,2,0.16,30,8,22.60496136,17.07,0.6865,4.082482905,2.0714138809964253,Klebsiella pneumoniae,1.6149567509144058,0.4564571300820195,117.8728762475392,41.20564825329539
35,Pt,Bacillus subtilis,non-pathogenic,chemical_synthesis,MIC,cubic,Bacteria,Bacillota,Bacilli,Bacillales,Bacillaceae,Bacillus,p,soil,195.084,10.4,1,0.16,30,10,21.75656585,0.0,0.0,2.588435821,1.1077133519019355,Klebsiella pneumoniae,0.6550270675589231,0.4526862843430124,12.814844831586203,4.518841073358996
36,ZnO,Bacillus subtilis,non-pathogenic,chemical_synthesis,MIC,cubic,Bacteria,Bacillota,Bacilli,Bacillales,Bacillaceae,Bacillus,p,soil,81.3794,11.3,4,0.16,30,8,22.60496136,17.07,0.6865,4.082482905,1.9819003700491569,Klebsiella pneumoniae,1.6800383650971549,0.301862004952002,95.91805640762901,47.86723758464965
37,Ag,Bacillus subtilis,non-pathogenic,green_synthesis,MIC,triangular,Bacteria,Bacillota,Bacilli,Bacillales,Bacillaceae,Bacillus,p,soil,107.87,41.23,0,0.16,30,11,23.00188061,0.0,0.0,1.78376517,-0.962202665065155,Klebsiella pneumoniae,-1.2592185970517775,0.29701593198662257,0.10909311307530864,0.055053052355053034
38,ZnO,Bacillus subtilis,non-pathogenic,green_synthesis,MIC,spheroidal,Bacteria,Bacillota,Bacilli,Bacillales,Bacillaceae,Bacillus,p,soil,81.3794,17.5,18,0.16,30,8,22.60496136,17.07,0.6865,4.082482905,1.2428610721276085,Klebsiella pneumoniae,0.9662709119523707,0.27659016017523785,17.492870140068217,9.252751785945105
39,Ag,Bacillus subtilis,non-pathogenic,chemical_synthesis,MBEC,cubic,Bacteria,Bacillota,Bacilli,Bacillales,Bacillaceae,Bacillus,p,soil,107.8682,6.0,4,0.16,30,11,23.00188061,0.0,0.0,1.78376517,2.6443225771659917,Klebsiella pneumoniae,2.3810857225335917,0.2632368546324,440.88221219811714,240.4837428218842
40,ZnO,Bacillus subtilis,non-pathogenic,green_synthesis,MBEC,spherical,Bacteria,Bacillota,Bacilli,Bacillales,Bacillaceae,Bacillus,p,soil,81.3794,26.38,0,0.16,30,8,22.60496136,17.07,0.6865,4.082482905,2.139301477060868,Klebsiella pneumoniae,1.8820991397542999,0.25720233730656794,137.8165827364017,76.22529955423185
41,Au,Bacillus subtilis,non-pathogenic,green_synthesis,MBEC,quasi-spherical,Bacteria,Bacillota,Bacilli,Bacillales,Bacillaceae,Bacillus,p,soil,196.966569,8.7,3,0.16,30,11,23.00188061,0.0,0.0,2.46797672,2.0299658981884514,Klebsiella pneumoniae,1.801972753414258,0.2279931447741934,107.14351703559863,63.38299450512662
42,Ag,Bacillus subtilis,non-pathogenic,chemical_synthesis,MBEC,spheroidal,Bacteria,Bacillota,Bacilli,Bacillales,Bacillaceae,Bacillus,p,soil,107.87,22.5,4,0.16,30,11,23.00188061,0.0,0.0,1.78376517,1.2944706938843134,Klebsiella pneumoniae,1.082162010177684,0.21230868370662925,19.70020266108361,12.082644847116725
43,Au,Bacillus subtilis,non-pathogenic,green_synthesis,MBC,hexagonal,Bacteria,Bacillota,Bacilli,Bacillales,Bacillaceae,Bacillus,p,soil,196.966569,6.0,4,0.16,30,11,23.00188061,0.0,0.0,2.46797672,2.091984610722468,Klebsiella pneumoniae,1.9137287514511632,0.17825585927130505,123.59036382735596,81.98393349881084
44,Ag,Bacillus subtilis,non-pathogenic,chemical_synthesis,MBC,quasi-hexagonal,Bacteria,Bacillota,Bacilli,Bacillales,Bacillaceae,Bacillus,p,soil,107.87,26.06,4,0.16,30,11,23.00188061,0.0,0.0,1.78376517,0.4549136854356264,Klebsiella pneumoniae,0.2800865977848106,0.17482708765081578,2.8504516935375537,1.9058407023665789
45,ZnO,Bacillus subtilis,non-pathogenic,chemical_synthesis,MBEC,hexagonal,Bacteria,Bacillota,Bacilli,Bacillales,Bacillaceae,Bacillus,p,soil,81.3794,10.0,18,0.16,30,8,22.60496136,17.07,0.6865,4.082482905,2.4087186821440048,Klebsiella pneumoniae,2.238191349738455,0.17052733240554963,256.28234085945496,173.05786825959888
46,Ag,Bacillus subtilis,non-pathogenic,green_synthesis,MBEC,triangular,Bacteria,Bacillota,Bacilli,Bacillales,Bacillaceae,Bacillus,p,soil,107.87,20.0,1,0.16,30,11,23.00188061,0.0,0.0,1.78376517,0.04313204791379577,Klebsiella pneumoniae,-0.1161640539438471,0.15929610185764287,1.1044143677662062,0.765307458813465
47,ZnO,Bacillus subtilis,non-pathogenic,green_synthesis,MBEC,nanoplates,Bacteria,Bacillota,Bacilli,Bacillales,Bacillaceae,Bacillus,p,soil,81.3794,40.0,3,0.16,30,8,22.60496136,17.07,0.6865,4.082482905,1.6642667743822381,Klebsiella pneumoniae,1.5174604243494505,0.14680635003278764,46.1601035489046,32.920045314628275
48,ZnO,Bacillus subtilis,non-pathogenic,green_synthesis,MBC,spherical,Bacteria,Bacillota,Bacilli,Bacillales,Bacillaceae,Bacillus,p,soil,81.3794,79.0,18,0.16,30,8,22.60496136,17.07,0.6865,4.082482905,1.075016868207795,Klebsiella pneumoniae,0.9631821608708493,0.11183470733694567,11.885483903350352,9.187178635323562
49,Au,Bacillus subtilis,non-pathogenic,chemical_synthesis,MBC,cubic,Bacteria,Bacillota,Bacilli,Bacillales,Bacillaceae,Bacillus,p,soil,196.966569,26.06,3,0.16,30,11,23.00188061,0.0,0.0,2.46797672,1.6818004604416203,Klebsiella pneumoniae,1.5819691258540598,0.09983133458756055,48.06184742802796,38.19171192539585
50,Ag,Bacillus subtilis,non-pathogenic,green_synthesis,MIC,quasi-hexagonal,Bacteria,Bacillota,Bacilli,Bacillales,Bacillaceae,Bacillus,p,soil,107.8682,35.0,4,0.16,30,11,23.00188061,0.0,0.0,1.78376517,0.19447447351407288,Klebsiella pneumoniae,0.10204947074557924,0.09242500276849364,1.5648563391078392,1.2648804225546744
51,ZnO,Bacillus subtilis,non-pathogenic,chemical_synthesis,MIC,tetragonal,Bacteria,Bacillota,Bacilli,Bacillales,Bacillaceae,Bacillus,p,soil,81.3794,40.0,18,0.16,30,8,22.60496136,17.07,0.6865,4.082482905,-0.2151858747157962,Klebsiella pneumoniae,-0.27933513991360703,0.06414926519781083,0.6092760759299999,0.5256115016715225
52,Au,Bacillus subtilis,non-pathogenic,chemical_synthesis,MBC,cubic,Bacteria,Bacillota,Bacilli,Bacillales,Bacillaceae,Bacillus,p,soil,196.966569,17.5,3,0.16,30,11,23.00188061,0.0,0.0,2.46797672,1.716672400188602,Klebsiella pneumoniae,1.6566354234424532,0.06003697674614883,52.08017083977651,45.3560706844274
53,ZnO,Bacillus subtilis,non-pathogenic,green_synthesis,MIC,spherical,Bacteria,Bacillota,Bacilli,Bacillales,Bacillaceae,Bacillus,p,soil,81.3794,45.26,3,0.16,30,8,22.60496136,17.07,0.6865,4.082482905,0.9334309585384307,Klebsiella pneumoniae,0.8982966823626748,0.03513427617575593,8.578887220168442,7.912189538770874
54,Ag,Bacillus subtilis,non-pathogenic,green_synthesis,MIC,spheroidal,Bacteria,Bacillota,Bacilli,Bacillales,Bacillaceae,Bacillus,p,soil,107.8682,13.0,4,0.16,30,11,23.00188061,0.0,0.0,1.78376517,1.329142943535489,Klebsiella pneumoniae,1.321342808645624,0.007800134889864863,21.33747098363324,20.957660878611673
55,ZnO,Bacillus subtilis,non-pathogenic,chemical_synthesis,MIC,hexagonal,Bacteria,Bacillota,Bacilli,Bacillales,Bacillaceae,Bacillus,p,soil,81.3794,25.0,1,0.16,30,8,22.60496136,17.07,0.6865,4.082482905,1.8735647728396323,Klebsiella pneumoniae,1.9437965551774712,-0.07023178233783889,74.74200998308797,87.86108360314442
56,CuO,Bacillus subtilis,non-pathogenic,green_synthesis,MIC,rod-shaped,Bacteria,Bacillota,Bacilli,Bacillales,Bacillaceae,Bacillus,p,soil,79.5454,28.0,3,0.16,30,17,20.67942236,17.07,0.6865,1.651411411,2.041268736561676,Klebsiella pneumoniae,2.1145884831728683,-0.07331974661119212,109.9686102385882,130.19325443414152
57,Ag,Bacillus subtilis,non-pathogenic,green_synthesis,MBC,nanoplates,Bacteria,Bacillota,Bacilli,Bacillales,Bacillaceae,Bacillus,p,soil,107.87,26.38,18,0.16,30,11,23.00188061,0.0,0.0,1.78376517,1.5043768199863914,Klebsiella pneumoniae,1.6599938894538635,-0.1556170694674721,31.94308226798982,45.70817584053195
58,ZnO,Bacillus subtilis,non-pathogenic,chemical_synthesis,MBC,tetragonal,Bacteria,Bacillota,Bacilli,Bacillales,Bacillaceae,Bacillus,p,soil,81.3794,40.0,2,0.16,30,8,22.60496136,17.07,0.6865,4.082482905,1.2151457113104778,Klebsiella pneumoniae,1.4349855726542677,-0.21983986134378997,16.411403042397183,27.22610860922182
