,np,bacteria,bac_type,np_synthesis,method,shape,kingdom,phylum,class,order,family,genus,gram,isolated_from,mol_weight (g/mol),np_size_avg (nm),time_set,"min_Incub_period, h","growth_temp, C",Valance_electron,labuteASA,tpsa,CrippenMR,chi0v,pred_MIC_norm,pathogenic_bacteria,pred_MIC_pathogen,Fitness,pred_norm_MIC_original,pred_path_MIC_original
0,ZnO,Bacillus subtilis,non-pathogenic,green_synthesis,MBEC,quasi-hexagonal,Bacteria,Bacillota,Bacilli,Bacillales,Bacillaceae,Bacillus,p,soil,81.3794,6.0,4,0.16,30,8,22.60496136,17.07,0.6865,4.082482905,1.4789275623111002,Klebsiella pneumoniae,0.6418145629545837,0.8371129993565165,30.125035149410888,4.383434919005843
1,TiO2,Bacillus subtilis,non-pathogenic,green_synthesis,MBC,nanoplates,Bacteria,Bacillota,Bacilli,Bacillales,Bacillaceae,Bacillus,p,soil,79.866,9.0,2,0.16,30,16,26.40611331,34.14,1.373,2.878049394,3.4038585278688736,Klebsiella pneumoniae,2.8308638241998456,0.5729947036690279,2534.302942730958,677.4290621096676
2,Ag,Bacillus subtilis,non-pathogenic,chemical_synthesis,MIC,nanoplates,Bacteria,Bacillota,Bacilli,Bacillales,Bacillaceae,Bacillus,p,soil,107.87,5.1,1,0.16,30,11,23.00188061,0.0,0.0,1.78376517,1.9113864300890129,Klebsiella pneumoniae,1.3603761562921681,0.5510102737968448,81.54295208543807,22.928527057887848
3,ZnO,Bacillus subtilis,non-pathogenic,green_synthesis,MBEC,tetragonal,Bacteria,Bacillota,Bacilli,Bacillales,Bacillaceae,Bacillus,p,soil,81.3794,9.0,18,0.16,30,8,22.60496136,17.07,0.6865,4.082482905,1.2520316929680164,Klebsiella pneumoniae,0.7326842318490099,0.5193474611190065,17.866179498899378,5.403612925501953
4,Ag,Bacillus subtilis,non-pathogenic,chemical_synthesis,MIC,spherical,Bacteria,Bacillota,Bacilli,Bacillales,Bacillaceae,Bacillus,p,soil,107.87,6.0,2,0.16,30,11,23.00188061,0.0,0.0,1.78376517,1.40333717680614,Klebsiella pneumoniae,0.8979658279197678,0.5053713488863723,25.312624509745028,7.906164165933274
5,TiO2,Bacillus subtilis,non-pathogenic,chemical_synthesis,MBEC,quasi-spherical,Bacteria,Bacillota,Bacilli,Bacillales,Bacillaceae,Bacillus,p,soil,79.866,11.3,0,0.16,30,16,26.40611331,34.14,1.373,2.878049394,2.867126399864746,Klebsiella pneumoniae,2.3736727130212936,0.4934536868434525,736.4213991370983,236.41373975867302
6,ZnO,Bacillus subtilis,non-pathogenic,green_synthesis,MBEC,nanoplates,Bacteria,Bacillota,Bacilli,Bacillales,Bacillaceae,Bacillus,p,soil,81.3794,10.4,1,0.16,30,8,22.60496136,17.07,0.6865,4.082482905,2.5922989217628127,Klebsiella pneumoniae,2.099128218409485,0.4931707033533277,391.11000136606646,125.64008409369244
7,Ag,Bacillus subtilis,non-pathogenic,green_synthesis,MBEC,spheroidal,Bacteria,Bacillota,Bacilli,Bacillales,Bacillaceae,Bacillus,p,soil,107.87,9.0,18,0.16,30,11,23.00188061,0.0,0.0,1.78376517,2.1649676786813767,Klebsiella pneumoniae,1.6797141370862207,0.485253541595156,146.20683594987457,47.831515032255325
8,TiO2,Bacillus subtilis,non-pathogenic,green_synthesis,MIC,quasi-hexagonal,Bacteria,Bacillota,Bacilli,Bacillales,Bacillaceae,Bacillus,p,soil,79.866,12.0,4,0.16,30,16,26.40611331,34.14,1.373,2.878049394,1.7625584654848883,Klebsiella pneumoniae,1.2900421573607765,0.4725163081241117,57.883990754780854,19.50033882135404
9,Pd,Bacillus subtilis,non-pathogenic,chemical_synthesis,MIC,hexagonal,Bacteria,Bacillota,Bacilli,Bacillales,Bacillaceae,Bacillus,p,soil,195.084,8.0,3,0.16,30,10,21.14774404,0.0,0.0,1.870828693,1.4326005650480444,Klebsiella pneumoniae,0.9609202516365808,0.47168031341146366,27.077001252388662,9.139454006495532
10,Ag,Bacillus subtilis,non-pathogenic,chemical_synthesis,MBEC,tetragonal,Bacteria,Bacillota,Bacilli,Bacillales,Bacillaceae,Bacillus,p,soil,107.87,12.0,18,0.16,30,11,23.00188061,0.0,0.0,1.78376517,0.5989959173581711,Klebsiella pneumoniae,0.12889143251291602,0.47010448484525513,3.971878156361094,1.3455239500244383
11,ZnO,Bacillus subtilis,non-pathogenic,green_synthesis,MBC,quasi-hexagonal,Bacteria,Bacillota,Bacilli,Bacillales,Bacillaceae,Bacillus,p,soil,81.3794,79.0,0,0.16,30,8,22.60496136,17.07,0.6865,4.082482905,0.32985381824537363,Klebsiella pneumoniae,-0.13877178687821168,0.4686256051235853,2.137242581264964,0.7264876119568513
12,TiO2,Bacillus subtilis,non-pathogenic,chemical_synthesis,MBC,cubic,Bacteria,Bacillota,Bacilli,Bacillales,Bacillaceae,Bacillus,p,soil,79.866,10.0,0,0.16,30,16,26.40611331,34.14,1.373,2.878049394,3.0564946190557123,Klebsiella pneumoniae,2.5988342929011368,0.4576603261545755,1138.9236704305006,397.040028077357
13,ZnO,Bacillus subtilis,non-pathogenic,chemical_synthesis,MBEC,quasi-spherical,Bacteria,Bacillota,Bacilli,Bacillales,Bacillaceae,Bacillus,p,soil,81.3794,10.0,2,0.16,30,8,22.60496136,17.07,0.6865,4.082482905,2.0714138809964253,Klebsiella pneumoniae,1.6149567509144058,0.4564571300820195,117.8728762475392,41.20564825329539
14,CuO,Bacillus subtilis,non-pathogenic,green_synthesis,MBC,quasi-spherical,Bacteria,Bacillota,Bacilli,Bacillales,Bacillaceae,Bacillus,p,soil,79.5454,79.0,1,0.16,30,17,20.67942236,17.07,0.6865,1.651411411,1.8568497071994194,Klebsiella pneumoniae,1.4149048379405902,0.44194486925882925,71.92000471539014,25.99589881895712
15,ZnO,Bacillus subtilis,non-pathogenic,chemical_synthesis,MIC,quasi-hexagonal,Bacteria,Bacillota,Bacilli,Bacillales,Bacillaceae,Bacillus,p,soil,81.3794,8.0,0,0.16,30,8,22.60496136,17.07,0.6865,4.082482905,0.9470714770567449,Klebsiella pneumoniae,0.5233702896924417,0.4237011873643032,8.852612959211953,3.337108211963461
16,Ag,Bacillus subtilis,non-pathogenic,green_synthesis,MIC,quasi-spherical,Bacteria,Bacillota,Bacilli,Bacillales,Bacillaceae,Bacillus,p,soil,107.87,5.1,2,0.16,30,11,23.00188061,0.0,0.0,1.78376517,2.0305692545760614,Klebsiella pneumoniae,1.6236394229251672,0.40692983165089425,107.29247276582491,42.03774611172577
17,ZrO2,Bacillus subtilis,non-pathogenic,chemical_synthesis,MIC,quasi-hexagonal,Bacteria,Bacillota,Bacilli,Bacillales,Bacillaceae,Bacillus,p,soil,123.2218,28.0,3,0.16,30,16,29.29254423,34.14,1.373,3.774536472,1.2992633669325104,Klebsiella pneumoniae,0.8986765204388587,0.4005868464936517,19.918808987245363,7.919112641908314
18,Cu,Bacillus subtilis,non-pathogenic,green_synthesis,MBC,spheroidal,Bacteria,Bacillota,Bacilli,Bacillales,Bacillaceae,Bacillus,p,soil,63.55,6.0,1,0.16,30,11,17.96409803,0.0,0.0,1.243163121,2.253228842264295,Klebsiella pneumoniae,1.8532189978285363,0.40000984443575893,179.15496244329637,71.32125848519723
19,Au,Bacillus subtilis,non-pathogenic,green_synthesis,MBC,quasi-hexagonal,Bacteria,Bacillota,Bacilli,Bacillales,Bacillaceae,Bacillus,p,soil,196.966569,100.0,4,0.16,30,11,23.00188061,0.0,0.0,2.46797672,0.29461700322979745,Klebsiella pneumoniae,-0.1014145833599871,0.39603158658978455,1.9706840574859898,0.7917451590229048
20,ZnO,Bacillus subtilis,non-pathogenic,chemical_synthesis,MBEC,rod-shaped,Bacteria,Bacillota,Bacilli,Bacillales,Bacillaceae,Bacillus,p,soil,81.3794,9.0,2,0.16,30,8,22.60496136,17.07,0.6865,4.082482905,1.8844950968065444,Klebsiella pneumoniae,1.4973504296315197,0.3871446671750247,76.64698866532704,31.43043774274809
21,CuO,Bacillus subtilis,non-pathogenic,green_synthesis,MBC,rod-shaped,Bacteria,Bacillota,Bacilli,Bacillales,Bacillaceae,Bacillus,p,soil,79.5454,9.0,4,0.16,30,17,20.67942236,17.07,0.6865,1.651411411,3.257403139047934,Klebsiella pneumoniae,2.872225156089659,0.3851779829582753,1808.8524358462112,745.1181736389619
22,Au,Bacillus subtilis,non-pathogenic,green_synthesis,MIC,quasi-spherical,Bacteria,Bacillota,Bacilli,Bacillales,Bacillaceae,Bacillus,p,soil,196.966569,79.0,1,0.16,30,11,23.00188061,0.0,0.0,2.46797672,1.0041684681544398,Klebsiella pneumoniae,0.6214672266097765,0.38270124154466334,10.0964446358965,4.182801225701654
23,ZnO,Bacillus subtilis,non-pathogenic,green_synthesis,MBC,nanoplates,Bacteria,Bacillota,Bacilli,Bacillales,Bacillaceae,Bacillus,p,soil,81.3794,28.0,4,0.16,30,8,22.60496136,17.07,0.6865,4.082482905,2.116242258789648,Klebsiella pneumoniae,1.7385962585915564,0.3776460001980917,130.68997015617694,54.776749666693014
24,Pd,Bacillus subtilis,non-pathogenic,green_synthesis,MIC,spheroidal,Bacteria,Bacillota,Bacilli,Bacillales,Bacillaceae,Bacillus,p,soil,195.084,100.0,24,0.16,30,10,21.14774404,0.0,0.0,1.870828693,1.1967674085284394,Klebsiella pneumoniae,0.8214202697954411,0.3753471387329983,15.731401252876502,6.6285764539401395
25,Al2O3,Bacillus subtilis,non-pathogenic,green_synthesis,MBC,quasi-spherical,Bacteria,Bacillota,Bacilli,Bacillales,Bacillaceae,Bacillus,p,soil,101.961276,26.38,0,0.16,30,24,51.55776403,85.5,13.5675,4.688846487,2.419736972541588,Klebsiella pneumoniae,2.046438091769806,0.37329888077178186,262.86754705208205,111.28537453416354
26,ZnO,Bacillus subtilis,non-pathogenic,chemical_synthesis,MBC,hexagonal,Bacteria,Bacillota,Bacilli,Bacillales,Bacillaceae,Bacillus,p,soil,81.3794,12.0,3,0.16,30,8,22.60496136,17.07,0.6865,4.082482905,2.0236242833948666,Klebsiella pneumoniae,1.6544896547046333,0.3691346286902333,105.59036311907558,45.1325274228348
27,CuO,Bacillus subtilis,non-pathogenic,green_synthesis,MBC,hexagonal,Bacteria,Bacillota,Bacilli,Bacillales,Bacillaceae,Bacillus,p,soil,79.5454,11.3,2,0.16,30,17,20.67942236,17.07,0.6865,1.651411411,3.523305215674381,Klebsiella pneumoniae,3.1559134506655093,0.36739176500887183,3336.608222254801,1431.9025109846775
28,ZnO,Bacillus subtilis,non-pathogenic,green_synthesis,MBC,quasi-spherical,Bacteria,Bacillota,Bacilli,Bacillales,Bacillaceae,Bacillus,p,soil,81.3794,45.26,1,0.16,30,8,22.60496136,17.07,0.6865,4.082482905,0.8972471348504566,Klebsiella pneumoniae,0.5299962714525284,0.36725086339792823,7.893091454447756,3.3884124707369287
29,Ag,Bacillus subtilis,non-pathogenic,chemical_synthesis,MIC,nanoplates,Bacteria,Bacillota,Bacilli,Bacillales,Bacillaceae,Bacillus,p,soil,107.87,11.3,2,0.16,30,11,23.00188061,0.0,0.0,1.78376517,1.943007349759191,Klebsiella pneumoniae,1.5785751512860875,0.3644321984731036,87.70156631452184,37.894410140804275
30,CeO2,Bacillus subtilis,non-pathogenic,chemical_synthesis,MIC,quasi-hexagonal,Bacteria,Bacillota,Bacilli,Bacillales,Bacillaceae,Bacillus,p,soil,172.115,25.0,2,0.16,30,16,39.19032095,34.14,1.373,4.456551526,1.8670617316018632,Klebsiella pneumoniae,1.5066757537995208,0.3603859778023424,73.63117510776515,32.11262100778173
31,ZnO,Bacillus subtilis,non-pathogenic,green_synthesis,MBC,quasi-spherical,Bacteria,Bacillota,Bacilli,Bacillales,Bacillaceae,Bacillus,p,soil,81.3794,45.26,3,0.16,30,8,22.60496136,17.07,0.6865,4.082482905,0.9416251314235649,Klebsiella pneumoniae,0.5816328835300961,0.35999224789346873,8.742288441482735,3.8162154331158455
32,ZnO,Bacillus subtilis,non-pathogenic,chemical_synthesis,MBEC,cubic,Bacteria,Bacillota,Bacilli,Bacillales,Bacillaceae,Bacillus,p,soil,81.3794,6.0,18,0.16,30,8,22.60496136,17.07,0.6865,4.082482905,2.4698340699436767,Klebsiella pneumoniae,2.115111931930655,0.35472213801302166,295.008187921613,130.35026905543273
33,Au,Bacillus subtilis,non-pathogenic,chemical_synthesis,MIC,nanoplates,Bacteria,Bacillota,Bacilli,Bacillales,Bacillaceae,Bacillus,p,soil,196.966569,5.1,2,0.16,30,11,23.00188061,0.0,0.0,2.46797672,2.55863803287971,Klebsiella pneumoniae,2.204123549470467,0.35451448340924285,361.94120911484424,160.00131406843522
34,ZnO,Bacillus subtilis,non-pathogenic,chemical_synthesis,MBC,triangular,Bacteria,Bacillota,Bacilli,Bacillales,Bacillaceae,Bacillus,p,soil,81.3794,5.1,24,0.16,30,8,22.60496136,17.07,0.6865,4.082482905,1.0218186227919799,Klebsiella pneumoniae,0.6688726406025414,0.3529459821894385,10.515226279239624,4.665225497851922
35,TiO2,Bacillus subtilis,non-pathogenic,green_synthesis,MBEC,nanoplates,Bacteria,Bacillota,Bacilli,Bacillales,Bacillaceae,Bacillus,p,soil,79.866,10.0,18,0.16,30,16,26.40611331,34.14,1.373,2.878049394,3.293442831686731,Klebsiella pneumoniae,2.9415984461895244,0.3518443854972064,1965.3632531450248,874.175128787908
36,Pd,Bacillus subtilis,non-pathogenic,green_synthesis,MBEC,quasi-spherical,Bacteria,Bacillota,Bacilli,Bacillales,Bacillaceae,Bacillus,p,soil,195.084,37.86,2,0.16,30,10,21.14774404,0.0,0.0,1.870828693,1.090899686735929,Klebsiella pneumoniae,0.7415489340984888,0.3493507526374403,12.32820043780074,5.515043395915225
37,ZnO,Bacillus subtilis,non-pathogenic,green_synthesis,MBC,nanoplates,Bacteria,Bacillota,Bacilli,Bacillales,Bacillaceae,Bacillus,p,soil,81.3794,38.0,4,0.16,30,8,22.60496136,17.07,0.6865,4.082482905,1.2031427630696236,Klebsiella pneumoniae,0.8555323078398963,0.34761045522972733,15.964038374329995,7.170217139534993
38,ZnO,Bacillus subtilis,non-pathogenic,green_synthesis,MBEC,quasi-hexagonal,Bacteria,Bacillota,Bacilli,Bacillales,Bacillaceae,Bacillus,p,soil,81.3794,22.5,3,0.16,30,8,22.60496136,17.07,0.6865,4.082482905,1.0824446240036854,Klebsiella pneumoniae,0.747556767780148,0.33488785622353734,12.0905100950629,5.59186615554888
39,Ag,Bacillus subtilis,non-pathogenic,chemical_synthesis,MIC,quasi-spherical,Bacteria,Bacillota,Bacilli,Bacillales,Bacillaceae,Bacillus,p,soil,107.87,28.0,3,0.16,30,11,23.00188061,0.0,0.0,1.78376517,0.9414287487143058,Klebsiella pneumoniae,0.6497638874512837,0.29166486126302216,8.738336178091323,4.464408100267227
40,ZnO,Bacillus subtilis,non-pathogenic,green_synthesis,MIC,spheroidal,Bacteria,Bacillota,Bacilli,Bacillales,Bacillaceae,Bacillus,p,soil,81.3794,100.0,24,0.16,30,8,22.60496136,17.07,0.6865,4.082482905,1.1249590513769283,Klebsiella pneumoniae,0.9054473040538127,0.21951174732311562,13.333957034365973,8.043541447922296
41,Ag,Bacillus subtilis,non-pathogenic,chemical_synthesis,MIC,hexagonal,Bacteria,Bacillota,Bacilli,Bacillales,Bacillaceae,Bacillus,p,soil,107.87,100.0,0,0.16,30,11,23.00188061,0.0,0.0,1.78376517,1.2974917254729195,Klebsiella pneumoniae,1.0859623182530058,0.21152940721991365,19.837718600625738,12.188838373577731
42,Au,Bacillus subtilis,non-pathogenic,green_synthesis,MIC,spherical,Bacteria,Bacillota,Bacilli,Bacillales,Bacillaceae,Bacillus,p,soil,196.966569,35.0,2,0.16,30,11,23.00188061,0.0,0.0,2.46797672,1.3216985331329787,Klebsiella pneumoniae,1.1205118012528927,0.20118673188008596,20.974834035357127,13.198111749623003
43,Ag,Bacillus subtilis,non-pathogenic,chemical_synthesis,MBEC,tetragonal,Bacteria,Bacillota,Bacilli,Bacillales,Bacillaceae,Bacillus,p,soil,107.87,11.3,1,0.16,30,11,23.00188061,0.0,0.0,1.78376517,0.5715458047291015,Klebsiella pneumoniae,0.38070515347280653,0.190840651256295,3.728600081482181,2.4027310099193664
44,ZnO,Bacillus subtilis,non-pathogenic,green_synthesis,MIC,triangular,Bacteria,Bacillota,Bacilli,Bacillales,Bacillaceae,Bacillus,p,soil,81.3794,26.06,18,0.16,30,8,22.60496136,17.07,0.6865,4.082482905,-0.6630623852317106,Klebsiella pneumoniae,-0.8476613183992754,0.18459893316756482,0.21723890986110672,0.14201645956709824
45,Pd,Bacillus subtilis,non-pathogenic,chemical_synthesis,MBC,cubic,Bacteria,Bacillota,Bacilli,Bacillales,Bacillaceae,Bacillus,p,soil,195.084,10.0,1,0.16,30,10,21.14774404,0.0,0.0,1.870828693,1.5272294019662436,Klebsiella pneumoniae,1.3965009696027266,0.13072843236351694,33.66893676454136,24.917299342659604
46,Ag,Bacillus subtilis,non-pathogenic,chemical_synthesis,MBEC,spherical,Bacteria,Bacillota,Bacilli,Bacillales,Bacillaceae,Bacillus,p,soil,107.87,8.0,4,0.16,30,11,23.00188061,0.0,0.0,1.78376517,1.7972219895098243,Klebsiella pneumoniae,1.6694944158133294,0.1277275736964949,62.69342400568344,46.719094396174214
47,ZnO,Bacillus subtilis,non-pathogenic,green_synthesis,MBEC,quasi-hexagonal,Bacteria,Bacillota,Bacilli,Bacillales,Bacillaceae,Bacillus,p,soil,81.3794,41.23,18,0.16,30,8,22.60496136,17.07,0.6865,4.082482905,0.10283555261892552,Klebsiella pneumoniae,-0.02156730517104144,0.12440285778996696,1.2671719551621758,0.951552369016282
48,Ag,Bacillus subtilis,non-pathogenic,green_synthesis,MBEC,rod-shaped,Bacteria,Bacillota,Bacilli,Bacillales,Bacillaceae,Bacillus,p,soil,107.87,9.0,1,0.16,30,11,23.00188061,0.0,0.0,1.78376517,1.8759038291355974,Klebsiella pneumoniae,1.7906551807793127,0.08524864835628465,75.14564718699674,61.75259049443294
49,Ag,Bacillus subtilis,non-pathogenic,green_synthesis,MBC,rod-shaped,Bacteria,Bacillota,Bacilli,Bacillales,Bacillaceae,Bacillus,p,soil,107.8682,18.0,2,0.16,30,11,23.00188061,0.0,0.0,1.78376517,1.147859406007982,Klebsiella pneumoniae,1.084418187629705,0.0634412183782771,14.055924185544592,12.14557800588581
50,Ag,Bacillus subtilis,non-pathogenic,green_synthesis,MIC,spherical,Bacteria,Bacillota,Bacilli,Bacillales,Bacillaceae,Bacillus,p,soil,107.87,40.0,24,0.16,30,11,23.00188061,0.0,0.0,1.78376517,0.8100180933600584,Klebsiella pneumoniae,0.7729677083646965,0.03705038499536184,6.456811285193952,5.928812397082223
51,Al2O3,Bacillus subtilis,non-pathogenic,green_synthesis,MIC,spherical,Bacteria,Bacillota,Bacilli,Bacillales,Bacillaceae,Bacillus,p,soil,101.961276,26.38,1,0.16,30,24,51.55776403,85.5,13.5675,4.688846487,1.9723545477613296,Klebsiella pneumoniae,1.9378668100553154,0.03448773770601421,93.83277229261927,86.66960356322974
52,ZnO,Bacillus subtilis,non-pathogenic,chemical_synthesis,MBC,triangular,Bacteria,Bacillota,Bacilli,Bacillales,Bacillaceae,Bacillus,p,soil,81.3794,18.0,2,0.16,30,8,22.60496136,17.07,0.6865,4.082482905,0.5874855303837143,Klebsiella pneumoniae,0.5753815470579935,0.012103983325720824,3.867991672283072,3.7616773928419827
53,Au,Bacillus subtilis,non-pathogenic,green_synthesis,MBEC,nanoplates,Bacteria,Bacillota,Bacilli,Bacillales,Bacillaceae,Bacillus,p,soil,196.966569,20.0,4,0.16,30,11,23.00188061,0.0,0.0,2.46797672,2.03227599892945,Klebsiella pneumoniae,2.02241990067726,0.009856098252190026,107.71495365607764,105.2979462418815
54,Ag,Bacillus subtilis,non-pathogenic,chemical_synthesis,MBEC,spheroidal,Bacteria,Bacillota,Bacilli,Bacillales,Bacillaceae,Bacillus,p,soil,107.8682,12.0,1,0.16,30,11,23.00188061,0.0,0.0,1.78376517,2.2238836889649245,Klebsiella pneumoniae,2.21948118786358,0.004402501101344658,167.4494359494811,165.7605533549255
55,Ag,Bacillus subtilis,non-pathogenic,green_synthesis,MIC,tetragonal,Bacteria,Bacillota,Bacilli,Bacillales,Bacillaceae,Bacillus,p,soil,107.8682,18.0,2,0.16,30,11,23.00188061,0.0,0.0,1.78376517,-0.1553179058680907,Klebsiella pneumoniae,-0.15169113305895743,-0.0036267728091332607,0.6993298953960995,0.7051944195893578
56,Ag,Bacillus subtilis,non-pathogenic,green_synthesis,MBC,cubic,Bacteria,Bacillota,Bacilli,Bacillales,Bacillaceae,Bacillus,p,soil,107.87,8.0,18,0.16,30,11,23.00188061,0.0,0.0,1.78376517,1.9884724569506607,Klebsiella pneumoniae,2.0721261238031774,-0.08365366685251674,97.38060243829442,118.06634632768936
57,ZnO,Bacillus subtilis,non-pathogenic,green_synthesis,MIC,quasi-hexagonal,Bacteria,Bacillota,Bacilli,Bacillales,Bacillaceae,Bacillus,p,soil,81.3794,50.0,24,0.16,30,8,22.60496136,17.07,0.6865,4.082482905,0.1281652998939271,Klebsiella pneumoniae,0.2599941019003751,-0.13182880200644798,1.3432761376803477,1.8196761456455803
58,Ag,Bacillus subtilis,non-pathogenic,green_synthesis,MBC,triangular,Bacteria,Bacillota,Bacilli,Bacillales,Bacillaceae,Bacillus,p,soil,107.87,12.5,2,0.16,30,11,23.00188061,0.0,0.0,1.78376517,0.6956295449577368,Klebsiella pneumoniae,0.8316937442758403,-0.13606419931810354,4.9616890669864535,6.78724840728205
59,CuO,Bacillus subtilis,non-pathogenic,green_synthesis,MIC,triangular,Bacteria,Bacillota,Bacilli,Bacillales,Bacillaceae,Bacillus,p,soil,79.5454,50.0,18,0.16,30,17,20.67942236,17.07,0.6865,1.651411411,0.3652954143977216,Klebsiella pneumoniae,0.5329225517610665,-0.1676271373633449,2.31897151695975,3.4113207171904922
60,ZnO,Bacillus subtilis,non-pathogenic,green_synthesis,MBC,nanoplates,Bacteria,Bacillota,Bacilli,Bacillales,Bacillaceae,Bacillus,p,soil,81.3794,100.0,24,0.16,30,8,22.60496136,17.07,0.6865,4.082482905,1.7502739862823207,Klebsiella pneumoniae,1.9458165556331477,-0.19554256935082703,56.26962051773595,88.27069695352148
61,Pd,Bacillus subtilis,non-pathogenic,green_synthesis,MIC,cubic,Bacteria,Bacillota,Bacilli,Bacillales,Bacillaceae,Bacillus,p,soil,195.084,45.26,24,0.16,30,10,21.14774404,0.0,0.0,1.870828693,1.6216109499007827,Klebsiella pneumoniae,1.8459678103223538,-0.2243568604215711,41.84185690545835,70.1403308850437
62,ZnO,Bacillus subtilis,non-pathogenic,chemical_synthesis,MIC,hexagonal,Bacteria,Bacillota,Bacilli,Bacillales,Bacillaceae,Bacillus,p,soil,81.3794,60.0,18,0.16,30,8,22.60496136,17.07,0.6865,4.082482905,1.5112295564805556,Klebsiella pneumoniae,1.86446133728487,-0.3532317808043144,32.45110999375527,73.19161620548095
