,np,bacteria,bac_type,np_synthesis,method,shape,kingdom,phylum,class,order,family,genus,gram,isolated_from,mol_weight (g/mol),np_size_avg (nm),time_set,"min_Incub_period, h","growth_temp, C",Valance_electron,labuteASA,tpsa,CrippenMR,chi0v,pred_MIC_norm,pathogenic_bacteria,pred_MIC_pathogen,Fitness,pred_norm_MIC_original,pred_path_MIC_original
0,ZnO,Bacillus subtilis,non-pathogenic,green_synthesis,MBC,quasi-spherical,Bacteria,Bacillota,Bacilli,Bacillales,Bacillaceae,Bacillus,p,soil,81.3794,6.0,2,0.16,30,8,22.60496136,17.07,0.6865,4.082482905,2.2798823053087354,Klebsiella pneumoniae,1.4454783016212627,0.8344040036874727,190.49444041826368,27.89191298269383
1,Ag,Bacillus subtilis,non-pathogenic,chemical_synthesis,MIC,quasi-hexagonal,Bacteria,Bacillota,Bacilli,Bacillales,Bacillaceae,Bacillus,p,soil,107.87,5.1,2,0.16,30,11,23.00188061,0.0,0.0,1.78376517,0.9710220480911526,Klebsiella pneumoniae,0.2946069293481266,0.676415118743026,9.354531636597372,1.9706383460883405
2,TiO2,Bacillus subtilis,non-pathogenic,green_synthesis,MBC,spherical,Bacteria,Bacillota,Bacilli,Bacillales,Bacillaceae,Bacillus,p,soil,79.866,5.1,4,0.16,30,16,26.40611331,34.14,1.373,2.878049394,3.0632109405486876,Klebsiella pneumoniae,2.3990949123837524,0.6641160281649352,1156.673912200748,250.66570076236684
3,ZnO,Bacillus subtilis,non-pathogenic,green_synthesis,MIC,spheroidal,Bacteria,Bacillota,Bacilli,Bacillales,Bacillaceae,Bacillus,p,soil,81.3794,5.1,18,0.16,30,8,22.60496136,17.07,0.6865,4.082482905,1.526307200675264,Klebsiella pneumoniae,0.8915199652632358,0.6347872354120282,33.59751841698711,7.789686242560883
4,Ag,Bacillus subtilis,non-pathogenic,chemical_synthesis,MIC,spheroidal,Bacteria,Bacillota,Bacilli,Bacillales,Bacillaceae,Bacillus,p,soil,107.87,79.0,18,0.16,30,11,23.00188061,0.0,0.0,1.78376517,0.5941415683725857,Klebsiella pneumoniae,-0.040397754932635754,0.6345393233052214,3.927729479984251,0.9111759433171024
5,ZnO,Bacillus subtilis,non-pathogenic,green_synthesis,MBC,rod-shaped,Bacteria,Bacillota,Bacilli,Bacillales,Bacillaceae,Bacillus,p,soil,81.3794,8.0,2,0.16,30,8,22.60496136,17.07,0.6865,4.082482905,2.161801163625249,Klebsiella pneumoniae,1.528697446845534,0.6331037167797149,145.14469383538204,33.78294038730004
6,CuO,Bacillus subtilis,non-pathogenic,green_synthesis,MBC,quasi-spherical,Bacteria,Bacillota,Bacilli,Bacillales,Bacillaceae,Bacillus,p,soil,79.5454,6.0,3,0.16,30,17,20.67942236,17.07,0.6865,1.651411411,3.423096166384451,Klebsiella pneumoniae,2.8005397257132847,0.6225564406711661,2649.086664326344,631.741963241435
7,Ag,Bacillus subtilis,non-pathogenic,chemical_synthesis,MIC,nanoplates,Bacteria,Bacillota,Bacilli,Bacillales,Bacillaceae,Bacillus,p,soil,107.87,5.1,4,0.16,30,11,23.00188061,0.0,0.0,1.78376517,1.927534225258725,Klebsiella pneumoniae,1.3125579475735685,0.6149762776851566,84.63192616979157,20.537990449784072
8,ZnO,Bacillus subtilis,non-pathogenic,green_synthesis,MIC,rod-shaped,Bacteria,Bacillota,Bacilli,Bacillales,Bacillaceae,Bacillus,p,soil,81.3794,6.0,0,0.16,30,8,22.60496136,17.07,0.6865,4.082482905,1.4889313364140269,Klebsiella pneumoniae,0.8748173793775004,0.6141139570365265,30.82700525206906,7.49578945463899
9,TiO2,Bacillus subtilis,non-pathogenic,green_synthesis,MBC,cubic,Bacteria,Bacillota,Bacilli,Bacillales,Bacillaceae,Bacillus,p,soil,79.866,9.0,1,0.16,30,16,26.40611331,34.14,1.373,2.878049394,3.3478413082920393,Klebsiella pneumoniae,2.7406702709938715,0.6071710372981678,2227.6210252292462,550.3896658875077
10,ZnO,Bacillus subtilis,non-pathogenic,green_synthesis,MBC,rod-shaped,Bacteria,Bacillota,Bacilli,Bacillales,Bacillaceae,Bacillus,p,soil,81.3794,10.4,3,0.16,30,8,22.60496136,17.07,0.6865,4.082482905,2.1807029522112313,Klebsiella pneumoniae,1.5812111706566194,0.5994917815546119,151.60130934474904,38.12511572869017
11,CeO2,Bacillus subtilis,non-pathogenic,chemical_synthesis,MIC,quasi-hexagonal,Bacteria,Bacillota,Bacilli,Bacillales,Bacillaceae,Bacillus,p,soil,172.115,9.0,2,0.16,30,16,39.19032095,34.14,1.373,4.456551526,2.3194707661023237,Klebsiella pneumoniae,1.746632839830218,0.5728379262721057,208.67516525520034,55.79982537638578
12,ZnO,Bacillus subtilis,non-pathogenic,green_synthesis,MBC,tetragonal,Bacteria,Bacillota,Bacilli,Bacillales,Bacillaceae,Bacillus,p,soil,81.3794,10.4,18,0.16,30,8,22.60496136,17.07,0.6865,4.082482905,1.708617764143497,Klebsiella pneumoniae,1.13687189891276,0.571745865230737,51.123168683084344,13.704774655000067
13,CuO,Bacillus subtilis,non-pathogenic,green_synthesis,MBC,cubic,Bacteria,Bacillota,Bacilli,Bacillales,Bacillaceae,Bacillus,p,soil,79.5454,6.0,3,0.16,30,17,20.67942236,17.07,0.6865,1.651411411,3.6162747918651004,Klebsiella pneumoniae,3.0547175489840113,0.5615572428810891,4133.089329176452,1134.2728815170892
14,Ag,Bacillus subtilis,non-pathogenic,chemical_synthesis,MIC,spheroidal,Bacteria,Bacillota,Bacilli,Bacillales,Bacillaceae,Bacillus,p,soil,107.87,5.1,1,0.16,30,11,23.00188061,0.0,0.0,1.78376517,1.292323241848859,Klebsiella pneumoniae,0.7368822888288311,0.5554409530200279,19.603031683622028,5.456099589317483
15,ZnO,Bacillus subtilis,non-pathogenic,chemical_synthesis,MBC,quasi-hexagonal,Bacteria,Bacillota,Bacilli,Bacillales,Bacillaceae,Bacillus,p,soil,81.3794,8.7,3,0.16,30,8,22.60496136,17.07,0.6865,4.082482905,0.8457059396365292,Klebsiella pneumoniae,0.2918161175813896,0.5538898220551396,7.009805044916838,1.9580154645995846
16,Ag,Bacillus subtilis,non-pathogenic,chemical_synthesis,MIC,quasi-hexagonal,Bacteria,Bacillota,Bacilli,Bacillales,Bacillaceae,Bacillus,p,soil,107.87,12.0,4,0.16,30,11,23.00188061,0.0,0.0,1.78376517,0.7916612515587828,Klebsiella pneumoniae,0.2603899935669445,0.5312712579918383,6.189581012113697,1.8213356718388325
17,ZnO,Bacillus subtilis,non-pathogenic,chemical_synthesis,MBC,rod-shaped,Bacteria,Bacillota,Bacilli,Bacillales,Bacillaceae,Bacillus,p,soil,81.3794,5.1,0,0.16,30,8,22.60496136,17.07,0.6865,4.082482905,1.6081354099155036,Klebsiella pneumoniae,1.078717024099606,0.5294183858158976,40.56349898242802,11.98717992652828
18,Au,Bacillus subtilis,non-pathogenic,green_synthesis,MIC,spheroidal,Bacteria,Bacillota,Bacilli,Bacillales,Bacillaceae,Bacillus,p,soil,196.966569,40.0,18,0.16,30,11,23.00188061,0.0,0.0,2.46797672,1.1996571821036555,Klebsiella pneumoniae,0.6788305054132759,0.5208266766903795,15.83642623122047,4.773429419447086
19,ZnO,Bacillus subtilis,non-pathogenic,green_synthesis,MBC,quasi-spherical,Bacteria,Bacillota,Bacilli,Bacillales,Bacillaceae,Bacillus,p,soil,81.3794,27.43,4,0.16,30,8,22.60496136,17.07,0.6865,4.082482905,1.7759093301037332,Klebsiella pneumoniae,1.2576496029337227,0.5182597271700105,59.69106534620153,18.09879258299861
20,ZnO,Bacillus subtilis,non-pathogenic,green_synthesis,MBC,triangular,Bacteria,Bacillota,Bacilli,Bacillales,Bacillaceae,Bacillus,p,soil,81.3794,10.4,18,0.16,30,8,22.60496136,17.07,0.6865,4.082482905,1.2210163168781676,Klebsiella pneumoniae,0.7085277789404427,0.5124885379377249,16.634751476216113,5.111257713207804
21,TiO2,Bacillus subtilis,non-pathogenic,chemical_synthesis,MBC,spheroidal,Bacteria,Bacillota,Bacilli,Bacillales,Bacillaceae,Bacillus,p,soil,79.866,5.1,0,0.16,30,16,26.40611331,34.14,1.373,2.878049394,2.7399221194666694,Klebsiella pneumoniae,2.2319456801188355,0.5079764393478339,549.4423354213825,170.5869012133131
22,Pd,Bacillus subtilis,non-pathogenic,green_synthesis,MBC,quasi-spherical,Bacteria,Bacillota,Bacilli,Bacillales,Bacillaceae,Bacillus,p,soil,195.084,100.0,2,0.16,30,10,21.14774404,0.0,0.0,1.870828693,0.9223404137923559,Klebsiella pneumoniae,0.4143756230233311,0.5079647907690248,8.362582471464384,2.5964240487379175
23,ZnO,Bacillus subtilis,non-pathogenic,chemical_synthesis,MBEC,quasi-hexagonal,Bacteria,Bacillota,Bacilli,Bacillales,Bacillaceae,Bacillus,p,soil,81.3794,9.0,1,0.16,30,8,22.60496136,17.07,0.6865,4.082482905,1.2831706071572533,Klebsiella pneumoniae,0.7761123204584268,0.5070582866988265,19.194226137611558,5.971897162446133
24,Au,Bacillus subtilis,non-pathogenic,green_synthesis,MBC,quasi-spherical,Bacteria,Bacillota,Bacilli,Bacillales,Bacillaceae,Bacillus,p,soil,196.966569,44.45,3,0.16,30,11,23.00188061,0.0,0.0,2.46797672,0.45303439402854084,Klebsiella pneumoniae,-0.048484416456153534,0.5015188104846944,2.838143786842251,0.8943666234097024
25,ZnO,Bacillus subtilis,non-pathogenic,green_synthesis,MBC,triangular,Bacteria,Bacillota,Bacilli,Bacillales,Bacillaceae,Bacillus,p,soil,81.3794,12.0,18,0.16,30,8,22.60496136,17.07,0.6865,4.082482905,1.2154087034525947,Klebsiella pneumoniae,0.7149156506159464,0.5004930528366482,16.421344170614404,5.186992865219778
26,Ag,Bacillus subtilis,non-pathogenic,chemical_synthesis,MBEC,spheroidal,Bacteria,Bacillota,Bacilli,Bacillales,Bacillaceae,Bacillus,p,soil,107.87,26.38,18,0.16,30,11,23.00188061,0.0,0.0,1.78376517,1.314819984967154,Klebsiella pneumoniae,0.8148364585474718,0.49998352641968224,20.645242332803253,6.528846508115365
27,ZnO,Bacillus subtilis,non-pathogenic,chemical_synthesis,MBEC,quasi-hexagonal,Bacteria,Bacillota,Bacilli,Bacillales,Bacillaceae,Bacillus,p,soil,81.3794,10.4,1,0.16,30,8,22.60496136,17.07,0.6865,4.082482905,1.2850011499248892,Klebsiella pneumoniae,0.7850421517150218,0.49995899820986744,19.275300168979808,6.095960604889656
28,Ni,Bacillus subtilis,non-pathogenic,green_synthesis,MBC,spheroidal,Bacteria,Bacillota,Bacilli,Bacillales,Bacillaceae,Bacillus,p,soil,58.6934,5.1,2,0.16,30,10,17.41523038,0.0,0.0,1.303840481,2.9933123432765565,Klebsiella pneumoniae,2.497161636749966,0.49615070652659066,984.7190581173797,314.16777533860727
29,Ag,Bacillus subtilis,non-pathogenic,chemical_synthesis,MIC,spheroidal,Bacteria,Bacillota,Bacilli,Bacillales,Bacillaceae,Bacillus,p,soil,107.87,20.0,4,0.16,30,11,23.00188061,0.0,0.0,1.78376517,0.8553403524510443,Klebsiella pneumoniae,0.3624635575845587,0.4928767948664856,7.167048649605345,2.3038996436646952
30,CuO,Bacillus subtilis,non-pathogenic,green_synthesis,MBC,spheroidal,Bacteria,Bacillota,Bacilli,Bacillales,Bacillaceae,Bacillus,p,soil,79.5454,8.0,4,0.16,30,17,20.67942236,17.07,0.6865,1.651411411,3.5234395843237127,Klebsiella pneumoniae,3.0315950476465168,0.49184453667719596,3337.640712701846,1075.4619451787516
31,ZnO,Bacillus subtilis,non-pathogenic,green_synthesis,MIC,quasi-spherical,Bacteria,Bacillota,Bacilli,Bacillales,Bacillaceae,Bacillus,p,soil,81.3794,8.7,2,0.16,30,8,22.60496136,17.07,0.6865,4.082482905,1.5479937800403922,Klebsiella pneumoniae,1.056412292183024,0.4915814878573683,35.31781115436699,11.387077912487142
32,TiO2,Bacillus subtilis,non-pathogenic,green_synthesis,MBC,quasi-hexagonal,Bacteria,Bacillota,Bacilli,Bacillales,Bacillaceae,Bacillus,p,soil,79.866,50.0,4,0.16,30,16,26.40611331,34.14,1.373,2.878049394,1.1900790035908142,Klebsiella pneumoniae,0.7073427589476586,0.48273624464315557,15.490983936293514,5.09733009767002
33,Ag,Bacillus subtilis,non-pathogenic,green_synthesis,MIC,spheroidal,Bacteria,Bacillota,Bacilli,Bacillales,Bacillaceae,Bacillus,p,soil,107.87,44.45,3,0.16,30,11,23.00188061,0.0,0.0,1.78376517,0.6009709185594372,Klebsiella pneumoniae,0.12357176447299256,0.4773991540864446,3.9899818355508923,1.3291431716572162
34,CeO2,Bacillus subtilis,non-pathogenic,chemical_synthesis,MIC,quasi-spherical,Bacteria,Bacillota,Bacilli,Bacillales,Bacillaceae,Bacillus,p,soil,172.115,9.0,4,0.16,30,16,39.19032095,34.14,1.373,4.456551526,2.578860979076518,Klebsiella pneumoniae,2.107681330458898,0.47117964861761985,379.19358283174944,128.1390000103158
35,ZnO,Bacillus subtilis,non-pathogenic,chemical_synthesis,MIC,cubic,Bacteria,Bacillota,Bacilli,Bacillales,Bacillaceae,Bacillus,p,soil,81.3794,6.0,2,0.16,30,8,22.60496136,17.07,0.6865,4.082482905,2.107500675237754,Klebsiella pneumoniae,1.641174948537439,0.46632572670031514,128.08570860015763,43.76983893959854
36,TiO2,Bacillus subtilis,non-pathogenic,chemical_synthesis,MBC,cubic,Bacteria,Bacillota,Bacilli,Bacillales,Bacillaceae,Bacillus,p,soil,79.866,5.1,18,0.16,30,16,26.40611331,34.14,1.373,2.878049394,2.9254383407949107,Klebsiella pneumoniae,2.5176636369962706,0.4077747037986401,842.2448047661345,329.35452682634497
37,CuO,Bacillus subtilis,non-pathogenic,green_synthesis,MBC,hexagonal,Bacteria,Bacillota,Bacilli,Bacillales,Bacillaceae,Bacillus,p,soil,79.5454,10.4,1,0.16,30,17,20.67942236,17.07,0.6865,1.651411411,3.473805999973916,Klebsiella pneumoniae,3.0929236765962047,0.38088232337771144,2977.186218595301,1238.5788981451124
38,Ag,Bacillus subtilis,non-pathogenic,green_synthesis,MIC,spheroidal,Bacteria,Bacillota,Bacilli,Bacillales,Bacillaceae,Bacillus,p,soil,107.87,50.0,2,0.16,30,11,23.00188061,0.0,0.0,1.78376517,0.9955555976372471,Klebsiella pneumoniae,0.6674845097535873,0.3280710878836598,9.898185706400847,4.650337892267472
39,Au,Bacillus subtilis,non-pathogenic,green_synthesis,MBC,quasi-hexagonal,Bacteria,Bacillota,Bacilli,Bacillales,Bacillaceae,Bacillus,p,soil,196.966569,45.26,4,0.16,30,11,23.00188061,0.0,0.0,2.46797672,0.034092962999083376,Klebsiella pneumoniae,-0.2734323668667744,0.3075253298658578,1.0816654626530757,0.5328041920157324
40,ZnO,Bacillus subtilis,non-pathogenic,chemical_synthesis,MIC,rod-shaped,Bacteria,Bacillota,Bacilli,Bacillales,Bacillaceae,Bacillus,p,soil,81.3794,10.0,1,0.16,30,8,22.60496136,17.07,0.6865,4.082482905,1.2459861539873143,Klebsiella pneumoniae,0.9644451040017469,0.2815410499855674,17.619198726520864,9.21393414751739
41,Pd,Bacillus subtilis,non-pathogenic,green_synthesis,MIC,spherical,Bacteria,Bacillota,Bacilli,Bacillales,Bacillaceae,Bacillus,p,soil,195.084,40.0,2,0.16,30,10,21.14774404,0.0,0.0,1.870828693,0.9068560130492511,Klebsiella pneumoniae,0.6426798736841595,0.26417613936509166,8.069674421266715,4.392177407465835
42,CeO2,Bacillus subtilis,non-pathogenic,green_synthesis,MIC,spherical,Bacteria,Bacillota,Bacilli,Bacillales,Bacillaceae,Bacillus,p,soil,172.115,11.3,0,0.16,30,16,39.19032095,34.14,1.373,4.456551526,2.720051166128882,Klebsiella pneumoniae,2.4573028990874097,0.26274826704147225,524.8692937501455,286.6176290260517
43,ZnO,Bacillus subtilis,non-pathogenic,green_synthesis,MBEC,nanoplates,Bacteria,Bacillota,Bacilli,Bacillales,Bacillaceae,Bacillus,p,soil,81.3794,25.0,0,0.16,30,8,22.60496136,17.07,0.6865,4.082482905,2.4209795091212616,Klebsiella pneumoniae,2.209767394129835,0.21121211499142678,263.62070013935966,162.09416968654577
44,Ag,Bacillus subtilis,non-pathogenic,chemical_synthesis,MBEC,cubic,Bacteria,Bacillota,Bacilli,Bacillales,Bacillaceae,Bacillus,p,soil,107.87,8.7,1,0.16,30,11,23.00188061,0.0,0.0,1.78376517,2.2253108676753306,Klebsiella pneumoniae,2.044524084800013,0.1807867828753178,168.00061350076544,110.79600081427442
45,ZnO,Bacillus subtilis,non-pathogenic,chemical_synthesis,MBC,nanoplates,Bacteria,Bacillota,Bacilli,Bacillales,Bacillaceae,Bacillus,p,soil,81.3794,26.38,2,0.16,30,8,22.60496136,17.07,0.6865,4.082482905,1.7207082634851356,Klebsiella pneumoniae,1.5799580297373637,0.14075023374777196,52.566403391994264,38.01526565541613
46,Au,Bacillus subtilis,non-pathogenic,chemical_synthesis,MBC,nanoplates,Bacteria,Bacillota,Bacilli,Bacillales,Bacillaceae,Bacillus,p,soil,196.966569,45.26,2,0.16,30,11,23.00188061,0.0,0.0,2.46797672,1.7873575855794397,Klebsiella pneumoniae,1.6819536228781922,0.10540396270124752,61.28547910421916,48.0788003670254
47,Ag,Bacillus subtilis,non-pathogenic,chemical_synthesis,MBEC,quasi-spherical,Bacteria,Bacillota,Bacilli,Bacillales,Bacillaceae,Bacillus,p,soil,107.87,27.43,1,0.16,30,11,23.00188061,0.0,0.0,1.78376517,1.144538126180795,Klebsiella pneumoniae,1.04302476977769,0.10151335640310499,13.948841074328838,11.041415922929403
48,ZnO,Bacillus subtilis,non-pathogenic,green_synthesis,MIC,cubic,Bacteria,Bacillota,Bacilli,Bacillales,Bacillaceae,Bacillus,p,soil,81.3794,40.0,1,0.16,30,8,22.60496136,17.07,0.6865,4.082482905,0.9821119674274902,Klebsiella pneumoniae,0.8889313195059139,0.09318064792157632,9.596480108259117,7.7433933202060325
49,Ag,Bacillus subtilis,non-pathogenic,chemical_synthesis,MBEC,nanoplates,Bacteria,Bacillota,Bacilli,Bacillales,Bacillaceae,Bacillus,p,soil,107.87,26.38,3,0.16,30,11,23.00188061,0.0,0.0,1.78376517,1.8555645736097806,Klebsiella pneumoniae,1.7727370594348617,0.08282751417491885,71.70749868317492,59.2566450727311
50,ZnO,Bacillus subtilis,non-pathogenic,chemical_synthesis,MIC,spherical,Bacteria,Bacillota,Bacilli,Bacillales,Bacillaceae,Bacillus,p,soil,81.3794,18.5,3,0.16,30,8,22.60496136,17.07,0.6865,4.082482905,1.15903507201288,Klebsiella pneumoniae,1.1195293752042161,0.03950569680866378,14.422318161187953,13.168289785826808
51,Ag,Bacillus subtilis,non-pathogenic,chemical_synthesis,MIC,tetragonal,Bacteria,Bacillota,Bacilli,Bacillales,Bacillaceae,Bacillus,p,soil,107.8682,100.0,1,0.16,30,11,23.00188061,0.0,0.0,1.78376517,-0.24072335588951255,Klebsiella pneumoniae,-0.25493637700738825,0.014213021117875702,0.5744822889473811,0.5559857017389248
52,Au,Bacillus subtilis,non-pathogenic,green_synthesis,MIC,spheroidal,Bacteria,Bacillota,Bacilli,Bacillales,Bacillaceae,Bacillus,p,soil,196.966569,10.4,2,0.16,30,11,23.00188061,0.0,0.0,2.46797672,2.044893944505225,Klebsiella pneumoniae,2.044792377048782,0.00010156745644307463,110.89039858444208,110.86446793302706
53,ZnO,Bacillus subtilis,non-pathogenic,green_synthesis,MBEC,tetragonal,Bacteria,Bacillota,Bacilli,Bacillales,Bacillaceae,Bacillus,p,soil,81.3794,35.0,3,0.16,30,8,22.60496136,17.07,0.6865,4.082482905,0.7777835843638601,Klebsiella pneumoniae,0.7782931018232682,-0.000509517459408082,5.994922655720011,6.0019600701483355
54,ZnO,Bacillus subtilis,non-pathogenic,chemical_synthesis,MBC,spheroidal,Bacteria,Bacillota,Bacilli,Bacillales,Bacillaceae,Bacillus,p,soil,81.3794,20.0,2,0.16,30,8,22.60496136,17.07,0.6865,4.082482905,1.6597812665453624,Klebsiella pneumoniae,1.6741100717582598,-0.014328805212897366,45.68580340188996,47.21827006108905
55,CuO,Bacillus subtilis,non-pathogenic,chemical_synthesis,MBC,spheroidal,Bacteria,Bacillota,Bacilli,Bacillales,Bacillaceae,Bacillus,p,soil,79.5454,26.06,18,0.16,30,17,20.67942236,17.07,0.6865,1.651411411,2.6390940903375615,Klebsiella pneumoniae,2.6552880081220516,-0.016193917784490086,435.60623799397985,452.155697994573
56,ZnO,Bacillus subtilis,non-pathogenic,chemical_synthesis,MIC,cubic,Bacteria,Bacillota,Bacilli,Bacillales,Bacillaceae,Bacillus,p,soil,81.3794,8.7,24,0.16,30,8,22.60496136,17.07,0.6865,4.082482905,2.421663280892872,Klebsiella pneumoniae,2.4488377941894655,-0.02717451329659326,264.03608273542307,281.0850802119295
57,Ag,Bacillus subtilis,non-pathogenic,chemical_synthesis,MBC,nanoplates,Bacteria,Bacillota,Bacilli,Bacillales,Bacillaceae,Bacillus,p,soil,107.8682,41.23,1,0.16,30,11,23.00188061,0.0,0.0,1.78376517,1.8527732236406664,Klebsiella pneumoniae,1.9679221773279205,-0.11514895368725409,71.24808954982751,92.87999371184019
58,Ag,Bacillus subtilis,non-pathogenic,green_synthesis,MBC,rod-shaped,Bacteria,Bacillota,Bacilli,Bacillales,Bacillaceae,Bacillus,p,soil,107.87,38.0,18,0.16,30,11,23.00188061,0.0,0.0,1.78376517,0.7236296473855868,Klebsiella pneumoniae,0.8520024760311936,-0.12837282864560684,5.292119561738444,7.112175684869464
59,Ag,Bacillus subtilis,non-pathogenic,chemical_synthesis,MBC,spherical,Bacteria,Bacillota,Bacilli,Bacillales,Bacillaceae,Bacillus,p,soil,107.87,40.0,2,0.16,30,11,23.00188061,0.0,0.0,1.78376517,1.220376654935504,Klebsiella pneumoniae,1.3797675366609532,-0.15939088172544924,16.610268583666105,23.975492474169332
