,np,bacteria,bac_type,np_synthesis,method,shape,kingdom,phylum,class,order,family,genus,gram,isolated_from,mol_weight (g/mol),np_size_avg (nm),time_set,"min_Incub_period, h","growth_temp, C",Valance_electron,labuteASA,tpsa,CrippenMR,chi0v,pred_MIC_norm,pathogenic_bacteria,pred_MIC_pathogen,Fitness,pred_norm_MIC_original,pred_path_MIC_original
0,ZnO,Bacillus subtilis,non-pathogenic,green_synthesis,MIC,quasi-spherical,Bacteria,Bacillota,Bacilli,Bacillales,Bacillaceae,Bacillus,p,soil,81.3794,6.0,1,0.16,30,8,22.60496136,17.07,0.6865,4.082482905,1.5829354021551167,Klebsiella pneumoniae,0.9033791618522293,0.6795562403028874,38.276780542021484,8.00532857159759
1,TiO2,Bacillus subtilis,non-pathogenic,green_synthesis,MBC,cubic,Bacteria,Bacillota,Bacilli,Bacillales,Bacillaceae,Bacillus,p,soil,79.866,9.0,1,0.16,30,16,26.40611331,34.14,1.373,2.878049394,3.3478413082920393,Klebsiella pneumoniae,2.7406702709938715,0.6071710372981678,2227.6210252292462,550.3896658875077
2,ZnO,Bacillus subtilis,non-pathogenic,green_synthesis,MBC,quasi-hexagonal,Bacteria,Bacillota,Bacilli,Bacillales,Bacillaceae,Bacillus,p,soil,81.3794,28.0,4,0.16,30,8,22.60496136,17.07,0.6865,4.082482905,0.863350846421355,Klebsiella pneumoniae,0.3193274195364255,0.5440234268849294,7.30047043328398,2.0860629969627293
3,ZnO,Bacillus subtilis,non-pathogenic,chemical_synthesis,MBC,spherical,Bacteria,Bacillota,Bacilli,Bacillales,Bacillaceae,Bacillus,p,soil,81.3794,8.7,0,0.16,30,8,22.60496136,17.07,0.6865,4.082482905,1.829601470494904,Klebsiella pneumoniae,1.3603946385202854,0.46920683197461854,67.54628537060843,22.929502845751703
4,Au,Bacillus subtilis,non-pathogenic,green_synthesis,MIC,quasi-spherical,Bacteria,Bacillota,Bacilli,Bacillales,Bacillaceae,Bacillus,p,soil,196.966569,40.0,4,0.16,30,11,23.00188061,0.0,0.0,2.46797672,0.7907063556017938,Klebsiella pneumoniae,0.340237525802622,0.4504688297991718,6.175986750158847,2.188958489181703
5,CuO,Bacillus subtilis,non-pathogenic,green_synthesis,MBC,quasi-hexagonal,Bacteria,Bacillota,Bacilli,Bacillales,Bacillaceae,Bacillus,p,soil,79.5454,79.0,1,0.16,30,17,20.67942236,17.07,0.6865,1.651411411,1.5138578116347676,Klebsiella pneumoniae,1.07123143536678,0.4426263762679876,32.64809245532628,11.782336865422915
6,TiO2,Bacillus subtilis,non-pathogenic,chemical_synthesis,MBEC,hexagonal,Bacteria,Bacillota,Bacilli,Bacillales,Bacillaceae,Bacillus,p,soil,79.866,10.0,0,0.16,30,16,26.40611331,34.14,1.373,2.878049394,3.32905331154076,Klebsiella pneumoniae,2.916664050933935,0.4123892606068247,2133.306769779382,825.3992139171673
7,Ag,Bacillus subtilis,non-pathogenic,green_synthesis,MBC,spheroidal,Bacteria,Bacillota,Bacilli,Bacillales,Bacillaceae,Bacillus,p,soil,107.8682,17.5,18,0.16,30,11,23.00188061,0.0,0.0,1.78376517,1.3905119329509097,Klebsiella pneumoniae,0.9900686651543363,0.40044326779657335,24.576041569794526,9.773917415687762
8,Au,Bacillus subtilis,non-pathogenic,chemical_synthesis,MBEC,quasi-hexagonal,Bacteria,Bacillota,Bacilli,Bacillales,Bacillaceae,Bacillus,p,soil,196.966569,6.0,2,0.16,30,11,23.00188061,0.0,0.0,2.46797672,1.4731252193475626,Klebsiella pneumoniae,1.0752242050052998,0.39790101434226277,29.725229703988834,11.891159514270374
9,Pd,Bacillus subtilis,non-pathogenic,chemical_synthesis,MBEC,quasi-hexagonal,Bacteria,Bacillota,Bacilli,Bacillales,Bacillaceae,Bacillus,p,soil,195.084,5.1,2,0.16,30,10,21.14774404,0.0,0.0,1.870828693,1.055864309131842,Klebsiella pneumoniae,0.6633583844735911,0.39250592465825096,11.372719013366032,4.60636539006214
10,ZnO,Bacillus subtilis,non-pathogenic,chemical_synthesis,MBC,nanoplates,Bacteria,Bacillota,Bacilli,Bacillales,Bacillaceae,Bacillus,p,soil,81.3794,9.0,2,0.16,30,8,22.60496136,17.07,0.6865,4.082482905,1.9963568470216453,Klebsiella pneumoniae,1.611625202999352,0.3847316440222932,99.16464169717187,40.89076193268263
11,Ag,Bacillus subtilis,non-pathogenic,green_synthesis,MBC,quasi-hexagonal,Bacteria,Bacillota,Bacilli,Bacillales,Bacillaceae,Bacillus,p,soil,107.8682,60.0,4,0.16,30,11,23.00188061,0.0,0.0,1.78376517,0.19756671531280823,Klebsiella pneumoniae,-0.18064702593107063,0.37821374124387885,1.5760381114746502,0.6597098584660109
12,ZnO,Bacillus subtilis,non-pathogenic,chemical_synthesis,MIC,quasi-spherical,Bacteria,Bacillota,Bacilli,Bacillales,Bacillaceae,Bacillus,p,soil,81.3794,9.0,4,0.16,30,8,22.60496136,17.07,0.6865,4.082482905,1.4687566895589304,Klebsiella pneumoniae,1.0912956936770741,0.3774609958818562,29.427725042051307,12.33944690684468
13,CuO,Bacillus subtilis,non-pathogenic,green_synthesis,MBC,cubic,Bacteria,Bacillota,Bacilli,Bacillales,Bacillaceae,Bacillus,p,soil,79.5454,28.0,4,0.16,30,17,20.67942236,17.07,0.6865,1.651411411,3.019447052274237,Klebsiella pneumoniae,2.646109403529368,0.37333764874486874,1045.7961827297102,442.69987925801564
14,Ag,Bacillus subtilis,non-pathogenic,green_synthesis,MBEC,triangular,Bacteria,Bacillota,Bacilli,Bacillales,Bacillaceae,Bacillus,p,soil,107.8682,10.0,18,0.16,30,11,23.00188061,0.0,0.0,1.78376517,0.22008052057136496,Klebsiella pneumoniae,-0.14907812552850896,0.3691586460998739,1.6598946324497346,0.7094501330186062
15,ZnO,Bacillus subtilis,non-pathogenic,chemical_synthesis,MBC,tetragonal,Bacteria,Bacillota,Bacilli,Bacillales,Bacillaceae,Bacillus,p,soil,81.3794,8.7,24,0.16,30,8,22.60496136,17.07,0.6865,4.082482905,1.4509636280167015,Klebsiella pneumoniae,1.094098455205514,0.35686517281118757,28.24643402292335,12.419338239276769
16,Ag,Bacillus subtilis,non-pathogenic,chemical_synthesis,MIC,spherical,Bacteria,Bacillota,Bacilli,Bacillales,Bacillaceae,Bacillus,p,soil,107.87,9.0,3,0.16,30,11,23.00188061,0.0,0.0,1.78376517,1.3342405532254027,Klebsiella pneumoniae,0.9948937427437571,0.3393468104816456,21.58939902476815,9.883112585413073
17,ZnO,Bacillus subtilis,non-pathogenic,green_synthesis,MBEC,spheroidal,Bacteria,Bacillota,Bacilli,Bacillales,Bacillaceae,Bacillus,p,soil,81.3794,11.3,4,0.16,30,8,22.60496136,17.07,0.6865,4.082482905,2.4576240569330166,Klebsiella pneumoniae,2.1273257105549908,0.3302983463780258,286.8296592209355,134.06817900034667
18,CeO2,Bacillus subtilis,non-pathogenic,chemical_synthesis,MIC,cubic,Bacteria,Bacillota,Bacilli,Bacillales,Bacillaceae,Bacillus,p,soil,172.115,18.5,1,0.16,30,16,39.19032095,34.14,1.373,4.456551526,2.5509716279786008,Klebsiella pneumoniae,2.2323164037496115,0.3186552242289893,355.6080862917537,170.73258023412254
19,ZnO,Bacillus subtilis,non-pathogenic,chemical_synthesis,MBEC,tetragonal,Bacteria,Bacillota,Bacilli,Bacillales,Bacillaceae,Bacillus,p,soil,81.3794,18.5,18,0.16,30,8,22.60496136,17.07,0.6865,4.082482905,0.822673016417166,Klebsiella pneumoniae,0.5045051981265318,0.3181678182906341,6.6477245555155875,3.1952526089689353
20,Ag,Bacillus subtilis,non-pathogenic,green_synthesis,MBEC,spheroidal,Bacteria,Bacillota,Bacilli,Bacillales,Bacillaceae,Bacillus,p,soil,107.8682,5.1,0,0.16,30,11,23.00188061,0.0,0.0,1.78376517,2.1603988768135993,Klebsiella pneumoniae,1.842561113448871,0.31783776336472824,144.67679415649567,69.59228773238225
21,ZnO,Bacillus subtilis,non-pathogenic,green_synthesis,MBEC,tetragonal,Bacteria,Bacillota,Bacilli,Bacillales,Bacillaceae,Bacillus,p,soil,81.3794,38.0,18,0.16,30,8,22.60496136,17.07,0.6865,4.082482905,0.6528139458087199,Klebsiella pneumoniae,0.3421511527944372,0.3106627930142827,4.495872079498491,2.198624953839533
22,Au,Bacillus subtilis,non-pathogenic,green_synthesis,MIC,spherical,Bacteria,Bacillota,Bacilli,Bacillales,Bacillaceae,Bacillus,p,soil,196.966569,6.0,4,0.16,30,11,23.00188061,0.0,0.0,2.46797672,1.9968657661176399,Klebsiella pneumoniae,1.6934239896761518,0.30344177644148806,99.28091386432112,49.36555109830703
23,ZnO,Bacillus subtilis,non-pathogenic,chemical_synthesis,MBEC,tetragonal,Bacteria,Bacillota,Bacilli,Bacillales,Bacillaceae,Bacillus,p,soil,81.3794,5.1,3,0.16,30,8,22.60496136,17.07,0.6865,4.082482905,1.1219500448629058,Klebsiella pneumoniae,0.8196608714879694,0.30228917337493644,13.24189210306994,6.601777322043412
24,Ag,Bacillus subtilis,non-pathogenic,chemical_synthesis,MIC,quasi-hexagonal,Bacteria,Bacillota,Bacilli,Bacillales,Bacillaceae,Bacillus,p,soil,107.8682,10.4,4,0.16,30,11,23.00188061,0.0,0.0,1.78376517,1.2546680214564976,Klebsiella pneumoniae,0.9529950209898129,0.30167300046668466,17.974963677144505,8.974185059023835
25,Au,Bacillus subtilis,non-pathogenic,green_synthesis,MBEC,quasi-hexagonal,Bacteria,Bacillota,Bacilli,Bacillales,Bacillaceae,Bacillus,p,soil,196.966569,50.0,1,0.16,30,11,23.00188061,0.0,0.0,2.46797672,0.36865333156609026,Klebsiella pneumoniae,0.0697514296898405,0.29890190187624976,2.3369710451932852,1.1742252896880896
26,ZnO,Bacillus subtilis,non-pathogenic,chemical_synthesis,MIC,hexagonal,Bacteria,Bacillota,Bacilli,Bacillales,Bacillaceae,Bacillus,p,soil,81.3794,8.0,1,0.16,30,8,22.60496136,17.07,0.6865,4.082482905,2.0051445107536163,Klebsiella pneumoniae,1.7074381608147362,0.2977063499388801,101.19161116187313,50.9844995584234
27,Ag,Bacillus subtilis,non-pathogenic,green_synthesis,MBC,quasi-hexagonal,Bacteria,Bacillota,Bacilli,Bacillales,Bacillaceae,Bacillus,p,soil,107.8682,26.06,3,0.16,30,11,23.00188061,0.0,0.0,1.78376517,0.5124493618978017,Klebsiella pneumoniae,0.2297020221613566,0.28274733973644506,3.2542383734178144,1.6970788543068838
28,Cu,Bacillus subtilis,non-pathogenic,green_synthesis,MBC,quasi-spherical,Bacteria,Bacillota,Bacilli,Bacillales,Bacillaceae,Bacillus,p,soil,63.55,18.0,1,0.16,30,11,17.96409803,0.0,0.0,1.243163121,1.5383160362065225,Klebsiella pneumoniae,1.260833329918887,0.2774827062876355,34.53949919312146,18.231958764329114
29,Ag,Bacillus subtilis,non-pathogenic,green_synthesis,MIC,quasi-hexagonal,Bacteria,Bacillota,Bacilli,Bacillales,Bacillaceae,Bacillus,p,soil,107.87,11.3,3,0.16,30,11,23.00188061,0.0,0.0,1.78376517,1.1940384842372243,Klebsiella pneumoniae,0.9329981505242292,0.26104033371299507,15.63286164341354,8.57034195477908
30,ZnO,Bacillus subtilis,non-pathogenic,green_synthesis,MBC,nanoplates,Bacteria,Bacillota,Bacilli,Bacillales,Bacillaceae,Bacillus,p,soil,81.3794,30.0,0,0.16,30,8,22.60496136,17.07,0.6865,4.082482905,1.898105401437881,Klebsiella pneumoniae,1.6438299617553382,0.25427543968254285,79.08705456537565,44.0382407912921
31,Cu,Bacillus subtilis,non-pathogenic,green_synthesis,MBEC,rod-shaped,Bacteria,Bacillota,Bacilli,Bacillales,Bacillaceae,Bacillus,p,soil,63.55,8.7,1,0.16,30,11,17.96409803,0.0,0.0,1.243163121,1.9637727416314916,Klebsiella pneumoniae,1.710517310175943,0.25325543145554863,91.99680433059348,51.347264316631765
32,ZnO,Bacillus subtilis,non-pathogenic,chemical_synthesis,MBC,quasi-hexagonal,Bacteria,Bacillota,Bacilli,Bacillales,Bacillaceae,Bacillus,p,soil,81.3794,79.0,3,0.16,30,8,22.60496136,17.07,0.6865,4.082482905,0.7711979111875147,Klebsiella pneumoniae,0.5216939429845104,0.24950396820300424,5.904701004347203,3.3242520326689355
33,Ag,Bacillus subtilis,non-pathogenic,green_synthesis,MIC,spheroidal,Bacteria,Bacillota,Bacilli,Bacillales,Bacillaceae,Bacillus,p,soil,107.8682,5.1,4,0.16,30,11,23.00188061,0.0,0.0,1.78376517,1.4216632306506136,Klebsiella pneumoniae,1.1754799715055788,0.2461832591450348,26.403605218986257,14.978901727825189
34,Au,Bacillus subtilis,non-pathogenic,chemical_synthesis,MBC,nanoplates,Bacteria,Bacillota,Bacilli,Bacillales,Bacillaceae,Bacillus,p,soil,196.966569,44.45,0,0.16,30,11,23.00188061,0.0,0.0,2.46797672,1.8121291868628655,Klebsiella pneumoniae,1.5712307723501622,0.24089841451270333,64.88274074756978,37.2589637725835
35,ZnO,Bacillus subtilis,non-pathogenic,chemical_synthesis,MIC,tetragonal,Bacteria,Bacillota,Bacilli,Bacillales,Bacillaceae,Bacillus,p,soil,81.3794,5.1,2,0.16,30,8,22.60496136,17.07,0.6865,4.082482905,0.39335088468342594,Klebsiella pneumoniae,0.15346203099865385,0.23988885368477209,2.4737219613243453,1.4238427591079725
36,TiO2,Bacillus subtilis,non-pathogenic,chemical_synthesis,MBC,spherical,Bacteria,Bacillota,Bacilli,Bacillales,Bacillaceae,Bacillus,p,soil,79.866,26.38,0,0.16,30,16,26.40611331,34.14,1.373,2.878049394,2.2705926051970327,Klebsiella pneumoniae,2.0423219395600674,0.2282706656369653,186.46297333736374,110.2356175907549
37,TiO2,Bacillus subtilis,non-pathogenic,chemical_synthesis,MBC,spherical,Bacteria,Bacillota,Bacilli,Bacillales,Bacillaceae,Bacillus,p,soil,79.866,26.38,0,0.16,30,16,26.40611331,34.14,1.373,2.878049394,2.2705926051970327,Klebsiella pneumoniae,2.0423219395600674,0.2282706656369653,186.46297333736374,110.2356175907549
38,Ag,Bacillus subtilis,non-pathogenic,chemical_synthesis,MBEC,quasi-hexagonal,Bacteria,Bacillota,Bacilli,Bacillales,Bacillaceae,Bacillus,p,soil,107.87,10.4,2,0.16,30,11,23.00188061,0.0,0.0,1.78376517,1.1479093434885037,Klebsiella pneumoniae,0.9202918462545849,0.22761749723391878,14.057540503103574,8.323229048997336
39,Pd,Bacillus subtilis,non-pathogenic,chemical_synthesis,MIC,hexagonal,Bacteria,Bacillota,Bacilli,Bacillales,Bacillaceae,Bacillus,p,soil,195.084,11.3,18,0.16,30,10,21.14774404,0.0,0.0,1.870828693,1.29278022189512,Klebsiella pneumoniae,1.0842034121909399,0.20857680970418024,19.62366954437647,12.139573032209281
40,ZnO,Bacillus subtilis,non-pathogenic,chemical_synthesis,MBEC,nanoplates,Bacteria,Bacillota,Bacilli,Bacillales,Bacillaceae,Bacillus,p,soil,81.3794,13.0,4,0.16,30,8,22.60496136,17.07,0.6865,4.082482905,2.393079554165127,Klebsiella pneumoniae,2.201837085208191,0.19124246895693586,247.21769574970267,159.16115614930104
41,CeO2,Bacillus subtilis,non-pathogenic,green_synthesis,MBEC,rod-shaped,Bacteria,Bacillota,Bacilli,Bacillales,Bacillaceae,Bacillus,p,soil,172.115,41.23,3,0.16,30,16,39.19032095,34.14,1.373,4.456551526,1.853182768070306,Klebsiella pneumoniae,1.6932748826796518,0.15990788539065415,71.31530896411668,49.3486052564476
42,ZnO,Bacillus subtilis,non-pathogenic,green_synthesis,MBC,spheroidal,Bacteria,Bacillota,Bacilli,Bacillales,Bacillaceae,Bacillus,p,soil,81.3794,26.38,4,0.16,30,8,22.60496136,17.07,0.6865,4.082482905,2.1613500308559956,Klebsiella pneumoniae,2.0069144594684025,0.15443557138759312,144.9939999328901,101.60485478158833
43,CuO,Bacillus subtilis,non-pathogenic,green_synthesis,MBEC,cubic,Bacteria,Bacillota,Bacilli,Bacillales,Bacillaceae,Bacillus,p,soil,79.5454,12.5,4,0.16,30,17,20.67942236,17.07,0.6865,1.651411411,3.6028447395403917,Klebsiella pneumoniae,3.456256466265386,0.14658827327500568,4007.2343322110078,2859.2785501129943
44,ZnO,Bacillus subtilis,non-pathogenic,green_synthesis,MBEC,quasi-spherical,Bacteria,Bacillota,Bacilli,Bacillales,Bacillaceae,Bacillus,p,soil,81.3794,60.0,18,0.16,30,8,22.60496136,17.07,0.6865,4.082482905,1.1758197231221463,Klebsiella pneumoniae,1.0295344104549673,0.14628531266717903,14.990624412384731,10.70371188272706
45,Al2O3,Bacillus subtilis,non-pathogenic,green_synthesis,MIC,quasi-spherical,Bacteria,Bacillota,Bacilli,Bacillales,Bacillaceae,Bacillus,p,soil,101.961276,25.0,1,0.16,30,24,51.55776403,85.5,13.5675,4.688846487,2.075942331873674,Klebsiella pneumoniae,1.9723769955642518,0.103565336309422,119.10838385440023,93.83762244408331
46,Pd,Bacillus subtilis,non-pathogenic,chemical_synthesis,MBEC,spherical,Bacteria,Bacillota,Bacilli,Bacillales,Bacillaceae,Bacillus,p,soil,195.084,10.0,3,0.16,30,10,21.14774404,0.0,0.0,1.870828693,1.6628974281710096,Klebsiella pneumoniae,1.580411482491347,0.0824859456796625,46.01478828519059,38.054978638282364
47,ZnO,Bacillus subtilis,non-pathogenic,green_synthesis,MIC,cubic,Bacteria,Bacillota,Bacilli,Bacillales,Bacillaceae,Bacillus,p,soil,81.3794,79.0,1,0.16,30,8,22.60496136,17.07,0.6865,4.082482905,1.2122970829577118,Klebsiella pneumoniae,1.1348296747048165,0.07746740825289522,16.30410948202471,13.640480677258251
48,Ag,Bacillus subtilis,non-pathogenic,green_synthesis,MBC,cubic,Bacteria,Bacillota,Bacilli,Bacillales,Bacillaceae,Bacillus,p,soil,107.87,26.38,3,0.16,30,11,23.00188061,0.0,0.0,1.78376517,1.610172490019806,Klebsiella pneumoniae,1.5429873432798644,0.06718514673994158,40.75421103657561,34.91301405694993
49,ZnO,Bacillus subtilis,non-pathogenic,green_synthesis,MBC,spherical,Bacteria,Bacillota,Bacilli,Bacillales,Bacillaceae,Bacillus,p,soil,81.3794,40.0,18,0.16,30,8,22.60496136,17.07,0.6865,4.082482905,1.320013429321969,Klebsiella pneumoniae,1.2529112071780433,0.0671022221439257,20.893607373950104,17.902397966681637
50,Ag,Bacillus subtilis,non-pathogenic,chemical_synthesis,MBEC,spherical,Bacteria,Bacillota,Bacilli,Bacillales,Bacillaceae,Bacillus,p,soil,107.87,25.0,3,0.16,30,11,23.00188061,0.0,0.0,1.78376517,1.413128794059531,Klebsiella pneumoniae,1.3598157550958274,0.05331303896370354,25.88980587540247,22.898959821854042
51,ZnO,Bacillus subtilis,non-pathogenic,green_synthesis,MIC,spheroidal,Bacteria,Bacillota,Bacilli,Bacillales,Bacillaceae,Bacillus,p,soil,81.3794,20.0,3,0.16,30,8,22.60496136,17.07,0.6865,4.082482905,1.3710938627169553,Klebsiella pneumoniae,1.3249238497960085,0.0461700129209468,23.501406945698214,21.13118488243152
52,Ag,Bacillus subtilis,non-pathogenic,chemical_synthesis,MBEC,quasi-spherical,Bacteria,Bacillota,Bacilli,Bacillales,Bacillaceae,Bacillus,p,soil,107.87,45.26,0,0.16,30,11,23.00188061,0.0,0.0,1.78376517,1.1085426610573954,Klebsiella pneumoniae,1.1005939764730934,0.00794868458430198,12.839338860215564,12.606483986091959
53,ZnO,Bacillus subtilis,non-pathogenic,green_synthesis,MBEC,tetragonal,Bacteria,Bacillota,Bacilli,Bacillales,Bacillaceae,Bacillus,p,soil,81.3794,40.0,0,0.16,30,8,22.60496136,17.07,0.6865,4.082482905,0.7900286077732197,Klebsiella pneumoniae,0.809223041576227,-0.019194433803007338,6.166356194417177,6.445001779139727
54,Ag,Bacillus subtilis,non-pathogenic,chemical_synthesis,MBC,hexagonal,Bacteria,Bacillota,Bacilli,Bacillales,Bacillaceae,Bacillus,p,soil,107.87,10.0,2,0.16,30,11,23.00188061,0.0,0.0,1.78376517,1.9930611390624824,Klebsiella pneumoniae,2.050677375770005,-0.057616236707522805,98.41496425233771,112.376984919223
55,TiO2,Bacillus subtilis,non-pathogenic,chemical_synthesis,MIC,tetragonal,Bacteria,Bacillota,Bacilli,Bacillales,Bacillaceae,Bacillus,p,soil,79.866,27.43,2,0.16,30,16,26.40611331,34.14,1.373,2.878049394,0.9309683096638364,Klebsiella pneumoniae,1.002877164356775,-0.07190885469293873,8.530378658330603,10.066469090534893
56,Ag,Bacillus subtilis,non-pathogenic,chemical_synthesis,MBEC,rod-shaped,Bacteria,Bacillota,Bacilli,Bacillales,Bacillaceae,Bacillus,p,soil,107.87,40.0,4,0.16,30,11,23.00188061,0.0,0.0,1.78376517,1.1698171799013466,Klebsiella pneumoniae,1.2505912629366622,-0.08077408303531564,14.784858754612774,17.807020674782663
57,ZnO,Bacillus subtilis,non-pathogenic,green_synthesis,MIC,spherical,Bacteria,Bacillota,Bacilli,Bacillales,Bacillaceae,Bacillus,p,soil,81.3794,28.0,18,0.16,30,8,22.60496136,17.07,0.6865,4.082482905,0.9880120954076657,Klebsiella pneumoniae,1.1113226209144385,-0.1233105255067728,9.727743158505731,12.921788278494892
58,Ag,Bacillus subtilis,non-pathogenic,chemical_synthesis,MBC,spheroidal,Bacteria,Bacillota,Bacilli,Bacillales,Bacillaceae,Bacillus,p,soil,107.87,13.0,24,0.16,30,11,23.00188061,0.0,0.0,1.78376517,1.6212736572992816,Klebsiella pneumoniae,1.793193982218284,-0.17192032491900244,41.80937325577211,62.11464138858068
59,Cu,Bacillus subtilis,non-pathogenic,chemical_synthesis,MIC,spherical,Bacteria,Bacillota,Bacilli,Bacillales,Bacillaceae,Bacillus,p,soil,63.55,18.5,0,0.16,30,11,17.96409803,0.0,0.0,1.243163121,1.4553260139931175,Klebsiella pneumoniae,1.7253028777451256,-0.26997686375200813,28.531592590235306,53.12548131208112
