,np,bacteria,bac_type,np_synthesis,method,shape,kingdom,phylum,class,order,family,genus,gram,isolated_from,mol_weight (g/mol),np_size_avg (nm),time_set,"min_Incub_period, h","growth_temp, C",Valance_electron,labuteASA,tpsa,CrippenMR,chi0v,pred_MIC_norm,pathogenic_bacteria,pred_MIC_pathogen,Fitness,pred_norm_MIC_original,pred_path_MIC_original
0,ZnO,Bacillus subtilis,non-pathogenic,green_synthesis,MBC,quasi-spherical,Bacteria,Bacillota,Bacilli,Bacillales,Bacillaceae,Bacillus,p,soil,81.3794,6.0,2,0.16,30,8,22.60496136,17.07,0.6865,4.082482905,2.2798823053087354,Klebsiella pneumoniae,1.4454783016212627,0.8344040036874727,190.49444041826368,27.89191298269383
1,Ag,Bacillus subtilis,non-pathogenic,chemical_synthesis,MIC,quasi-hexagonal,Bacteria,Bacillota,Bacilli,Bacillales,Bacillaceae,Bacillus,p,soil,107.87,5.1,2,0.16,30,11,23.00188061,0.0,0.0,1.78376517,0.9710220480911526,Klebsiella pneumoniae,0.2946069293481266,0.676415118743026,9.354531636597372,1.9706383460883405
2,TiO2,Bacillus subtilis,non-pathogenic,green_synthesis,MBC,spherical,Bacteria,Bacillota,Bacilli,Bacillales,Bacillaceae,Bacillus,p,soil,79.866,5.1,4,0.16,30,16,26.40611331,34.14,1.373,2.878049394,3.0632109405486876,Klebsiella pneumoniae,2.3990949123837524,0.6641160281649352,1156.673912200748,250.66570076236684
3,ZnO,Bacillus subtilis,non-pathogenic,green_synthesis,MIC,spheroidal,Bacteria,Bacillota,Bacilli,Bacillales,Bacillaceae,Bacillus,p,soil,81.3794,5.1,18,0.16,30,8,22.60496136,17.07,0.6865,4.082482905,1.526307200675264,Klebsiella pneumoniae,0.8915199652632358,0.6347872354120282,33.59751841698711,7.789686242560883
4,Ag,Bacillus subtilis,non-pathogenic,chemical_synthesis,MIC,spheroidal,Bacteria,Bacillota,Bacilli,Bacillales,Bacillaceae,Bacillus,p,soil,107.87,79.0,18,0.16,30,11,23.00188061,0.0,0.0,1.78376517,0.5941415683725857,Klebsiella pneumoniae,-0.040397754932635754,0.6345393233052214,3.927729479984251,0.9111759433171024
5,ZnO,Bacillus subtilis,non-pathogenic,green_synthesis,MBC,rod-shaped,Bacteria,Bacillota,Bacilli,Bacillales,Bacillaceae,Bacillus,p,soil,81.3794,8.0,2,0.16,30,8,22.60496136,17.07,0.6865,4.082482905,2.161801163625249,Klebsiella pneumoniae,1.528697446845534,0.6331037167797149,145.14469383538204,33.78294038730004
6,CuO,Bacillus subtilis,non-pathogenic,green_synthesis,MBC,quasi-spherical,Bacteria,Bacillota,Bacilli,Bacillales,Bacillaceae,Bacillus,p,soil,79.5454,6.0,3,0.16,30,17,20.67942236,17.07,0.6865,1.651411411,3.423096166384451,Klebsiella pneumoniae,2.8005397257132847,0.6225564406711661,2649.086664326344,631.741963241435
7,Ag,Bacillus subtilis,non-pathogenic,chemical_synthesis,MIC,nanoplates,Bacteria,Bacillota,Bacilli,Bacillales,Bacillaceae,Bacillus,p,soil,107.87,5.1,4,0.16,30,11,23.00188061,0.0,0.0,1.78376517,1.927534225258725,Klebsiella pneumoniae,1.3125579475735685,0.6149762776851566,84.63192616979157,20.537990449784072
8,ZnO,Bacillus subtilis,non-pathogenic,green_synthesis,MIC,rod-shaped,Bacteria,Bacillota,Bacilli,Bacillales,Bacillaceae,Bacillus,p,soil,81.3794,6.0,0,0.16,30,8,22.60496136,17.07,0.6865,4.082482905,1.4889313364140269,Klebsiella pneumoniae,0.8748173793775004,0.6141139570365265,30.82700525206906,7.49578945463899
9,TiO2,Bacillus subtilis,non-pathogenic,green_synthesis,MBC,cubic,Bacteria,Bacillota,Bacilli,Bacillales,Bacillaceae,Bacillus,p,soil,79.866,9.0,1,0.16,30,16,26.40611331,34.14,1.373,2.878049394,3.3478413082920393,Klebsiella pneumoniae,2.7406702709938715,0.6071710372981678,2227.6210252292462,550.3896658875077
10,ZnO,Bacillus subtilis,non-pathogenic,green_synthesis,MBC,rod-shaped,Bacteria,Bacillota,Bacilli,Bacillales,Bacillaceae,Bacillus,p,soil,81.3794,10.4,3,0.16,30,8,22.60496136,17.07,0.6865,4.082482905,2.1807029522112313,Klebsiella pneumoniae,1.5812111706566194,0.5994917815546119,151.60130934474904,38.12511572869017
11,CeO2,Bacillus subtilis,non-pathogenic,chemical_synthesis,MIC,quasi-hexagonal,Bacteria,Bacillota,Bacilli,Bacillales,Bacillaceae,Bacillus,p,soil,172.115,9.0,2,0.16,30,16,39.19032095,34.14,1.373,4.456551526,2.3194707661023237,Klebsiella pneumoniae,1.746632839830218,0.5728379262721057,208.67516525520034,55.79982537638578
12,ZnO,Bacillus subtilis,non-pathogenic,green_synthesis,MBC,tetragonal,Bacteria,Bacillota,Bacilli,Bacillales,Bacillaceae,Bacillus,p,soil,81.3794,10.4,18,0.16,30,8,22.60496136,17.07,0.6865,4.082482905,1.708617764143497,Klebsiella pneumoniae,1.13687189891276,0.571745865230737,51.123168683084344,13.704774655000067
13,CuO,Bacillus subtilis,non-pathogenic,green_synthesis,MBC,cubic,Bacteria,Bacillota,Bacilli,Bacillales,Bacillaceae,Bacillus,p,soil,79.5454,6.0,3,0.16,30,17,20.67942236,17.07,0.6865,1.651411411,3.6162747918651004,Klebsiella pneumoniae,3.0547175489840113,0.5615572428810891,4133.089329176452,1134.2728815170892
14,Ag,Bacillus subtilis,non-pathogenic,chemical_synthesis,MIC,spheroidal,Bacteria,Bacillota,Bacilli,Bacillales,Bacillaceae,Bacillus,p,soil,107.87,5.1,1,0.16,30,11,23.00188061,0.0,0.0,1.78376517,1.292323241848859,Klebsiella pneumoniae,0.7368822888288311,0.5554409530200279,19.603031683622028,5.456099589317483
15,ZnO,Bacillus subtilis,non-pathogenic,chemical_synthesis,MBC,quasi-hexagonal,Bacteria,Bacillota,Bacilli,Bacillales,Bacillaceae,Bacillus,p,soil,81.3794,8.7,3,0.16,30,8,22.60496136,17.07,0.6865,4.082482905,0.8457059396365292,Klebsiella pneumoniae,0.2918161175813896,0.5538898220551396,7.009805044916838,1.9580154645995846
16,Ag,Bacillus subtilis,non-pathogenic,chemical_synthesis,MIC,quasi-hexagonal,Bacteria,Bacillota,Bacilli,Bacillales,Bacillaceae,Bacillus,p,soil,107.87,12.0,4,0.16,30,11,23.00188061,0.0,0.0,1.78376517,0.7916612515587828,Klebsiella pneumoniae,0.2603899935669445,0.5312712579918383,6.189581012113697,1.8213356718388325
17,ZnO,Bacillus subtilis,non-pathogenic,chemical_synthesis,MBC,rod-shaped,Bacteria,Bacillota,Bacilli,Bacillales,Bacillaceae,Bacillus,p,soil,81.3794,5.1,0,0.16,30,8,22.60496136,17.07,0.6865,4.082482905,1.6081354099155036,Klebsiella pneumoniae,1.078717024099606,0.5294183858158976,40.56349898242802,11.98717992652828
18,Au,Bacillus subtilis,non-pathogenic,green_synthesis,MIC,spheroidal,Bacteria,Bacillota,Bacilli,Bacillales,Bacillaceae,Bacillus,p,soil,196.966569,40.0,18,0.16,30,11,23.00188061,0.0,0.0,2.46797672,1.1996571821036555,Klebsiella pneumoniae,0.6788305054132759,0.5208266766903795,15.83642623122047,4.773429419447086
19,ZnO,Bacillus subtilis,non-pathogenic,green_synthesis,MBC,quasi-spherical,Bacteria,Bacillota,Bacilli,Bacillales,Bacillaceae,Bacillus,p,soil,81.3794,27.43,4,0.16,30,8,22.60496136,17.07,0.6865,4.082482905,1.7759093301037332,Klebsiella pneumoniae,1.2576496029337227,0.5182597271700105,59.69106534620153,18.09879258299861
20,ZnO,Bacillus subtilis,non-pathogenic,chemical_synthesis,MIC,spherical,Bacteria,Bacillota,Bacilli,Bacillales,Bacillaceae,Bacillus,p,soil,81.3794,5.1,1,0.16,30,8,22.60496136,17.07,0.6865,4.082482905,1.3980948758926135,Klebsiella pneumoniae,0.8805390146025253,0.5175558612900882,25.00891646352575,7.595196506273548
21,TiO2,Bacillus subtilis,non-pathogenic,chemical_synthesis,MBC,spheroidal,Bacteria,Bacillota,Bacilli,Bacillales,Bacillaceae,Bacillus,p,soil,79.866,5.1,0,0.16,30,16,26.40611331,34.14,1.373,2.878049394,2.7399221194666694,Klebsiella pneumoniae,2.2319456801188355,0.5079764393478339,549.4423354213825,170.5869012133131
22,Pd,Bacillus subtilis,non-pathogenic,green_synthesis,MBC,quasi-spherical,Bacteria,Bacillota,Bacilli,Bacillales,Bacillaceae,Bacillus,p,soil,195.084,100.0,2,0.16,30,10,21.14774404,0.0,0.0,1.870828693,0.9223404137923559,Klebsiella pneumoniae,0.4143756230233311,0.5079647907690248,8.362582471464384,2.5964240487379175
23,ZnO,Bacillus subtilis,non-pathogenic,chemical_synthesis,MBEC,quasi-hexagonal,Bacteria,Bacillota,Bacilli,Bacillales,Bacillaceae,Bacillus,p,soil,81.3794,9.0,1,0.16,30,8,22.60496136,17.07,0.6865,4.082482905,1.2831706071572533,Klebsiella pneumoniae,0.7761123204584268,0.5070582866988265,19.194226137611558,5.971897162446133
24,Au,Bacillus subtilis,non-pathogenic,green_synthesis,MBC,quasi-spherical,Bacteria,Bacillota,Bacilli,Bacillales,Bacillaceae,Bacillus,p,soil,196.966569,44.45,3,0.16,30,11,23.00188061,0.0,0.0,2.46797672,0.45303439402854084,Klebsiella pneumoniae,-0.048484416456153534,0.5015188104846944,2.838143786842251,0.8943666234097024
25,ZnO,Bacillus subtilis,non-pathogenic,green_synthesis,MBC,triangular,Bacteria,Bacillota,Bacilli,Bacillales,Bacillaceae,Bacillus,p,soil,81.3794,12.0,18,0.16,30,8,22.60496136,17.07,0.6865,4.082482905,1.2154087034525947,Klebsiella pneumoniae,0.7149156506159464,0.5004930528366482,16.421344170614404,5.186992865219778
26,Ag,Bacillus subtilis,non-pathogenic,chemical_synthesis,MBEC,spheroidal,Bacteria,Bacillota,Bacilli,Bacillales,Bacillaceae,Bacillus,p,soil,107.87,26.38,18,0.16,30,11,23.00188061,0.0,0.0,1.78376517,1.314819984967154,Klebsiella pneumoniae,0.8148364585474718,0.49998352641968224,20.645242332803253,6.528846508115365
27,ZnO,Bacillus subtilis,non-pathogenic,chemical_synthesis,MBEC,quasi-hexagonal,Bacteria,Bacillota,Bacilli,Bacillales,Bacillaceae,Bacillus,p,soil,81.3794,10.4,1,0.16,30,8,22.60496136,17.07,0.6865,4.082482905,1.2850011499248892,Klebsiella pneumoniae,0.7850421517150218,0.49995899820986744,19.275300168979808,6.095960604889656
28,Ni,Bacillus subtilis,non-pathogenic,green_synthesis,MBC,spheroidal,Bacteria,Bacillota,Bacilli,Bacillales,Bacillaceae,Bacillus,p,soil,58.6934,5.1,2,0.16,30,10,17.41523038,0.0,0.0,1.303840481,2.9933123432765565,Klebsiella pneumoniae,2.497161636749966,0.49615070652659066,984.7190581173797,314.16777533860727
29,Ag,Bacillus subtilis,non-pathogenic,chemical_synthesis,MIC,spheroidal,Bacteria,Bacillota,Bacilli,Bacillales,Bacillaceae,Bacillus,p,soil,107.87,20.0,4,0.16,30,11,23.00188061,0.0,0.0,1.78376517,0.8553403524510443,Klebsiella pneumoniae,0.3624635575845587,0.4928767948664856,7.167048649605345,2.3038996436646952
30,CuO,Bacillus subtilis,non-pathogenic,green_synthesis,MBC,spheroidal,Bacteria,Bacillota,Bacilli,Bacillales,Bacillaceae,Bacillus,p,soil,79.5454,8.0,4,0.16,30,17,20.67942236,17.07,0.6865,1.651411411,3.5234395843237127,Klebsiella pneumoniae,3.0315950476465168,0.49184453667719596,3337.640712701846,1075.4619451787516
31,ZnO,Bacillus subtilis,non-pathogenic,green_synthesis,MIC,quasi-spherical,Bacteria,Bacillota,Bacilli,Bacillales,Bacillaceae,Bacillus,p,soil,81.3794,8.7,2,0.16,30,8,22.60496136,17.07,0.6865,4.082482905,1.5479937800403922,Klebsiella pneumoniae,1.056412292183024,0.4915814878573683,35.31781115436699,11.387077912487142
32,ZnO,Bacillus subtilis,non-pathogenic,green_synthesis,MBC,quasi-hexagonal,Bacteria,Bacillota,Bacilli,Bacillales,Bacillaceae,Bacillus,p,soil,81.3794,17.5,3,0.16,30,8,22.60496136,17.07,0.6865,4.082482905,1.0436717001267164,Klebsiella pneumoniae,0.5602345834859748,0.4834371166407416,11.057875606778326,3.632742237896348
33,TiO2,Bacillus subtilis,non-pathogenic,green_synthesis,MBC,quasi-hexagonal,Bacteria,Bacillota,Bacilli,Bacillales,Bacillaceae,Bacillus,p,soil,79.866,50.0,4,0.16,30,16,26.40611331,34.14,1.373,2.878049394,1.1900790035908142,Klebsiella pneumoniae,0.7073427589476586,0.48273624464315557,15.490983936293514,5.09733009767002
34,Ag,Bacillus subtilis,non-pathogenic,green_synthesis,MIC,spheroidal,Bacteria,Bacillota,Bacilli,Bacillales,Bacillaceae,Bacillus,p,soil,107.87,44.45,3,0.16,30,11,23.00188061,0.0,0.0,1.78376517,0.6009709185594372,Klebsiella pneumoniae,0.12357176447299256,0.4773991540864446,3.9899818355508923,1.3291431716572162
35,CeO2,Bacillus subtilis,non-pathogenic,chemical_synthesis,MIC,quasi-spherical,Bacteria,Bacillota,Bacilli,Bacillales,Bacillaceae,Bacillus,p,soil,172.115,9.0,4,0.16,30,16,39.19032095,34.14,1.373,4.456551526,2.578860979076518,Klebsiella pneumoniae,2.107681330458898,0.47117964861761985,379.19358283174944,128.1390000103158
36,ZnO,Bacillus subtilis,non-pathogenic,chemical_synthesis,MIC,cubic,Bacteria,Bacillota,Bacilli,Bacillales,Bacillaceae,Bacillus,p,soil,81.3794,6.0,2,0.16,30,8,22.60496136,17.07,0.6865,4.082482905,2.107500675237754,Klebsiella pneumoniae,1.641174948537439,0.46632572670031514,128.08570860015763,43.76983893959854
37,Ag,Bacillus subtilis,non-pathogenic,chemical_synthesis,MIC,tetragonal,Bacteria,Bacillota,Bacilli,Bacillales,Bacillaceae,Bacillus,p,soil,107.87,8.7,4,0.16,30,11,23.00188061,0.0,0.0,1.78376517,0.0849674209520479,Klebsiella pneumoniae,-0.37853869703024046,0.46350611798228836,1.216094770622565,0.41827441739987686
38,ZnO,Bacillus subtilis,non-pathogenic,green_synthesis,MIC,quasi-spherical,Bacteria,Bacillota,Bacilli,Bacillales,Bacillaceae,Bacillus,p,soil,81.3794,12.0,0,0.16,30,8,22.60496136,17.07,0.6865,4.082482905,1.6079107633984806,Klebsiella pneumoniae,1.154825598829516,0.45308516456896464,40.54252221951072,14.283202677097641
39,ZnO,Bacillus subtilis,non-pathogenic,green_synthesis,MBC,hexagonal,Bacteria,Bacillota,Bacilli,Bacillales,Bacillaceae,Bacillus,p,soil,81.3794,27.43,2,0.16,30,8,22.60496136,17.07,0.6865,4.082482905,2.158826164086287,Klebsiella pneumoniae,1.8248240734222252,0.33400209066406195,144.1538228663379,66.80732356893436
40,Ag,Bacillus subtilis,non-pathogenic,chemical_synthesis,MIC,nanoplates,Bacteria,Bacillota,Bacilli,Bacillales,Bacillaceae,Bacillus,p,soil,107.87,17.5,2,0.16,30,11,23.00188061,0.0,0.0,1.78376517,1.6154612820439294,Klebsiella pneumoniae,1.2824942098275582,0.3329670722163711,41.25354573684402,19.16435511947795
41,ZnO,Bacillus subtilis,non-pathogenic,chemical_synthesis,MBC,quasi-hexagonal,Bacteria,Bacillota,Bacilli,Bacillales,Bacillaceae,Bacillus,p,soil,81.3794,18.5,0,0.16,30,8,22.60496136,17.07,0.6865,4.082482905,0.5282222430840662,Klebsiella pneumoniae,0.19745707128492995,0.3307651717991362,3.374599540822083,1.5756402677020103
42,Ag,Bacillus subtilis,non-pathogenic,chemical_synthesis,MIC,quasi-hexagonal,Bacteria,Bacillota,Bacilli,Bacillales,Bacillaceae,Bacillus,p,soil,107.87,100.0,3,0.16,30,11,23.00188061,0.0,0.0,1.78376517,0.2447427752917879,Klebsiella pneumoniae,-0.07578205978566421,0.3205248350774521,1.756882736110755,0.8398813549911163
43,ZnO,Bacillus subtilis,non-pathogenic,green_synthesis,MBC,cubic,Bacteria,Bacillota,Bacilli,Bacillales,Bacillaceae,Bacillus,p,soil,81.3794,35.0,2,0.16,30,8,22.60496136,17.07,0.6865,4.082482905,1.6401145905626269,Klebsiella pneumoniae,1.3602111913789,0.279903399183727,43.663102411240246,22.919819408214074
44,Ag,Bacillus subtilis,non-pathogenic,chemical_synthesis,MBEC,tetragonal,Bacteria,Bacillota,Bacilli,Bacillales,Bacillaceae,Bacillus,p,soil,107.87,5.1,24,0.16,30,11,23.00188061,0.0,0.0,1.78376517,0.9418621026401063,Klebsiella pneumoniae,0.6959605147144521,0.2459015879256542,8.747059941274522,4.96547174207875
45,TiO2,Bacillus subtilis,non-pathogenic,green_synthesis,MBC,nanoplates,Bacteria,Bacillota,Bacilli,Bacillales,Bacillaceae,Bacillus,p,soil,79.866,40.0,2,0.16,30,16,26.40611331,34.14,1.373,2.878049394,2.279026543431125,Klebsiella pneumoniae,2.043847243629628,0.235179299801497,190.1194474543714,110.6234614614807
46,ZnO,Bacillus subtilis,non-pathogenic,green_synthesis,MBEC,spherical,Bacteria,Bacillota,Bacilli,Bacillales,Bacillaceae,Bacillus,p,soil,81.3794,41.23,0,0.16,30,8,22.60496136,17.07,0.6865,4.082482905,1.7093326057063867,Klebsiella pneumoniae,1.5023309582528162,0.20700164745357053,51.20738586759769,31.792959605355232
47,Ag,Bacillus subtilis,non-pathogenic,green_synthesis,MBEC,quasi-hexagonal,Bacteria,Bacillota,Bacilli,Bacillales,Bacillaceae,Bacillus,p,soil,107.87,40.0,0,0.16,30,11,23.00188061,0.0,0.0,1.78376517,0.16574837267587994,Klebsiella pneumoniae,-0.03535870831988186,0.2011070809957618,1.464698958260879,0.9218097379566325
48,ZnO,Bacillus subtilis,non-pathogenic,chemical_synthesis,MBC,quasi-spherical,Bacteria,Bacillota,Bacilli,Bacillales,Bacillaceae,Bacillus,p,soil,81.3794,40.0,1,0.16,30,8,22.60496136,17.07,0.6865,4.082482905,1.2416741245154963,Klebsiella pneumoniae,1.0725367323616304,0.16913739215386592,17.445126560917444,11.817802625696055
49,ZnO,Bacillus subtilis,non-pathogenic,chemical_synthesis,MBEC,hexagonal,Bacteria,Bacillota,Bacilli,Bacillales,Bacillaceae,Bacillus,p,soil,81.3794,20.0,1,0.16,30,8,22.60496136,17.07,0.6865,4.082482905,2.334684222562694,Klebsiella pneumoniae,2.1742270283534695,0.16045719420922433,216.11465730849224,149.35749749983648
50,TiO2,Bacillus subtilis,non-pathogenic,green_synthesis,MBC,triangular,Bacteria,Bacillota,Bacilli,Bacillales,Bacillaceae,Bacillus,p,soil,79.866,50.0,3,0.16,30,16,26.40611331,34.14,1.373,2.878049394,1.1408562768797805,Klebsiella pneumoniae,0.9910403019257925,0.14981597495398802,13.831085845818736,9.795808849389397
51,Ag,Bacillus subtilis,non-pathogenic,chemical_synthesis,MBEC,quasi-hexagonal,Bacteria,Bacillota,Bacilli,Bacillales,Bacillaceae,Bacillus,p,soil,107.87,35.0,0,0.16,30,11,23.00188061,0.0,0.0,1.78376517,0.6562096319444095,Klebsiella pneumoniae,0.5542734902588053,0.10193614168560416,4.531162442475685,3.5832201383599265
52,Au,Bacillus subtilis,non-pathogenic,chemical_synthesis,MBEC,triangular,Bacteria,Bacillota,Bacilli,Bacillales,Bacillaceae,Bacillus,p,soil,196.966569,22.5,24,0.16,30,11,23.00188061,0.0,0.0,2.46797672,0.41923968017777424,Klebsiella pneumoniae,0.3546956521535265,0.06454402802424775,2.6256672073331235,2.2630578306790277
53,Ag,Bacillus subtilis,non-pathogenic,chemical_synthesis,MBEC,triangular,Bacteria,Bacillota,Bacilli,Bacillales,Bacillaceae,Bacillus,p,soil,107.87,41.23,3,0.16,30,11,23.00188061,0.0,0.0,1.78376517,-0.30458855038690036,Klebsiella pneumoniae,-0.36327256587122614,0.05868401548432578,0.49591980161762356,0.4332388896704769
54,ZnO,Bacillus subtilis,non-pathogenic,chemical_synthesis,MIC,quasi-spherical,Bacteria,Bacillota,Bacilli,Bacillales,Bacillaceae,Bacillus,p,soil,81.3794,50.0,4,0.16,30,8,22.60496136,17.07,0.6865,4.082482905,0.7287688505713172,Klebsiella pneumoniae,0.7291580152368067,-0.00038916466548943873,5.355115603189632,5.359916391291453
55,Au,Bacillus subtilis,non-pathogenic,green_synthesis,MIC,triangular,Bacteria,Bacillota,Bacilli,Bacillales,Bacillaceae,Bacillus,p,soil,196.966569,26.06,3,0.16,30,11,23.00188061,0.0,0.0,2.46797672,-0.13283819313577028,Klebsiella pneumoniae,-0.05009783426117553,-0.08274035887459474,0.7364814402753338,0.8910501871222657
56,CuO,Bacillus subtilis,non-pathogenic,chemical_synthesis,MBC,tetragonal,Bacteria,Bacillota,Bacilli,Bacillales,Bacillaceae,Bacillus,p,soil,79.5454,79.0,0,0.16,30,17,20.67942236,17.07,0.6865,1.651411411,2.0216899944860875,Klebsiella pneumoniae,2.1052156489223464,-0.08352565443625881,105.12112365708303,127.41355959884477
57,ZnO,Bacillus subtilis,non-pathogenic,chemical_synthesis,MBC,nanoplates,Bacteria,Bacillota,Bacilli,Bacillales,Bacillaceae,Bacillus,p,soil,81.3794,79.0,18,0.16,30,8,22.60496136,17.07,0.6865,4.082482905,2.1137420215158746,Klebsiella pneumoniae,2.1991059691918795,-0.08536394767600486,129.93974840069183,158.1633915740251
58,Ag,Bacillus subtilis,non-pathogenic,chemical_synthesis,MBC,nanoplates,Bacteria,Bacillota,Bacilli,Bacillales,Bacillaceae,Bacillus,p,soil,107.87,38.0,2,0.16,30,11,23.00188061,0.0,0.0,1.78376517,1.3550155068478211,Klebsiella pneumoniae,1.4432170989143758,-0.08820159206655465,22.64725170056359,27.747068026685255
59,ZnO,Bacillus subtilis,non-pathogenic,chemical_synthesis,MBC,quasi-hexagonal,Bacteria,Bacillota,Bacilli,Bacillales,Bacillaceae,Bacillus,p,soil,81.3794,13.0,24,0.16,30,8,22.60496136,17.07,0.6865,4.082482905,0.7653676438792627,Klebsiella pneumoniae,0.9413792380239873,-0.17601159414472456,5.825961950047064,8.737340042026327
60,Au,Bacillus subtilis,non-pathogenic,green_synthesis,MBC,tetragonal,Bacteria,Bacillota,Bacilli,Bacillales,Bacillaceae,Bacillus,p,soil,196.966569,27.43,2,0.16,30,11,23.00188061,0.0,0.0,2.46797672,0.8452920042312115,Klebsiella pneumoniae,1.0293083662735543,-0.18401636204234273,7.003127032045902,10.698142200542108
