,np,bacteria,bac_type,np_synthesis,method,shape,kingdom,phylum,class,order,family,genus,gram,isolated_from,mol_weight (g/mol),np_size_avg (nm),time_set,"min_Incub_period, h","growth_temp, C",Valance_electron,labuteASA,tpsa,CrippenMR,chi0v,pred_MIC_norm,pathogenic_bacteria,pred_MIC_pathogen,Fitness,pred_norm_MIC_original,pred_path_MIC_original
0,ZnO,Bacillus subtilis,non-pathogenic,green_synthesis,MIC,quasi-spherical,Bacteria,Bacillota,Bacilli,Bacillales,Bacillaceae,Bacillus,p,soil,81.3794,6.0,1,0.16,30,8,22.60496136,17.07,0.6865,4.082482905,1.5829354021551167,Klebsiella pneumoniae,0.9033791618522293,0.6795562403028874,38.276780542021484,8.00532857159759
1,ZnO,Bacillus subtilis,non-pathogenic,green_synthesis,MBC,quasi-hexagonal,Bacteria,Bacillota,Bacilli,Bacillales,Bacillaceae,Bacillus,p,soil,81.3794,79.0,0,0.16,30,8,22.60496136,17.07,0.6865,4.082482905,0.32985381824537363,Klebsiella pneumoniae,-0.13877178687821168,0.4686256051235853,2.137242581264964,0.7264876119568513
2,CuO,Bacillus subtilis,non-pathogenic,green_synthesis,MBC,quasi-hexagonal,Bacteria,Bacillota,Bacilli,Bacillales,Bacillaceae,Bacillus,p,soil,79.5454,79.0,1,0.16,30,17,20.67942236,17.07,0.6865,1.651411411,1.5138578116347676,Klebsiella pneumoniae,1.07123143536678,0.4426263762679876,32.64809245532628,11.782336865422915
3,Ag,Bacillus subtilis,non-pathogenic,chemical_synthesis,MIC,hexagonal,Bacteria,Bacillota,Bacilli,Bacillales,Bacillaceae,Bacillus,p,soil,107.87,18.0,4,0.16,30,11,23.00188061,0.0,0.0,1.78376517,1.5430943735877423,Klebsiella pneumoniae,1.1536545396445985,0.38943983394314374,34.92161930360024,14.244740422862398
4,ZnO,Bacillus subtilis,non-pathogenic,green_synthesis,MBEC,spheroidal,Bacteria,Bacillota,Bacilli,Bacillales,Bacillaceae,Bacillus,p,soil,81.3794,8.7,1,0.16,30,8,22.60496136,17.07,0.6865,4.082482905,2.4715756973406515,Klebsiella pneumoniae,2.089710158207665,0.3818655391329866,296.1936184602567,122.9447981330448
5,CuO,Bacillus subtilis,non-pathogenic,green_synthesis,MBC,cubic,Bacteria,Bacillota,Bacilli,Bacillales,Bacillaceae,Bacillus,p,soil,79.5454,28.0,4,0.16,30,17,20.67942236,17.07,0.6865,1.651411411,3.019447052274237,Klebsiella pneumoniae,2.646109403529368,0.37333764874486874,1045.7961827297102,442.69987925801564
6,Ag,Bacillus subtilis,non-pathogenic,green_synthesis,MBEC,triangular,Bacteria,Bacillota,Bacilli,Bacillales,Bacillaceae,Bacillus,p,soil,107.8682,10.0,18,0.16,30,11,23.00188061,0.0,0.0,1.78376517,0.22008052057136496,Klebsiella pneumoniae,-0.14907812552850896,0.3691586460998739,1.6598946324497346,0.7094501330186062
7,ZnO,Bacillus subtilis,non-pathogenic,green_synthesis,MBEC,quasi-hexagonal,Bacteria,Bacillota,Bacilli,Bacillales,Bacillaceae,Bacillus,p,soil,81.3794,60.0,3,0.16,30,8,22.60496136,17.07,0.6865,4.082482905,0.5764371245559068,Klebsiella pneumoniae,0.23416206698852626,0.3422750575673805,3.7708314844672346,1.7145970295094
8,Ag,Bacillus subtilis,non-pathogenic,chemical_synthesis,MIC,cubic,Bacteria,Bacillota,Bacilli,Bacillales,Bacillaceae,Bacillus,p,soil,107.87,27.43,4,0.16,30,11,23.00188061,0.0,0.0,1.78376517,1.448373239640497,Klebsiella pneumoniae,1.122060297715338,0.3263129419251589,28.078457089355616,13.24525420360207
9,CeO2,Bacillus subtilis,non-pathogenic,chemical_synthesis,MIC,cubic,Bacteria,Bacillota,Bacilli,Bacillales,Bacillaceae,Bacillus,p,soil,172.115,18.5,1,0.16,30,16,39.19032095,34.14,1.373,4.456551526,2.5509716279786008,Klebsiella pneumoniae,2.2323164037496115,0.3186552242289893,355.6080862917537,170.73258023412254
10,Ag,Bacillus subtilis,non-pathogenic,green_synthesis,MBEC,spheroidal,Bacteria,Bacillota,Bacilli,Bacillales,Bacillaceae,Bacillus,p,soil,107.8682,5.1,0,0.16,30,11,23.00188061,0.0,0.0,1.78376517,2.1603988768135993,Klebsiella pneumoniae,1.842561113448871,0.31783776336472824,144.67679415649567,69.59228773238225
11,Au,Bacillus subtilis,non-pathogenic,green_synthesis,MBC,quasi-hexagonal,Bacteria,Bacillota,Bacilli,Bacillales,Bacillaceae,Bacillus,p,soil,196.966569,40.0,2,0.16,30,11,23.00188061,0.0,0.0,2.46797672,-0.10566651609223099,Klebsiella pneumoniae,-0.420745275142961,0.31507875905073,0.7840314498885117,0.3795375282023501
12,ZnO,Bacillus subtilis,non-pathogenic,green_synthesis,MBEC,tetragonal,Bacteria,Bacillota,Bacilli,Bacillales,Bacillaceae,Bacillus,p,soil,81.3794,13.0,18,0.16,30,8,22.60496136,17.07,0.6865,4.082482905,1.267993023664043,Klebsiella pneumoniae,0.9637028456319731,0.30429017803207004,18.535018492500615,9.19819994195407
13,Ag,Bacillus subtilis,non-pathogenic,chemical_synthesis,MIC,quasi-hexagonal,Bacteria,Bacillota,Bacilli,Bacillales,Bacillaceae,Bacillus,p,soil,107.8682,10.4,4,0.16,30,11,23.00188061,0.0,0.0,1.78376517,1.2546680214564976,Klebsiella pneumoniae,0.9529950209898129,0.30167300046668466,17.974963677144505,8.974185059023835
14,ZnO,Bacillus subtilis,non-pathogenic,chemical_synthesis,MIC,hexagonal,Bacteria,Bacillota,Bacilli,Bacillales,Bacillaceae,Bacillus,p,soil,81.3794,8.0,1,0.16,30,8,22.60496136,17.07,0.6865,4.082482905,2.0051445107536163,Klebsiella pneumoniae,1.7074381608147362,0.2977063499388801,101.19161116187313,50.9844995584234
15,ZnO,Bacillus subtilis,non-pathogenic,green_synthesis,MIC,spheroidal,Bacteria,Bacillota,Bacilli,Bacillales,Bacillaceae,Bacillus,p,soil,81.3794,8.0,4,0.16,30,8,22.60496136,17.07,0.6865,4.082482905,1.4279902598469891,Klebsiella pneumoniae,1.1818633688838727,0.24612689096311646,26.791082383618324,15.200692334658426
16,Ag,Bacillus subtilis,non-pathogenic,chemical_synthesis,MBEC,quasi-hexagonal,Bacteria,Bacillota,Bacilli,Bacillales,Bacillaceae,Bacillus,p,soil,107.87,10.4,2,0.16,30,11,23.00188061,0.0,0.0,1.78376517,1.1479093434885037,Klebsiella pneumoniae,0.9202918462545849,0.22761749723391878,14.057540503103574,8.323229048997336
17,Ag,Bacillus subtilis,non-pathogenic,green_synthesis,MBEC,spheroidal,Bacteria,Bacillota,Bacilli,Bacillales,Bacillaceae,Bacillus,p,soil,107.87,26.38,4,0.16,30,11,23.00188061,0.0,0.0,1.78376517,1.5573989191106719,Klebsiella pneumoniae,1.374246186835364,0.18315273227530793,36.09100029637703,23.67261237446462
18,Au,Bacillus subtilis,non-pathogenic,chemical_synthesis,MIC,rod-shaped,Bacteria,Bacillota,Bacilli,Bacillales,Bacillaceae,Bacillus,p,soil,196.966569,60.0,1,0.16,30,11,23.00188061,0.0,0.0,2.46797672,1.1055019127040788,Klebsiella pneumoniae,0.9397429068061468,0.16575900589793202,12.749757151333657,8.704481504193978
19,ZnO,Bacillus subtilis,non-pathogenic,chemical_synthesis,MBEC,triangular,Bacteria,Bacillota,Bacilli,Bacillales,Bacillaceae,Bacillus,p,soil,81.3794,10.0,4,0.16,30,8,22.60496136,17.07,0.6865,4.082482905,0.39438865967885484,Klebsiella pneumoniae,0.23045612521429293,0.1639325344645619,2.479640149454812,1.7000281988911037
20,CuO,Bacillus subtilis,non-pathogenic,green_synthesis,MBEC,tetragonal,Bacteria,Bacillota,Bacilli,Bacillales,Bacillaceae,Bacillus,p,soil,79.5454,11.3,2,0.16,30,17,20.67942236,17.07,0.6865,1.651411411,2.2216232989324878,Klebsiella pneumoniae,2.075020036173844,0.146603262758644,166.58016922254558,118.85570602464382
21,ZnO,Bacillus subtilis,non-pathogenic,chemical_synthesis,MBC,nanoplates,Bacteria,Bacillota,Bacilli,Bacillales,Bacillaceae,Bacillus,p,soil,81.3794,25.0,2,0.16,30,8,22.60496136,17.07,0.6865,4.082482905,1.767800127873221,Klebsiella pneumoniae,1.6307728148882026,0.13702731298501836,58.586847255986214,42.73392809158935
22,Au,Bacillus subtilis,non-pathogenic,green_synthesis,MBC,hexagonal,Bacteria,Bacillota,Bacilli,Bacillales,Bacillaceae,Bacillus,p,soil,196.966569,6.0,1,0.16,30,11,23.00188061,0.0,0.0,2.46797672,2.0822833529545712,Klebsiella pneumoniae,1.9485091259921685,0.1337742269624027,120.86021234751333,88.8196640130916
23,Ag,Bacillus subtilis,non-pathogenic,green_synthesis,MIC,quasi-hexagonal,Bacteria,Bacillota,Bacilli,Bacillales,Bacillaceae,Bacillus,p,soil,107.8682,27.43,3,0.16,30,11,23.00188061,0.0,0.0,1.78376517,0.46462391536714276,Klebsiella pneumoniae,0.3416898928073546,0.12293402255978814,2.914901712434935,2.1962910550733623
24,ZnO,Bacillus subtilis,non-pathogenic,chemical_synthesis,MBC,nanoplates,Bacteria,Bacillota,Bacilli,Bacillales,Bacillaceae,Bacillus,p,soil,81.3794,12.5,0,0.16,30,8,22.60496136,17.07,0.6865,4.082482905,2.0086358179996733,Klebsiella pneumoniae,1.886065985299977,0.12256983269969624,102.00837235014937,76.92473083579954
25,Ag,Bacillus subtilis,non-pathogenic,chemical_synthesis,MIC,tetragonal,Bacteria,Bacillota,Bacilli,Bacillales,Bacillaceae,Bacillus,p,soil,107.8682,20.0,24,0.16,30,11,23.00188061,0.0,0.0,1.78376517,0.4362632830460691,Klebsiella pneumoniae,0.3223131832498878,0.11395009979618131,2.730632676996295,2.1004540403011496
26,Al2O3,Bacillus subtilis,non-pathogenic,green_synthesis,MBC,quasi-spherical,Bacteria,Bacillota,Bacilli,Bacillales,Bacillaceae,Bacillus,p,soil,101.961276,30.0,18,0.16,30,24,51.55776403,85.5,13.5675,4.688846487,2.2427948239067863,Klebsiella pneumoniae,2.1468262773485622,0.09596854655822407,174.90201943284129,140.22526756025437
27,Ag,Bacillus subtilis,non-pathogenic,green_synthesis,MBEC,triangular,Bacteria,Bacillota,Bacilli,Bacillales,Bacillaceae,Bacillus,p,soil,107.8682,26.06,2,0.16,30,11,23.00188061,0.0,0.0,1.78376517,-0.18170136544797932,Klebsiella pneumoniae,-0.27295070860559933,0.09124934315762001,0.6581102190975245,0.533395431169497
28,Au,Bacillus subtilis,non-pathogenic,green_synthesis,MBC,tetragonal,Bacteria,Bacillota,Bacilli,Bacillales,Bacillaceae,Bacillus,p,soil,196.966569,38.0,24,0.16,30,11,23.00188061,0.0,0.0,2.46797672,1.0257583357955005,Klebsiella pneumoniae,0.9345676926992236,0.09119064309627689,10.61104938504216,8.601371244663891
29,Ag,Bacillus subtilis,non-pathogenic,chemical_synthesis,MIC,spherical,Bacteria,Bacillota,Bacilli,Bacillales,Bacillaceae,Bacillus,p,soil,107.87,26.38,24,0.16,30,11,23.00188061,0.0,0.0,1.78376517,0.8681767612841207,Klebsiella pneumoniae,0.787043977562529,0.08113278372159172,7.382046241058228,6.124124027386996
30,ZnO,Bacillus subtilis,non-pathogenic,green_synthesis,MIC,triangular,Bacteria,Bacillota,Bacilli,Bacillales,Bacillaceae,Bacillus,p,soil,81.3794,12.0,1,0.16,30,8,22.60496136,17.07,0.6865,4.082482905,-0.3216421143768229,Klebsiella pneumoniae,-0.3997039790665018,0.0780618646896789,0.4768237573367759,0.3983786182317553
31,Ag,Bacillus subtilis,non-pathogenic,green_synthesis,MIC,nanoplates,Bacteria,Bacillota,Bacilli,Bacillales,Bacillaceae,Bacillus,p,soil,107.87,44.45,18,0.16,30,11,23.00188061,0.0,0.0,1.78376517,0.8900012278862599,Klebsiella pneumoniae,0.8222265140057773,0.06777471388048262,7.762493113250462,6.640893476927083
32,Au,Bacillus subtilis,non-pathogenic,green_synthesis,MBEC,spherical,Bacteria,Bacillota,Bacilli,Bacillales,Bacillaceae,Bacillus,p,soil,196.966569,18.0,2,0.16,30,11,23.00188061,0.0,0.0,2.46797672,1.6627915146093057,Klebsiella pneumoniae,1.6049569654174558,0.05783454919184994,46.00356779748852,40.26771307541571
33,Ag,Bacillus subtilis,non-pathogenic,green_synthesis,MBEC,spherical,Bacteria,Bacillota,Bacilli,Bacillales,Bacillaceae,Bacillus,p,soil,107.87,10.4,4,0.16,30,11,23.00188061,0.0,0.0,1.78376517,2.126154034731531,Klebsiella pneumoniae,2.070161266193885,0.05599276853764623,133.70696617529634,117.53339096417876
34,ZnO,Bacillus subtilis,non-pathogenic,green_synthesis,MBEC,nanoplates,Bacteria,Bacillota,Bacilli,Bacillales,Bacillaceae,Bacillus,p,soil,81.3794,44.45,18,0.16,30,8,22.60496136,17.07,0.6865,4.082482905,1.4902433471773802,Klebsiella pneumoniae,1.43430436403049,0.055938983146890164,30.920274955002412,27.18343682140451
35,Ag,Bacillus subtilis,non-pathogenic,green_synthesis,MIC,spherical,Bacteria,Bacillota,Bacilli,Bacillales,Bacillaceae,Bacillus,p,soil,107.87,26.38,2,0.16,30,11,23.00188061,0.0,0.0,1.78376517,1.2221282428124782,Klebsiella pneumoniae,1.1703787891108592,0.051749453701618986,16.677396066568903,14.803990206256813
36,Pd,Bacillus subtilis,non-pathogenic,green_synthesis,MIC,tetragonal,Bacteria,Bacillota,Bacilli,Bacillales,Bacillaceae,Bacillus,p,soil,195.084,100.0,3,0.16,30,10,21.14774404,0.0,0.0,1.870828693,0.12741483044603963,Klebsiella pneumoniae,0.08409278520573493,0.043322045240304696,1.340956934358354,1.2136481136292203
37,ZnO,Bacillus subtilis,non-pathogenic,chemical_synthesis,MIC,quasi-spherical,Bacteria,Bacillota,Bacilli,Bacillales,Bacillaceae,Bacillus,p,soil,81.3794,22.5,3,0.16,30,8,22.60496136,17.07,0.6865,4.082482905,1.3594278322923503,Klebsiella pneumoniae,1.3344924790001766,0.024935353292173668,22.878515024673973,21.601926247921014
38,Au,Bacillus subtilis,non-pathogenic,green_synthesis,MIC,nanoplates,Bacteria,Bacillota,Bacilli,Bacillales,Bacillaceae,Bacillus,p,soil,196.966569,79.0,18,0.16,30,11,23.00188061,0.0,0.0,2.46797672,1.690816018520558,Klebsiella pneumoniae,1.6872652470227654,0.003550771497792704,49.069995541459235,48.670437149876534
39,Ag,Bacillus subtilis,non-pathogenic,green_synthesis,MIC,tetragonal,Bacteria,Bacillota,Bacilli,Bacillales,Bacillaceae,Bacillus,p,soil,107.8682,38.0,3,0.16,30,11,23.00188061,0.0,0.0,1.78376517,-0.30541175400798704,Klebsiella pneumoniae,-0.3080486484452907,0.0026368944373036385,0.4949806777598282,0.49198442188469654
40,ZnO,Bacillus subtilis,non-pathogenic,chemical_synthesis,MBEC,spherical,Bacteria,Bacillota,Bacilli,Bacillales,Bacillaceae,Bacillus,p,soil,81.3794,41.23,1,0.16,30,8,22.60496136,17.07,0.6865,4.082482905,1.977207707299202,Klebsiella pneumoniae,1.997709687993358,-0.020501980694155986,94.88721659396714,99.47402429333526
41,TiO2,Bacillus subtilis,non-pathogenic,chemical_synthesis,MBEC,spheroidal,Bacteria,Bacillota,Bacilli,Bacillales,Bacillaceae,Bacillus,p,soil,79.866,40.0,4,0.16,30,16,26.40611331,34.14,1.373,2.878049394,2.439911902863666,Klebsiella pneumoniae,2.466308304801956,-0.02639640193828985,275.3670061532942,292.6228964883519
42,Ag,Bacillus subtilis,non-pathogenic,chemical_synthesis,MBEC,cubic,Bacteria,Bacillota,Bacilli,Bacillales,Bacillaceae,Bacillus,p,soil,107.87,30.0,0,0.16,30,11,23.00188061,0.0,0.0,1.78376517,2.0081663987826825,Klebsiella pneumoniae,2.049825010967778,-0.04165861218509548,101.89817334269242,112.1566453686247
43,ZnO,Bacillus subtilis,non-pathogenic,green_synthesis,MIC,triangular,Bacteria,Bacillota,Bacilli,Bacillales,Bacillaceae,Bacillus,p,soil,81.3794,100.0,1,0.16,30,8,22.60496136,17.07,0.6865,4.082482905,-0.7857464458293095,Klebsiella pneumoniae,-0.724515807930517,-0.06123063789879257,0.16377724231203242,0.18857503286166638
44,Ag,Bacillus subtilis,non-pathogenic,green_synthesis,MBC,tetragonal,Bacteria,Bacillota,Bacilli,Bacillales,Bacillaceae,Bacillus,p,soil,107.8682,30.0,1,0.16,30,11,23.00188061,0.0,0.0,1.78376517,0.6376777007636618,Klebsiella pneumoniae,0.7057196109452828,-0.06804191018162098,4.341878844506746,5.07831470719159
45,ZnO,Bacillus subtilis,non-pathogenic,chemical_synthesis,MBEC,nanoplates,Bacteria,Bacillota,Bacilli,Bacillales,Bacillaceae,Bacillus,p,soil,81.3794,35.0,2,0.16,30,8,22.60496136,17.07,0.6865,4.082482905,2.1585757504287666,Klebsiella pneumoniae,2.2314570961845317,-0.0728813457557651,144.07072791008702,170.3950978218514
46,Ag,Bacillus subtilis,non-pathogenic,green_synthesis,MBC,triangular,Bacteria,Bacillota,Bacilli,Bacillales,Bacillaceae,Bacillus,p,soil,107.87,100.0,24,0.16,30,11,23.00188061,0.0,0.0,1.78376517,0.2585085288462434,Klebsiella pneumoniae,0.348466286577106,-0.08995775773086256,1.813462289008445,2.2308290259088004
47,ZnO,Bacillus subtilis,non-pathogenic,chemical_synthesis,MIC,hexagonal,Bacteria,Bacillota,Bacilli,Bacillales,Bacillaceae,Bacillus,p,soil,81.3794,100.0,0,0.16,30,8,22.60496136,17.07,0.6865,4.082482905,1.4451187316840937,Klebsiella pneumoniae,1.5827168317178886,-0.1375981000337949,27.868829698847687,38.25752156427909
48,TiO2,Bacillus subtilis,non-pathogenic,green_synthesis,MIC,hexagonal,Bacteria,Bacillota,Bacilli,Bacillales,Bacillaceae,Bacillus,p,soil,79.866,40.0,18,0.16,30,16,26.40611331,34.14,1.373,2.878049394,1.8938595817567057,Klebsiella pneumoniae,2.035928234865879,-0.14206865310917327,78.31763813582364,108.62461116906793
49,ZnO,Bacillus subtilis,non-pathogenic,chemical_synthesis,MIC,nanoplates,Bacteria,Bacillota,Bacilli,Bacillales,Bacillaceae,Bacillus,p,soil,81.3794,60.0,3,0.16,30,8,22.60496136,17.07,0.6865,4.082482905,1.6285567340948433,Klebsiella pneumoniae,1.7964007217943514,-0.16784398769950815,42.51642445424939,62.574980334531524
50,Au,Bacillus subtilis,non-pathogenic,green_synthesis,MIC,spherical,Bacteria,Bacillota,Bacilli,Bacillales,Bacillaceae,Bacillus,p,soil,196.966569,30.0,18,0.16,30,11,23.00188061,0.0,0.0,2.46797672,1.2516731369500964,Klebsiella pneumoniae,1.432600816654913,-0.1809276797048165,17.851435165860398,27.077016939351655
51,Au,Bacillus subtilis,non-pathogenic,green_synthesis,MBC,spherical,Bacteria,Bacillota,Bacilli,Bacillales,Bacillaceae,Bacillus,p,soil,196.966569,38.0,24,0.16,30,11,23.00188061,0.0,0.0,2.46797672,1.6400276826100664,Klebsiella pneumoniae,1.8694640430319798,-0.2294363604219134,43.65436573293778,74.03959645855687
52,ZnO,Bacillus subtilis,non-pathogenic,chemical_synthesis,MBC,quasi-spherical,Bacteria,Bacillota,Bacilli,Bacillales,Bacillaceae,Bacillus,p,soil,81.3794,17.5,24,0.16,30,8,22.60496136,17.07,0.6865,4.082482905,1.5447496701881551,Klebsiella pneumoniae,1.7896331248664457,-0.24488345467829054,35.054975683188665,61.60743462652532
53,Cu,Bacillus subtilis,non-pathogenic,chemical_synthesis,MIC,spheroidal,Bacteria,Bacillota,Bacilli,Bacillales,Bacillaceae,Bacillus,p,soil,63.55,20.0,18,0.16,30,11,17.96409803,0.0,0.0,1.243163121,1.6782238827976017,Klebsiella pneumoniae,1.9361168962620272,-0.2578930134644255,47.66766546752094,86.3210861435088
54,CuO,Bacillus subtilis,non-pathogenic,green_synthesis,MBEC,cubic,Bacteria,Bacillota,Bacilli,Bacillales,Bacillaceae,Bacillus,p,soil,79.5454,45.26,24,0.16,30,17,20.67942236,17.07,0.6865,1.651411411,2.8883319726821823,Klebsiella pneumoniae,3.162603350793614,-0.27427137811143165,773.2714443376824,1454.1303896566312
55,Ag,Bacillus subtilis,non-pathogenic,chemical_synthesis,MBEC,rod-shaped,Bacteria,Bacillota,Bacilli,Bacillales,Bacillaceae,Bacillus,p,soil,107.8682,41.23,1,0.16,30,11,23.00188061,0.0,0.0,1.78376517,1.7860872639973109,Klebsiella pneumoniae,2.1085784569772823,-0.3224911929799714,61.10647955185732,128.40397162601587
56,Ni,Bacillus subtilis,non-pathogenic,chemical_synthesis,MBEC,quasi-spherical,Bacteria,Bacillota,Bacilli,Bacillales,Bacillaceae,Bacillus,p,soil,58.6934,17.5,24,0.16,30,10,17.41523038,0.0,0.0,1.303840481,2.5117801201958874,Klebsiella pneumoniae,2.863478722428919,-0.35169860223303173,324.9227499587644,730.2620339638377
57,Ag2O,Bacillus subtilis,non-pathogenic,chemical_synthesis,MBC,spherical,Bacteria,Bacillota,Bacilli,Bacillales,Bacillaceae,Bacillus,p,soil,231.7358,30.0,4,0.16,30,28,46.55109718,17.07,0.6865,3.975778631,1.652653432909497,Klebsiella pneumoniae,2.0073857006633142,-0.35473226775381717,44.94210736445857,101.71516329673238
