,np,bacteria,bac_type,np_synthesis,method,shape,kingdom,phylum,class,order,family,genus,gram,isolated_from,mol_weight (g/mol),np_size_avg (nm),time_set,"min_Incub_period, h","growth_temp, C",Valance_electron,labuteASA,tpsa,CrippenMR,chi0v,pred_MIC_norm,pathogenic_bacteria,pred_MIC_pathogen,Fitness,pred_norm_MIC_original,pred_path_MIC_original
0,ZnO,Bacillus subtilis,non-pathogenic,green_synthesis,MBC,nanoplates,Bacteria,Bacillota,Bacilli,Bacillales,Bacillaceae,Bacillus,p,soil,81.3794,5.1,2,0.16,30,8,22.60496136,17.07,0.6865,4.082482905,2.468490557118032,Klebsiella pneumoniae,1.7547126389717171,0.7137779181463146,294.0969747431451,56.84766605910684
1,TiO2,Bacillus subtilis,non-pathogenic,green_synthesis,MBC,cubic,Bacteria,Bacillota,Bacilli,Bacillales,Bacillaceae,Bacillus,p,soil,79.866,9.0,1,0.16,30,16,26.40611331,34.14,1.373,2.878049394,3.3478413082920393,Klebsiella pneumoniae,2.7406702709938715,0.6071710372981678,2227.6210252292462,550.3896658875077
2,CeO2,Bacillus subtilis,non-pathogenic,chemical_synthesis,MIC,quasi-hexagonal,Bacteria,Bacillota,Bacilli,Bacillales,Bacillaceae,Bacillus,p,soil,172.115,9.0,2,0.16,30,16,39.19032095,34.14,1.373,4.456551526,2.3194707661023237,Klebsiella pneumoniae,1.746632839830218,0.5728379262721057,208.67516525520034,55.79982537638578
3,ZnO,Bacillus subtilis,non-pathogenic,green_synthesis,MBC,tetragonal,Bacteria,Bacillota,Bacilli,Bacillales,Bacillaceae,Bacillus,p,soil,81.3794,10.4,18,0.16,30,8,22.60496136,17.07,0.6865,4.082482905,1.708617764143497,Klebsiella pneumoniae,1.13687189891276,0.571745865230737,51.123168683084344,13.704774655000067
4,Ag,Bacillus subtilis,non-pathogenic,chemical_synthesis,MIC,spheroidal,Bacteria,Bacillota,Bacilli,Bacillales,Bacillaceae,Bacillus,p,soil,107.87,5.1,1,0.16,30,11,23.00188061,0.0,0.0,1.78376517,1.292323241848859,Klebsiella pneumoniae,0.7368822888288311,0.5554409530200279,19.603031683622028,5.456099589317483
5,ZnO,Bacillus subtilis,non-pathogenic,green_synthesis,MBEC,nanoplates,Bacteria,Bacillota,Bacilli,Bacillales,Bacillaceae,Bacillus,p,soil,81.3794,8.7,2,0.16,30,8,22.60496136,17.07,0.6865,4.082482905,2.64342745164042,Klebsiella pneumoniae,2.110756516889612,0.5326709347508083,439.9744445064806,129.04955665793054
6,Pd,Bacillus subtilis,non-pathogenic,green_synthesis,MBC,quasi-spherical,Bacteria,Bacillota,Bacilli,Bacillales,Bacillaceae,Bacillus,p,soil,195.084,100.0,2,0.16,30,10,21.14774404,0.0,0.0,1.870828693,0.9223404137923559,Klebsiella pneumoniae,0.4143756230233311,0.5079647907690248,8.362582471464384,2.5964240487379175
7,ZnO,Bacillus subtilis,non-pathogenic,chemical_synthesis,MBEC,quasi-hexagonal,Bacteria,Bacillota,Bacilli,Bacillales,Bacillaceae,Bacillus,p,soil,81.3794,9.0,1,0.16,30,8,22.60496136,17.07,0.6865,4.082482905,1.2831706071572533,Klebsiella pneumoniae,0.7761123204584268,0.5070582866988265,19.194226137611558,5.971897162446133
8,Ag,Bacillus subtilis,non-pathogenic,chemical_synthesis,MBEC,spheroidal,Bacteria,Bacillota,Bacilli,Bacillales,Bacillaceae,Bacillus,p,soil,107.87,26.38,18,0.16,30,11,23.00188061,0.0,0.0,1.78376517,1.314819984967154,Klebsiella pneumoniae,0.8148364585474718,0.49998352641968224,20.645242332803253,6.528846508115365
9,ZnO,Bacillus subtilis,non-pathogenic,green_synthesis,MBEC,nanoplates,Bacteria,Bacillota,Bacilli,Bacillales,Bacillaceae,Bacillus,p,soil,81.3794,9.0,2,0.16,30,8,22.60496136,17.07,0.6865,4.082482905,2.635938973865989,Klebsiella pneumoniae,2.1391561370174728,0.4967828368485163,432.45305938411,137.7704690562125
10,Ni,Bacillus subtilis,non-pathogenic,green_synthesis,MBC,spheroidal,Bacteria,Bacillota,Bacilli,Bacillales,Bacillaceae,Bacillus,p,soil,58.6934,5.1,2,0.16,30,10,17.41523038,0.0,0.0,1.303840481,2.9933123432765565,Klebsiella pneumoniae,2.497161636749966,0.49615070652659066,984.7190581173797,314.16777533860727
11,Ag,Bacillus subtilis,non-pathogenic,green_synthesis,MIC,spheroidal,Bacteria,Bacillota,Bacilli,Bacillales,Bacillaceae,Bacillus,p,soil,107.87,44.45,3,0.16,30,11,23.00188061,0.0,0.0,1.78376517,0.6009709185594372,Klebsiella pneumoniae,0.12357176447299256,0.4773991540864446,3.9899818355508923,1.3291431716572162
12,ZnO,Bacillus subtilis,non-pathogenic,green_synthesis,MIC,cubic,Bacteria,Bacillota,Bacilli,Bacillales,Bacillaceae,Bacillus,p,soil,81.3794,10.4,4,0.16,30,8,22.60496136,17.07,0.6865,4.082482905,1.8846608347174019,Klebsiella pneumoniae,1.4277330171376814,0.45692781757972045,76.67624470372377,26.77521810208144
13,TiO2,Bacillus subtilis,non-pathogenic,green_synthesis,MBEC,quasi-hexagonal,Bacteria,Bacillota,Bacilli,Bacillales,Bacillaceae,Bacillus,p,soil,79.866,27.43,4,0.16,30,16,26.40611331,34.14,1.373,2.878049394,1.7690905377738135,Klebsiella pneumoniae,1.3125467392304129,0.45654379854340066,58.76118397475545,20.53746040880076
14,ZnO,Bacillus subtilis,non-pathogenic,green_synthesis,MBC,quasi-spherical,Bacteria,Bacillota,Bacilli,Bacillales,Bacillaceae,Bacillus,p,soil,81.3794,79.0,3,0.16,30,8,22.60496136,17.07,0.6865,4.082482905,0.9038815823565796,Klebsiella pneumoniae,0.4518486697566897,0.45203291259988987,8.014595022738051,2.8304055669708066
15,Au,Bacillus subtilis,non-pathogenic,green_synthesis,MIC,quasi-spherical,Bacteria,Bacillota,Bacilli,Bacillales,Bacillaceae,Bacillus,p,soil,196.966569,40.0,4,0.16,30,11,23.00188061,0.0,0.0,2.46797672,0.7907063556017938,Klebsiella pneumoniae,0.340237525802622,0.4504688297991718,6.175986750158847,2.188958489181703
16,CuO,Bacillus subtilis,non-pathogenic,green_synthesis,MBC,spheroidal,Bacteria,Bacillota,Bacilli,Bacillales,Bacillaceae,Bacillus,p,soil,79.5454,10.4,18,0.16,30,17,20.67942236,17.07,0.6865,1.651411411,3.690193488266554,Klebsiella pneumoniae,3.244940609641565,0.4452528786249892,4899.970758100237,1757.6832319609114
17,ZnO,Bacillus subtilis,non-pathogenic,green_synthesis,MIC,spherical,Bacteria,Bacillota,Bacilli,Bacillales,Bacillaceae,Bacillus,p,soil,81.3794,8.0,1,0.16,30,8,22.60496136,17.07,0.6865,4.082482905,1.360718452559246,Klebsiella pneumoniae,0.9253233214394178,0.4353951311198282,22.94660567335159,8.420217726264804
18,Ag,Bacillus subtilis,non-pathogenic,chemical_synthesis,MIC,quasi-hexagonal,Bacteria,Bacillota,Bacilli,Bacillales,Bacillaceae,Bacillus,p,soil,107.87,22.5,3,0.16,30,11,23.00188061,0.0,0.0,1.78376517,0.45287489455184526,Klebsiella pneumoniae,0.02173843159197042,0.43113646295987484,2.8371016383658323,1.051328485284858
19,ZnO,Bacillus subtilis,non-pathogenic,chemical_synthesis,MBC,spherical,Bacteria,Bacillota,Bacilli,Bacillales,Bacillaceae,Bacillus,p,soil,81.3794,9.0,3,0.16,30,8,22.60496136,17.07,0.6865,4.082482905,1.8016949010441776,Klebsiella pneumoniae,1.3821177494633503,0.4195771515808273,63.34245638278695,24.105589104935397
20,TiO2,Bacillus subtilis,non-pathogenic,chemical_synthesis,MBEC,hexagonal,Bacteria,Bacillota,Bacilli,Bacillales,Bacillaceae,Bacillus,p,soil,79.866,10.0,0,0.16,30,16,26.40611331,34.14,1.373,2.878049394,3.32905331154076,Klebsiella pneumoniae,2.916664050933935,0.4123892606068247,2133.306769779382,825.3992139171673
21,Ag,Bacillus subtilis,non-pathogenic,green_synthesis,MBEC,tetragonal,Bacteria,Bacillota,Bacilli,Bacillales,Bacillaceae,Bacillus,p,soil,107.87,60.0,18,0.16,30,11,23.00188061,0.0,0.0,1.78376517,0.44941286421045,Klebsiella pneumoniae,0.04557361707302676,0.40383924713742325,2.81457524893977,1.1106407836253902
22,ZnO,Bacillus subtilis,non-pathogenic,green_synthesis,MBC,quasi-spherical,Bacteria,Bacillota,Bacilli,Bacillales,Bacillaceae,Bacillus,p,soil,81.3794,35.0,2,0.16,30,8,22.60496136,17.07,0.6865,4.082482905,1.0987496511387596,Klebsiella pneumoniae,0.6969030595135561,0.4018465916252034,12.553061344256294,4.976259956319113
23,Au,Bacillus subtilis,non-pathogenic,chemical_synthesis,MBEC,quasi-hexagonal,Bacteria,Bacillota,Bacilli,Bacillales,Bacillaceae,Bacillus,p,soil,196.966569,6.0,2,0.16,30,11,23.00188061,0.0,0.0,2.46797672,1.4731252193475626,Klebsiella pneumoniae,1.0752242050052998,0.39790101434226277,29.725229703988834,11.891159514270374
24,ZnO,Bacillus subtilis,non-pathogenic,chemical_synthesis,MBC,nanoplates,Bacteria,Bacillota,Bacilli,Bacillales,Bacillaceae,Bacillus,p,soil,81.3794,9.0,0,0.16,30,8,22.60496136,17.07,0.6865,4.082482905,2.054545345810789,Klebsiella pneumoniae,1.6582997624953193,0.39624558331546966,113.3823217341565,45.530221435265396
25,TiO2,Bacillus subtilis,non-pathogenic,green_synthesis,MBC,nanoplates,Bacteria,Bacillota,Bacilli,Bacillales,Bacillaceae,Bacillus,p,soil,79.866,27.43,1,0.16,30,16,26.40611331,34.14,1.373,2.878049394,2.9285532762476074,Klebsiella pneumoniae,2.5333923986816225,0.39516087756598495,848.3074405677254,341.5013294272162
26,Pd,Bacillus subtilis,non-pathogenic,chemical_synthesis,MBEC,quasi-hexagonal,Bacteria,Bacillota,Bacilli,Bacillales,Bacillaceae,Bacillus,p,soil,195.084,5.1,2,0.16,30,10,21.14774404,0.0,0.0,1.870828693,1.055864309131842,Klebsiella pneumoniae,0.6633583844735911,0.39250592465825096,11.372719013366032,4.60636539006214
27,TiO2,Bacillus subtilis,non-pathogenic,green_synthesis,MBC,hexagonal,Bacteria,Bacillota,Bacilli,Bacillales,Bacillaceae,Bacillus,p,soil,79.866,18.5,0,0.16,30,16,26.40611331,34.14,1.373,2.878049394,3.0655593338892633,Klebsiella pneumoniae,2.674266075524491,0.39129325836477236,1162.945423299636,472.3523447451916
28,ZnO,Bacillus subtilis,non-pathogenic,chemical_synthesis,MBC,rod-shaped,Bacteria,Bacillota,Bacilli,Bacillales,Bacillaceae,Bacillus,p,soil,81.3794,11.3,3,0.16,30,8,22.60496136,17.07,0.6865,4.082482905,1.5284044386847533,Klebsiella pneumoniae,1.1422540087558526,0.3861504299289007,33.76015552773877,13.875671473859477
29,ZnO,Bacillus subtilis,non-pathogenic,chemical_synthesis,MBC,nanoplates,Bacteria,Bacillota,Bacilli,Bacillales,Bacillaceae,Bacillus,p,soil,81.3794,9.0,2,0.16,30,8,22.60496136,17.07,0.6865,4.082482905,1.9963568470216453,Klebsiella pneumoniae,1.611625202999352,0.3847316440222932,99.16464169717187,40.89076193268263
30,CeO2,Bacillus subtilis,non-pathogenic,chemical_synthesis,MIC,spheroidal,Bacteria,Bacillota,Bacilli,Bacillales,Bacillaceae,Bacillus,p,soil,172.115,9.0,24,0.16,30,16,39.19032095,34.14,1.373,4.456551526,2.9941271620886356,Klebsiella pneumoniae,2.6135978665712405,0.3805292955173951,986.5683120556475,410.7691946853224
31,Ag,Bacillus subtilis,non-pathogenic,green_synthesis,MBC,quasi-hexagonal,Bacteria,Bacillota,Bacilli,Bacillales,Bacillaceae,Bacillus,p,soil,107.8682,60.0,4,0.16,30,11,23.00188061,0.0,0.0,1.78376517,0.19756671531280823,Klebsiella pneumoniae,-0.18064702593107063,0.37821374124387885,1.5760381114746502,0.6597098584660109
32,ZnO,Bacillus subtilis,non-pathogenic,chemical_synthesis,MIC,quasi-spherical,Bacteria,Bacillota,Bacilli,Bacillales,Bacillaceae,Bacillus,p,soil,81.3794,9.0,4,0.16,30,8,22.60496136,17.07,0.6865,4.082482905,1.4687566895589304,Klebsiella pneumoniae,1.0912956936770741,0.3774609958818562,29.427725042051307,12.33944690684468
33,TiO2,Bacillus subtilis,non-pathogenic,green_synthesis,MBEC,tetragonal,Bacteria,Bacillota,Bacilli,Bacillales,Bacillaceae,Bacillus,p,soil,79.866,8.0,2,0.16,30,16,26.40611331,34.14,1.373,2.878049394,1.7433780352526593,Klebsiella pneumoniae,1.366869434599687,0.3765086006529723,55.383198712870154,23.273914502944734
34,CuO,Bacillus subtilis,non-pathogenic,green_synthesis,MBC,cubic,Bacteria,Bacillota,Bacilli,Bacillales,Bacillaceae,Bacillus,p,soil,79.5454,28.0,4,0.16,30,17,20.67942236,17.07,0.6865,1.651411411,3.019447052274237,Klebsiella pneumoniae,2.646109403529368,0.37333764874486874,1045.7961827297102,442.69987925801564
35,Ag,Bacillus subtilis,non-pathogenic,green_synthesis,MIC,tetragonal,Bacteria,Bacillota,Bacilli,Bacillales,Bacillaceae,Bacillus,p,soil,107.87,38.0,24,0.16,30,11,23.00188061,0.0,0.0,1.78376517,0.13580228956333618,Klebsiella pneumoniae,-0.14810578801894203,0.2839080775822782,1.3671063154522338,0.7110402931564304
36,ZnO,Bacillus subtilis,non-pathogenic,chemical_synthesis,MBC,triangular,Bacteria,Bacillota,Bacilli,Bacillales,Bacillaceae,Bacillus,p,soil,81.3794,10.4,24,0.16,30,8,22.60496136,17.07,0.6865,4.082482905,0.9648380627963816,Klebsiella pneumoniae,0.7397661495602784,0.2250719132361032,9.222274882071378,5.492450474364367
37,Au,Bacillus subtilis,non-pathogenic,green_synthesis,MIC,spheroidal,Bacteria,Bacillota,Bacilli,Bacillales,Bacillaceae,Bacillus,p,soil,196.966569,37.86,1,0.16,30,11,23.00188061,0.0,0.0,2.46797672,1.3105730701622624,Klebsiella pneumoniae,1.1380974292347004,0.17247564092756207,20.44433883612421,13.743502609362833
38,Pd,Bacillus subtilis,non-pathogenic,green_synthesis,MBEC,hexagonal,Bacteria,Bacillota,Bacilli,Bacillales,Bacillaceae,Bacillus,p,soil,195.084,60.0,3,0.16,30,10,21.14774404,0.0,0.0,1.870828693,1.9264788141519615,Klebsiella pneumoniae,1.7563972900019627,0.1700815241499989,84.4265055782549,57.0686093799852
39,Ag2O,Bacillus subtilis,non-pathogenic,green_synthesis,MBC,quasi-spherical,Bacteria,Bacillota,Bacilli,Bacillales,Bacillaceae,Bacillus,p,soil,231.7358,38.0,3,0.16,30,28,46.55109718,17.07,0.6865,3.975778631,1.4069030711982888,Klebsiella pneumoniae,1.239849737920462,0.1670533332778268,25.521316369639635,17.37199668916907
40,ZnO,Bacillus subtilis,non-pathogenic,green_synthesis,MBC,cubic,Bacteria,Bacillota,Bacilli,Bacillales,Bacillaceae,Bacillus,p,soil,81.3794,18.0,18,0.16,30,8,22.60496136,17.07,0.6865,4.082482905,2.134079989014241,Klebsiella pneumoniae,1.972060410851212,0.16201957816302892,136.16954584992368,93.76924319271504
41,Ag,Bacillus subtilis,non-pathogenic,green_synthesis,MIC,tetragonal,Bacteria,Bacillota,Bacilli,Bacillales,Bacillaceae,Bacillus,p,soil,107.8682,5.1,1,0.16,30,11,23.00188061,0.0,0.0,1.78376517,0.2769655654725669,Klebsiella pneumoniae,0.11717653269087958,0.15978903278168732,1.8921935836393793,1.3097141894577262
42,ZnO,Bacillus subtilis,non-pathogenic,chemical_synthesis,MIC,quasi-hexagonal,Bacteria,Bacillota,Bacilli,Bacillales,Bacillaceae,Bacillus,p,soil,81.3794,20.0,2,0.16,30,8,22.60496136,17.07,0.6865,4.082482905,0.7344103064693301,Klebsiella pneumoniae,0.6037850271371548,0.13062527933217538,5.4251319614258104,4.015919763007424
43,Ag,Bacillus subtilis,non-pathogenic,green_synthesis,MBC,spherical,Bacteria,Bacillota,Bacilli,Bacillales,Bacillaceae,Bacillus,p,soil,107.87,100.0,4,0.16,30,11,23.00188061,0.0,0.0,1.78376517,0.6177164834028328,Klebsiella pneumoniae,0.5169037250948687,0.1008127583079641,4.146832402862048,3.287787387442319
44,TiO2,Bacillus subtilis,non-pathogenic,chemical_synthesis,MBEC,triangular,Bacteria,Bacillota,Bacilli,Bacillales,Bacillaceae,Bacillus,p,soil,79.866,79.0,4,0.16,30,16,26.40611331,34.14,1.373,2.878049394,0.7631143713836865,Klebsiella pneumoniae,0.6805407544405604,0.08257361694312615,5.7958130897756055,4.792264216775223
45,Ag,Bacillus subtilis,non-pathogenic,chemical_synthesis,MIC,cubic,Bacteria,Bacillota,Bacilli,Bacillales,Bacillaceae,Bacillus,p,soil,107.87,26.06,24,0.16,30,11,23.00188061,0.0,0.0,1.78376517,1.6523161957966068,Klebsiella pneumoniae,1.574693780225977,0.07762241557062977,44.907222593444686,37.5572495833618
46,ZnO,Bacillus subtilis,non-pathogenic,chemical_synthesis,MBEC,hexagonal,Bacteria,Bacillota,Bacilli,Bacillales,Bacillaceae,Bacillus,p,soil,81.3794,5.1,24,0.16,30,8,22.60496136,17.07,0.6865,4.082482905,2.738272163757384,Klebsiella pneumoniae,2.6645818368488237,0.07369032690856026,547.3588744095103,461.93602921444653
47,Ag,Bacillus subtilis,non-pathogenic,chemical_synthesis,MBC,hexagonal,Bacteria,Bacillota,Bacilli,Bacillales,Bacillaceae,Bacillus,p,soil,107.87,6.0,3,0.16,30,11,23.00188061,0.0,0.0,1.78376517,2.1085232652341186,Klebsiella pneumoniae,2.0440273348822906,0.06449593035182799,128.38765461295966,110.66934380582927
48,ZnO,Bacillus subtilis,non-pathogenic,chemical_synthesis,MBEC,cubic,Bacteria,Bacillota,Bacilli,Bacillales,Bacillaceae,Bacillus,p,soil,81.3794,26.06,3,0.16,30,8,22.60496136,17.07,0.6865,4.082482905,2.1765558916893855,Klebsiella pneumoniae,2.1135149815198435,0.06304091016954194,150.1605643014526,129.87183639363778
49,Ag,Bacillus subtilis,non-pathogenic,green_synthesis,MBC,spherical,Bacteria,Bacillota,Bacilli,Bacillales,Bacillaceae,Bacillus,p,soil,107.87,26.38,2,0.16,30,11,23.00188061,0.0,0.0,1.78376517,1.3354853773593083,Klebsiella pneumoniae,1.2980699498025183,0.03741542755678995,21.651369781903682,19.864148342382027
50,ZnO,Bacillus subtilis,non-pathogenic,green_synthesis,MBEC,tetragonal,Bacteria,Bacillota,Bacilli,Bacillales,Bacillaceae,Bacillus,p,soil,81.3794,18.0,2,0.16,30,8,22.60496136,17.07,0.6865,4.082482905,1.0984160899125044,Klebsiella pneumoniae,1.0630146294081837,0.03540146050432069,12.543423628098965,11.561511870174886
51,Ag,Bacillus subtilis,non-pathogenic,green_synthesis,MIC,rod-shaped,Bacteria,Bacillota,Bacilli,Bacillales,Bacillaceae,Bacillus,p,soil,107.8682,10.0,2,0.16,30,11,23.00188061,0.0,0.0,1.78376517,1.3749814699096672,Klebsiella pneumoniae,1.3585463064334293,0.016435163476237857,23.71272528157936,22.83212358084629
52,Pd,Bacillus subtilis,non-pathogenic,green_synthesis,MBEC,cubic,Bacteria,Bacillota,Bacilli,Bacillales,Bacillaceae,Bacillus,p,soil,195.084,12.5,4,0.16,30,10,21.14774404,0.0,0.0,1.870828693,2.1720315738153015,Klebsiella pneumoniae,2.1656117077771264,0.006419866038175126,148.6043675810271,146.423811555849
53,Ag,Bacillus subtilis,non-pathogenic,chemical_synthesis,MBC,tetragonal,Bacteria,Bacillota,Bacilli,Bacillales,Bacillaceae,Bacillus,p,soil,107.87,11.3,4,0.16,30,11,23.00188061,0.0,0.0,1.78376517,0.8927066220088998,Klebsiella pneumoniae,0.8930439929191519,-0.0003373709102520994,7.810999715887399,7.817069854941833
54,CuO,Bacillus subtilis,non-pathogenic,chemical_synthesis,MBC,spheroidal,Bacteria,Bacillota,Bacilli,Bacillales,Bacillaceae,Bacillus,p,soil,79.5454,26.06,0,0.16,30,17,20.67942236,17.07,0.6865,1.651411411,2.575793631815862,Klebsiella pneumoniae,2.593215285440849,-0.017421653624987155,376.52483928044524,391.936116806857
55,ZnO,Bacillus subtilis,non-pathogenic,chemical_synthesis,MBEC,tetragonal,Bacteria,Bacillota,Bacilli,Bacillales,Bacillaceae,Bacillus,p,soil,81.3794,26.06,3,0.16,30,8,22.60496136,17.07,0.6865,4.082482905,0.8041492214405442,Klebsiella pneumoniae,0.8236340974247648,-0.01948487598422055,6.370143582995997,6.66245206561631
56,Ag,Bacillus subtilis,non-pathogenic,green_synthesis,MBC,cubic,Bacteria,Bacillota,Bacilli,Bacillales,Bacillaceae,Bacillus,p,soil,107.87,30.0,0,0.16,30,11,23.00188061,0.0,0.0,1.78376517,1.4437148738934766,Klebsiella pneumoniae,1.4658354169052998,-0.0221205430118232,27.778889095420748,29.230444317666183
57,ZnO,Bacillus subtilis,non-pathogenic,green_synthesis,MIC,triangular,Bacteria,Bacillota,Bacilli,Bacillales,Bacillaceae,Bacillus,p,soil,81.3794,50.0,2,0.16,30,8,22.60496136,17.07,0.6865,4.082482905,-0.7434090417225434,Klebsiella pneumoniae,-0.6703759833152794,-0.07303305840726404,0.18054728342746595,0.2136111984899438
58,TiO2,Bacillus subtilis,non-pathogenic,chemical_synthesis,MBC,hexagonal,Bacteria,Bacillota,Bacilli,Bacillales,Bacillaceae,Bacillus,p,soil,79.866,45.26,18,0.16,30,16,26.40611331,34.14,1.373,2.878049394,3.06752426403657,Klebsiella pneumoniae,3.181267573663867,-0.11374330962729706,1168.2189964438162,1517.9853270649753
59,CuO,Bacillus subtilis,non-pathogenic,chemical_synthesis,MBC,hexagonal,Bacteria,Bacillota,Bacilli,Bacillales,Bacillaceae,Bacillus,p,soil,79.5454,60.0,2,0.16,30,17,20.67942236,17.07,0.6865,1.651411411,3.052847690836102,Klebsiella pneumoniae,3.1730665872885813,-0.1202188964524793,1129.3997592817054,1489.5894483744014
60,Ag,Bacillus subtilis,non-pathogenic,green_synthesis,MBEC,spherical,Bacteria,Bacillota,Bacilli,Bacillales,Bacillaceae,Bacillus,p,soil,107.8682,10.4,18,0.16,30,11,23.00188061,0.0,0.0,1.78376517,1.9367720317034958,Klebsiella pneumoniae,2.0710773630348296,-0.13430533133133382,86.45140020731945,117.78157650114983
61,CuO,Bacillus subtilis,non-pathogenic,green_synthesis,MIC,spheroidal,Bacteria,Bacillota,Bacilli,Bacillales,Bacillaceae,Bacillus,p,soil,79.5454,37.86,2,0.16,30,17,20.67942236,17.07,0.6865,1.651411411,1.7225678344343294,Klebsiella pneumoniae,1.9079885654783981,-0.18542073104406875,52.791965851949385,80.9074596806073
62,Ag,Bacillus subtilis,non-pathogenic,green_synthesis,MBC,rod-shaped,Bacteria,Bacillota,Bacilli,Bacillales,Bacillaceae,Bacillus,p,soil,107.87,9.0,18,0.16,30,11,23.00188061,0.0,0.0,1.78376517,1.4703126404202937,Klebsiella pneumoniae,1.672719360315957,-0.20240671989566317,29.533345115055276,47.067308068978896
63,ZnO,Bacillus subtilis,non-pathogenic,green_synthesis,MIC,cubic,Bacteria,Bacillota,Bacilli,Bacillales,Bacillaceae,Bacillus,p,soil,81.3794,38.0,24,0.16,30,8,22.60496136,17.07,0.6865,4.082482905,1.5643927899613077,Klebsiella pneumoniae,1.8140803277922002,-0.24968753783089248,36.676914254754955,65.17489314231902
