,np,bacteria,bac_type,np_synthesis,method,shape,kingdom,phylum,class,order,family,genus,gram,isolated_from,mol_weight (g/mol),np_size_avg (nm),time_set,"min_Incub_period, h","growth_temp, C",Valance_electron,labuteASA,tpsa,CrippenMR,chi0v,pred_MIC_norm,pathogenic_bacteria,pred_MIC_pathogen,Fitness,pred_norm_MIC_original,pred_path_MIC_original
0,ZnO,Bacillus subtilis,non-pathogenic,green_synthesis,MBC,nanoplates,Bacteria,Bacillota,Bacilli,Bacillales,Bacillaceae,Bacillus,p,soil,81.3794,5.1,4,0.16,30,8,22.60496136,17.07,0.6865,4.082482905,2.4290888242475552,Klebsiella pneumoniae,1.6620815913775626,0.7670072328699926,268.5893722942681,45.92842909722548
1,ZnO,Bacillus subtilis,non-pathogenic,green_synthesis,MBC,quasi-spherical,Bacteria,Bacillota,Bacilli,Bacillales,Bacillaceae,Bacillus,p,soil,81.3794,10.4,1,0.16,30,8,22.60496136,17.07,0.6865,4.082482905,2.1580257460305066,Klebsiella pneumoniae,1.4605035755592328,0.6975221704712737,143.88838762544702,28.873775509552623
2,Ag,Bacillus subtilis,non-pathogenic,chemical_synthesis,MIC,quasi-hexagonal,Bacteria,Bacillota,Bacilli,Bacillales,Bacillaceae,Bacillus,p,soil,107.87,5.1,2,0.16,30,11,23.00188061,0.0,0.0,1.78376517,0.9710220480911526,Klebsiella pneumoniae,0.2946069293481266,0.676415118743026,9.354531636597372,1.9706383460883405
3,TiO2,Bacillus subtilis,non-pathogenic,green_synthesis,MBC,spherical,Bacteria,Bacillota,Bacilli,Bacillales,Bacillaceae,Bacillus,p,soil,79.866,5.1,4,0.16,30,16,26.40611331,34.14,1.373,2.878049394,3.0632109405486876,Klebsiella pneumoniae,2.3990949123837524,0.6641160281649352,1156.673912200748,250.66570076236684
4,ZnO,Bacillus subtilis,non-pathogenic,green_synthesis,MIC,spheroidal,Bacteria,Bacillota,Bacilli,Bacillales,Bacillaceae,Bacillus,p,soil,81.3794,5.1,18,0.16,30,8,22.60496136,17.07,0.6865,4.082482905,1.526307200675264,Klebsiella pneumoniae,0.8915199652632358,0.6347872354120282,33.59751841698711,7.789686242560883
5,Ag,Bacillus subtilis,non-pathogenic,chemical_synthesis,MIC,spheroidal,Bacteria,Bacillota,Bacilli,Bacillales,Bacillaceae,Bacillus,p,soil,107.87,79.0,18,0.16,30,11,23.00188061,0.0,0.0,1.78376517,0.5941415683725857,Klebsiella pneumoniae,-0.040397754932635754,0.6345393233052214,3.927729479984251,0.9111759433171024
6,CuO,Bacillus subtilis,non-pathogenic,green_synthesis,MBC,quasi-spherical,Bacteria,Bacillota,Bacilli,Bacillales,Bacillaceae,Bacillus,p,soil,79.5454,6.0,3,0.16,30,17,20.67942236,17.07,0.6865,1.651411411,3.423096166384451,Klebsiella pneumoniae,2.8005397257132847,0.6225564406711661,2649.086664326344,631.741963241435
7,Ag,Bacillus subtilis,non-pathogenic,chemical_synthesis,MIC,nanoplates,Bacteria,Bacillota,Bacilli,Bacillales,Bacillaceae,Bacillus,p,soil,107.87,5.1,4,0.16,30,11,23.00188061,0.0,0.0,1.78376517,1.927534225258725,Klebsiella pneumoniae,1.3125579475735685,0.6149762776851566,84.63192616979157,20.537990449784072
8,ZnO,Bacillus subtilis,non-pathogenic,green_synthesis,MIC,rod-shaped,Bacteria,Bacillota,Bacilli,Bacillales,Bacillaceae,Bacillus,p,soil,81.3794,6.0,0,0.16,30,8,22.60496136,17.07,0.6865,4.082482905,1.4889313364140269,Klebsiella pneumoniae,0.8748173793775004,0.6141139570365265,30.82700525206906,7.49578945463899
9,TiO2,Bacillus subtilis,non-pathogenic,green_synthesis,MBC,cubic,Bacteria,Bacillota,Bacilli,Bacillales,Bacillaceae,Bacillus,p,soil,79.866,9.0,1,0.16,30,16,26.40611331,34.14,1.373,2.878049394,3.3478413082920393,Klebsiella pneumoniae,2.7406702709938715,0.6071710372981678,2227.6210252292462,550.3896658875077
10,ZnO,Bacillus subtilis,non-pathogenic,green_synthesis,MBC,rod-shaped,Bacteria,Bacillota,Bacilli,Bacillales,Bacillaceae,Bacillus,p,soil,81.3794,10.4,3,0.16,30,8,22.60496136,17.07,0.6865,4.082482905,2.1807029522112313,Klebsiella pneumoniae,1.5812111706566194,0.5994917815546119,151.60130934474904,38.12511572869017
11,CeO2,Bacillus subtilis,non-pathogenic,chemical_synthesis,MIC,quasi-hexagonal,Bacteria,Bacillota,Bacilli,Bacillales,Bacillaceae,Bacillus,p,soil,172.115,9.0,2,0.16,30,16,39.19032095,34.14,1.373,4.456551526,2.3194707661023237,Klebsiella pneumoniae,1.746632839830218,0.5728379262721057,208.67516525520034,55.79982537638578
12,ZnO,Bacillus subtilis,non-pathogenic,green_synthesis,MBC,tetragonal,Bacteria,Bacillota,Bacilli,Bacillales,Bacillaceae,Bacillus,p,soil,81.3794,10.4,18,0.16,30,8,22.60496136,17.07,0.6865,4.082482905,1.708617764143497,Klebsiella pneumoniae,1.13687189891276,0.571745865230737,51.123168683084344,13.704774655000067
13,CuO,Bacillus subtilis,non-pathogenic,green_synthesis,MBC,cubic,Bacteria,Bacillota,Bacilli,Bacillales,Bacillaceae,Bacillus,p,soil,79.5454,6.0,3,0.16,30,17,20.67942236,17.07,0.6865,1.651411411,3.6162747918651004,Klebsiella pneumoniae,3.0547175489840113,0.5615572428810891,4133.089329176452,1134.2728815170892
14,Ag,Bacillus subtilis,non-pathogenic,chemical_synthesis,MIC,spheroidal,Bacteria,Bacillota,Bacilli,Bacillales,Bacillaceae,Bacillus,p,soil,107.87,5.1,1,0.16,30,11,23.00188061,0.0,0.0,1.78376517,1.292323241848859,Klebsiella pneumoniae,0.7368822888288311,0.5554409530200279,19.603031683622028,5.456099589317483
15,ZnO,Bacillus subtilis,non-pathogenic,chemical_synthesis,MBC,quasi-hexagonal,Bacteria,Bacillota,Bacilli,Bacillales,Bacillaceae,Bacillus,p,soil,81.3794,8.7,3,0.16,30,8,22.60496136,17.07,0.6865,4.082482905,0.8457059396365292,Klebsiella pneumoniae,0.2918161175813896,0.5538898220551396,7.009805044916838,1.9580154645995846
16,Ag,Bacillus subtilis,non-pathogenic,chemical_synthesis,MIC,quasi-hexagonal,Bacteria,Bacillota,Bacilli,Bacillales,Bacillaceae,Bacillus,p,soil,107.87,12.0,4,0.16,30,11,23.00188061,0.0,0.0,1.78376517,0.7916612515587828,Klebsiella pneumoniae,0.2603899935669445,0.5312712579918383,6.189581012113697,1.8213356718388325
17,ZnO,Bacillus subtilis,non-pathogenic,chemical_synthesis,MBC,rod-shaped,Bacteria,Bacillota,Bacilli,Bacillales,Bacillaceae,Bacillus,p,soil,81.3794,5.1,0,0.16,30,8,22.60496136,17.07,0.6865,4.082482905,1.6081354099155036,Klebsiella pneumoniae,1.078717024099606,0.5294183858158976,40.56349898242802,11.98717992652828
18,Au,Bacillus subtilis,non-pathogenic,green_synthesis,MIC,spheroidal,Bacteria,Bacillota,Bacilli,Bacillales,Bacillaceae,Bacillus,p,soil,196.966569,40.0,18,0.16,30,11,23.00188061,0.0,0.0,2.46797672,1.1996571821036555,Klebsiella pneumoniae,0.6788305054132759,0.5208266766903795,15.83642623122047,4.773429419447086
19,ZnO,Bacillus subtilis,non-pathogenic,green_synthesis,MBC,quasi-spherical,Bacteria,Bacillota,Bacilli,Bacillales,Bacillaceae,Bacillus,p,soil,81.3794,27.43,4,0.16,30,8,22.60496136,17.07,0.6865,4.082482905,1.7759093301037332,Klebsiella pneumoniae,1.2576496029337227,0.5182597271700105,59.69106534620153,18.09879258299861
20,TiO2,Bacillus subtilis,non-pathogenic,chemical_synthesis,MBC,spheroidal,Bacteria,Bacillota,Bacilli,Bacillales,Bacillaceae,Bacillus,p,soil,79.866,5.1,0,0.16,30,16,26.40611331,34.14,1.373,2.878049394,2.7399221194666694,Klebsiella pneumoniae,2.2319456801188355,0.5079764393478339,549.4423354213825,170.5869012133131
21,Pd,Bacillus subtilis,non-pathogenic,green_synthesis,MBC,quasi-spherical,Bacteria,Bacillota,Bacilli,Bacillales,Bacillaceae,Bacillus,p,soil,195.084,100.0,2,0.16,30,10,21.14774404,0.0,0.0,1.870828693,0.9223404137923559,Klebsiella pneumoniae,0.4143756230233311,0.5079647907690248,8.362582471464384,2.5964240487379175
22,ZnO,Bacillus subtilis,non-pathogenic,chemical_synthesis,MBEC,quasi-hexagonal,Bacteria,Bacillota,Bacilli,Bacillales,Bacillaceae,Bacillus,p,soil,81.3794,9.0,1,0.16,30,8,22.60496136,17.07,0.6865,4.082482905,1.2831706071572533,Klebsiella pneumoniae,0.7761123204584268,0.5070582866988265,19.194226137611558,5.971897162446133
23,Au,Bacillus subtilis,non-pathogenic,green_synthesis,MBC,quasi-spherical,Bacteria,Bacillota,Bacilli,Bacillales,Bacillaceae,Bacillus,p,soil,196.966569,44.45,3,0.16,30,11,23.00188061,0.0,0.0,2.46797672,0.45303439402854084,Klebsiella pneumoniae,-0.048484416456153534,0.5015188104846944,2.838143786842251,0.8943666234097024
24,Ag,Bacillus subtilis,non-pathogenic,chemical_synthesis,MBEC,spheroidal,Bacteria,Bacillota,Bacilli,Bacillales,Bacillaceae,Bacillus,p,soil,107.87,26.38,18,0.16,30,11,23.00188061,0.0,0.0,1.78376517,1.314819984967154,Klebsiella pneumoniae,0.8148364585474718,0.49998352641968224,20.645242332803253,6.528846508115365
25,ZnO,Bacillus subtilis,non-pathogenic,chemical_synthesis,MBEC,quasi-hexagonal,Bacteria,Bacillota,Bacilli,Bacillales,Bacillaceae,Bacillus,p,soil,81.3794,10.4,1,0.16,30,8,22.60496136,17.07,0.6865,4.082482905,1.2850011499248892,Klebsiella pneumoniae,0.7850421517150218,0.49995899820986744,19.275300168979808,6.095960604889656
26,Ni,Bacillus subtilis,non-pathogenic,green_synthesis,MBC,spheroidal,Bacteria,Bacillota,Bacilli,Bacillales,Bacillaceae,Bacillus,p,soil,58.6934,5.1,2,0.16,30,10,17.41523038,0.0,0.0,1.303840481,2.9933123432765565,Klebsiella pneumoniae,2.497161636749966,0.49615070652659066,984.7190581173797,314.16777533860727
27,Ag,Bacillus subtilis,non-pathogenic,chemical_synthesis,MIC,spheroidal,Bacteria,Bacillota,Bacilli,Bacillales,Bacillaceae,Bacillus,p,soil,107.87,20.0,4,0.16,30,11,23.00188061,0.0,0.0,1.78376517,0.8553403524510443,Klebsiella pneumoniae,0.3624635575845587,0.4928767948664856,7.167048649605345,2.3038996436646952
28,CuO,Bacillus subtilis,non-pathogenic,green_synthesis,MBC,spheroidal,Bacteria,Bacillota,Bacilli,Bacillales,Bacillaceae,Bacillus,p,soil,79.5454,8.0,4,0.16,30,17,20.67942236,17.07,0.6865,1.651411411,3.5234395843237127,Klebsiella pneumoniae,3.0315950476465168,0.49184453667719596,3337.640712701846,1075.4619451787516
29,ZnO,Bacillus subtilis,non-pathogenic,green_synthesis,MIC,quasi-spherical,Bacteria,Bacillota,Bacilli,Bacillales,Bacillaceae,Bacillus,p,soil,81.3794,8.7,2,0.16,30,8,22.60496136,17.07,0.6865,4.082482905,1.5479937800403922,Klebsiella pneumoniae,1.056412292183024,0.4915814878573683,35.31781115436699,11.387077912487142
30,TiO2,Bacillus subtilis,non-pathogenic,green_synthesis,MBC,quasi-hexagonal,Bacteria,Bacillota,Bacilli,Bacillales,Bacillaceae,Bacillus,p,soil,79.866,50.0,4,0.16,30,16,26.40611331,34.14,1.373,2.878049394,1.1900790035908142,Klebsiella pneumoniae,0.7073427589476586,0.48273624464315557,15.490983936293514,5.09733009767002
31,Ag,Bacillus subtilis,non-pathogenic,green_synthesis,MIC,spheroidal,Bacteria,Bacillota,Bacilli,Bacillales,Bacillaceae,Bacillus,p,soil,107.87,44.45,3,0.16,30,11,23.00188061,0.0,0.0,1.78376517,0.6009709185594372,Klebsiella pneumoniae,0.12357176447299256,0.4773991540864446,3.9899818355508923,1.3291431716572162
32,CeO2,Bacillus subtilis,non-pathogenic,chemical_synthesis,MIC,quasi-spherical,Bacteria,Bacillota,Bacilli,Bacillales,Bacillaceae,Bacillus,p,soil,172.115,9.0,4,0.16,30,16,39.19032095,34.14,1.373,4.456551526,2.578860979076518,Klebsiella pneumoniae,2.107681330458898,0.47117964861761985,379.19358283174944,128.1390000103158
33,ZnO,Bacillus subtilis,non-pathogenic,chemical_synthesis,MIC,cubic,Bacteria,Bacillota,Bacilli,Bacillales,Bacillaceae,Bacillus,p,soil,81.3794,6.0,2,0.16,30,8,22.60496136,17.07,0.6865,4.082482905,2.107500675237754,Klebsiella pneumoniae,1.641174948537439,0.46632572670031514,128.08570860015763,43.76983893959854
34,TiO2,Bacillus subtilis,non-pathogenic,green_synthesis,MBEC,spheroidal,Bacteria,Bacillota,Bacilli,Bacillales,Bacillaceae,Bacillus,p,soil,79.866,8.0,2,0.16,30,16,26.40611331,34.14,1.373,2.878049394,2.9867242833388774,Klebsiella pneumoniae,2.5227692095946845,0.46395507374419287,969.8940237855104,333.2492721888845
35,ZnO,Bacillus subtilis,non-pathogenic,green_synthesis,MBC,spheroidal,Bacteria,Bacillota,Bacilli,Bacillales,Bacillaceae,Bacillus,p,soil,81.3794,8.7,1,0.16,30,8,22.60496136,17.07,0.6865,4.082482905,2.497817422822486,Klebsiella pneumoniae,2.0405533392996866,0.45726408352279924,314.64252804448495,109.78761212465247
36,TiO2,Bacillus subtilis,non-pathogenic,green_synthesis,MIC,cubic,Bacteria,Bacillota,Bacilli,Bacillales,Bacillaceae,Bacillus,p,soil,79.866,8.0,4,0.16,30,16,26.40611331,34.14,1.373,2.878049394,2.7191450075603285,Klebsiella pneumoniae,2.2717129682508164,0.44743203930951214,523.7752919017315,186.94461869038025
37,ZnO,Bacillus subtilis,non-pathogenic,chemical_synthesis,MBC,rod-shaped,Bacteria,Bacillota,Bacilli,Bacillales,Bacillaceae,Bacillus,p,soil,81.3794,9.0,4,0.16,30,8,22.60496136,17.07,0.6865,4.082482905,1.4373915424643071,Klebsiella pneumoniae,1.0176685252144682,0.41972301724983896,27.377358467075315,10.415221852852063
38,ZnO,Bacillus subtilis,non-pathogenic,green_synthesis,MBEC,quasi-hexagonal,Bacteria,Bacillota,Bacilli,Bacillales,Bacillaceae,Bacillus,p,soil,81.3794,12.5,1,0.16,30,8,22.60496136,17.07,0.6865,4.082482905,1.3877188514019232,Klebsiella pneumoniae,0.9988143395386493,0.3889045118632739,24.41849264442491,9.972736391868784
39,Au,Bacillus subtilis,non-pathogenic,chemical_synthesis,MIC,nanoplates,Bacteria,Bacillota,Bacilli,Bacillales,Bacillaceae,Bacillus,p,soil,196.966569,5.1,2,0.16,30,11,23.00188061,0.0,0.0,2.46797672,2.55863803287971,Klebsiella pneumoniae,2.204123549470467,0.35451448340924285,361.94120911484424,160.00131406843522
40,Ag,Bacillus subtilis,non-pathogenic,chemical_synthesis,MBEC,spheroidal,Bacteria,Bacillota,Bacilli,Bacillales,Bacillaceae,Bacillus,p,soil,107.87,6.0,4,0.16,30,11,23.00188061,0.0,0.0,1.78376517,1.8596581741154834,Klebsiella pneumoniae,1.5113044814918386,0.3483536926236448,72.38659930465748,32.4567089816076
41,Pd,Bacillus subtilis,non-pathogenic,chemical_synthesis,MBC,quasi-hexagonal,Bacteria,Bacillota,Bacilli,Bacillales,Bacillaceae,Bacillus,p,soil,195.084,5.1,3,0.16,30,10,21.14774404,0.0,0.0,1.870828693,0.7733578778656375,Klebsiella pneumoniae,0.4659905302964311,0.30736734756920636,5.934141226455532,2.9240886179857557
42,Ag,Bacillus subtilis,non-pathogenic,green_synthesis,MIC,spheroidal,Bacteria,Bacillota,Bacilli,Bacillales,Bacillaceae,Bacillus,p,soil,107.87,10.0,0,0.16,30,11,23.00188061,0.0,0.0,1.78376517,1.7228212854214469,Klebsiella pneumoniae,1.4577275325669674,0.26509375285447945,52.82278383711676,28.689800781417645
43,ZnO,Bacillus subtilis,non-pathogenic,chemical_synthesis,MIC,hexagonal,Bacteria,Bacillota,Bacilli,Bacillales,Bacillaceae,Bacillus,p,soil,81.3794,10.4,1,0.16,30,8,22.60496136,17.07,0.6865,4.082482905,1.9942893605535819,Klebsiella pneumoniae,1.7395703970059517,0.25471896354763013,98.69368402270626,54.89975382039597
44,Ag,Bacillus subtilis,non-pathogenic,green_synthesis,MBEC,cubic,Bacteria,Bacillota,Bacilli,Bacillales,Bacillaceae,Bacillus,p,soil,107.8682,9.0,4,0.16,30,11,23.00188061,0.0,0.0,1.78376517,2.3924724613550494,Klebsiella pneumoniae,2.1393934417282177,0.25307901962683177,246.87235580010557,137.84576937988314
45,Cu,Bacillus subtilis,non-pathogenic,green_synthesis,MBC,hexagonal,Bacteria,Bacillota,Bacilli,Bacillales,Bacillaceae,Bacillus,p,soil,63.55,79.0,4,0.16,30,11,17.96409803,0.0,0.0,1.243163121,1.3589716033420982,Klebsiella pneumoniae,1.187483225520379,0.1714883778217191,22.854493627350486,15.398670480593195
46,Ag,Bacillus subtilis,non-pathogenic,green_synthesis,MIC,nanoplates,Bacteria,Bacillota,Bacilli,Bacillales,Bacillaceae,Bacillus,p,soil,107.87,41.23,1,0.16,30,11,23.00188061,0.0,0.0,1.78376517,1.0726225187478908,Klebsiella pneumoniae,0.9096562742751091,0.16296624447278174,11.820137232186529,8.121874496822661
47,Ag,Bacillus subtilis,non-pathogenic,green_synthesis,MIC,spheroidal,Bacteria,Bacillota,Bacilli,Bacillales,Bacillaceae,Bacillus,p,soil,107.8682,10.4,1,0.16,30,11,23.00188061,0.0,0.0,1.78376517,1.3029813487407607,Klebsiella pneumoniae,1.1900505750396024,0.11293077370115823,20.09006531737531,15.489969942712749
48,ZnO,Bacillus subtilis,non-pathogenic,green_synthesis,MIC,triangular,Bacteria,Bacillota,Bacilli,Bacillales,Bacillaceae,Bacillus,p,soil,81.3794,10.0,3,0.16,30,8,22.60496136,17.07,0.6865,4.082482905,-0.24394977724754519,Klebsiella pneumoniae,-0.31914021982907803,0.07519044258153285,0.5702302111219756,0.47957858301722167
49,Ag,Bacillus subtilis,non-pathogenic,chemical_synthesis,MBEC,hexagonal,Bacteria,Bacillota,Bacilli,Bacillales,Bacillaceae,Bacillus,p,soil,107.8682,20.0,4,0.16,30,11,23.00188061,0.0,0.0,1.78376517,2.555245385288308,Klebsiella pneumoniae,2.5082181969888317,0.047027188299476386,359.12479020183326,322.2687518037367
50,ZnO,Bacillus subtilis,non-pathogenic,green_synthesis,MBEC,triangular,Bacteria,Bacillota,Bacilli,Bacillales,Bacillaceae,Bacillus,p,soil,81.3794,22.5,3,0.16,30,8,22.60496136,17.07,0.6865,4.082482905,0.511534194769242,Klebsiella pneumoniae,0.46682909755037016,0.044705097218871837,3.247388099149977,2.9297401145678164
51,Al2O3,Bacillus subtilis,non-pathogenic,green_synthesis,MBEC,triangular,Bacteria,Bacillota,Bacilli,Bacillales,Bacillaceae,Bacillus,p,soil,101.961276,13.0,2,0.16,30,24,51.55776403,85.5,13.5675,4.688846487,1.27449362416285,Klebsiella pneumoniae,1.2518948706943003,0.02259875346854967,18.81454084562078,17.860551736213814
52,Au,Bacillus subtilis,non-pathogenic,chemical_synthesis,MIC,tetragonal,Bacteria,Bacillota,Bacilli,Bacillales,Bacillaceae,Bacillus,p,soil,196.966569,38.0,1,0.16,30,11,23.00188061,0.0,0.0,2.46797672,0.2385864638350459,Klebsiella pneumoniae,0.23716265215106258,0.0014238116839833115,1.7321538515189114,1.726484374572475
53,Al2O3,Bacillus subtilis,non-pathogenic,green_synthesis,MIC,quasi-spherical,Bacteria,Bacillota,Bacilli,Bacillales,Bacillaceae,Bacillus,p,soil,101.961276,100.0,18,0.16,30,24,51.55776403,85.5,13.5675,4.688846487,1.4740583158862364,Klebsiella pneumoniae,1.492425846607687,-0.018367530721450587,29.78916403397654,31.07605250946312
54,ZnO,Bacillus subtilis,non-pathogenic,chemical_synthesis,MBC,spheroidal,Bacteria,Bacillota,Bacilli,Bacillales,Bacillaceae,Bacillus,p,soil,81.3794,38.0,4,0.16,30,8,22.60496136,17.07,0.6865,4.082482905,1.8902029621950758,Klebsiella pneumoniae,1.9508982115615447,-0.06069524936646897,77.66099709712346,89.3096138417712
55,Ag,Bacillus subtilis,non-pathogenic,chemical_synthesis,MBC,hexagonal,Bacteria,Bacillota,Bacilli,Bacillales,Bacillaceae,Bacillus,p,soil,107.8682,18.0,2,0.16,30,11,23.00188061,0.0,0.0,1.78376517,1.9171378267197823,Klebsiella pneumoniae,1.9967306656678554,-0.07959283894807312,82.63001407245865,99.25003433292143
56,Au,Bacillus subtilis,non-pathogenic,green_synthesis,MBC,spheroidal,Bacteria,Bacillota,Bacilli,Bacillales,Bacillaceae,Bacillus,p,soil,196.966569,25.0,4,0.16,30,11,23.00188061,0.0,0.0,2.46797672,1.4940032650481627,Klebsiella pneumoniae,1.6139888692881952,-0.11998560424003246,31.189130321537444,41.11391837143403
57,ZnO,Bacillus subtilis,non-pathogenic,chemical_synthesis,MIC,tetragonal,Bacteria,Bacillota,Bacilli,Bacillales,Bacillaceae,Bacillus,p,soil,81.3794,44.45,4,0.16,30,8,22.60496136,17.07,0.6865,4.082482905,-0.31857780430734284,Klebsiella pneumoniae,-0.18968667444737353,-0.1288911298599693,0.48020004419670836,0.646120209998366
58,Au,Bacillus subtilis,non-pathogenic,chemical_synthesis,MIC,hexagonal,Bacteria,Bacillota,Bacilli,Bacillales,Bacillaceae,Bacillus,p,soil,196.966569,26.38,24,0.16,30,11,23.00188061,0.0,0.0,2.46797672,2.404086387962261,Klebsiella pneumoniae,2.541953537684215,-0.1378671497219539,253.56329573745964,348.30005070663077
59,Ag,Bacillus subtilis,non-pathogenic,chemical_synthesis,MBEC,triangular,Bacteria,Bacillota,Bacilli,Bacillales,Bacillaceae,Bacillus,p,soil,107.8682,37.86,4,0.16,30,11,23.00188061,0.0,0.0,1.78376517,0.14508636706037037,Klebsiella pneumoniae,0.2936596628704642,-0.14857329581009382,1.3966460809628047,1.9663447494777178
60,Pt,Bacillus subtilis,non-pathogenic,green_synthesis,MBEC,triangular,Bacteria,Bacillota,Bacilli,Bacillales,Bacillaceae,Bacillus,p,soil,195.084,22.5,2,0.16,30,10,21.75656585,0.0,0.0,2.588435821,0.27754504767414234,Klebsiella pneumoniae,0.4401546393284492,-0.16260959165430688,1.8947200360897318,2.7552095767573164
61,ZnO,Bacillus subtilis,non-pathogenic,chemical_synthesis,MBC,tetragonal,Bacteria,Bacillota,Bacilli,Bacillales,Bacillaceae,Bacillus,p,soil,81.3794,41.23,1,0.16,30,8,22.60496136,17.07,0.6865,4.082482905,1.1893849886121663,Klebsiella pneumoniae,1.3848096996421844,-0.19542471103001802,15.466248670880312,24.255470292818515
62,Ag,Bacillus subtilis,non-pathogenic,chemical_synthesis,MBEC,nanoplates,Bacteria,Bacillota,Bacilli,Bacillales,Bacillaceae,Bacillus,p,soil,107.8682,30.0,3,0.16,30,11,23.00188061,0.0,0.0,1.78376517,2.6232873720805117,Klebsiella pneumoniae,2.8446597246749823,-0.22137235259447063,420.03682986688665,699.2938755345796
63,TiO2,Bacillus subtilis,non-pathogenic,chemical_synthesis,MIC,cubic,Bacteria,Bacillota,Bacilli,Bacillales,Bacillaceae,Bacillus,p,soil,79.866,26.38,18,0.16,30,16,26.40611331,34.14,1.373,2.878049394,2.7934791794145966,Klebsiella pneumoniae,3.044876469785857,-0.25139729037126024,621.5544489909937,1108.859367740992
