,np,bacteria,bac_type,np_synthesis,method,shape,kingdom,phylum,class,order,family,genus,gram,isolated_from,mol_weight (g/mol),np_size_avg (nm),time_set,"min_Incub_period, h","growth_temp, C",Valance_electron,labuteASA,tpsa,CrippenMR,chi0v,pred_MIC_norm,pathogenic_bacteria,pred_MIC_pathogen,Fitness,pred_norm_MIC_original,pred_path_MIC_original
0,ZnO,Bacillus subtilis,non-pathogenic,green_synthesis,MIC,quasi-spherical,Bacteria,Bacillota,Bacilli,Bacillales,Bacillaceae,Bacillus,p,soil,81.3794,6.0,1,0.16,30,8,22.60496136,17.07,0.6865,4.082482905,1.5829354021551167,Klebsiella pneumoniae,0.9033791618522293,0.6795562403028874,38.276780542021484,8.00532857159759
1,TiO2,Bacillus subtilis,non-pathogenic,green_synthesis,MBC,cubic,Bacteria,Bacillota,Bacilli,Bacillales,Bacillaceae,Bacillus,p,soil,79.866,9.0,1,0.16,30,16,26.40611331,34.14,1.373,2.878049394,3.3478413082920393,Klebsiella pneumoniae,2.7406702709938715,0.6071710372981678,2227.6210252292462,550.3896658875077
2,ZnO,Bacillus subtilis,non-pathogenic,green_synthesis,MBC,quasi-hexagonal,Bacteria,Bacillota,Bacilli,Bacillales,Bacillaceae,Bacillus,p,soil,81.3794,28.0,4,0.16,30,8,22.60496136,17.07,0.6865,4.082482905,0.863350846421355,Klebsiella pneumoniae,0.3193274195364255,0.5440234268849294,7.30047043328398,2.0860629969627293
3,ZnO,Bacillus subtilis,non-pathogenic,chemical_synthesis,MIC,cubic,Bacteria,Bacillota,Bacilli,Bacillales,Bacillaceae,Bacillus,p,soil,81.3794,6.0,3,0.16,30,8,22.60496136,17.07,0.6865,4.082482905,2.13382122136847,Klebsiella pneumoniae,1.6553821374672064,0.47843908390126355,136.08843550000253,45.2253709215607
4,Au,Bacillus subtilis,non-pathogenic,green_synthesis,MIC,quasi-spherical,Bacteria,Bacillota,Bacilli,Bacillales,Bacillaceae,Bacillus,p,soil,196.966569,40.0,4,0.16,30,11,23.00188061,0.0,0.0,2.46797672,0.7907063556017938,Klebsiella pneumoniae,0.340237525802622,0.4504688297991718,6.175986750158847,2.188958489181703
5,CuO,Bacillus subtilis,non-pathogenic,green_synthesis,MBC,spheroidal,Bacteria,Bacillota,Bacilli,Bacillales,Bacillaceae,Bacillus,p,soil,79.5454,10.4,18,0.16,30,17,20.67942236,17.07,0.6865,1.651411411,3.690193488266554,Klebsiella pneumoniae,3.244940609641565,0.4452528786249892,4899.970758100237,1757.6832319609114
6,CuO,Bacillus subtilis,non-pathogenic,green_synthesis,MBC,quasi-hexagonal,Bacteria,Bacillota,Bacilli,Bacillales,Bacillaceae,Bacillus,p,soil,79.5454,79.0,1,0.16,30,17,20.67942236,17.07,0.6865,1.651411411,1.5138578116347676,Klebsiella pneumoniae,1.07123143536678,0.4426263762679876,32.64809245532628,11.782336865422915
7,TiO2,Bacillus subtilis,non-pathogenic,chemical_synthesis,MBEC,hexagonal,Bacteria,Bacillota,Bacilli,Bacillales,Bacillaceae,Bacillus,p,soil,79.866,10.0,0,0.16,30,16,26.40611331,34.14,1.373,2.878049394,3.32905331154076,Klebsiella pneumoniae,2.916664050933935,0.4123892606068247,2133.306769779382,825.3992139171673
8,Ag,Bacillus subtilis,non-pathogenic,green_synthesis,MBC,spheroidal,Bacteria,Bacillota,Bacilli,Bacillales,Bacillaceae,Bacillus,p,soil,107.8682,17.5,18,0.16,30,11,23.00188061,0.0,0.0,1.78376517,1.3905119329509097,Klebsiella pneumoniae,0.9900686651543363,0.40044326779657335,24.576041569794526,9.773917415687762
9,Au,Bacillus subtilis,non-pathogenic,chemical_synthesis,MBEC,quasi-hexagonal,Bacteria,Bacillota,Bacilli,Bacillales,Bacillaceae,Bacillus,p,soil,196.966569,6.0,2,0.16,30,11,23.00188061,0.0,0.0,2.46797672,1.4731252193475626,Klebsiella pneumoniae,1.0752242050052998,0.39790101434226277,29.725229703988834,11.891159514270374
10,Pd,Bacillus subtilis,non-pathogenic,chemical_synthesis,MBEC,quasi-hexagonal,Bacteria,Bacillota,Bacilli,Bacillales,Bacillaceae,Bacillus,p,soil,195.084,5.1,2,0.16,30,10,21.14774404,0.0,0.0,1.870828693,1.055864309131842,Klebsiella pneumoniae,0.6633583844735911,0.39250592465825096,11.372719013366032,4.60636539006214
11,ZnO,Bacillus subtilis,non-pathogenic,chemical_synthesis,MBC,nanoplates,Bacteria,Bacillota,Bacilli,Bacillales,Bacillaceae,Bacillus,p,soil,81.3794,9.0,2,0.16,30,8,22.60496136,17.07,0.6865,4.082482905,1.9963568470216453,Klebsiella pneumoniae,1.611625202999352,0.3847316440222932,99.16464169717187,40.89076193268263
12,Ag,Bacillus subtilis,non-pathogenic,green_synthesis,MBC,quasi-hexagonal,Bacteria,Bacillota,Bacilli,Bacillales,Bacillaceae,Bacillus,p,soil,107.8682,60.0,4,0.16,30,11,23.00188061,0.0,0.0,1.78376517,0.19756671531280823,Klebsiella pneumoniae,-0.18064702593107063,0.37821374124387885,1.5760381114746502,0.6597098584660109
13,ZnO,Bacillus subtilis,non-pathogenic,chemical_synthesis,MIC,quasi-spherical,Bacteria,Bacillota,Bacilli,Bacillales,Bacillaceae,Bacillus,p,soil,81.3794,9.0,4,0.16,30,8,22.60496136,17.07,0.6865,4.082482905,1.4687566895589304,Klebsiella pneumoniae,1.0912956936770741,0.3774609958818562,29.427725042051307,12.33944690684468
14,CuO,Bacillus subtilis,non-pathogenic,green_synthesis,MBC,cubic,Bacteria,Bacillota,Bacilli,Bacillales,Bacillaceae,Bacillus,p,soil,79.5454,28.0,4,0.16,30,17,20.67942236,17.07,0.6865,1.651411411,3.019447052274237,Klebsiella pneumoniae,2.646109403529368,0.37333764874486874,1045.7961827297102,442.69987925801564
15,Ag,Bacillus subtilis,non-pathogenic,green_synthesis,MBEC,triangular,Bacteria,Bacillota,Bacilli,Bacillales,Bacillaceae,Bacillus,p,soil,107.8682,10.0,18,0.16,30,11,23.00188061,0.0,0.0,1.78376517,0.22008052057136496,Klebsiella pneumoniae,-0.14907812552850896,0.3691586460998739,1.6598946324497346,0.7094501330186062
16,ZnO,Bacillus subtilis,non-pathogenic,chemical_synthesis,MBC,tetragonal,Bacteria,Bacillota,Bacilli,Bacillales,Bacillaceae,Bacillus,p,soil,81.3794,8.7,24,0.16,30,8,22.60496136,17.07,0.6865,4.082482905,1.4509636280167015,Klebsiella pneumoniae,1.094098455205514,0.35686517281118757,28.24643402292335,12.419338239276769
17,Ag,Bacillus subtilis,non-pathogenic,chemical_synthesis,MIC,spherical,Bacteria,Bacillota,Bacilli,Bacillales,Bacillaceae,Bacillus,p,soil,107.87,9.0,3,0.16,30,11,23.00188061,0.0,0.0,1.78376517,1.3342405532254027,Klebsiella pneumoniae,0.9948937427437571,0.3393468104816456,21.58939902476815,9.883112585413073
18,ZnO,Bacillus subtilis,non-pathogenic,green_synthesis,MBEC,spheroidal,Bacteria,Bacillota,Bacilli,Bacillales,Bacillaceae,Bacillus,p,soil,81.3794,11.3,4,0.16,30,8,22.60496136,17.07,0.6865,4.082482905,2.4576240569330166,Klebsiella pneumoniae,2.1273257105549908,0.3302983463780258,286.8296592209355,134.06817900034667
19,CeO2,Bacillus subtilis,non-pathogenic,chemical_synthesis,MIC,cubic,Bacteria,Bacillota,Bacilli,Bacillales,Bacillaceae,Bacillus,p,soil,172.115,18.5,1,0.16,30,16,39.19032095,34.14,1.373,4.456551526,2.5509716279786008,Klebsiella pneumoniae,2.2323164037496115,0.3186552242289893,355.6080862917537,170.73258023412254
20,ZnO,Bacillus subtilis,non-pathogenic,chemical_synthesis,MBEC,tetragonal,Bacteria,Bacillota,Bacilli,Bacillales,Bacillaceae,Bacillus,p,soil,81.3794,18.5,18,0.16,30,8,22.60496136,17.07,0.6865,4.082482905,0.822673016417166,Klebsiella pneumoniae,0.5045051981265318,0.3181678182906341,6.6477245555155875,3.1952526089689353
21,Ag,Bacillus subtilis,non-pathogenic,green_synthesis,MBEC,spheroidal,Bacteria,Bacillota,Bacilli,Bacillales,Bacillaceae,Bacillus,p,soil,107.8682,5.1,0,0.16,30,11,23.00188061,0.0,0.0,1.78376517,2.1603988768135993,Klebsiella pneumoniae,1.842561113448871,0.31783776336472824,144.67679415649567,69.59228773238225
22,ZnO,Bacillus subtilis,non-pathogenic,green_synthesis,MBEC,tetragonal,Bacteria,Bacillota,Bacilli,Bacillales,Bacillaceae,Bacillus,p,soil,81.3794,38.0,18,0.16,30,8,22.60496136,17.07,0.6865,4.082482905,0.6528139458087199,Klebsiella pneumoniae,0.3421511527944372,0.3106627930142827,4.495872079498491,2.198624953839533
23,Au,Bacillus subtilis,non-pathogenic,green_synthesis,MIC,spherical,Bacteria,Bacillota,Bacilli,Bacillales,Bacillaceae,Bacillus,p,soil,196.966569,6.0,4,0.16,30,11,23.00188061,0.0,0.0,2.46797672,1.9968657661176399,Klebsiella pneumoniae,1.6934239896761518,0.30344177644148806,99.28091386432112,49.36555109830703
24,ZnO,Bacillus subtilis,non-pathogenic,chemical_synthesis,MBEC,tetragonal,Bacteria,Bacillota,Bacilli,Bacillales,Bacillaceae,Bacillus,p,soil,81.3794,5.1,3,0.16,30,8,22.60496136,17.07,0.6865,4.082482905,1.1219500448629058,Klebsiella pneumoniae,0.8196608714879694,0.30228917337493644,13.24189210306994,6.601777322043412
25,Ag,Bacillus subtilis,non-pathogenic,chemical_synthesis,MIC,quasi-hexagonal,Bacteria,Bacillota,Bacilli,Bacillales,Bacillaceae,Bacillus,p,soil,107.8682,10.4,4,0.16,30,11,23.00188061,0.0,0.0,1.78376517,1.2546680214564976,Klebsiella pneumoniae,0.9529950209898129,0.30167300046668466,17.974963677144505,8.974185059023835
26,Au,Bacillus subtilis,non-pathogenic,green_synthesis,MBEC,quasi-hexagonal,Bacteria,Bacillota,Bacilli,Bacillales,Bacillaceae,Bacillus,p,soil,196.966569,50.0,1,0.16,30,11,23.00188061,0.0,0.0,2.46797672,0.36865333156609026,Klebsiella pneumoniae,0.0697514296898405,0.29890190187624976,2.3369710451932852,1.1742252896880896
27,ZnO,Bacillus subtilis,non-pathogenic,chemical_synthesis,MIC,hexagonal,Bacteria,Bacillota,Bacilli,Bacillales,Bacillaceae,Bacillus,p,soil,81.3794,8.0,1,0.16,30,8,22.60496136,17.07,0.6865,4.082482905,2.0051445107536163,Klebsiella pneumoniae,1.7074381608147362,0.2977063499388801,101.19161116187313,50.9844995584234
28,ZnO,Bacillus subtilis,non-pathogenic,green_synthesis,MBEC,rod-shaped,Bacteria,Bacillota,Bacilli,Bacillales,Bacillaceae,Bacillus,p,soil,81.3794,9.0,18,0.16,30,8,22.60496136,17.07,0.6865,4.082482905,2.049538907575403,Klebsiella pneumoniae,1.7549498962913468,0.2945890112840561,112.08278343664244,56.87873071744768
29,Ag,Bacillus subtilis,non-pathogenic,green_synthesis,MBC,quasi-hexagonal,Bacteria,Bacillota,Bacilli,Bacillales,Bacillaceae,Bacillus,p,soil,107.8682,26.06,3,0.16,30,11,23.00188061,0.0,0.0,1.78376517,0.5124493618978017,Klebsiella pneumoniae,0.2297020221613566,0.28274733973644506,3.2542383734178144,1.6970788543068838
30,Cu,Bacillus subtilis,non-pathogenic,green_synthesis,MBC,quasi-spherical,Bacteria,Bacillota,Bacilli,Bacillales,Bacillaceae,Bacillus,p,soil,63.55,18.0,1,0.16,30,11,17.96409803,0.0,0.0,1.243163121,1.5383160362065225,Klebsiella pneumoniae,1.260833329918887,0.2774827062876355,34.53949919312146,18.231958764329114
31,ZnO,Bacillus subtilis,non-pathogenic,green_synthesis,MBEC,hexagonal,Bacteria,Bacillota,Bacilli,Bacillales,Bacillaceae,Bacillus,p,soil,81.3794,18.0,0,0.16,30,8,22.60496136,17.07,0.6865,4.082482905,2.431602967303969,Klebsiella pneumoniae,2.1647453379436845,0.2668576293602847,270.1487530726391,146.13200327934905
32,Ag,Bacillus subtilis,non-pathogenic,green_synthesis,MIC,quasi-hexagonal,Bacteria,Bacillota,Bacilli,Bacillales,Bacillaceae,Bacillus,p,soil,107.87,11.3,3,0.16,30,11,23.00188061,0.0,0.0,1.78376517,1.1940384842372243,Klebsiella pneumoniae,0.9329981505242292,0.26104033371299507,15.63286164341354,8.57034195477908
33,ZnO,Bacillus subtilis,non-pathogenic,green_synthesis,MBC,nanoplates,Bacteria,Bacillota,Bacilli,Bacillales,Bacillaceae,Bacillus,p,soil,81.3794,30.0,0,0.16,30,8,22.60496136,17.07,0.6865,4.082482905,1.898105401437881,Klebsiella pneumoniae,1.6438299617553382,0.25427543968254285,79.08705456537565,44.0382407912921
34,Cu,Bacillus subtilis,non-pathogenic,green_synthesis,MBEC,rod-shaped,Bacteria,Bacillota,Bacilli,Bacillales,Bacillaceae,Bacillus,p,soil,63.55,8.7,1,0.16,30,11,17.96409803,0.0,0.0,1.243163121,1.9637727416314916,Klebsiella pneumoniae,1.710517310175943,0.25325543145554863,91.99680433059348,51.347264316631765
35,ZnO,Bacillus subtilis,non-pathogenic,chemical_synthesis,MBC,quasi-hexagonal,Bacteria,Bacillota,Bacilli,Bacillales,Bacillaceae,Bacillus,p,soil,81.3794,79.0,3,0.16,30,8,22.60496136,17.07,0.6865,4.082482905,0.7711979111875147,Klebsiella pneumoniae,0.5216939429845104,0.24950396820300424,5.904701004347203,3.3242520326689355
36,Ag,Bacillus subtilis,non-pathogenic,green_synthesis,MIC,spheroidal,Bacteria,Bacillota,Bacilli,Bacillales,Bacillaceae,Bacillus,p,soil,107.8682,5.1,4,0.16,30,11,23.00188061,0.0,0.0,1.78376517,1.4216632306506136,Klebsiella pneumoniae,1.1754799715055788,0.2461832591450348,26.403605218986257,14.978901727825189
37,Au,Bacillus subtilis,non-pathogenic,chemical_synthesis,MBC,nanoplates,Bacteria,Bacillota,Bacilli,Bacillales,Bacillaceae,Bacillus,p,soil,196.966569,44.45,0,0.16,30,11,23.00188061,0.0,0.0,2.46797672,1.8121291868628655,Klebsiella pneumoniae,1.5712307723501622,0.24089841451270333,64.88274074756978,37.2589637725835
38,ZnO,Bacillus subtilis,non-pathogenic,chemical_synthesis,MIC,tetragonal,Bacteria,Bacillota,Bacilli,Bacillales,Bacillaceae,Bacillus,p,soil,81.3794,5.1,2,0.16,30,8,22.60496136,17.07,0.6865,4.082482905,0.39335088468342594,Klebsiella pneumoniae,0.15346203099865385,0.23988885368477209,2.4737219613243453,1.4238427591079725
39,Ag,Bacillus subtilis,non-pathogenic,chemical_synthesis,MBEC,quasi-hexagonal,Bacteria,Bacillota,Bacilli,Bacillales,Bacillaceae,Bacillus,p,soil,107.87,25.0,1,0.16,30,11,23.00188061,0.0,0.0,1.78376517,0.7132622770855275,Klebsiella pneumoniae,0.49516038354659875,0.21810189353892873,5.167283352134727,3.1272340313106155
40,ZnO,Bacillus subtilis,non-pathogenic,green_synthesis,MBC,spheroidal,Bacteria,Bacillota,Bacilli,Bacillales,Bacillaceae,Bacillus,p,soil,81.3794,38.0,24,0.16,30,8,22.60496136,17.07,0.6865,4.082482905,1.8654294686068338,Klebsiella pneumoniae,1.6601342849940786,0.20529518361275523,73.35495729671403,45.72295443357239
41,Ag,Bacillus subtilis,non-pathogenic,green_synthesis,MBC,quasi-spherical,Bacteria,Bacillota,Bacilli,Bacillales,Bacillaceae,Bacillus,p,soil,107.8682,12.0,1,0.16,30,11,23.00188061,0.0,0.0,1.78376517,1.5413412894367204,Klebsiella pneumoniae,1.3607750093408462,0.18056628009587428,34.78093793697809,22.949594131014663
42,Au,Bacillus subtilis,non-pathogenic,chemical_synthesis,MBC,cubic,Bacteria,Bacillota,Bacilli,Bacillales,Bacillaceae,Bacillus,p,soil,196.966569,40.0,1,0.16,30,11,23.00188061,0.0,0.0,2.46797672,1.714557488333915,Klebsiella pneumoniae,1.537929132167216,0.17662835616669903,51.827169201352945,34.508742364619145
43,ZnO,Bacillus subtilis,non-pathogenic,chemical_synthesis,MBEC,quasi-spherical,Bacteria,Bacillota,Bacilli,Bacillales,Bacillaceae,Bacillus,p,soil,81.3794,79.0,4,0.16,30,8,22.60496136,17.07,0.6865,4.082482905,1.4602786135360204,Klebsiella pneumoniae,1.3039819095172644,0.15629670401875595,28.858822934281672,20.13640370175731
44,Ag,Bacillus subtilis,non-pathogenic,chemical_synthesis,MIC,nanoplates,Bacteria,Bacillota,Bacilli,Bacillales,Bacillaceae,Bacillus,p,soil,107.87,37.86,2,0.16,30,11,23.00188061,0.0,0.0,1.78376517,1.4119989502416876,Klebsiella pneumoniae,1.263595365429159,0.1484035848125287,25.822539489116718,18.34828027295273
45,ZnO,Bacillus subtilis,non-pathogenic,chemical_synthesis,MIC,quasi-hexagonal,Bacteria,Bacillota,Bacilli,Bacillales,Bacillaceae,Bacillus,p,soil,81.3794,13.0,1,0.16,30,8,22.60496136,17.07,0.6865,4.082482905,0.8184378063486567,Klebsiella pneumoniae,0.6809739060258195,0.13746390032283717,6.583211475395256,4.797046253919011
46,ZnO,Bacillus subtilis,non-pathogenic,chemical_synthesis,MIC,triangular,Bacteria,Bacillota,Bacilli,Bacillales,Bacillaceae,Bacillus,p,soil,81.3794,60.0,18,0.16,30,8,22.60496136,17.07,0.6865,4.082482905,-0.7967085730582779,Klebsiella pneumoniae,-0.8659650609169529,0.069256487858675,0.15969503979129904,0.1361554215384905
47,CuO,Bacillus subtilis,non-pathogenic,chemical_synthesis,MBC,cubic,Bacteria,Bacillota,Bacilli,Bacillales,Bacillaceae,Bacillus,p,soil,79.5454,8.7,0,0.16,30,17,20.67942236,17.07,0.6865,1.651411411,2.892705739975997,Klebsiella pneumoniae,2.8647705002293087,0.0279352397466881,781.0983852108221,732.4373796299717
48,Ag,Bacillus subtilis,non-pathogenic,green_synthesis,MBC,tetragonal,Bacteria,Bacillota,Bacilli,Bacillales,Bacillaceae,Bacillus,p,soil,107.87,60.0,2,0.16,30,11,23.00188061,0.0,0.0,1.78376517,0.6457335412850165,Klebsiella pneumoniae,0.6403818927465164,0.00535164853850012,4.423169082681151,4.368998471252834
49,ZnO,Bacillus subtilis,non-pathogenic,green_synthesis,MBC,tetragonal,Bacteria,Bacillota,Bacilli,Bacillales,Bacillaceae,Bacillus,p,soil,81.3794,35.0,3,0.16,30,8,22.60496136,17.07,0.6865,4.082482905,1.078163846870948,Klebsiella pneumoniae,1.0943769255790323,-0.016213078708084305,11.971921124170969,12.427304094039481
50,Ag,Bacillus subtilis,non-pathogenic,green_synthesis,MBC,spherical,Bacteria,Bacillota,Bacilli,Bacillales,Bacillaceae,Bacillus,p,soil,107.87,17.5,4,0.16,30,11,23.00188061,0.0,0.0,1.78376517,1.3009407289422428,Klebsiella pneumoniae,1.3180345147446506,-0.017093785802407835,19.995889537999822,20.79861973690267
51,Ag,Bacillus subtilis,non-pathogenic,chemical_synthesis,MBEC,quasi-spherical,Bacteria,Bacillota,Bacilli,Bacillales,Bacillaceae,Bacillus,p,soil,107.87,18.0,18,0.16,30,11,23.00188061,0.0,0.0,1.78376517,1.2227123350139426,Klebsiella pneumoniae,1.2653400260246186,-0.04262769101067598,16.69984095330298,18.422137777307316
52,CuO,Bacillus subtilis,non-pathogenic,chemical_synthesis,MBC,nanoplates,Bacteria,Bacillota,Bacilli,Bacillales,Bacillaceae,Bacillus,p,soil,79.5454,10.4,0,0.16,30,17,20.67942236,17.07,0.6865,1.651411411,2.896409270308081,Klebsiella pneumoniae,2.9445549774263715,-0.04814570711829047,787.7878352678869,880.1465225618567
53,Au,Bacillus subtilis,non-pathogenic,green_synthesis,MBEC,nanoplates,Bacteria,Bacillota,Bacilli,Bacillales,Bacillaceae,Bacillus,p,soil,196.966569,17.5,2,0.16,30,11,23.00188061,0.0,0.0,2.46797672,2.04539836908444,Klebsiella pneumoniae,2.098600640098789,-0.053202271014348934,111.01927044847217,125.48754994674404
54,Ag,Bacillus subtilis,non-pathogenic,chemical_synthesis,MBEC,triangular,Bacteria,Bacillota,Bacilli,Bacillales,Bacillaceae,Bacillus,p,soil,107.8682,10.4,2,0.16,30,11,23.00188061,0.0,0.0,1.78376517,0.463924435779836,Klebsiella pneumoniae,0.5270730386090132,-0.06314860282917723,2.9102107175828893,3.3656816784691315
55,ZnO,Bacillus subtilis,non-pathogenic,chemical_synthesis,MIC,rod-shaped,Bacteria,Bacillota,Bacilli,Bacillales,Bacillaceae,Bacillus,p,soil,81.3794,26.38,2,0.16,30,8,22.60496136,17.07,0.6865,4.082482905,1.1180800167484297,Klebsiella pneumoniae,1.1814122060009298,-0.06333218925250006,13.124416880514703,15.184909432697106
56,Pd,Bacillus subtilis,non-pathogenic,green_synthesis,MBEC,triangular,Bacteria,Bacillota,Bacilli,Bacillales,Bacillaceae,Bacillus,p,soil,195.084,10.4,4,0.16,30,10,21.14774404,0.0,0.0,1.870828693,0.44962140583620736,Klebsiella pneumoniae,0.5677019855695271,-0.11808057973331976,2.815927089842575,3.6957448940900437
57,ZnO,Bacillus subtilis,non-pathogenic,chemical_synthesis,MIC,triangular,Bacteria,Bacillota,Bacilli,Bacillales,Bacillaceae,Bacillus,p,soil,81.3794,28.0,4,0.16,30,8,22.60496136,17.07,0.6865,4.082482905,-0.643346473766385,Klebsiella pneumoniae,-0.49664403341129004,-0.14670244035509494,0.22732831152317984,0.3186808497972678
58,Ag,Bacillus subtilis,non-pathogenic,green_synthesis,MBC,hexagonal,Bacteria,Bacillota,Bacilli,Bacillales,Bacillaceae,Bacillus,p,soil,107.87,26.38,18,0.16,30,11,23.00188061,0.0,0.0,1.78376517,1.5099554212447757,Klebsiella pneumoniae,1.6632936209941875,-0.15333819974941187,32.356044291772356,46.056785243062215
59,Cu,Bacillus subtilis,non-pathogenic,green_synthesis,MBC,nanoplates,Bacteria,Bacillota,Bacilli,Bacillales,Bacillaceae,Bacillus,p,soil,63.55,26.06,24,0.16,30,11,17.96409803,0.0,0.0,1.243163121,2.184597032572837,Klebsiella pneumoniae,2.4375426649080487,-0.2529456323352117,152.96674753535603,273.86886686772624
60,Au,Bacillus subtilis,non-pathogenic,chemical_synthesis,MBC,spherical,Bacteria,Bacillota,Bacilli,Bacillales,Bacillaceae,Bacillus,p,soil,196.966569,17.5,18,0.16,30,11,23.00188061,0.0,0.0,2.46797672,1.219296480450188,Klebsiella pneumoniae,1.5155084676328248,-0.29621198718263675,16.569006962917406,32.77241665268299
61,Ag,Bacillus subtilis,non-pathogenic,green_synthesis,MBC,nanoplates,Bacteria,Bacillota,Bacilli,Bacillales,Bacillaceae,Bacillus,p,soil,107.87,12.0,24,0.16,30,11,23.00188061,0.0,0.0,1.78376517,2.1312743667840195,Klebsiella pneumoniae,2.4333180789724667,-0.30204371218844717,135.29270087831335,271.2177313884718
