,np,bacteria,bac_type,np_synthesis,method,shape,kingdom,phylum,class,order,family,genus,gram,isolated_from,mol_weight (g/mol),np_size_avg (nm),time_set,"min_Incub_period, h","growth_temp, C",Valance_electron,labuteASA,tpsa,CrippenMR,chi0v,pred_MIC_norm,pathogenic_bacteria,pred_MIC_pathogen,Fitness,pred_norm_MIC_original,pred_path_MIC_original
0,ZnO,Bacillus subtilis,non-pathogenic,green_synthesis,MBC,nanoplates,Bacteria,Bacillota,Bacilli,Bacillales,Bacillaceae,Bacillus,p,soil,81.3794,5.1,2,0.16,30,8,22.60496136,17.07,0.6865,4.082482905,2.468490557118032,Klebsiella pneumoniae,1.7547126389717171,0.7137779181463146,294.0969747431451,56.84766605910684
1,TiO2,Bacillus subtilis,non-pathogenic,green_synthesis,MBC,cubic,Bacteria,Bacillota,Bacilli,Bacillales,Bacillaceae,Bacillus,p,soil,79.866,9.0,1,0.16,30,16,26.40611331,34.14,1.373,2.878049394,3.3478413082920393,Klebsiella pneumoniae,2.7406702709938715,0.6071710372981678,2227.6210252292462,550.3896658875077
2,CeO2,Bacillus subtilis,non-pathogenic,chemical_synthesis,MIC,quasi-hexagonal,Bacteria,Bacillota,Bacilli,Bacillales,Bacillaceae,Bacillus,p,soil,172.115,9.0,2,0.16,30,16,39.19032095,34.14,1.373,4.456551526,2.3194707661023237,Klebsiella pneumoniae,1.746632839830218,0.5728379262721057,208.67516525520034,55.79982537638578
3,ZnO,Bacillus subtilis,non-pathogenic,green_synthesis,MBC,tetragonal,Bacteria,Bacillota,Bacilli,Bacillales,Bacillaceae,Bacillus,p,soil,81.3794,10.4,18,0.16,30,8,22.60496136,17.07,0.6865,4.082482905,1.708617764143497,Klebsiella pneumoniae,1.13687189891276,0.571745865230737,51.123168683084344,13.704774655000067
4,Ag,Bacillus subtilis,non-pathogenic,chemical_synthesis,MIC,spheroidal,Bacteria,Bacillota,Bacilli,Bacillales,Bacillaceae,Bacillus,p,soil,107.87,5.1,1,0.16,30,11,23.00188061,0.0,0.0,1.78376517,1.292323241848859,Klebsiella pneumoniae,0.7368822888288311,0.5554409530200279,19.603031683622028,5.456099589317483
5,ZnO,Bacillus subtilis,non-pathogenic,green_synthesis,MBEC,nanoplates,Bacteria,Bacillota,Bacilli,Bacillales,Bacillaceae,Bacillus,p,soil,81.3794,8.7,2,0.16,30,8,22.60496136,17.07,0.6865,4.082482905,2.64342745164042,Klebsiella pneumoniae,2.110756516889612,0.5326709347508083,439.9744445064806,129.04955665793054
6,Ag,Bacillus subtilis,non-pathogenic,chemical_synthesis,MIC,quasi-hexagonal,Bacteria,Bacillota,Bacilli,Bacillales,Bacillaceae,Bacillus,p,soil,107.87,12.0,4,0.16,30,11,23.00188061,0.0,0.0,1.78376517,0.7916612515587828,Klebsiella pneumoniae,0.2603899935669445,0.5312712579918383,6.189581012113697,1.8213356718388325
7,Au,Bacillus subtilis,non-pathogenic,green_synthesis,MIC,spheroidal,Bacteria,Bacillota,Bacilli,Bacillales,Bacillaceae,Bacillus,p,soil,196.966569,40.0,18,0.16,30,11,23.00188061,0.0,0.0,2.46797672,1.1996571821036555,Klebsiella pneumoniae,0.6788305054132759,0.5208266766903795,15.83642623122047,4.773429419447086
8,ZnO,Bacillus subtilis,non-pathogenic,green_synthesis,MBC,quasi-spherical,Bacteria,Bacillota,Bacilli,Bacillales,Bacillaceae,Bacillus,p,soil,81.3794,27.43,4,0.16,30,8,22.60496136,17.07,0.6865,4.082482905,1.7759093301037332,Klebsiella pneumoniae,1.2576496029337227,0.5182597271700105,59.69106534620153,18.09879258299861
9,Pd,Bacillus subtilis,non-pathogenic,green_synthesis,MBC,quasi-spherical,Bacteria,Bacillota,Bacilli,Bacillales,Bacillaceae,Bacillus,p,soil,195.084,100.0,2,0.16,30,10,21.14774404,0.0,0.0,1.870828693,0.9223404137923559,Klebsiella pneumoniae,0.4143756230233311,0.5079647907690248,8.362582471464384,2.5964240487379175
10,ZnO,Bacillus subtilis,non-pathogenic,chemical_synthesis,MBEC,quasi-hexagonal,Bacteria,Bacillota,Bacilli,Bacillales,Bacillaceae,Bacillus,p,soil,81.3794,9.0,1,0.16,30,8,22.60496136,17.07,0.6865,4.082482905,1.2831706071572533,Klebsiella pneumoniae,0.7761123204584268,0.5070582866988265,19.194226137611558,5.971897162446133
11,Ag,Bacillus subtilis,non-pathogenic,chemical_synthesis,MBEC,spheroidal,Bacteria,Bacillota,Bacilli,Bacillales,Bacillaceae,Bacillus,p,soil,107.87,26.38,18,0.16,30,11,23.00188061,0.0,0.0,1.78376517,1.314819984967154,Klebsiella pneumoniae,0.8148364585474718,0.49998352641968224,20.645242332803253,6.528846508115365
12,ZnO,Bacillus subtilis,non-pathogenic,green_synthesis,MBEC,nanoplates,Bacteria,Bacillota,Bacilli,Bacillales,Bacillaceae,Bacillus,p,soil,81.3794,9.0,2,0.16,30,8,22.60496136,17.07,0.6865,4.082482905,2.635938973865989,Klebsiella pneumoniae,2.1391561370174728,0.4967828368485163,432.45305938411,137.7704690562125
13,Ni,Bacillus subtilis,non-pathogenic,green_synthesis,MBC,spheroidal,Bacteria,Bacillota,Bacilli,Bacillales,Bacillaceae,Bacillus,p,soil,58.6934,5.1,2,0.16,30,10,17.41523038,0.0,0.0,1.303840481,2.9933123432765565,Klebsiella pneumoniae,2.497161636749966,0.49615070652659066,984.7190581173797,314.16777533860727
14,Ag,Bacillus subtilis,non-pathogenic,green_synthesis,MIC,spheroidal,Bacteria,Bacillota,Bacilli,Bacillales,Bacillaceae,Bacillus,p,soil,107.87,44.45,3,0.16,30,11,23.00188061,0.0,0.0,1.78376517,0.6009709185594372,Klebsiella pneumoniae,0.12357176447299256,0.4773991540864446,3.9899818355508923,1.3291431716572162
15,ZnO,Bacillus subtilis,non-pathogenic,green_synthesis,MIC,cubic,Bacteria,Bacillota,Bacilli,Bacillales,Bacillaceae,Bacillus,p,soil,81.3794,10.4,4,0.16,30,8,22.60496136,17.07,0.6865,4.082482905,1.8846608347174019,Klebsiella pneumoniae,1.4277330171376814,0.45692781757972045,76.67624470372377,26.77521810208144
16,TiO2,Bacillus subtilis,non-pathogenic,green_synthesis,MBEC,quasi-hexagonal,Bacteria,Bacillota,Bacilli,Bacillales,Bacillaceae,Bacillus,p,soil,79.866,27.43,4,0.16,30,16,26.40611331,34.14,1.373,2.878049394,1.7690905377738135,Klebsiella pneumoniae,1.3125467392304129,0.45654379854340066,58.76118397475545,20.53746040880076
17,ZnO,Bacillus subtilis,non-pathogenic,green_synthesis,MBC,quasi-spherical,Bacteria,Bacillota,Bacilli,Bacillales,Bacillaceae,Bacillus,p,soil,81.3794,79.0,3,0.16,30,8,22.60496136,17.07,0.6865,4.082482905,0.9038815823565796,Klebsiella pneumoniae,0.4518486697566897,0.45203291259988987,8.014595022738051,2.8304055669708066
18,Au,Bacillus subtilis,non-pathogenic,green_synthesis,MIC,quasi-spherical,Bacteria,Bacillota,Bacilli,Bacillales,Bacillaceae,Bacillus,p,soil,196.966569,40.0,4,0.16,30,11,23.00188061,0.0,0.0,2.46797672,0.7907063556017938,Klebsiella pneumoniae,0.340237525802622,0.4504688297991718,6.175986750158847,2.188958489181703
19,CuO,Bacillus subtilis,non-pathogenic,green_synthesis,MBC,spheroidal,Bacteria,Bacillota,Bacilli,Bacillales,Bacillaceae,Bacillus,p,soil,79.5454,10.4,18,0.16,30,17,20.67942236,17.07,0.6865,1.651411411,3.690193488266554,Klebsiella pneumoniae,3.244940609641565,0.4452528786249892,4899.970758100237,1757.6832319609114
20,ZnO,Bacillus subtilis,non-pathogenic,green_synthesis,MIC,spherical,Bacteria,Bacillota,Bacilli,Bacillales,Bacillaceae,Bacillus,p,soil,81.3794,8.0,1,0.16,30,8,22.60496136,17.07,0.6865,4.082482905,1.360718452559246,Klebsiella pneumoniae,0.9253233214394178,0.4353951311198282,22.94660567335159,8.420217726264804
21,Ag,Bacillus subtilis,non-pathogenic,chemical_synthesis,MIC,quasi-hexagonal,Bacteria,Bacillota,Bacilli,Bacillales,Bacillaceae,Bacillus,p,soil,107.87,22.5,3,0.16,30,11,23.00188061,0.0,0.0,1.78376517,0.45287489455184526,Klebsiella pneumoniae,0.02173843159197042,0.43113646295987484,2.8371016383658323,1.051328485284858
22,ZnO,Bacillus subtilis,non-pathogenic,chemical_synthesis,MBC,spherical,Bacteria,Bacillota,Bacilli,Bacillales,Bacillaceae,Bacillus,p,soil,81.3794,9.0,3,0.16,30,8,22.60496136,17.07,0.6865,4.082482905,1.8016949010441776,Klebsiella pneumoniae,1.3821177494633503,0.4195771515808273,63.34245638278695,24.105589104935397
23,TiO2,Bacillus subtilis,non-pathogenic,chemical_synthesis,MBEC,hexagonal,Bacteria,Bacillota,Bacilli,Bacillales,Bacillaceae,Bacillus,p,soil,79.866,10.0,0,0.16,30,16,26.40611331,34.14,1.373,2.878049394,3.32905331154076,Klebsiella pneumoniae,2.916664050933935,0.4123892606068247,2133.306769779382,825.3992139171673
24,Ag,Bacillus subtilis,non-pathogenic,green_synthesis,MBEC,tetragonal,Bacteria,Bacillota,Bacilli,Bacillales,Bacillaceae,Bacillus,p,soil,107.87,60.0,18,0.16,30,11,23.00188061,0.0,0.0,1.78376517,0.44941286421045,Klebsiella pneumoniae,0.04557361707302676,0.40383924713742325,2.81457524893977,1.1106407836253902
25,ZnO,Bacillus subtilis,non-pathogenic,green_synthesis,MBC,quasi-spherical,Bacteria,Bacillota,Bacilli,Bacillales,Bacillaceae,Bacillus,p,soil,81.3794,35.0,2,0.16,30,8,22.60496136,17.07,0.6865,4.082482905,1.0987496511387596,Klebsiella pneumoniae,0.6969030595135561,0.4018465916252034,12.553061344256294,4.976259956319113
26,ZnO,Bacillus subtilis,non-pathogenic,green_synthesis,MBC,cubic,Bacteria,Bacillota,Bacilli,Bacillales,Bacillaceae,Bacillus,p,soil,81.3794,27.43,4,0.16,30,8,22.60496136,17.07,0.6865,4.082482905,2.111350191532371,Klebsiella pneumoniae,1.7125567955634118,0.39879339596895935,129.22608627385154,51.58896269614907
27,Au,Bacillus subtilis,non-pathogenic,chemical_synthesis,MBEC,quasi-hexagonal,Bacteria,Bacillota,Bacilli,Bacillales,Bacillaceae,Bacillus,p,soil,196.966569,6.0,2,0.16,30,11,23.00188061,0.0,0.0,2.46797672,1.4731252193475626,Klebsiella pneumoniae,1.0752242050052998,0.39790101434226277,29.725229703988834,11.891159514270374
28,Pt,Bacillus subtilis,non-pathogenic,green_synthesis,MBEC,quasi-hexagonal,Bacteria,Bacillota,Bacilli,Bacillales,Bacillaceae,Bacillus,p,soil,195.084,8.0,3,0.16,30,10,21.75656585,0.0,0.0,2.588435821,1.2449201378343964,Klebsiella pneumoniae,0.8479231139464191,0.3969970238879773,17.57600380104355,7.045683234877984
29,ZnO,Bacillus subtilis,non-pathogenic,chemical_synthesis,MBC,nanoplates,Bacteria,Bacillota,Bacilli,Bacillales,Bacillaceae,Bacillus,p,soil,81.3794,9.0,0,0.16,30,8,22.60496136,17.07,0.6865,4.082482905,2.054545345810789,Klebsiella pneumoniae,1.6582997624953193,0.39624558331546966,113.3823217341565,45.530221435265396
30,TiO2,Bacillus subtilis,non-pathogenic,green_synthesis,MBC,nanoplates,Bacteria,Bacillota,Bacilli,Bacillales,Bacillaceae,Bacillus,p,soil,79.866,27.43,1,0.16,30,16,26.40611331,34.14,1.373,2.878049394,2.9285532762476074,Klebsiella pneumoniae,2.5333923986816225,0.39516087756598495,848.3074405677254,341.5013294272162
31,Pd,Bacillus subtilis,non-pathogenic,chemical_synthesis,MBEC,quasi-hexagonal,Bacteria,Bacillota,Bacilli,Bacillales,Bacillaceae,Bacillus,p,soil,195.084,5.1,2,0.16,30,10,21.14774404,0.0,0.0,1.870828693,1.055864309131842,Klebsiella pneumoniae,0.6633583844735911,0.39250592465825096,11.372719013366032,4.60636539006214
32,TiO2,Bacillus subtilis,non-pathogenic,green_synthesis,MBC,hexagonal,Bacteria,Bacillota,Bacilli,Bacillales,Bacillaceae,Bacillus,p,soil,79.866,18.5,0,0.16,30,16,26.40611331,34.14,1.373,2.878049394,3.0655593338892633,Klebsiella pneumoniae,2.674266075524491,0.39129325836477236,1162.945423299636,472.3523447451916
33,ZnO,Bacillus subtilis,non-pathogenic,chemical_synthesis,MBC,rod-shaped,Bacteria,Bacillota,Bacilli,Bacillales,Bacillaceae,Bacillus,p,soil,81.3794,11.3,3,0.16,30,8,22.60496136,17.07,0.6865,4.082482905,1.5284044386847533,Klebsiella pneumoniae,1.1422540087558526,0.3861504299289007,33.76015552773877,13.875671473859477
34,CeO2,Bacillus subtilis,non-pathogenic,chemical_synthesis,MIC,spheroidal,Bacteria,Bacillota,Bacilli,Bacillales,Bacillaceae,Bacillus,p,soil,172.115,9.0,24,0.16,30,16,39.19032095,34.14,1.373,4.456551526,2.9941271620886356,Klebsiella pneumoniae,2.6135978665712405,0.3805292955173951,986.5683120556475,410.7691946853224
35,Ag,Bacillus subtilis,non-pathogenic,green_synthesis,MBC,quasi-hexagonal,Bacteria,Bacillota,Bacilli,Bacillales,Bacillaceae,Bacillus,p,soil,107.8682,60.0,4,0.16,30,11,23.00188061,0.0,0.0,1.78376517,0.19756671531280823,Klebsiella pneumoniae,-0.18064702593107063,0.37821374124387885,1.5760381114746502,0.6597098584660109
36,Ag,Bacillus subtilis,non-pathogenic,green_synthesis,MIC,tetragonal,Bacteria,Bacillota,Bacilli,Bacillales,Bacillaceae,Bacillus,p,soil,107.87,60.0,1,0.16,30,11,23.00188061,0.0,0.0,1.78376517,-0.10280063692418273,Klebsiella pneumoniae,-0.3471380950046017,0.24433745808041896,0.7892223273376558,0.44963685865533726
37,CuO,Bacillus subtilis,non-pathogenic,green_synthesis,MBC,spherical,Bacteria,Bacillota,Bacilli,Bacillales,Bacillaceae,Bacillus,p,soil,79.5454,18.0,18,0.16,30,17,20.67942236,17.07,0.6865,1.651411411,3.027470933522276,Klebsiella pneumoniae,2.8407955678484615,0.1866753656738145,1065.2975630054716,693.0994717522922
38,ZnO,Bacillus subtilis,non-pathogenic,chemical_synthesis,MBC,rod-shaped,Bacteria,Bacillota,Bacilli,Bacillales,Bacillaceae,Bacillus,p,soil,81.3794,9.0,18,0.16,30,8,22.60496136,17.07,0.6865,4.082482905,1.3891574063052583,Klebsiella pneumoniae,1.2115197354747687,0.17763767083048965,24.499510446628076,16.274952715947585
39,Ag,Bacillus subtilis,non-pathogenic,green_synthesis,MIC,rod-shaped,Bacteria,Bacillota,Bacilli,Bacillales,Bacillaceae,Bacillus,p,soil,107.87,79.0,4,0.16,30,11,23.00188061,0.0,0.0,1.78376517,0.9497620661809952,Klebsiella pneumoniae,0.7799582506825974,0.16980381549839785,8.907627885732783,6.025016639884504
40,Au,Bacillus subtilis,non-pathogenic,green_synthesis,MBEC,cubic,Bacteria,Bacillota,Bacilli,Bacillales,Bacillaceae,Bacillus,p,soil,196.966569,60.0,0,0.16,30,11,23.00188061,0.0,0.0,2.46797672,1.9356530994486811,Klebsiella pneumoniae,1.7677797307223202,0.16787336872636094,86.22895033153245,58.584095720444985
41,ZnO,Bacillus subtilis,non-pathogenic,chemical_synthesis,MBC,cubic,Bacteria,Bacillota,Bacilli,Bacillales,Bacillaceae,Bacillus,p,soil,81.3794,17.5,3,0.16,30,8,22.60496136,17.07,0.6865,4.082482905,1.7697510909561482,Klebsiella pneumoniae,1.607969913126671,0.16178117782947732,58.85062655805762,40.54804437690096
42,CuO,Bacillus subtilis,non-pathogenic,green_synthesis,MBC,nanoplates,Bacteria,Bacillota,Bacilli,Bacillales,Bacillaceae,Bacillus,p,soil,79.5454,35.0,2,0.16,30,17,20.67942236,17.07,0.6865,1.651411411,2.6286683148461605,Klebsiella pneumoniae,2.4908155410250483,0.13785277382111216,425.2734935488673,309.6104003961547
43,ZnO,Bacillus subtilis,non-pathogenic,green_synthesis,MBC,nanoplates,Bacteria,Bacillota,Bacilli,Bacillales,Bacillaceae,Bacillus,p,soil,81.3794,12.5,18,0.16,30,8,22.60496136,17.07,0.6865,4.082482905,2.3894291110257533,Klebsiella pneumoniae,2.2568841948271707,0.13254491619858255,245.14842705318833,180.66923049867341
44,Ag,Bacillus subtilis,non-pathogenic,green_synthesis,MBEC,spheroidal,Bacteria,Bacillota,Bacilli,Bacillales,Bacillaceae,Bacillus,p,soil,107.87,17.5,3,0.16,30,11,23.00188061,0.0,0.0,1.78376517,1.6997710584044738,Klebsiella pneumoniae,1.5719448174773802,0.1278262409270936,50.09230986421297,37.32027347276328
45,ZnO,Bacillus subtilis,non-pathogenic,chemical_synthesis,MBEC,quasi-spherical,Bacteria,Bacillota,Bacilli,Bacillales,Bacillaceae,Bacillus,p,soil,81.3794,35.0,4,0.16,30,8,22.60496136,17.07,0.6865,4.082482905,1.4423076410706461,Klebsiella pneumoniae,1.329581157023512,0.11272648404713403,27.689023575270745,21.359011866453827
46,Cu,Bacillus subtilis,non-pathogenic,green_synthesis,MBEC,nanoplates,Bacteria,Bacillota,Bacilli,Bacillales,Bacillaceae,Bacillus,p,soil,63.55,13.0,2,0.16,30,11,17.96409803,0.0,0.0,1.243163121,2.3021513627369403,Klebsiella pneumoniae,2.2175337547846663,0.08461760795227402,200.51707589003615,165.01892544310934
47,ZnO,Bacillus subtilis,non-pathogenic,green_synthesis,MBC,tetragonal,Bacteria,Bacillota,Bacilli,Bacillales,Bacillaceae,Bacillus,p,soil,81.3794,44.45,4,0.16,30,8,22.60496136,17.07,0.6865,4.082482905,0.8096528129166828,Klebsiella pneumoniae,0.7350772695214227,0.07457554339526007,6.451382813520854,5.433469949991945
48,Ag,Bacillus subtilis,non-pathogenic,green_synthesis,MBC,hexagonal,Bacteria,Bacillota,Bacilli,Bacillales,Bacillaceae,Bacillus,p,soil,107.87,26.38,1,0.16,30,11,23.00188061,0.0,0.0,1.78376517,1.5551001870482832,Klebsiella pneumoniae,1.4843020049332956,0.07079818211498767,35.90047436115665,30.50015208701924
49,Au,Bacillus subtilis,non-pathogenic,chemical_synthesis,MBEC,spherical,Bacteria,Bacillota,Bacilli,Bacillales,Bacillaceae,Bacillus,p,soil,196.966569,20.0,3,0.16,30,11,23.00188061,0.0,0.0,2.46797672,1.7526161954207997,Klebsiella pneumoniae,1.6921304829128079,0.06048571250799184,56.57391002502394,49.21873901909336
50,Ag,Bacillus subtilis,non-pathogenic,chemical_synthesis,MIC,nanoplates,Bacteria,Bacillota,Bacilli,Bacillales,Bacillaceae,Bacillus,p,soil,107.87,26.38,24,0.16,30,11,23.00188061,0.0,0.0,1.78376517,1.6764942542405505,Klebsiella pneumoniae,1.617894538358606,0.05859971588194446,47.47820094865549,41.485328975062785
51,CuO,Bacillus subtilis,non-pathogenic,chemical_synthesis,MBEC,quasi-spherical,Bacteria,Bacillota,Bacilli,Bacillales,Bacillaceae,Bacillus,p,soil,79.5454,12.0,2,0.16,30,17,20.67942236,17.07,0.6865,1.651411411,3.044222603965946,Klebsiella pneumoniae,3.0069760688870293,0.03724653507891684,1107.19114551796,1016.192695630932
52,Ag,Bacillus subtilis,non-pathogenic,green_synthesis,MBC,spherical,Bacteria,Bacillota,Bacilli,Bacillales,Bacillaceae,Bacillus,p,soil,107.87,9.0,1,0.16,30,11,23.00188061,0.0,0.0,1.78376517,1.795847597428646,Klebsiella pneumoniae,1.764749898058185,0.03109769937046103,62.495334573264365,58.176809209151784
53,ZnO,Bacillus subtilis,non-pathogenic,chemical_synthesis,MIC,nanoplates,Bacteria,Bacillota,Bacilli,Bacillales,Bacillaceae,Bacillus,p,soil,81.3794,13.0,3,0.16,30,8,22.60496136,17.07,0.6865,4.082482905,2.0699577805072953,Klebsiella pneumoniae,2.065183638100685,0.004774142406610338,117.47833440300798,116.1939827350893
54,Ag,Bacillus subtilis,non-pathogenic,green_synthesis,MIC,cubic,Bacteria,Bacillota,Bacilli,Bacillales,Bacillaceae,Bacillus,p,soil,107.87,11.3,18,0.16,30,11,23.00188061,0.0,0.0,1.78376517,2.1795442098968363,Klebsiella pneumoniae,2.1908460089491864,-0.01130179905235007,151.19736059789506,155.18366660316258
55,ZnO,Bacillus subtilis,non-pathogenic,chemical_synthesis,MBC,nanoplates,Bacteria,Bacillota,Bacilli,Bacillales,Bacillaceae,Bacillus,p,soil,81.3794,27.43,18,0.16,30,8,22.60496136,17.07,0.6865,4.082482905,1.5981765245813226,Klebsiella pneumoniae,1.6362033304658965,-0.038026805884573855,39.643913930175465,43.2716375236082
56,Ag,Bacillus subtilis,non-pathogenic,chemical_synthesis,MIC,hexagonal,Bacteria,Bacillota,Bacilli,Bacillales,Bacillaceae,Bacillus,p,soil,107.87,45.26,24,0.16,30,11,23.00188061,0.0,0.0,1.78376517,1.4823803782653275,Klebsiella pneumoniae,1.5392139483831235,-0.056833570117795995,30.365495918885728,34.61098414339708
57,Au,Bacillus subtilis,non-pathogenic,green_synthesis,MBC,spherical,Bacteria,Bacillota,Bacilli,Bacillales,Bacillaceae,Bacillus,p,soil,196.966569,8.7,18,0.16,30,11,23.00188061,0.0,0.0,2.46797672,1.7321926490328268,Klebsiella pneumoniae,1.8420978595707567,-0.1099052105379299,53.974999754736665,69.51809450562864
58,TiO2,Bacillus subtilis,non-pathogenic,green_synthesis,MIC,rod-shaped,Bacteria,Bacillota,Bacilli,Bacillales,Bacillaceae,Bacillus,p,soil,79.866,37.86,18,0.16,30,16,26.40611331,34.14,1.373,2.878049394,1.504487791273909,Klebsiella pneumoniae,1.6851418043118624,-0.18065401303795348,31.951245433845035,48.433048366070196
59,Ag,Bacillus subtilis,non-pathogenic,chemical_synthesis,MBEC,tetragonal,Bacteria,Bacillota,Bacilli,Bacillales,Bacillaceae,Bacillus,p,soil,107.8682,40.0,3,0.16,30,11,23.00188061,0.0,0.0,1.78376517,0.8666738154461744,Klebsiella pneumoniae,1.0486837153131665,-0.18200989986699212,7.356543637259938,11.186229245395293
60,ZnO,Bacillus subtilis,non-pathogenic,chemical_synthesis,MBC,quasi-spherical,Bacteria,Bacillota,Bacilli,Bacillales,Bacillaceae,Bacillus,p,soil,81.3794,20.0,24,0.16,30,8,22.60496136,17.07,0.6865,4.082482905,1.3807198152165432,Klebsiella pneumoniae,1.5948342106138158,-0.21411439539727262,24.02812127277429,39.339986868128655
61,Au,Bacillus subtilis,non-pathogenic,chemical_synthesis,MBC,triangular,Bacteria,Bacillota,Bacilli,Bacillales,Bacillaceae,Bacillus,p,soil,196.966569,11.3,4,0.16,30,11,23.00188061,0.0,0.0,2.46797672,0.749416322025315,Klebsiella pneumoniae,0.9888485412536536,-0.23943221922833857,5.615860639669299,9.746496726302347
62,ZnO,Bacillus subtilis,non-pathogenic,chemical_synthesis,MBEC,quasi-spherical,Bacteria,Bacillota,Bacilli,Bacillales,Bacillaceae,Bacillus,p,soil,81.3794,18.5,24,0.16,30,8,22.60496136,17.07,0.6865,4.082482905,1.9957048583007122,Klebsiella pneumoniae,2.2498355246526,-0.25413066635188786,99.0158815275549,177.7606070269402
63,Ag,Bacillus subtilis,non-pathogenic,chemical_synthesis,MBC,quasi-spherical,Bacteria,Bacillota,Bacilli,Bacillales,Bacillaceae,Bacillus,p,soil,107.87,20.0,24,0.16,30,11,23.00188061,0.0,0.0,1.78376517,0.6898829509775257,Klebsiella pneumoniae,0.9560016730495623,-0.2661187220720366,4.896468342530168,9.036529548931005
64,TiO2,Bacillus subtilis,non-pathogenic,green_synthesis,MIC,spherical,Bacteria,Bacillota,Bacilli,Bacillales,Bacillaceae,Bacillus,p,soil,79.866,28.0,24,0.16,30,16,26.40611331,34.14,1.373,2.878049394,2.8267826729052423,Klebsiella pneumoniae,3.128556763299754,-0.30177409039451186,671.0929444952083,1344.487482831562
