,np,bacteria,bac_type,np_synthesis,method,shape,kingdom,phylum,class,order,family,genus,gram,isolated_from,mol_weight (g/mol),np_size_avg (nm),time_set,"min_Incub_period, h","growth_temp, C",Valance_electron,labuteASA,tpsa,CrippenMR,chi0v,pred_MIC_norm,pathogenic_bacteria,pred_MIC_pathogen,Fitness,pred_norm_MIC_original,pred_path_MIC_original
0,ZnO,Bacillus subtilis,non-pathogenic,green_synthesis,MBC,nanoplates,Bacteria,Bacillota,Bacilli,Bacillales,Bacillaceae,Bacillus,p,soil,81.3794,5.1,2,0.16,30,8,22.60496136,17.07,0.6865,4.082482905,2.468490557118032,Klebsiella pneumoniae,1.7547126389717171,0.7137779181463146,294.0969747431451,56.84766605910684
1,ZnO,Bacillus subtilis,non-pathogenic,chemical_synthesis,MBEC,quasi-hexagonal,Bacteria,Bacillota,Bacilli,Bacillales,Bacillaceae,Bacillus,p,soil,81.3794,6.0,3,0.16,30,8,22.60496136,17.07,0.6865,4.082482905,1.420812533418971,Klebsiella pneumoniae,0.7588211272004737,0.6619914062184973,26.351936385145613,5.738800496398482
2,TiO2,Bacillus subtilis,non-pathogenic,green_synthesis,MBC,cubic,Bacteria,Bacillota,Bacilli,Bacillales,Bacillaceae,Bacillus,p,soil,79.866,9.0,1,0.16,30,16,26.40611331,34.14,1.373,2.878049394,3.3478413082920393,Klebsiella pneumoniae,2.7406702709938715,0.6071710372981678,2227.6210252292462,550.3896658875077
3,CeO2,Bacillus subtilis,non-pathogenic,chemical_synthesis,MIC,quasi-hexagonal,Bacteria,Bacillota,Bacilli,Bacillales,Bacillaceae,Bacillus,p,soil,172.115,9.0,2,0.16,30,16,39.19032095,34.14,1.373,4.456551526,2.3194707661023237,Klebsiella pneumoniae,1.746632839830218,0.5728379262721057,208.67516525520034,55.79982537638578
4,ZnO,Bacillus subtilis,non-pathogenic,green_synthesis,MBC,tetragonal,Bacteria,Bacillota,Bacilli,Bacillales,Bacillaceae,Bacillus,p,soil,81.3794,10.4,18,0.16,30,8,22.60496136,17.07,0.6865,4.082482905,1.708617764143497,Klebsiella pneumoniae,1.13687189891276,0.571745865230737,51.123168683084344,13.704774655000067
5,Ag,Bacillus subtilis,non-pathogenic,chemical_synthesis,MIC,spheroidal,Bacteria,Bacillota,Bacilli,Bacillales,Bacillaceae,Bacillus,p,soil,107.87,5.1,1,0.16,30,11,23.00188061,0.0,0.0,1.78376517,1.292323241848859,Klebsiella pneumoniae,0.7368822888288311,0.5554409530200279,19.603031683622028,5.456099589317483
6,ZnO,Bacillus subtilis,non-pathogenic,green_synthesis,MBEC,nanoplates,Bacteria,Bacillota,Bacilli,Bacillales,Bacillaceae,Bacillus,p,soil,81.3794,8.7,2,0.16,30,8,22.60496136,17.07,0.6865,4.082482905,2.64342745164042,Klebsiella pneumoniae,2.110756516889612,0.5326709347508083,439.9744445064806,129.04955665793054
7,Ag,Bacillus subtilis,non-pathogenic,chemical_synthesis,MIC,quasi-hexagonal,Bacteria,Bacillota,Bacilli,Bacillales,Bacillaceae,Bacillus,p,soil,107.87,12.0,4,0.16,30,11,23.00188061,0.0,0.0,1.78376517,0.7916612515587828,Klebsiella pneumoniae,0.2603899935669445,0.5312712579918383,6.189581012113697,1.8213356718388325
8,Au,Bacillus subtilis,non-pathogenic,green_synthesis,MIC,spheroidal,Bacteria,Bacillota,Bacilli,Bacillales,Bacillaceae,Bacillus,p,soil,196.966569,40.0,18,0.16,30,11,23.00188061,0.0,0.0,2.46797672,1.1996571821036555,Klebsiella pneumoniae,0.6788305054132759,0.5208266766903795,15.83642623122047,4.773429419447086
9,ZnO,Bacillus subtilis,non-pathogenic,green_synthesis,MBC,quasi-spherical,Bacteria,Bacillota,Bacilli,Bacillales,Bacillaceae,Bacillus,p,soil,81.3794,27.43,4,0.16,30,8,22.60496136,17.07,0.6865,4.082482905,1.7759093301037332,Klebsiella pneumoniae,1.2576496029337227,0.5182597271700105,59.69106534620153,18.09879258299861
10,Pd,Bacillus subtilis,non-pathogenic,green_synthesis,MBC,quasi-spherical,Bacteria,Bacillota,Bacilli,Bacillales,Bacillaceae,Bacillus,p,soil,195.084,100.0,2,0.16,30,10,21.14774404,0.0,0.0,1.870828693,0.9223404137923559,Klebsiella pneumoniae,0.4143756230233311,0.5079647907690248,8.362582471464384,2.5964240487379175
11,ZnO,Bacillus subtilis,non-pathogenic,chemical_synthesis,MBEC,quasi-hexagonal,Bacteria,Bacillota,Bacilli,Bacillales,Bacillaceae,Bacillus,p,soil,81.3794,9.0,1,0.16,30,8,22.60496136,17.07,0.6865,4.082482905,1.2831706071572533,Klebsiella pneumoniae,0.7761123204584268,0.5070582866988265,19.194226137611558,5.971897162446133
12,Ag,Bacillus subtilis,non-pathogenic,chemical_synthesis,MBEC,spheroidal,Bacteria,Bacillota,Bacilli,Bacillales,Bacillaceae,Bacillus,p,soil,107.87,26.38,18,0.16,30,11,23.00188061,0.0,0.0,1.78376517,1.314819984967154,Klebsiella pneumoniae,0.8148364585474718,0.49998352641968224,20.645242332803253,6.528846508115365
13,ZnO,Bacillus subtilis,non-pathogenic,green_synthesis,MBEC,nanoplates,Bacteria,Bacillota,Bacilli,Bacillales,Bacillaceae,Bacillus,p,soil,81.3794,9.0,2,0.16,30,8,22.60496136,17.07,0.6865,4.082482905,2.635938973865989,Klebsiella pneumoniae,2.1391561370174728,0.4967828368485163,432.45305938411,137.7704690562125
14,Ni,Bacillus subtilis,non-pathogenic,green_synthesis,MBC,spheroidal,Bacteria,Bacillota,Bacilli,Bacillales,Bacillaceae,Bacillus,p,soil,58.6934,5.1,2,0.16,30,10,17.41523038,0.0,0.0,1.303840481,2.9933123432765565,Klebsiella pneumoniae,2.497161636749966,0.49615070652659066,984.7190581173797,314.16777533860727
15,Ag,Bacillus subtilis,non-pathogenic,green_synthesis,MIC,spheroidal,Bacteria,Bacillota,Bacilli,Bacillales,Bacillaceae,Bacillus,p,soil,107.87,44.45,3,0.16,30,11,23.00188061,0.0,0.0,1.78376517,0.6009709185594372,Klebsiella pneumoniae,0.12357176447299256,0.4773991540864446,3.9899818355508923,1.3291431716572162
16,ZnO,Bacillus subtilis,non-pathogenic,green_synthesis,MIC,cubic,Bacteria,Bacillota,Bacilli,Bacillales,Bacillaceae,Bacillus,p,soil,81.3794,10.4,4,0.16,30,8,22.60496136,17.07,0.6865,4.082482905,1.8846608347174019,Klebsiella pneumoniae,1.4277330171376814,0.45692781757972045,76.67624470372377,26.77521810208144
17,TiO2,Bacillus subtilis,non-pathogenic,green_synthesis,MBEC,quasi-hexagonal,Bacteria,Bacillota,Bacilli,Bacillales,Bacillaceae,Bacillus,p,soil,79.866,27.43,4,0.16,30,16,26.40611331,34.14,1.373,2.878049394,1.7690905377738135,Klebsiella pneumoniae,1.3125467392304129,0.45654379854340066,58.76118397475545,20.53746040880076
18,ZnO,Bacillus subtilis,non-pathogenic,green_synthesis,MBC,quasi-spherical,Bacteria,Bacillota,Bacilli,Bacillales,Bacillaceae,Bacillus,p,soil,81.3794,79.0,3,0.16,30,8,22.60496136,17.07,0.6865,4.082482905,0.9038815823565796,Klebsiella pneumoniae,0.4518486697566897,0.45203291259988987,8.014595022738051,2.8304055669708066
19,Au,Bacillus subtilis,non-pathogenic,green_synthesis,MIC,quasi-spherical,Bacteria,Bacillota,Bacilli,Bacillales,Bacillaceae,Bacillus,p,soil,196.966569,40.0,4,0.16,30,11,23.00188061,0.0,0.0,2.46797672,0.7907063556017938,Klebsiella pneumoniae,0.340237525802622,0.4504688297991718,6.175986750158847,2.188958489181703
20,CuO,Bacillus subtilis,non-pathogenic,green_synthesis,MBC,spheroidal,Bacteria,Bacillota,Bacilli,Bacillales,Bacillaceae,Bacillus,p,soil,79.5454,10.4,18,0.16,30,17,20.67942236,17.07,0.6865,1.651411411,3.690193488266554,Klebsiella pneumoniae,3.244940609641565,0.4452528786249892,4899.970758100237,1757.6832319609114
21,ZnO,Bacillus subtilis,non-pathogenic,green_synthesis,MIC,spherical,Bacteria,Bacillota,Bacilli,Bacillales,Bacillaceae,Bacillus,p,soil,81.3794,8.0,1,0.16,30,8,22.60496136,17.07,0.6865,4.082482905,1.360718452559246,Klebsiella pneumoniae,0.9253233214394178,0.4353951311198282,22.94660567335159,8.420217726264804
22,Ag,Bacillus subtilis,non-pathogenic,chemical_synthesis,MIC,quasi-hexagonal,Bacteria,Bacillota,Bacilli,Bacillales,Bacillaceae,Bacillus,p,soil,107.87,22.5,3,0.16,30,11,23.00188061,0.0,0.0,1.78376517,0.45287489455184526,Klebsiella pneumoniae,0.02173843159197042,0.43113646295987484,2.8371016383658323,1.051328485284858
23,ZnO,Bacillus subtilis,non-pathogenic,chemical_synthesis,MBC,spherical,Bacteria,Bacillota,Bacilli,Bacillales,Bacillaceae,Bacillus,p,soil,81.3794,9.0,3,0.16,30,8,22.60496136,17.07,0.6865,4.082482905,1.8016949010441776,Klebsiella pneumoniae,1.3821177494633503,0.4195771515808273,63.34245638278695,24.105589104935397
24,TiO2,Bacillus subtilis,non-pathogenic,chemical_synthesis,MBEC,hexagonal,Bacteria,Bacillota,Bacilli,Bacillales,Bacillaceae,Bacillus,p,soil,79.866,10.0,0,0.16,30,16,26.40611331,34.14,1.373,2.878049394,3.32905331154076,Klebsiella pneumoniae,2.916664050933935,0.4123892606068247,2133.306769779382,825.3992139171673
25,Ag,Bacillus subtilis,non-pathogenic,green_synthesis,MBEC,tetragonal,Bacteria,Bacillota,Bacilli,Bacillales,Bacillaceae,Bacillus,p,soil,107.87,60.0,18,0.16,30,11,23.00188061,0.0,0.0,1.78376517,0.44941286421045,Klebsiella pneumoniae,0.04557361707302676,0.40383924713742325,2.81457524893977,1.1106407836253902
26,ZnO,Bacillus subtilis,non-pathogenic,green_synthesis,MBC,quasi-spherical,Bacteria,Bacillota,Bacilli,Bacillales,Bacillaceae,Bacillus,p,soil,81.3794,35.0,2,0.16,30,8,22.60496136,17.07,0.6865,4.082482905,1.0987496511387596,Klebsiella pneumoniae,0.6969030595135561,0.4018465916252034,12.553061344256294,4.976259956319113
27,Au,Bacillus subtilis,non-pathogenic,chemical_synthesis,MBEC,quasi-hexagonal,Bacteria,Bacillota,Bacilli,Bacillales,Bacillaceae,Bacillus,p,soil,196.966569,6.0,2,0.16,30,11,23.00188061,0.0,0.0,2.46797672,1.4731252193475626,Klebsiella pneumoniae,1.0752242050052998,0.39790101434226277,29.725229703988834,11.891159514270374
28,Pt,Bacillus subtilis,non-pathogenic,green_synthesis,MBEC,quasi-hexagonal,Bacteria,Bacillota,Bacilli,Bacillales,Bacillaceae,Bacillus,p,soil,195.084,8.0,3,0.16,30,10,21.75656585,0.0,0.0,2.588435821,1.2449201378343964,Klebsiella pneumoniae,0.8479231139464191,0.3969970238879773,17.57600380104355,7.045683234877984
29,ZnO,Bacillus subtilis,non-pathogenic,chemical_synthesis,MBC,nanoplates,Bacteria,Bacillota,Bacilli,Bacillales,Bacillaceae,Bacillus,p,soil,81.3794,9.0,0,0.16,30,8,22.60496136,17.07,0.6865,4.082482905,2.054545345810789,Klebsiella pneumoniae,1.6582997624953193,0.39624558331546966,113.3823217341565,45.530221435265396
30,TiO2,Bacillus subtilis,non-pathogenic,green_synthesis,MBC,nanoplates,Bacteria,Bacillota,Bacilli,Bacillales,Bacillaceae,Bacillus,p,soil,79.866,27.43,1,0.16,30,16,26.40611331,34.14,1.373,2.878049394,2.9285532762476074,Klebsiella pneumoniae,2.5333923986816225,0.39516087756598495,848.3074405677254,341.5013294272162
31,Pd,Bacillus subtilis,non-pathogenic,chemical_synthesis,MBEC,quasi-hexagonal,Bacteria,Bacillota,Bacilli,Bacillales,Bacillaceae,Bacillus,p,soil,195.084,5.1,2,0.16,30,10,21.14774404,0.0,0.0,1.870828693,1.055864309131842,Klebsiella pneumoniae,0.6633583844735911,0.39250592465825096,11.372719013366032,4.60636539006214
32,TiO2,Bacillus subtilis,non-pathogenic,chemical_synthesis,MBEC,tetragonal,Bacteria,Bacillota,Bacilli,Bacillales,Bacillaceae,Bacillus,p,soil,79.866,8.0,3,0.16,30,16,26.40611331,34.14,1.373,2.878049394,1.6471919902918701,Klebsiella pneumoniae,1.2550677716198169,0.39212421867205327,44.38047951254941,17.991516506977273
33,ZnO,Bacillus subtilis,non-pathogenic,chemical_synthesis,MBC,rod-shaped,Bacteria,Bacillota,Bacilli,Bacillales,Bacillaceae,Bacillus,p,soil,81.3794,11.3,3,0.16,30,8,22.60496136,17.07,0.6865,4.082482905,1.5284044386847533,Klebsiella pneumoniae,1.1422540087558526,0.3861504299289007,33.76015552773877,13.875671473859477
34,Ag,Bacillus subtilis,non-pathogenic,green_synthesis,MBC,tetragonal,Bacteria,Bacillota,Bacilli,Bacillales,Bacillaceae,Bacillus,p,soil,107.87,8.0,18,0.16,30,11,23.00188061,0.0,0.0,1.78376517,1.0843746629017077,Klebsiella pneumoniae,0.7083740361754416,0.3760006267262661,12.144360844461131,5.109448618571815
35,ZnO,Bacillus subtilis,non-pathogenic,green_synthesis,MBEC,rod-shaped,Bacteria,Bacillota,Bacilli,Bacillales,Bacillaceae,Bacillus,p,soil,81.3794,8.7,18,0.16,30,8,22.60496136,17.07,0.6865,4.082482905,2.0570273853498335,Klebsiella pneumoniae,1.726550276163486,0.33047710918634743,114.03216906710786,53.27828984423023
36,Ag,Bacillus subtilis,non-pathogenic,green_synthesis,MBC,spheroidal,Bacteria,Bacillota,Bacilli,Bacillales,Bacillaceae,Bacillus,p,soil,107.87,5.1,1,0.16,30,11,23.00188061,0.0,0.0,1.78376517,1.9251571253594697,Klebsiella pneumoniae,1.617330159214982,0.3078269661444877,84.16996088625213,41.431452518538876
37,Al2O3,Bacillus subtilis,non-pathogenic,green_synthesis,MBEC,nanoplates,Bacteria,Bacillota,Bacilli,Bacillales,Bacillaceae,Bacillus,p,soil,101.961276,10.4,1,0.16,30,24,51.55776403,85.5,13.5675,4.688846487,3.062377170925086,Klebsiella pneumoniae,2.784805819527284,0.2775713513978024,1154.4554303520508,609.2644238118986
38,ZnO,Bacillus subtilis,non-pathogenic,green_synthesis,MBC,nanoplates,Bacteria,Bacillota,Bacilli,Bacillales,Bacillaceae,Bacillus,p,soil,81.3794,41.23,0,0.16,30,8,22.60496136,17.07,0.6865,4.082482905,1.3697811439840248,Klebsiella pneumoniae,1.0926521033579508,0.277129040626074,23.43047774918363,12.378046314891792
39,Au,Bacillus subtilis,non-pathogenic,green_synthesis,MIC,cubic,Bacteria,Bacillota,Bacilli,Bacillales,Bacillaceae,Bacillus,p,soil,196.966569,40.0,0,0.16,30,11,23.00188061,0.0,0.0,2.46797672,1.529712700412996,Klebsiella pneumoniae,1.2640175894902543,0.2656951109227417,33.86200740997456,18.36612727041484
40,Ag,Bacillus subtilis,non-pathogenic,chemical_synthesis,MBEC,spheroidal,Bacteria,Bacillota,Bacilli,Bacillales,Bacillaceae,Bacillus,p,soil,107.87,8.7,3,0.16,30,11,23.00188061,0.0,0.0,1.78376517,1.8808762760800886,Klebsiella pneumoniae,1.6163177943361384,0.26455848174395014,76.01097023509358,41.33498594919297
41,Ag,Bacillus subtilis,non-pathogenic,chemical_synthesis,MIC,quasi-hexagonal,Bacteria,Bacillota,Bacilli,Bacillales,Bacillaceae,Bacillus,p,soil,107.87,30.0,4,0.16,30,11,23.00188061,0.0,0.0,1.78376517,0.6495885572597988,Klebsiella pneumoniae,0.39861808995369197,0.25097046730610684,4.46260612584939,2.5039063984416403
42,CeO2,Bacillus subtilis,non-pathogenic,green_synthesis,MIC,tetragonal,Bacteria,Bacillota,Bacilli,Bacillales,Bacillaceae,Bacillus,p,soil,172.115,41.23,0,0.16,30,16,39.19032095,34.14,1.373,4.456551526,0.5902631256786841,Klebsiella pneumoniae,0.35235726470197903,0.23790586097670507,3.892809269097508,2.250905512175611
43,Au,Bacillus subtilis,non-pathogenic,green_synthesis,MBC,nanoplates,Bacteria,Bacillota,Bacilli,Bacillales,Bacillaceae,Bacillus,p,soil,196.966569,100.0,0,0.16,30,11,23.00188061,0.0,0.0,2.46797672,1.4374871931672022,Klebsiella pneumoniae,1.2165959860665905,0.22089120710061172,27.38338882685055,16.466298578002526
44,ZnO,Bacillus subtilis,non-pathogenic,green_synthesis,MBEC,triangular,Bacteria,Bacillota,Bacilli,Bacillales,Bacillaceae,Bacillus,p,soil,81.3794,9.0,0,0.16,30,8,22.60496136,17.07,0.6865,4.082482905,0.7809060488212428,Klebsiella pneumoniae,0.5658405822391519,0.21506546658209091,6.0381799094793,3.6799386824891522
45,Ag,Bacillus subtilis,non-pathogenic,green_synthesis,MBEC,cubic,Bacteria,Bacillota,Bacilli,Bacillales,Bacillaceae,Bacillus,p,soil,107.87,5.1,0,0.16,30,11,23.00188061,0.0,0.0,1.78376517,2.5307578360691503,Klebsiella pneumoniae,2.3233314045383575,0.20742643153079277,339.43594928862893,210.53844187328554
46,Ag,Bacillus subtilis,non-pathogenic,green_synthesis,MBEC,triangular,Bacteria,Bacillota,Bacilli,Bacillales,Bacillaceae,Bacillus,p,soil,107.8682,8.0,1,0.16,30,11,23.00188061,0.0,0.0,1.78376517,0.23073316435739222,Klebsiella pneumoniae,0.08014319489590216,0.15058996946149006,1.701113003386152,1.2026609087213007
47,ZnO,Bacillus subtilis,non-pathogenic,chemical_synthesis,MBEC,nanoplates,Bacteria,Bacillota,Bacilli,Bacillales,Bacillaceae,Bacillus,p,soil,81.3794,13.0,3,0.16,30,8,22.60496136,17.07,0.6865,4.082482905,2.4651113349353593,Klebsiella pneumoniae,2.3149848235011534,0.15012651143420586,291.8175016103794,206.53079819902706
48,Ag,Bacillus subtilis,non-pathogenic,chemical_synthesis,MIC,quasi-spherical,Bacteria,Bacillota,Bacilli,Bacillales,Bacillaceae,Bacillus,p,soil,107.87,40.0,24,0.16,30,11,23.00188061,0.0,0.0,1.78376517,0.5448335507112723,Klebsiella pneumoniae,0.43225501174449765,0.11257853896677461,3.5061746926663506,2.7055465574946376
49,ZrO2,Bacillus subtilis,non-pathogenic,green_synthesis,MIC,tetragonal,Bacteria,Bacillota,Bacilli,Bacillales,Bacillaceae,Bacillus,p,soil,123.2218,22.5,3,0.16,30,16,29.29254423,34.14,1.373,3.774536472,0.47779344034979054,Klebsiella pneumoniae,0.36787256960068127,0.10992087074910928,3.0046468890525238,2.3327734810010354
50,ZnO,Bacillus subtilis,non-pathogenic,green_synthesis,MIC,cubic,Bacteria,Bacillota,Bacilli,Bacillales,Bacillaceae,Bacillus,p,soil,81.3794,27.43,2,0.16,30,8,22.60496136,17.07,0.6865,4.082482905,1.6460852797440335,Klebsiella pneumoniae,1.570540747672774,0.07554453207125955,44.267528926045586,37.199812224246514
51,Ag,Bacillus subtilis,non-pathogenic,green_synthesis,MIC,triangular,Bacteria,Bacillota,Bacilli,Bacillales,Bacillaceae,Bacillus,p,soil,107.8682,26.06,24,0.16,30,11,23.00188061,0.0,0.0,1.78376517,-0.3339843050410871,Klebsiella pneumoniae,-0.36085912366524564,0.026874818624158525,0.4634636685371633,0.43565316783280394
52,CeO2,Bacillus subtilis,non-pathogenic,chemical_synthesis,MIC,spherical,Bacteria,Bacillota,Bacilli,Bacillales,Bacillaceae,Bacillus,p,soil,172.115,18.0,18,0.16,30,16,39.19032095,34.14,1.373,4.456551526,2.07323590844397,Klebsiella pneumoniae,2.0544525665516127,0.01878334189235753,118.36843575992997,113.35810221335237
53,ZnO,Bacillus subtilis,non-pathogenic,chemical_synthesis,MBEC,triangular,Bacteria,Bacillota,Bacilli,Bacillales,Bacillaceae,Bacillus,p,soil,81.3794,22.5,2,0.16,30,8,22.60496136,17.07,0.6865,4.082482905,0.24817539621042495,Klebsiella pneumoniae,0.24533505200802774,0.0028403442023972048,1.7708239872176874,1.7592803502764622
54,Ag,Bacillus subtilis,non-pathogenic,green_synthesis,MBC,tetragonal,Bacteria,Bacillota,Bacilli,Bacillales,Bacillaceae,Bacillus,p,soil,107.87,25.0,3,0.16,30,11,23.00188061,0.0,0.0,1.78376517,0.6890458348897794,Klebsiella pneumoniae,0.7004899305673746,-0.01144409567759519,4.887039338156823,5.017529453958024
55,Ag,Bacillus subtilis,non-pathogenic,chemical_synthesis,MIC,triangular,Bacteria,Bacillota,Bacilli,Bacillales,Bacillaceae,Bacillus,p,soil,107.8682,38.0,0,0.16,30,11,23.00188061,0.0,0.0,1.78376517,-0.5446011491862448,Klebsiella pneumoniae,-0.4994406099666526,-0.04516053921959218,0.28536378109864846,0.3166353434576303
56,ZnO,Bacillus subtilis,non-pathogenic,green_synthesis,MIC,tetragonal,Bacteria,Bacillota,Bacilli,Bacillales,Bacillaceae,Bacillus,p,soil,81.3794,41.23,3,0.16,30,8,22.60496136,17.07,0.6865,4.082482905,-0.2944447230017162,Klebsiella pneumoniae,-0.22897278395589726,-0.06547193904581894,0.5076393472493229,0.5902380676138161
57,Ag,Bacillus subtilis,non-pathogenic,green_synthesis,MBC,quasi-spherical,Bacteria,Bacillota,Bacilli,Bacillales,Bacillaceae,Bacillus,p,soil,107.87,10.0,18,0.16,30,11,23.00188061,0.0,0.0,1.78376517,1.553160823188129,Klebsiella pneumoniae,1.6327268278410725,-0.07956600465294339,35.740516402558356,42.926633238670476
58,ZnO,Bacillus subtilis,non-pathogenic,green_synthesis,MIC,tetragonal,Bacteria,Bacillota,Bacilli,Bacillales,Bacillaceae,Bacillus,p,soil,81.3794,26.06,2,0.16,30,8,22.60496136,17.07,0.6865,4.082482905,-0.004555677041109707,Klebsiella pneumoniae,0.1160668186592948,-0.12062249570040451,0.9895649923915759,1.3063718653616574
59,Cu,Bacillus subtilis,non-pathogenic,green_synthesis,MIC,quasi-spherical,Bacteria,Bacillota,Bacilli,Bacillales,Bacillaceae,Bacillus,p,soil,63.55,18.5,18,0.16,30,11,17.96409803,0.0,0.0,1.243163121,1.2730248472269605,Klebsiella pneumoniae,1.4117639834409248,-0.13873913621396428,18.751017849239908,25.808572472027013
60,CuO,Bacillus subtilis,non-pathogenic,chemical_synthesis,MBEC,spherical,Bacteria,Bacillota,Bacilli,Bacillales,Bacillaceae,Bacillus,p,soil,79.5454,44.45,4,0.16,30,17,20.67942236,17.07,0.6865,1.651411411,2.7422788133696283,Klebsiella pneumoniae,2.9098464107006965,-0.16756759733106819,552.4319821034475,812.5431075004327
61,Al2O3,Bacillus subtilis,non-pathogenic,chemical_synthesis,MIC,hexagonal,Bacteria,Bacillota,Bacilli,Bacillales,Bacillaceae,Bacillus,p,soil,101.961276,25.0,3,0.16,30,24,51.55776403,85.5,13.5675,4.688846487,2.9281910945452885,Klebsiella pneumoniae,3.135693038369378,-0.2075019438240897,847.6002859326154,1366.76244920763
62,Cu,Bacillus subtilis,non-pathogenic,green_synthesis,MIC,rod-shaped,Bacteria,Bacillota,Bacilli,Bacillales,Bacillaceae,Bacillus,p,soil,63.55,37.86,0,0.16,30,11,17.96409803,0.0,0.0,1.243163121,0.8507948321114162,Klebsiella pneumoniae,1.0794627853061782,-0.22866795319476207,7.092426308706735,12.007781739252188
63,ZnO,Bacillus subtilis,non-pathogenic,chemical_synthesis,MIC,triangular,Bacteria,Bacillota,Bacilli,Bacillales,Bacillaceae,Bacillus,p,soil,81.3794,30.0,4,0.16,30,8,22.60496136,17.07,0.6865,4.082482905,-0.6223848820104965,Klebsiella pneumoniae,-0.3781810899628839,-0.24420379204761256,0.23856960856571158,0.41861897505295104
64,CuO,Bacillus subtilis,non-pathogenic,green_synthesis,MIC,spherical,Bacteria,Bacillota,Bacilli,Bacillales,Bacillaceae,Bacillus,p,soil,79.5454,30.0,1,0.16,30,17,20.67942236,17.07,0.6865,1.651411411,1.965875762316405,Klebsiella pneumoniae,2.210319164673098,-0.24444340235669304,92.44336853632261,162.30024098561788
