,np,bacteria,bac_type,np_synthesis,method,shape,kingdom,phylum,class,order,family,genus,gram,isolated_from,mol_weight (g/mol),np_size_avg (nm),time_set,"min_Incub_period, h","growth_temp, C",Valance_electron,labuteASA,tpsa,CrippenMR,chi0v,pred_MIC_norm,pathogenic_bacteria,pred_MIC_pathogen,Fitness,pred_norm_MIC_original,pred_path_MIC_original
0,ZnO,Bacillus subtilis,non-pathogenic,green_synthesis,MBC,nanoplates,Bacteria,Bacillota,Bacilli,Bacillales,Bacillaceae,Bacillus,p,soil,81.3794,5.1,4,0.16,30,8,22.60496136,17.07,0.6865,4.082482905,2.4290888242475552,Klebsiella pneumoniae,1.6620815913775626,0.7670072328699926,268.5893722942681,45.92842909722548
1,CuO,Bacillus subtilis,non-pathogenic,green_synthesis,MBC,quasi-spherical,Bacteria,Bacillota,Bacilli,Bacillales,Bacillaceae,Bacillus,p,soil,79.5454,6.0,3,0.16,30,17,20.67942236,17.07,0.6865,1.651411411,3.423096166384451,Klebsiella pneumoniae,2.8005397257132847,0.6225564406711661,2649.086664326344,631.741963241435
2,Ag,Bacillus subtilis,non-pathogenic,chemical_synthesis,MIC,nanoplates,Bacteria,Bacillota,Bacilli,Bacillales,Bacillaceae,Bacillus,p,soil,107.87,5.1,4,0.16,30,11,23.00188061,0.0,0.0,1.78376517,1.927534225258725,Klebsiella pneumoniae,1.3125579475735685,0.6149762776851566,84.63192616979157,20.537990449784072
3,TiO2,Bacillus subtilis,non-pathogenic,green_synthesis,MBC,cubic,Bacteria,Bacillota,Bacilli,Bacillales,Bacillaceae,Bacillus,p,soil,79.866,9.0,1,0.16,30,16,26.40611331,34.14,1.373,2.878049394,3.3478413082920393,Klebsiella pneumoniae,2.7406702709938715,0.6071710372981678,2227.6210252292462,550.3896658875077
4,ZnO,Bacillus subtilis,non-pathogenic,green_synthesis,MBC,rod-shaped,Bacteria,Bacillota,Bacilli,Bacillales,Bacillaceae,Bacillus,p,soil,81.3794,10.4,3,0.16,30,8,22.60496136,17.07,0.6865,4.082482905,2.1807029522112313,Klebsiella pneumoniae,1.5812111706566194,0.5994917815546119,151.60130934474904,38.12511572869017
5,ZnO,Bacillus subtilis,non-pathogenic,green_synthesis,MBC,rod-shaped,Bacteria,Bacillota,Bacilli,Bacillales,Bacillaceae,Bacillus,p,soil,81.3794,11.3,0,0.16,30,8,22.60496136,17.07,0.6865,4.082482905,2.19421772689045,Klebsiella pneumoniae,1.602166782651201,0.5920509442392492,156.39314992542276,40.009837053755064
6,CeO2,Bacillus subtilis,non-pathogenic,chemical_synthesis,MIC,quasi-hexagonal,Bacteria,Bacillota,Bacilli,Bacillales,Bacillaceae,Bacillus,p,soil,172.115,9.0,2,0.16,30,16,39.19032095,34.14,1.373,4.456551526,2.3194707661023237,Klebsiella pneumoniae,1.746632839830218,0.5728379262721057,208.67516525520034,55.79982537638578
7,ZnO,Bacillus subtilis,non-pathogenic,green_synthesis,MBC,tetragonal,Bacteria,Bacillota,Bacilli,Bacillales,Bacillaceae,Bacillus,p,soil,81.3794,10.4,18,0.16,30,8,22.60496136,17.07,0.6865,4.082482905,1.708617764143497,Klebsiella pneumoniae,1.13687189891276,0.571745865230737,51.123168683084344,13.704774655000067
8,CuO,Bacillus subtilis,non-pathogenic,green_synthesis,MBC,cubic,Bacteria,Bacillota,Bacilli,Bacillales,Bacillaceae,Bacillus,p,soil,79.5454,6.0,3,0.16,30,17,20.67942236,17.07,0.6865,1.651411411,3.6162747918651004,Klebsiella pneumoniae,3.0547175489840113,0.5615572428810891,4133.089329176452,1134.2728815170892
9,Ag,Bacillus subtilis,non-pathogenic,chemical_synthesis,MIC,spheroidal,Bacteria,Bacillota,Bacilli,Bacillales,Bacillaceae,Bacillus,p,soil,107.87,5.1,1,0.16,30,11,23.00188061,0.0,0.0,1.78376517,1.292323241848859,Klebsiella pneumoniae,0.7368822888288311,0.5554409530200279,19.603031683622028,5.456099589317483
10,ZnO,Bacillus subtilis,non-pathogenic,chemical_synthesis,MBC,quasi-hexagonal,Bacteria,Bacillota,Bacilli,Bacillales,Bacillaceae,Bacillus,p,soil,81.3794,8.7,3,0.16,30,8,22.60496136,17.07,0.6865,4.082482905,0.8457059396365292,Klebsiella pneumoniae,0.2918161175813896,0.5538898220551396,7.009805044916838,1.9580154645995846
11,Ag,Bacillus subtilis,non-pathogenic,chemical_synthesis,MIC,quasi-hexagonal,Bacteria,Bacillota,Bacilli,Bacillales,Bacillaceae,Bacillus,p,soil,107.87,12.0,4,0.16,30,11,23.00188061,0.0,0.0,1.78376517,0.7916612515587828,Klebsiella pneumoniae,0.2603899935669445,0.5312712579918383,6.189581012113697,1.8213356718388325
12,ZnO,Bacillus subtilis,non-pathogenic,chemical_synthesis,MBC,nanoplates,Bacteria,Bacillota,Bacilli,Bacillales,Bacillaceae,Bacillus,p,soil,81.3794,6.0,2,0.16,30,8,22.60496136,17.07,0.6865,4.082482905,2.0752551037624993,Klebsiella pneumoniae,1.553005019978331,0.5222500837841684,118.92005564903675,35.72769678665489
13,Au,Bacillus subtilis,non-pathogenic,green_synthesis,MIC,spheroidal,Bacteria,Bacillota,Bacilli,Bacillales,Bacillaceae,Bacillus,p,soil,196.966569,40.0,18,0.16,30,11,23.00188061,0.0,0.0,2.46797672,1.1996571821036555,Klebsiella pneumoniae,0.6788305054132759,0.5208266766903795,15.83642623122047,4.773429419447086
14,ZnO,Bacillus subtilis,non-pathogenic,green_synthesis,MBC,quasi-spherical,Bacteria,Bacillota,Bacilli,Bacillales,Bacillaceae,Bacillus,p,soil,81.3794,27.43,4,0.16,30,8,22.60496136,17.07,0.6865,4.082482905,1.7759093301037332,Klebsiella pneumoniae,1.2576496029337227,0.5182597271700105,59.69106534620153,18.09879258299861
15,TiO2,Bacillus subtilis,non-pathogenic,chemical_synthesis,MBC,spheroidal,Bacteria,Bacillota,Bacilli,Bacillales,Bacillaceae,Bacillus,p,soil,79.866,5.1,0,0.16,30,16,26.40611331,34.14,1.373,2.878049394,2.7399221194666694,Klebsiella pneumoniae,2.2319456801188355,0.5079764393478339,549.4423354213825,170.5869012133131
16,Pd,Bacillus subtilis,non-pathogenic,green_synthesis,MBC,quasi-spherical,Bacteria,Bacillota,Bacilli,Bacillales,Bacillaceae,Bacillus,p,soil,195.084,100.0,2,0.16,30,10,21.14774404,0.0,0.0,1.870828693,0.9223404137923559,Klebsiella pneumoniae,0.4143756230233311,0.5079647907690248,8.362582471464384,2.5964240487379175
17,ZnO,Bacillus subtilis,non-pathogenic,chemical_synthesis,MBEC,quasi-hexagonal,Bacteria,Bacillota,Bacilli,Bacillales,Bacillaceae,Bacillus,p,soil,81.3794,9.0,1,0.16,30,8,22.60496136,17.07,0.6865,4.082482905,1.2831706071572533,Klebsiella pneumoniae,0.7761123204584268,0.5070582866988265,19.194226137611558,5.971897162446133
18,Au,Bacillus subtilis,non-pathogenic,green_synthesis,MBC,quasi-spherical,Bacteria,Bacillota,Bacilli,Bacillales,Bacillaceae,Bacillus,p,soil,196.966569,44.45,3,0.16,30,11,23.00188061,0.0,0.0,2.46797672,0.45303439402854084,Klebsiella pneumoniae,-0.048484416456153534,0.5015188104846944,2.838143786842251,0.8943666234097024
19,Ag,Bacillus subtilis,non-pathogenic,chemical_synthesis,MBEC,spheroidal,Bacteria,Bacillota,Bacilli,Bacillales,Bacillaceae,Bacillus,p,soil,107.87,26.38,18,0.16,30,11,23.00188061,0.0,0.0,1.78376517,1.314819984967154,Klebsiella pneumoniae,0.8148364585474718,0.49998352641968224,20.645242332803253,6.528846508115365
20,ZnO,Bacillus subtilis,non-pathogenic,green_synthesis,MBEC,nanoplates,Bacteria,Bacillota,Bacilli,Bacillales,Bacillaceae,Bacillus,p,soil,81.3794,9.0,2,0.16,30,8,22.60496136,17.07,0.6865,4.082482905,2.635938973865989,Klebsiella pneumoniae,2.1391561370174728,0.4967828368485163,432.45305938411,137.7704690562125
21,Ni,Bacillus subtilis,non-pathogenic,green_synthesis,MBC,spheroidal,Bacteria,Bacillota,Bacilli,Bacillales,Bacillaceae,Bacillus,p,soil,58.6934,5.1,2,0.16,30,10,17.41523038,0.0,0.0,1.303840481,2.9933123432765565,Klebsiella pneumoniae,2.497161636749966,0.49615070652659066,984.7190581173797,314.16777533860727
22,Ag,Bacillus subtilis,non-pathogenic,chemical_synthesis,MIC,spheroidal,Bacteria,Bacillota,Bacilli,Bacillales,Bacillaceae,Bacillus,p,soil,107.87,20.0,4,0.16,30,11,23.00188061,0.0,0.0,1.78376517,0.8553403524510443,Klebsiella pneumoniae,0.3624635575845587,0.4928767948664856,7.167048649605345,2.3038996436646952
23,CuO,Bacillus subtilis,non-pathogenic,green_synthesis,MBC,spheroidal,Bacteria,Bacillota,Bacilli,Bacillales,Bacillaceae,Bacillus,p,soil,79.5454,8.0,4,0.16,30,17,20.67942236,17.07,0.6865,1.651411411,3.5234395843237127,Klebsiella pneumoniae,3.0315950476465168,0.49184453667719596,3337.640712701846,1075.4619451787516
24,ZnO,Bacillus subtilis,non-pathogenic,green_synthesis,MIC,quasi-spherical,Bacteria,Bacillota,Bacilli,Bacillales,Bacillaceae,Bacillus,p,soil,81.3794,8.7,2,0.16,30,8,22.60496136,17.07,0.6865,4.082482905,1.5479937800403922,Klebsiella pneumoniae,1.056412292183024,0.4915814878573683,35.31781115436699,11.387077912487142
25,Ag,Bacillus subtilis,non-pathogenic,green_synthesis,MIC,spheroidal,Bacteria,Bacillota,Bacilli,Bacillales,Bacillaceae,Bacillus,p,soil,107.87,44.45,3,0.16,30,11,23.00188061,0.0,0.0,1.78376517,0.6009709185594372,Klebsiella pneumoniae,0.12357176447299256,0.4773991540864446,3.9899818355508923,1.3291431716572162
26,CeO2,Bacillus subtilis,non-pathogenic,chemical_synthesis,MIC,quasi-spherical,Bacteria,Bacillota,Bacilli,Bacillales,Bacillaceae,Bacillus,p,soil,172.115,9.0,4,0.16,30,16,39.19032095,34.14,1.373,4.456551526,2.578860979076518,Klebsiella pneumoniae,2.107681330458898,0.47117964861761985,379.19358283174944,128.1390000103158
27,TiO2,Bacillus subtilis,non-pathogenic,green_synthesis,MBEC,spheroidal,Bacteria,Bacillota,Bacilli,Bacillales,Bacillaceae,Bacillus,p,soil,79.866,8.0,2,0.16,30,16,26.40611331,34.14,1.373,2.878049394,2.9867242833388774,Klebsiella pneumoniae,2.5227692095946845,0.46395507374419287,969.8940237855104,333.2492721888845
28,ZnO,Bacillus subtilis,non-pathogenic,green_synthesis,MIC,cubic,Bacteria,Bacillota,Bacilli,Bacillales,Bacillaceae,Bacillus,p,soil,81.3794,10.4,4,0.16,30,8,22.60496136,17.07,0.6865,4.082482905,1.8846608347174019,Klebsiella pneumoniae,1.4277330171376814,0.45692781757972045,76.67624470372377,26.77521810208144
29,TiO2,Bacillus subtilis,non-pathogenic,green_synthesis,MBEC,quasi-hexagonal,Bacteria,Bacillota,Bacilli,Bacillales,Bacillaceae,Bacillus,p,soil,79.866,27.43,4,0.16,30,16,26.40611331,34.14,1.373,2.878049394,1.7690905377738135,Klebsiella pneumoniae,1.3125467392304129,0.45654379854340066,58.76118397475545,20.53746040880076
30,ZnO,Bacillus subtilis,non-pathogenic,green_synthesis,MIC,quasi-spherical,Bacteria,Bacillota,Bacilli,Bacillales,Bacillaceae,Bacillus,p,soil,81.3794,11.3,1,0.16,30,8,22.60496136,17.07,0.6865,4.082482905,1.494641147565092,Klebsiella pneumoniae,1.0408256946240657,0.4538154529410263,31.234973912956235,10.98564838689924
31,Au,Bacillus subtilis,non-pathogenic,green_synthesis,MIC,quasi-spherical,Bacteria,Bacillota,Bacilli,Bacillales,Bacillaceae,Bacillus,p,soil,196.966569,40.0,4,0.16,30,11,23.00188061,0.0,0.0,2.46797672,0.7907063556017938,Klebsiella pneumoniae,0.340237525802622,0.4504688297991718,6.175986750158847,2.188958489181703
32,ZnO,Bacillus subtilis,non-pathogenic,green_synthesis,MBEC,quasi-spherical,Bacteria,Bacillota,Bacilli,Bacillales,Bacillaceae,Bacillus,p,soil,81.3794,44.45,4,0.16,30,8,22.60496136,17.07,0.6865,4.082482905,0.9830751165919198,Klebsiella pneumoniae,0.5339848213983556,0.44909029519356425,9.617786154827265,3.4196749053357305
33,CuO,Bacillus subtilis,non-pathogenic,green_synthesis,MBC,spheroidal,Bacteria,Bacillota,Bacilli,Bacillales,Bacillaceae,Bacillus,p,soil,79.5454,10.4,18,0.16,30,17,20.67942236,17.07,0.6865,1.651411411,3.690193488266554,Klebsiella pneumoniae,3.244940609641565,0.4452528786249892,4899.970758100237,1757.6832319609114
34,Ag,Bacillus subtilis,non-pathogenic,chemical_synthesis,MIC,spheroidal,Bacteria,Bacillota,Bacilli,Bacillales,Bacillaceae,Bacillus,p,soil,107.87,26.38,4,0.16,30,11,23.00188061,0.0,0.0,1.78376517,0.7766077538047602,Klebsiella pneumoniae,0.3374459933827141,0.43916176042204613,5.978713655301543,2.174933553705671
35,ZnO,Bacillus subtilis,non-pathogenic,green_synthesis,MBC,rod-shaped,Bacteria,Bacillota,Bacilli,Bacillales,Bacillaceae,Bacillus,p,soil,81.3794,10.0,18,0.16,30,8,22.60496136,17.07,0.6865,4.082482905,2.04536021172534,Klebsiella pneumoniae,1.6711889439646133,0.37417126776072673,111.00951666099866,46.901738826149014
36,Ag,Bacillus subtilis,non-pathogenic,green_synthesis,MIC,spheroidal,Bacteria,Bacillota,Bacilli,Bacillales,Bacillaceae,Bacillus,p,soil,107.87,5.1,2,0.16,30,11,23.00188061,0.0,0.0,1.78376517,1.8012470623675285,Klebsiella pneumoniae,1.431709845382542,0.3695372169849864,63.27717215259386,27.02152437463928
37,ZnO,Bacillus subtilis,non-pathogenic,chemical_synthesis,MBEC,spheroidal,Bacteria,Bacillota,Bacilli,Bacillales,Bacillaceae,Bacillus,p,soil,81.3794,6.0,1,0.16,30,8,22.60496136,17.07,0.6865,4.082482905,2.268806369674806,Klebsiella pneumoniae,1.9011992110463722,0.36760715862843374,185.69763370394756,79.65246327896406
38,Au,Bacillus subtilis,non-pathogenic,chemical_synthesis,MBC,quasi-hexagonal,Bacteria,Bacillota,Bacilli,Bacillales,Bacillaceae,Bacillus,p,soil,196.966569,79.0,1,0.16,30,11,23.00188061,0.0,0.0,2.46797672,0.7475152851772731,Klebsiella pneumoniae,0.3870634501174417,0.36045183505983136,5.591332061530317,2.438167006828419
39,ZnO,Bacillus subtilis,non-pathogenic,green_synthesis,MBC,hexagonal,Bacteria,Bacillota,Bacilli,Bacillales,Bacillaceae,Bacillus,p,soil,81.3794,26.38,3,0.16,30,8,22.60496136,17.07,0.6865,4.082482905,2.250998820415734,Klebsiella pneumoniae,1.9100643588442912,0.3409344615714429,178.2373926347909,81.29509798383124
40,ZnO,Bacillus subtilis,non-pathogenic,green_synthesis,MBEC,triangular,Bacteria,Bacillota,Bacilli,Bacillales,Bacillaceae,Bacillus,p,soil,81.3794,6.0,1,0.16,30,8,22.60496136,17.07,0.6865,4.082482905,0.7327409687183013,Klebsiella pneumoniae,0.3965018151205375,0.3362391535977638,5.404318907549161,2.4917347853616523
41,Cu,Bacillus subtilis,non-pathogenic,green_synthesis,MBC,nanoplates,Bacteria,Bacillota,Bacilli,Bacillales,Bacillaceae,Bacillus,p,soil,63.55,5.1,2,0.16,30,11,17.96409803,0.0,0.0,1.243163121,2.0144101826007743,Klebsiella pneumoniae,1.6797436359769087,0.33466654662386564,103.37372893859677,47.83476403635885
42,Au,Bacillus subtilis,non-pathogenic,green_synthesis,MBC,cubic,Bacteria,Bacillota,Bacilli,Bacillales,Bacillaceae,Bacillus,p,soil,196.966569,44.45,3,0.16,30,11,23.00188061,0.0,0.0,2.46797672,1.1347532902224189,Klebsiella pneumoniae,0.819685814138058,0.3150674760843609,13.638081776333852,6.6021564899979905
43,ZnO,Bacillus subtilis,non-pathogenic,green_synthesis,MBEC,nanoplates,Bacteria,Bacillota,Bacilli,Bacillales,Bacillaceae,Bacillus,p,soil,81.3794,44.45,4,0.16,30,8,22.60496136,17.07,0.6865,4.082482905,1.5352574086312007,Klebsiella pneumoniae,1.2453357141539367,0.289921694477264,34.297100704130635,17.59283032560542
44,ZnO,Bacillus subtilis,non-pathogenic,chemical_synthesis,MBC,triangular,Bacteria,Bacillota,Bacilli,Bacillales,Bacillaceae,Bacillus,p,soil,81.3794,20.0,18,0.16,30,8,22.60496136,17.07,0.6865,4.082482905,0.5358468903493436,Klebsiella pneumoniae,0.2814974339492038,0.25434945640013984,3.4343684858065067,1.912042027174643
45,CuO,Bacillus subtilis,non-pathogenic,green_synthesis,MBC,spherical,Bacteria,Bacillota,Bacilli,Bacillales,Bacillaceae,Bacillus,p,soil,79.5454,10.0,18,0.16,30,17,20.67942236,17.07,0.6865,1.651411411,3.3532641090724855,Klebsiella pneumoniae,3.1070889717978503,0.24617513727463525,2255.6105077127995,1279.643431631137
46,ZnO,Bacillus subtilis,non-pathogenic,green_synthesis,MBEC,spherical,Bacteria,Bacillota,Bacilli,Bacillales,Bacillaceae,Bacillus,p,soil,81.3794,26.38,2,0.16,30,8,22.60496136,17.07,0.6865,4.082482905,2.0668724572669754,Klebsiella pneumoniae,1.8282691466424235,0.23860331062455198,116.64670010630171,67.33938514193105
47,Ag,Bacillus subtilis,non-pathogenic,chemical_synthesis,MIC,cubic,Bacteria,Bacillota,Bacilli,Bacillales,Bacillaceae,Bacillus,p,soil,107.87,8.7,24,0.16,30,11,23.00188061,0.0,0.0,1.78376517,2.0869799031264984,Klebsiella pneumoniae,1.8660125239095553,0.2209673792169431,122.1743122985324,73.45350499088381
48,ZnO,Bacillus subtilis,non-pathogenic,green_synthesis,MIC,rod-shaped,Bacteria,Bacillota,Bacilli,Bacillales,Bacillaceae,Bacillus,p,soil,81.3794,10.4,18,0.16,30,8,22.60496136,17.07,0.6865,4.082482905,1.2334880332187308,Klebsiella pneumoniae,1.0693241803352718,0.16416385288345903,17.11938004402156,11.730706807197008
49,Ag,Bacillus subtilis,non-pathogenic,green_synthesis,MBC,rod-shaped,Bacteria,Bacillota,Bacilli,Bacillales,Bacillaceae,Bacillus,p,soil,107.87,100.0,1,0.16,30,11,23.00188061,0.0,0.0,1.78376517,0.6908671502540886,Klebsiella pneumoniae,0.5876051616226403,0.10326198863144831,4.907577314570587,3.8690573003153625
50,ZnO,Bacillus subtilis,non-pathogenic,green_synthesis,MIC,quasi-spherical,Bacteria,Bacillota,Bacilli,Bacillales,Bacillaceae,Bacillus,p,soil,81.3794,30.0,3,0.16,30,8,22.60496136,17.07,0.6865,4.082482905,1.0943633949290557,Klebsiella pneumoniae,1.0518544758426929,0.042508919086362784,12.42691692153443,11.268198161470165
51,Au,Bacillus subtilis,non-pathogenic,chemical_synthesis,MIC,tetragonal,Bacteria,Bacillota,Bacilli,Bacillales,Bacillaceae,Bacillus,p,soil,196.966569,5.1,0,0.16,30,11,23.00188061,0.0,0.0,2.46797672,1.0426854459203652,Klebsiella pneumoniae,1.0184262651237868,0.024259180796578406,11.032792390460815,10.433409783963958
52,Ag,Bacillus subtilis,non-pathogenic,chemical_synthesis,MIC,quasi-spherical,Bacteria,Bacillota,Bacilli,Bacillales,Bacillaceae,Bacillus,p,soil,107.8682,11.3,0,0.16,30,11,23.00188061,0.0,0.0,1.78376517,2.0316982801927796,Klebsiella pneumoniae,2.0230327116166276,0.008665568576152083,107.57176147205544,105.44663171537682
53,Cu,Bacillus subtilis,non-pathogenic,green_synthesis,MBEC,hexagonal,Bacteria,Bacillota,Bacilli,Bacillales,Bacillaceae,Bacillus,p,soil,63.55,79.0,18,0.16,30,11,17.96409803,0.0,0.0,1.243163121,1.8481802139545767,Klebsiella pneumoniae,1.880374795370364,-0.03219458141578735,70.49855476482296,75.92325086984694
54,CuO,Bacillus subtilis,non-pathogenic,chemical_synthesis,MBC,hexagonal,Bacteria,Bacillota,Bacilli,Bacillales,Bacillaceae,Bacillus,p,soil,79.5454,28.0,3,0.16,30,17,20.67942236,17.07,0.6865,1.651411411,2.67623903937199,Klebsiella pneumoniae,2.72621671558551,-0.049977676213520006,474.50308392628983,532.373850781964
55,Au,Bacillus subtilis,non-pathogenic,green_synthesis,MBC,triangular,Bacteria,Bacillota,Bacilli,Bacillales,Bacillaceae,Bacillus,p,soil,196.966569,60.0,1,0.16,30,11,23.00188061,0.0,0.0,2.46797672,0.5311156074851875,Klebsiella pneumoniae,0.5917002102067215,-0.06058460272153399,3.3971569153798495,3.9057119473753645
56,Ag,Bacillus subtilis,non-pathogenic,chemical_synthesis,MBC,triangular,Bacteria,Bacillota,Bacilli,Bacillales,Bacillaceae,Bacillus,p,soil,107.87,60.0,2,0.16,30,11,23.00188061,0.0,0.0,1.78376517,-0.016459822338688923,Klebsiella pneumoniae,0.04646804486840561,-0.06292786720709453,0.962809080712998,1.112930501019803
57,ZnO,Bacillus subtilis,non-pathogenic,chemical_synthesis,MIC,nanoplates,Bacteria,Bacillota,Bacilli,Bacillales,Bacillaceae,Bacillus,p,soil,81.3794,26.38,0,0.16,30,8,22.60496136,17.07,0.6865,4.082482905,1.9976852103114318,Klebsiella pneumoniae,2.067442632734429,-0.06975742242299732,99.46841790179299,116.79994351092395
58,Ag,Bacillus subtilis,non-pathogenic,chemical_synthesis,MBC,spheroidal,Bacteria,Bacillota,Bacilli,Bacillales,Bacillaceae,Bacillus,p,soil,107.8682,11.3,0,0.16,30,11,23.00188061,0.0,0.0,1.78376517,1.871794664033175,Klebsiella pneumoniae,1.9595142119074902,-0.08771954787431513,74.43799452219166,91.09912631713246
59,Cu,Bacillus subtilis,non-pathogenic,chemical_synthesis,MBEC,spherical,Bacteria,Bacillota,Bacilli,Bacillales,Bacillaceae,Bacillus,p,soil,63.55,10.4,2,0.16,30,11,17.96409803,0.0,0.0,1.243163121,1.9420385496060395,Klebsiella pneumoniae,2.056487996353101,-0.11444944674706159,87.50614455140477,113.89063027328444
60,Ag,Bacillus subtilis,non-pathogenic,green_synthesis,MBEC,rod-shaped,Bacteria,Bacillota,Bacilli,Bacillales,Bacillaceae,Bacillus,p,soil,107.8682,12.5,0,0.16,30,11,23.00188061,0.0,0.0,1.78376517,1.7889983526746664,Klebsiella pneumoniae,1.9103284987463678,-0.12133014607170134,61.517453928274136,81.34455707556161
61,ZnO,Bacillus subtilis,non-pathogenic,green_synthesis,MBC,nanoplates,Bacteria,Bacillota,Bacilli,Bacillales,Bacillaceae,Bacillus,p,soil,81.3794,44.45,24,0.16,30,8,22.60496136,17.07,0.6865,4.082482905,1.5707254914087632,Klebsiella pneumoniae,1.7109323851816842,-0.14020689377292106,37.215639950611525,51.39636269354178
62,Pd,Bacillus subtilis,non-pathogenic,green_synthesis,MIC,hexagonal,Bacteria,Bacillota,Bacilli,Bacillales,Bacillaceae,Bacillus,p,soil,195.084,13.0,18,0.16,30,10,21.14774404,0.0,0.0,1.870828693,1.623146095586147,Klebsiella pneumoniae,1.781543056046163,-0.15839696046001595,41.99002136250395,60.47042988843189
63,ZnO,Bacillus subtilis,non-pathogenic,green_synthesis,MBC,cubic,Bacteria,Bacillota,Bacilli,Bacillales,Bacillaceae,Bacillus,p,soil,81.3794,100.0,24,0.16,30,8,22.60496136,17.07,0.6865,4.082482905,1.782942935310059,Klebsiella pneumoniae,1.961746316065914,-0.1788033807558551,60.66566119144741,91.56854555851437
64,Pd,Bacillus subtilis,non-pathogenic,green_synthesis,MBEC,triangular,Bacteria,Bacillota,Bacilli,Bacillales,Bacillaceae,Bacillus,p,soil,195.084,17.5,4,0.16,30,10,21.14774404,0.0,0.0,1.870828693,0.4454688251899337,Klebsiella pneumoniae,0.6594698206949277,-0.21400099550499396,2.789130437971745,4.565305246029622
65,Ag,Bacillus subtilis,non-pathogenic,chemical_synthesis,MBEC,nanoplates,Bacteria,Bacillota,Bacilli,Bacillales,Bacillaceae,Bacillus,p,soil,107.87,45.26,18,0.16,30,11,23.00188061,0.0,0.0,1.78376517,1.752436869951485,Klebsiella pneumoniae,2.0082611248757947,-0.2558242549243097,56.550554792225206,101.92040127558731
