,np,bacteria,bac_type,np_synthesis,method,shape,kingdom,phylum,class,order,family,genus,gram,isolated_from,mol_weight (g/mol),np_size_avg (nm),time_set,"min_Incub_period, h","growth_temp, C",Valance_electron,labuteASA,tpsa,CrippenMR,chi0v,pred_MIC_norm,pathogenic_bacteria,pred_MIC_pathogen,Fitness,pred_norm_MIC_original,pred_path_MIC_original
0,ZnO,Bacillus subtilis,non-pathogenic,green_synthesis,MBC,nanoplates,Bacteria,Bacillota,Bacilli,Bacillales,Bacillaceae,Bacillus,p,soil,81.3794,5.1,4,0.16,30,8,22.60496136,17.07,0.6865,4.082482905,2.4290888242475552,Klebsiella pneumoniae,1.6620815913775626,0.7670072328699926,268.5893722942681,45.92842909722548
1,ZnO,Bacillus subtilis,non-pathogenic,green_synthesis,MIC,quasi-hexagonal,Bacteria,Bacillota,Bacilli,Bacillales,Bacillaceae,Bacillus,p,soil,81.3794,6.0,1,0.16,30,8,22.60496136,17.07,0.6865,4.082482905,0.8091053665955987,Klebsiella pneumoniae,0.09353931053681719,0.7155660560587815,6.443255699574987,1.2403358901028407
2,TiO2,Bacillus subtilis,non-pathogenic,green_synthesis,MBC,spherical,Bacteria,Bacillota,Bacilli,Bacillales,Bacillaceae,Bacillus,p,soil,79.866,5.1,4,0.16,30,16,26.40611331,34.14,1.373,2.878049394,3.0632109405486876,Klebsiella pneumoniae,2.3990949123837524,0.6641160281649352,1156.673912200748,250.66570076236684
3,Ag,Bacillus subtilis,non-pathogenic,chemical_synthesis,MIC,spheroidal,Bacteria,Bacillota,Bacilli,Bacillales,Bacillaceae,Bacillus,p,soil,107.87,79.0,18,0.16,30,11,23.00188061,0.0,0.0,1.78376517,0.5941415683725857,Klebsiella pneumoniae,-0.040397754932635754,0.6345393233052214,3.927729479984251,0.9111759433171024
4,CuO,Bacillus subtilis,non-pathogenic,green_synthesis,MBC,quasi-spherical,Bacteria,Bacillota,Bacilli,Bacillales,Bacillaceae,Bacillus,p,soil,79.5454,6.0,3,0.16,30,17,20.67942236,17.07,0.6865,1.651411411,3.423096166384451,Klebsiella pneumoniae,2.8005397257132847,0.6225564406711661,2649.086664326344,631.741963241435
5,Ag,Bacillus subtilis,non-pathogenic,chemical_synthesis,MIC,nanoplates,Bacteria,Bacillota,Bacilli,Bacillales,Bacillaceae,Bacillus,p,soil,107.87,5.1,4,0.16,30,11,23.00188061,0.0,0.0,1.78376517,1.927534225258725,Klebsiella pneumoniae,1.3125579475735685,0.6149762776851566,84.63192616979157,20.537990449784072
6,ZnO,Bacillus subtilis,non-pathogenic,green_synthesis,MIC,rod-shaped,Bacteria,Bacillota,Bacilli,Bacillales,Bacillaceae,Bacillus,p,soil,81.3794,6.0,0,0.16,30,8,22.60496136,17.07,0.6865,4.082482905,1.4889313364140269,Klebsiella pneumoniae,0.8748173793775004,0.6141139570365265,30.82700525206906,7.49578945463899
7,TiO2,Bacillus subtilis,non-pathogenic,green_synthesis,MBC,cubic,Bacteria,Bacillota,Bacilli,Bacillales,Bacillaceae,Bacillus,p,soil,79.866,9.0,1,0.16,30,16,26.40611331,34.14,1.373,2.878049394,3.3478413082920393,Klebsiella pneumoniae,2.7406702709938715,0.6071710372981678,2227.6210252292462,550.3896658875077
8,ZnO,Bacillus subtilis,non-pathogenic,green_synthesis,MBC,rod-shaped,Bacteria,Bacillota,Bacilli,Bacillales,Bacillaceae,Bacillus,p,soil,81.3794,10.4,3,0.16,30,8,22.60496136,17.07,0.6865,4.082482905,2.1807029522112313,Klebsiella pneumoniae,1.5812111706566194,0.5994917815546119,151.60130934474904,38.12511572869017
9,CeO2,Bacillus subtilis,non-pathogenic,chemical_synthesis,MIC,quasi-hexagonal,Bacteria,Bacillota,Bacilli,Bacillales,Bacillaceae,Bacillus,p,soil,172.115,9.0,2,0.16,30,16,39.19032095,34.14,1.373,4.456551526,2.3194707661023237,Klebsiella pneumoniae,1.746632839830218,0.5728379262721057,208.67516525520034,55.79982537638578
10,ZnO,Bacillus subtilis,non-pathogenic,green_synthesis,MBC,tetragonal,Bacteria,Bacillota,Bacilli,Bacillales,Bacillaceae,Bacillus,p,soil,81.3794,10.4,18,0.16,30,8,22.60496136,17.07,0.6865,4.082482905,1.708617764143497,Klebsiella pneumoniae,1.13687189891276,0.571745865230737,51.123168683084344,13.704774655000067
11,CuO,Bacillus subtilis,non-pathogenic,green_synthesis,MBC,cubic,Bacteria,Bacillota,Bacilli,Bacillales,Bacillaceae,Bacillus,p,soil,79.5454,6.0,3,0.16,30,17,20.67942236,17.07,0.6865,1.651411411,3.6162747918651004,Klebsiella pneumoniae,3.0547175489840113,0.5615572428810891,4133.089329176452,1134.2728815170892
12,Ag,Bacillus subtilis,non-pathogenic,chemical_synthesis,MIC,spheroidal,Bacteria,Bacillota,Bacilli,Bacillales,Bacillaceae,Bacillus,p,soil,107.87,5.1,1,0.16,30,11,23.00188061,0.0,0.0,1.78376517,1.292323241848859,Klebsiella pneumoniae,0.7368822888288311,0.5554409530200279,19.603031683622028,5.456099589317483
13,ZnO,Bacillus subtilis,non-pathogenic,chemical_synthesis,MBC,quasi-hexagonal,Bacteria,Bacillota,Bacilli,Bacillales,Bacillaceae,Bacillus,p,soil,81.3794,8.7,3,0.16,30,8,22.60496136,17.07,0.6865,4.082482905,0.8457059396365292,Klebsiella pneumoniae,0.2918161175813896,0.5538898220551396,7.009805044916838,1.9580154645995846
14,Ag,Bacillus subtilis,non-pathogenic,chemical_synthesis,MIC,quasi-hexagonal,Bacteria,Bacillota,Bacilli,Bacillales,Bacillaceae,Bacillus,p,soil,107.87,12.0,4,0.16,30,11,23.00188061,0.0,0.0,1.78376517,0.7916612515587828,Klebsiella pneumoniae,0.2603899935669445,0.5312712579918383,6.189581012113697,1.8213356718388325
15,ZnO,Bacillus subtilis,non-pathogenic,chemical_synthesis,MBC,rod-shaped,Bacteria,Bacillota,Bacilli,Bacillales,Bacillaceae,Bacillus,p,soil,81.3794,5.1,0,0.16,30,8,22.60496136,17.07,0.6865,4.082482905,1.6081354099155036,Klebsiella pneumoniae,1.078717024099606,0.5294183858158976,40.56349898242802,11.98717992652828
16,Au,Bacillus subtilis,non-pathogenic,green_synthesis,MIC,spheroidal,Bacteria,Bacillota,Bacilli,Bacillales,Bacillaceae,Bacillus,p,soil,196.966569,40.0,18,0.16,30,11,23.00188061,0.0,0.0,2.46797672,1.1996571821036555,Klebsiella pneumoniae,0.6788305054132759,0.5208266766903795,15.83642623122047,4.773429419447086
17,ZnO,Bacillus subtilis,non-pathogenic,green_synthesis,MBC,quasi-spherical,Bacteria,Bacillota,Bacilli,Bacillales,Bacillaceae,Bacillus,p,soil,81.3794,27.43,4,0.16,30,8,22.60496136,17.07,0.6865,4.082482905,1.7759093301037332,Klebsiella pneumoniae,1.2576496029337227,0.5182597271700105,59.69106534620153,18.09879258299861
18,TiO2,Bacillus subtilis,non-pathogenic,chemical_synthesis,MBC,spheroidal,Bacteria,Bacillota,Bacilli,Bacillales,Bacillaceae,Bacillus,p,soil,79.866,5.1,0,0.16,30,16,26.40611331,34.14,1.373,2.878049394,2.7399221194666694,Klebsiella pneumoniae,2.2319456801188355,0.5079764393478339,549.4423354213825,170.5869012133131
19,Pd,Bacillus subtilis,non-pathogenic,green_synthesis,MBC,quasi-spherical,Bacteria,Bacillota,Bacilli,Bacillales,Bacillaceae,Bacillus,p,soil,195.084,100.0,2,0.16,30,10,21.14774404,0.0,0.0,1.870828693,0.9223404137923559,Klebsiella pneumoniae,0.4143756230233311,0.5079647907690248,8.362582471464384,2.5964240487379175
20,ZnO,Bacillus subtilis,non-pathogenic,chemical_synthesis,MBEC,quasi-hexagonal,Bacteria,Bacillota,Bacilli,Bacillales,Bacillaceae,Bacillus,p,soil,81.3794,9.0,1,0.16,30,8,22.60496136,17.07,0.6865,4.082482905,1.2831706071572533,Klebsiella pneumoniae,0.7761123204584268,0.5070582866988265,19.194226137611558,5.971897162446133
21,Au,Bacillus subtilis,non-pathogenic,green_synthesis,MBC,quasi-spherical,Bacteria,Bacillota,Bacilli,Bacillales,Bacillaceae,Bacillus,p,soil,196.966569,44.45,3,0.16,30,11,23.00188061,0.0,0.0,2.46797672,0.45303439402854084,Klebsiella pneumoniae,-0.048484416456153534,0.5015188104846944,2.838143786842251,0.8943666234097024
22,Ag,Bacillus subtilis,non-pathogenic,chemical_synthesis,MBEC,spheroidal,Bacteria,Bacillota,Bacilli,Bacillales,Bacillaceae,Bacillus,p,soil,107.87,26.38,18,0.16,30,11,23.00188061,0.0,0.0,1.78376517,1.314819984967154,Klebsiella pneumoniae,0.8148364585474718,0.49998352641968224,20.645242332803253,6.528846508115365
23,ZnO,Bacillus subtilis,non-pathogenic,green_synthesis,MBEC,nanoplates,Bacteria,Bacillota,Bacilli,Bacillales,Bacillaceae,Bacillus,p,soil,81.3794,9.0,2,0.16,30,8,22.60496136,17.07,0.6865,4.082482905,2.635938973865989,Klebsiella pneumoniae,2.1391561370174728,0.4967828368485163,432.45305938411,137.7704690562125
24,Ni,Bacillus subtilis,non-pathogenic,green_synthesis,MBC,spheroidal,Bacteria,Bacillota,Bacilli,Bacillales,Bacillaceae,Bacillus,p,soil,58.6934,5.1,2,0.16,30,10,17.41523038,0.0,0.0,1.303840481,2.9933123432765565,Klebsiella pneumoniae,2.497161636749966,0.49615070652659066,984.7190581173797,314.16777533860727
25,Ag,Bacillus subtilis,non-pathogenic,chemical_synthesis,MIC,spheroidal,Bacteria,Bacillota,Bacilli,Bacillales,Bacillaceae,Bacillus,p,soil,107.87,20.0,4,0.16,30,11,23.00188061,0.0,0.0,1.78376517,0.8553403524510443,Klebsiella pneumoniae,0.3624635575845587,0.4928767948664856,7.167048649605345,2.3038996436646952
26,CuO,Bacillus subtilis,non-pathogenic,green_synthesis,MBC,spheroidal,Bacteria,Bacillota,Bacilli,Bacillales,Bacillaceae,Bacillus,p,soil,79.5454,8.0,4,0.16,30,17,20.67942236,17.07,0.6865,1.651411411,3.5234395843237127,Klebsiella pneumoniae,3.0315950476465168,0.49184453667719596,3337.640712701846,1075.4619451787516
27,ZnO,Bacillus subtilis,non-pathogenic,green_synthesis,MIC,quasi-spherical,Bacteria,Bacillota,Bacilli,Bacillales,Bacillaceae,Bacillus,p,soil,81.3794,8.7,2,0.16,30,8,22.60496136,17.07,0.6865,4.082482905,1.5479937800403922,Klebsiella pneumoniae,1.056412292183024,0.4915814878573683,35.31781115436699,11.387077912487142
28,TiO2,Bacillus subtilis,non-pathogenic,green_synthesis,MBC,quasi-hexagonal,Bacteria,Bacillota,Bacilli,Bacillales,Bacillaceae,Bacillus,p,soil,79.866,50.0,4,0.16,30,16,26.40611331,34.14,1.373,2.878049394,1.1900790035908142,Klebsiella pneumoniae,0.7073427589476586,0.48273624464315557,15.490983936293514,5.09733009767002
29,Ag,Bacillus subtilis,non-pathogenic,green_synthesis,MIC,spheroidal,Bacteria,Bacillota,Bacilli,Bacillales,Bacillaceae,Bacillus,p,soil,107.87,44.45,3,0.16,30,11,23.00188061,0.0,0.0,1.78376517,0.6009709185594372,Klebsiella pneumoniae,0.12357176447299256,0.4773991540864446,3.9899818355508923,1.3291431716572162
30,CeO2,Bacillus subtilis,non-pathogenic,chemical_synthesis,MIC,quasi-spherical,Bacteria,Bacillota,Bacilli,Bacillales,Bacillaceae,Bacillus,p,soil,172.115,9.0,4,0.16,30,16,39.19032095,34.14,1.373,4.456551526,2.578860979076518,Klebsiella pneumoniae,2.107681330458898,0.47117964861761985,379.19358283174944,128.1390000103158
31,ZnO,Bacillus subtilis,non-pathogenic,chemical_synthesis,MIC,cubic,Bacteria,Bacillota,Bacilli,Bacillales,Bacillaceae,Bacillus,p,soil,81.3794,6.0,2,0.16,30,8,22.60496136,17.07,0.6865,4.082482905,2.107500675237754,Klebsiella pneumoniae,1.641174948537439,0.46632572670031514,128.08570860015763,43.76983893959854
32,TiO2,Bacillus subtilis,non-pathogenic,green_synthesis,MBEC,spheroidal,Bacteria,Bacillota,Bacilli,Bacillales,Bacillaceae,Bacillus,p,soil,79.866,8.0,2,0.16,30,16,26.40611331,34.14,1.373,2.878049394,2.9867242833388774,Klebsiella pneumoniae,2.5227692095946845,0.46395507374419287,969.8940237855104,333.2492721888845
33,ZnO,Bacillus subtilis,non-pathogenic,green_synthesis,MBC,spheroidal,Bacteria,Bacillota,Bacilli,Bacillales,Bacillaceae,Bacillus,p,soil,81.3794,8.7,1,0.16,30,8,22.60496136,17.07,0.6865,4.082482905,2.497817422822486,Klebsiella pneumoniae,2.0405533392996866,0.45726408352279924,314.64252804448495,109.78761212465247
34,TiO2,Bacillus subtilis,non-pathogenic,green_synthesis,MBEC,quasi-hexagonal,Bacteria,Bacillota,Bacilli,Bacillales,Bacillaceae,Bacillus,p,soil,79.866,27.43,4,0.16,30,16,26.40611331,34.14,1.373,2.878049394,1.7690905377738135,Klebsiella pneumoniae,1.3125467392304129,0.45654379854340066,58.76118397475545,20.53746040880076
35,ZnO,Bacillus subtilis,non-pathogenic,green_synthesis,MIC,quasi-spherical,Bacteria,Bacillota,Bacilli,Bacillales,Bacillaceae,Bacillus,p,soil,81.3794,11.3,1,0.16,30,8,22.60496136,17.07,0.6865,4.082482905,1.494641147565092,Klebsiella pneumoniae,1.0408256946240657,0.4538154529410263,31.234973912956235,10.98564838689924
36,CeO2,Bacillus subtilis,non-pathogenic,chemical_synthesis,MBEC,cubic,Bacteria,Bacillota,Bacilli,Bacillales,Bacillaceae,Bacillus,p,soil,172.115,6.0,0,0.16,30,16,39.19032095,34.14,1.373,4.456551526,3.462673864274251,Klebsiella pneumoniae,3.0307256996438596,0.4319481646303913,2901.8426820090904,1073.3112948959413
37,Ag,Bacillus subtilis,non-pathogenic,green_synthesis,MBEC,quasi-hexagonal,Bacteria,Bacillota,Bacilli,Bacillales,Bacillaceae,Bacillus,p,soil,107.8682,6.0,3,0.16,30,11,23.00188061,0.0,0.0,1.78376517,1.4614789052582213,Klebsiella pneumoniae,1.0302151369473993,0.431263768310822,28.938692513665814,10.720502364576936
38,ZnO,Bacillus subtilis,non-pathogenic,chemical_synthesis,MBEC,nanoplates,Bacteria,Bacillota,Bacilli,Bacillales,Bacillaceae,Bacillus,p,soil,81.3794,10.4,1,0.16,30,8,22.60496136,17.07,0.6865,4.082482905,2.470514943017798,Klebsiella pneumoniae,2.1067470647030797,0.36376787831471846,295.47105511405425,127.86364029707127
39,Ag2O,Bacillus subtilis,non-pathogenic,chemical_synthesis,MBEC,spheroidal,Bacteria,Bacillota,Bacilli,Bacillales,Bacillaceae,Bacillus,p,soil,172.115,6.0,2,0.16,30,16,39.19032095,34.14,1.373,4.456551526,2.81923833924182,Klebsiella pneumoniae,2.5955706402311867,0.22366769901063321,659.5357467776339,394.0675195410252
40,ZnO,Bacillus subtilis,non-pathogenic,chemical_synthesis,MBC,hexagonal,Bacteria,Bacillota,Bacilli,Bacillales,Bacillaceae,Bacillus,p,soil,81.3794,13.0,4,0.16,30,8,22.60496136,17.07,0.6865,4.082482905,1.8791690165293813,Klebsiella pneumoniae,1.680461833766153,0.1987071827632283,75.7127492739565,47.91393438127497
41,Ag,Bacillus subtilis,non-pathogenic,green_synthesis,MBC,spheroidal,Bacteria,Bacillota,Bacilli,Bacillales,Bacillaceae,Bacillus,p,soil,107.87,79.0,4,0.16,30,11,23.00188061,0.0,0.0,1.78376517,0.9266863450968097,Klebsiella pneumoniae,0.7641092577836138,0.16257708731319587,8.446685907149266,5.809105419092175
42,Au,Bacillus subtilis,non-pathogenic,chemical_synthesis,MBC,hexagonal,Bacteria,Bacillota,Bacilli,Bacillales,Bacillaceae,Bacillus,p,soil,196.966569,28.0,4,0.16,30,11,23.00188061,0.0,0.0,2.46797672,1.602323699456368,Klebsiella pneumoniae,1.4413884580596765,0.16093524139669158,40.02429579179703,27.63048181079608
43,ZnO,Bacillus subtilis,non-pathogenic,green_synthesis,MBC,spheroidal,Bacteria,Bacillota,Bacilli,Bacillales,Bacillaceae,Bacillus,p,soil,81.3794,25.0,0,0.16,30,8,22.60496136,17.07,0.6865,4.082482905,2.3211924793188516,Klebsiella pneumoniae,2.1682370721609314,0.15295540715792022,209.50407722126047,147.31164260521786
44,ZnO,Bacillus subtilis,non-pathogenic,green_synthesis,MIC,tetragonal,Bacteria,Bacillota,Bacilli,Bacillales,Bacillaceae,Bacillus,p,soil,81.3794,28.0,24,0.16,30,8,22.60496136,17.07,0.6865,4.082482905,0.6680458190645326,Klebsiella pneumoniae,0.5224187243442815,0.14562709472025115,4.656352165155794,3.3298044114801058
45,Ag,Bacillus subtilis,non-pathogenic,chemical_synthesis,MBC,quasi-hexagonal,Bacteria,Bacillota,Bacilli,Bacillales,Bacillaceae,Bacillus,p,soil,107.87,79.0,3,0.16,30,11,23.00188061,0.0,0.0,1.78376517,0.42029667368077184,Klebsiella pneumoniae,0.2946314457411001,0.12566522793967172,2.6320653849278677,1.970749593893227
46,CuO,Bacillus subtilis,non-pathogenic,green_synthesis,MBEC,triangular,Bacteria,Bacillota,Bacilli,Bacillales,Bacillaceae,Bacillus,p,soil,79.5454,18.0,18,0.16,30,17,20.67942236,17.07,0.6865,1.651411411,1.548741657448762,Klebsiella pneumoniae,1.437908266965434,0.11083339048332808,35.378682636384745,27.409951492369018
47,Ag,Bacillus subtilis,non-pathogenic,green_synthesis,MBC,cubic,Bacteria,Bacillota,Bacilli,Bacillales,Bacillaceae,Bacillus,p,soil,107.87,41.23,1,0.16,30,11,23.00188061,0.0,0.0,1.78376517,1.068819606721852,Klebsiella pneumoniae,0.9602885774235526,0.1085310292982995,11.717085708428222,9.126170482963039
48,Pd,Bacillus subtilis,non-pathogenic,chemical_synthesis,MBC,rod-shaped,Bacteria,Bacillota,Bacilli,Bacillales,Bacillaceae,Bacillus,p,soil,195.084,60.0,1,0.16,30,10,21.14774404,0.0,0.0,1.870828693,1.502009134385165,Klebsiella pneumoniae,1.4137383142305682,0.08827082015459675,31.769408895889118,25.926167004525812
49,ZnO,Bacillus subtilis,non-pathogenic,chemical_synthesis,MIC,spheroidal,Bacteria,Bacillota,Bacilli,Bacillales,Bacillaceae,Bacillus,p,soil,81.3794,10.0,2,0.16,30,8,22.60496136,17.07,0.6865,4.082482905,1.434139787870535,Klebsiella pneumoniae,1.3620084202341032,0.07213136763643191,27.173137592941877,23.014864388981795
50,TiO2,Bacillus subtilis,non-pathogenic,chemical_synthesis,MBEC,tetragonal,Bacteria,Bacillota,Bacilli,Bacillales,Bacillaceae,Bacillus,p,soil,79.866,100.0,3,0.16,30,16,26.40611331,34.14,1.373,2.878049394,1.0513746099068815,Klebsiella pneumoniae,0.9797286973410784,0.0716459125658031,11.255754443042385,9.543961908830811
51,Ag,Bacillus subtilis,non-pathogenic,green_synthesis,MIC,quasi-spherical,Bacteria,Bacillota,Bacilli,Bacillales,Bacillaceae,Bacillus,p,soil,107.87,41.23,18,0.16,30,11,23.00188061,0.0,0.0,1.78376517,0.39448339556471534,Klebsiella pneumoniae,0.33461900425480917,0.05986439130990617,2.480181110805366,2.1608220565506686
52,Ag,Bacillus subtilis,non-pathogenic,chemical_synthesis,MBC,triangular,Bacteria,Bacillota,Bacilli,Bacillales,Bacillaceae,Bacillus,p,soil,107.87,9.0,1,0.16,30,11,23.00188061,0.0,0.0,1.78376517,0.46988223835856324,Klebsiella pneumoniae,0.503144127133589,-0.03326188877502578,2.9504090964718204,3.1852544207667894
53,Ag,Bacillus subtilis,non-pathogenic,chemical_synthesis,MBEC,cubic,Bacteria,Bacillota,Bacilli,Bacillales,Bacillaceae,Bacillus,p,soil,107.87,11.3,18,0.16,30,11,23.00188061,0.0,0.0,1.78376517,2.161384804185604,Klebsiella pneumoniae,2.2139510958590103,-0.05256629167340643,145.0056098570686,163.66322165320463
54,Ag2O,Bacillus subtilis,non-pathogenic,chemical_synthesis,MIC,spheroidal,Bacteria,Bacillota,Bacilli,Bacillales,Bacillaceae,Bacillus,p,soil,231.7358,6.0,2,0.16,30,28,46.55109718,17.07,0.6865,3.975778631,2.1178488585905306,Klebsiella pneumoniae,2.201673807090519,-0.08382494849998823,131.1743311970784,159.10132888803497
55,ZnO,Bacillus subtilis,non-pathogenic,chemical_synthesis,MBC,nanoplates,Bacteria,Bacillota,Bacilli,Bacillales,Bacillaceae,Bacillus,p,soil,81.3794,38.0,18,0.16,30,8,22.60496136,17.07,0.6865,4.082482905,1.7758108339468293,Klebsiella pneumoniae,1.8652225740735089,-0.08941174012667963,59.677529199350396,73.32001988483684
56,CuO,Bacillus subtilis,non-pathogenic,chemical_synthesis,MBEC,hexagonal,Bacteria,Bacillota,Bacilli,Bacillales,Bacillaceae,Bacillus,p,soil,79.5454,27.43,0,0.16,30,17,20.67942236,17.07,0.6865,1.651411411,3.1803474282012996,Klebsiella pneumoniae,3.3057816937844064,-0.12543426558310689,1514.772556148362,2022.0025259247507
57,Au,Bacillus subtilis,non-pathogenic,green_synthesis,MBEC,triangular,Bacteria,Bacillota,Bacilli,Bacillales,Bacillaceae,Bacillus,p,soil,196.966569,10.0,3,0.16,30,11,23.00188061,0.0,0.0,2.46797672,0.6945900635331541,Klebsiella pneumoniae,0.8434947639693305,-0.14890470043617643,4.949827492796516,6.974205884451634
58,Ag,Bacillus subtilis,non-pathogenic,chemical_synthesis,MIC,spherical,Bacteria,Bacillota,Bacilli,Bacillales,Bacillaceae,Bacillus,p,soil,107.8682,40.0,0,0.16,30,11,23.00188061,0.0,0.0,1.78376517,1.3881442797996582,Klebsiella pneumoniae,1.5541706571139562,-0.16602637731429803,24.4424243553204,35.823717965312454
59,Pd,Bacillus subtilis,non-pathogenic,green_synthesis,MIC,tetragonal,Bacteria,Bacillota,Bacilli,Bacillales,Bacillaceae,Bacillus,p,soil,195.084,13.0,1,0.16,30,10,21.14774404,0.0,0.0,1.870828693,0.17506691946806008,Klebsiella pneumoniae,0.342851369595784,-0.16778445012772392,1.4964662254729608,2.202172675374303
60,CuO,Bacillus subtilis,non-pathogenic,green_synthesis,MIC,tetragonal,Bacteria,Bacillota,Bacilli,Bacillales,Bacillaceae,Bacillus,p,soil,79.5454,79.0,1,0.16,30,17,20.67942236,17.07,0.6865,1.651411411,0.5557747742147534,Klebsiella pneumoniae,0.7480628443407866,-0.19228807012603322,3.5956281696656545,5.5983860676741335
