,np,bacteria,bac_type,np_synthesis,method,shape,kingdom,phylum,class,order,family,genus,gram,isolated_from,mol_weight (g/mol),np_size_avg (nm),time_set,"min_Incub_period, h","growth_temp, C",Valance_electron,labuteASA,tpsa,CrippenMR,chi0v,pred_MIC_norm,pathogenic_bacteria,pred_MIC_pathogen,Fitness,pred_norm_MIC_original,pred_path_MIC_original
0,ZnO,Bacillus subtilis,non-pathogenic,green_synthesis,MIC,quasi-spherical,Bacteria,Bacillota,Bacilli,Bacillales,Bacillaceae,Bacillus,p,soil,81.3794,6.0,1,0.16,30,8,22.60496136,17.07,0.6865,4.082482905,1.5829354021551167,Klebsiella pneumoniae,0.9033791618522293,0.6795562403028874,38.276780542021484,8.00532857159759
1,TiO2,Bacillus subtilis,non-pathogenic,green_synthesis,MBC,cubic,Bacteria,Bacillota,Bacilli,Bacillales,Bacillaceae,Bacillus,p,soil,79.866,9.0,1,0.16,30,16,26.40611331,34.14,1.373,2.878049394,3.3478413082920393,Klebsiella pneumoniae,2.7406702709938715,0.6071710372981678,2227.6210252292462,550.3896658875077
2,ZnO,Bacillus subtilis,non-pathogenic,green_synthesis,MBC,quasi-hexagonal,Bacteria,Bacillota,Bacilli,Bacillales,Bacillaceae,Bacillus,p,soil,81.3794,28.0,4,0.16,30,8,22.60496136,17.07,0.6865,4.082482905,0.863350846421355,Klebsiella pneumoniae,0.3193274195364255,0.5440234268849294,7.30047043328398,2.0860629969627293
3,ZnO,Bacillus subtilis,non-pathogenic,green_synthesis,MBEC,nanoplates,Bacteria,Bacillota,Bacilli,Bacillales,Bacillaceae,Bacillus,p,soil,81.3794,10.4,2,0.16,30,8,22.60496136,17.07,0.6865,4.082482905,2.636705911527778,Klebsiella pneumoniae,2.1470223631682197,0.4896835483595581,433.2174199141192,140.28859416450467
4,ZnO,Bacillus subtilis,non-pathogenic,green_synthesis,MIC,quasi-spherical,Bacteria,Bacillota,Bacilli,Bacillales,Bacillaceae,Bacillus,p,soil,81.3794,11.3,4,0.16,30,8,22.60496136,17.07,0.6865,4.082482905,1.4922030809491125,Klebsiella pneumoniae,1.0036798652437144,0.48852321570539803,31.06011654332306,10.085092020420154
5,CuO,Bacillus subtilis,non-pathogenic,green_synthesis,MBC,quasi-hexagonal,Bacteria,Bacillota,Bacilli,Bacillales,Bacillaceae,Bacillus,p,soil,79.5454,79.0,1,0.16,30,17,20.67942236,17.07,0.6865,1.651411411,1.5138578116347676,Klebsiella pneumoniae,1.07123143536678,0.4426263762679876,32.64809245532628,11.782336865422915
6,Ag,Bacillus subtilis,non-pathogenic,green_synthesis,MBC,spheroidal,Bacteria,Bacillota,Bacilli,Bacillales,Bacillaceae,Bacillus,p,soil,107.8682,17.5,18,0.16,30,11,23.00188061,0.0,0.0,1.78376517,1.3905119329509097,Klebsiella pneumoniae,0.9900686651543363,0.40044326779657335,24.576041569794526,9.773917415687762
7,Pd,Bacillus subtilis,non-pathogenic,chemical_synthesis,MBEC,quasi-hexagonal,Bacteria,Bacillota,Bacilli,Bacillales,Bacillaceae,Bacillus,p,soil,195.084,5.1,2,0.16,30,10,21.14774404,0.0,0.0,1.870828693,1.055864309131842,Klebsiella pneumoniae,0.6633583844735911,0.39250592465825096,11.372719013366032,4.60636539006214
8,ZnO,Bacillus subtilis,non-pathogenic,chemical_synthesis,MBC,nanoplates,Bacteria,Bacillota,Bacilli,Bacillales,Bacillaceae,Bacillus,p,soil,81.3794,9.0,2,0.16,30,8,22.60496136,17.07,0.6865,4.082482905,1.9963568470216453,Klebsiella pneumoniae,1.611625202999352,0.3847316440222932,99.16464169717187,40.89076193268263
9,ZnO,Bacillus subtilis,non-pathogenic,green_synthesis,MBEC,spheroidal,Bacteria,Bacillota,Bacilli,Bacillales,Bacillaceae,Bacillus,p,soil,81.3794,8.7,1,0.16,30,8,22.60496136,17.07,0.6865,4.082482905,2.4715756973406515,Klebsiella pneumoniae,2.089710158207665,0.3818655391329866,296.1936184602567,122.9447981330448
10,Ag,Bacillus subtilis,non-pathogenic,green_synthesis,MBC,quasi-hexagonal,Bacteria,Bacillota,Bacilli,Bacillales,Bacillaceae,Bacillus,p,soil,107.8682,60.0,4,0.16,30,11,23.00188061,0.0,0.0,1.78376517,0.19756671531280823,Klebsiella pneumoniae,-0.18064702593107063,0.37821374124387885,1.5760381114746502,0.6597098584660109
11,CuO,Bacillus subtilis,non-pathogenic,green_synthesis,MBC,cubic,Bacteria,Bacillota,Bacilli,Bacillales,Bacillaceae,Bacillus,p,soil,79.5454,28.0,4,0.16,30,17,20.67942236,17.07,0.6865,1.651411411,3.019447052274237,Klebsiella pneumoniae,2.646109403529368,0.37333764874486874,1045.7961827297102,442.69987925801564
12,Ag,Bacillus subtilis,non-pathogenic,green_synthesis,MBEC,triangular,Bacteria,Bacillota,Bacilli,Bacillales,Bacillaceae,Bacillus,p,soil,107.8682,10.0,18,0.16,30,11,23.00188061,0.0,0.0,1.78376517,0.22008052057136496,Klebsiella pneumoniae,-0.14907812552850896,0.3691586460998739,1.6598946324497346,0.7094501330186062
13,ZnO,Bacillus subtilis,non-pathogenic,chemical_synthesis,MBC,tetragonal,Bacteria,Bacillota,Bacilli,Bacillales,Bacillaceae,Bacillus,p,soil,81.3794,8.7,24,0.16,30,8,22.60496136,17.07,0.6865,4.082482905,1.4509636280167015,Klebsiella pneumoniae,1.094098455205514,0.35686517281118757,28.24643402292335,12.419338239276769
14,Ag,Bacillus subtilis,non-pathogenic,chemical_synthesis,MIC,spherical,Bacteria,Bacillota,Bacilli,Bacillales,Bacillaceae,Bacillus,p,soil,107.87,9.0,3,0.16,30,11,23.00188061,0.0,0.0,1.78376517,1.3342405532254027,Klebsiella pneumoniae,0.9948937427437571,0.3393468104816456,21.58939902476815,9.883112585413073
15,ZnO,Bacillus subtilis,non-pathogenic,green_synthesis,MBEC,spheroidal,Bacteria,Bacillota,Bacilli,Bacillales,Bacillaceae,Bacillus,p,soil,81.3794,11.3,4,0.16,30,8,22.60496136,17.07,0.6865,4.082482905,2.4576240569330166,Klebsiella pneumoniae,2.1273257105549908,0.3302983463780258,286.8296592209355,134.06817900034667
16,CeO2,Bacillus subtilis,non-pathogenic,chemical_synthesis,MIC,cubic,Bacteria,Bacillota,Bacilli,Bacillales,Bacillaceae,Bacillus,p,soil,172.115,18.5,1,0.16,30,16,39.19032095,34.14,1.373,4.456551526,2.5509716279786008,Klebsiella pneumoniae,2.2323164037496115,0.3186552242289893,355.6080862917537,170.73258023412254
17,ZnO,Bacillus subtilis,non-pathogenic,chemical_synthesis,MBEC,tetragonal,Bacteria,Bacillota,Bacilli,Bacillales,Bacillaceae,Bacillus,p,soil,81.3794,18.5,18,0.16,30,8,22.60496136,17.07,0.6865,4.082482905,0.822673016417166,Klebsiella pneumoniae,0.5045051981265318,0.3181678182906341,6.6477245555155875,3.1952526089689353
18,Ag,Bacillus subtilis,non-pathogenic,green_synthesis,MBEC,spheroidal,Bacteria,Bacillota,Bacilli,Bacillales,Bacillaceae,Bacillus,p,soil,107.8682,5.1,0,0.16,30,11,23.00188061,0.0,0.0,1.78376517,2.1603988768135993,Klebsiella pneumoniae,1.842561113448871,0.31783776336472824,144.67679415649567,69.59228773238225
19,ZnO,Bacillus subtilis,non-pathogenic,green_synthesis,MBEC,tetragonal,Bacteria,Bacillota,Bacilli,Bacillales,Bacillaceae,Bacillus,p,soil,81.3794,38.0,18,0.16,30,8,22.60496136,17.07,0.6865,4.082482905,0.6528139458087199,Klebsiella pneumoniae,0.3421511527944372,0.3106627930142827,4.495872079498491,2.198624953839533
20,Au,Bacillus subtilis,non-pathogenic,green_synthesis,MIC,spherical,Bacteria,Bacillota,Bacilli,Bacillales,Bacillaceae,Bacillus,p,soil,196.966569,6.0,4,0.16,30,11,23.00188061,0.0,0.0,2.46797672,1.9968657661176399,Klebsiella pneumoniae,1.6934239896761518,0.30344177644148806,99.28091386432112,49.36555109830703
21,ZnO,Bacillus subtilis,non-pathogenic,chemical_synthesis,MBEC,tetragonal,Bacteria,Bacillota,Bacilli,Bacillales,Bacillaceae,Bacillus,p,soil,81.3794,5.1,3,0.16,30,8,22.60496136,17.07,0.6865,4.082482905,1.1219500448629058,Klebsiella pneumoniae,0.8196608714879694,0.30228917337493644,13.24189210306994,6.601777322043412
22,Ag,Bacillus subtilis,non-pathogenic,chemical_synthesis,MIC,quasi-hexagonal,Bacteria,Bacillota,Bacilli,Bacillales,Bacillaceae,Bacillus,p,soil,107.8682,10.4,4,0.16,30,11,23.00188061,0.0,0.0,1.78376517,1.2546680214564976,Klebsiella pneumoniae,0.9529950209898129,0.30167300046668466,17.974963677144505,8.974185059023835
23,ZnO,Bacillus subtilis,non-pathogenic,chemical_synthesis,MIC,hexagonal,Bacteria,Bacillota,Bacilli,Bacillales,Bacillaceae,Bacillus,p,soil,81.3794,8.0,1,0.16,30,8,22.60496136,17.07,0.6865,4.082482905,2.0051445107536163,Klebsiella pneumoniae,1.7074381608147362,0.2977063499388801,101.19161116187313,50.9844995584234
24,Cu,Bacillus subtilis,non-pathogenic,green_synthesis,MBC,quasi-spherical,Bacteria,Bacillota,Bacilli,Bacillales,Bacillaceae,Bacillus,p,soil,63.55,18.0,1,0.16,30,11,17.96409803,0.0,0.0,1.243163121,1.5383160362065225,Klebsiella pneumoniae,1.260833329918887,0.2774827062876355,34.53949919312146,18.231958764329114
25,Ag,Bacillus subtilis,non-pathogenic,green_synthesis,MIC,quasi-hexagonal,Bacteria,Bacillota,Bacilli,Bacillales,Bacillaceae,Bacillus,p,soil,107.87,11.3,3,0.16,30,11,23.00188061,0.0,0.0,1.78376517,1.1940384842372243,Klebsiella pneumoniae,0.9329981505242292,0.26104033371299507,15.63286164341354,8.57034195477908
26,ZnO,Bacillus subtilis,non-pathogenic,green_synthesis,MBC,nanoplates,Bacteria,Bacillota,Bacilli,Bacillales,Bacillaceae,Bacillus,p,soil,81.3794,30.0,0,0.16,30,8,22.60496136,17.07,0.6865,4.082482905,1.898105401437881,Klebsiella pneumoniae,1.6438299617553382,0.25427543968254285,79.08705456537565,44.0382407912921
27,Cu,Bacillus subtilis,non-pathogenic,green_synthesis,MBEC,rod-shaped,Bacteria,Bacillota,Bacilli,Bacillales,Bacillaceae,Bacillus,p,soil,63.55,8.7,1,0.16,30,11,17.96409803,0.0,0.0,1.243163121,1.9637727416314916,Klebsiella pneumoniae,1.710517310175943,0.25325543145554863,91.99680433059348,51.347264316631765
28,ZnO,Bacillus subtilis,non-pathogenic,green_synthesis,MBEC,tetragonal,Bacteria,Bacillota,Bacilli,Bacillales,Bacillaceae,Bacillus,p,soil,81.3794,10.4,0,0.16,30,8,22.60496136,17.07,0.6865,4.082482905,1.3396680947733919,Klebsiella pneumoniae,1.0902792956863654,0.2493887990870265,21.860902876792178,12.310602136847281
29,Ag,Bacillus subtilis,non-pathogenic,green_synthesis,MIC,quasi-spherical,Bacteria,Bacillota,Bacilli,Bacillales,Bacillaceae,Bacillus,p,soil,107.87,100.0,4,0.16,30,11,23.00188061,0.0,0.0,1.78376517,0.6862259507742907,Klebsiella pneumoniae,0.44291889711381627,0.24330705366047445,4.855410473301749,2.772802245748284
30,Au,Bacillus subtilis,non-pathogenic,chemical_synthesis,MBC,nanoplates,Bacteria,Bacillota,Bacilli,Bacillales,Bacillaceae,Bacillus,p,soil,196.966569,44.45,0,0.16,30,11,23.00188061,0.0,0.0,2.46797672,1.8121291868628655,Klebsiella pneumoniae,1.5712307723501622,0.24089841451270333,64.88274074756978,37.2589637725835
31,ZnO,Bacillus subtilis,non-pathogenic,chemical_synthesis,MIC,tetragonal,Bacteria,Bacillota,Bacilli,Bacillales,Bacillaceae,Bacillus,p,soil,81.3794,5.1,2,0.16,30,8,22.60496136,17.07,0.6865,4.082482905,0.39335088468342594,Klebsiella pneumoniae,0.15346203099865385,0.23988885368477209,2.4737219613243453,1.4238427591079725
32,TiO2,Bacillus subtilis,non-pathogenic,chemical_synthesis,MBC,spherical,Bacteria,Bacillota,Bacilli,Bacillales,Bacillaceae,Bacillus,p,soil,79.866,26.38,0,0.16,30,16,26.40611331,34.14,1.373,2.878049394,2.2705926051970327,Klebsiella pneumoniae,2.0423219395600674,0.2282706656369653,186.46297333736374,110.2356175907549
33,Ag,Bacillus subtilis,non-pathogenic,chemical_synthesis,MBEC,quasi-hexagonal,Bacteria,Bacillota,Bacilli,Bacillales,Bacillaceae,Bacillus,p,soil,107.87,10.4,2,0.16,30,11,23.00188061,0.0,0.0,1.78376517,1.1479093434885037,Klebsiella pneumoniae,0.9202918462545849,0.22761749723391878,14.057540503103574,8.323229048997336
34,ZnO,Bacillus subtilis,non-pathogenic,green_synthesis,MBEC,tetragonal,Bacteria,Bacillota,Bacilli,Bacillales,Bacillaceae,Bacillus,p,soil,81.3794,12.0,2,0.16,30,8,22.60496136,17.07,0.6865,4.082482905,1.2897704529615475,Klebsiella pneumoniae,1.0725294280779067,0.21724102488364072,19.488142786096972,11.817603866879015
35,Ag,Bacillus subtilis,non-pathogenic,chemical_synthesis,MBEC,tetragonal,Bacteria,Bacillota,Bacilli,Bacillales,Bacillaceae,Bacillus,p,soil,107.87,18.5,2,0.16,30,11,23.00188061,0.0,0.0,1.78376517,0.21058735609194867,Klebsiella pneumoniae,-0.004884180916311376,0.21547153700826005,1.6240049778451116,0.9888167604101467
36,ZnO,Bacillus subtilis,non-pathogenic,green_synthesis,MIC,quasi-hexagonal,Bacteria,Bacillota,Bacilli,Bacillales,Bacillaceae,Bacillus,p,soil,81.3794,50.0,3,0.16,30,8,22.60496136,17.07,0.6865,4.082482905,-0.22669573738409565,Klebsiella pneumoniae,-0.43614304030654294,0.2094473029224473,0.5933408680133085,0.3663169037337089
37,Ag,Bacillus subtilis,non-pathogenic,green_synthesis,MBC,cubic,Bacteria,Bacillota,Bacilli,Bacillales,Bacillaceae,Bacillus,p,soil,107.87,44.45,3,0.16,30,11,23.00188061,0.0,0.0,1.78376517,0.9996760827645743,Klebsiella pneumoniae,0.7959203240671464,0.2037557586974279,9.99254431077079,6.250580087291506
38,ZnO,Bacillus subtilis,non-pathogenic,chemical_synthesis,MBEC,rod-shaped,Bacteria,Bacillota,Bacilli,Bacillales,Bacillaceae,Bacillus,p,soil,81.3794,17.5,0,0.16,30,8,22.60496136,17.07,0.6865,4.082482905,1.7160788746005173,Klebsiella pneumoniae,1.5130066068956287,0.20307226770488862,52.0090444432036,32.58416579736957
39,Au,Bacillus subtilis,non-pathogenic,green_synthesis,MBEC,quasi-spherical,Bacteria,Bacillota,Bacilli,Bacillales,Bacillaceae,Bacillus,p,soil,196.966569,27.43,2,0.16,30,11,23.00188061,0.0,0.0,2.46797672,1.4038495736799392,Klebsiella pneumoniae,1.2016697490331878,0.20217982464675144,25.342506915641177,15.90998422486128
40,ZnO,Bacillus subtilis,non-pathogenic,chemical_synthesis,MBC,nanoplates,Bacteria,Bacillota,Bacilli,Bacillales,Bacillaceae,Bacillus,p,soil,81.3794,20.0,4,0.16,30,8,22.60496136,17.07,0.6865,4.082482905,1.7602410130097716,Klebsiella pneumoniae,1.5614095280814375,0.19883148492833413,57.57593680620244,36.4258360120774
41,Ag,Bacillus subtilis,non-pathogenic,green_synthesis,MBC,quasi-spherical,Bacteria,Bacillota,Bacilli,Bacillales,Bacillaceae,Bacillus,p,soil,107.87,50.0,3,0.16,30,11,23.00188061,0.0,0.0,1.78376517,0.638466318864729,Klebsiella pneumoniae,0.45431591637063984,0.1841504024940892,4.34977025253543,2.8465309904012233
42,ZnO,Bacillus subtilis,non-pathogenic,green_synthesis,MIC,rod-shaped,Bacteria,Bacillota,Bacilli,Bacillales,Bacillaceae,Bacillus,p,soil,81.3794,12.5,4,0.16,30,8,22.60496136,17.07,0.6865,4.082482905,1.3569810738981587,Klebsiella pneumoniae,1.1807204122260915,0.17626066167206722,22.749982865525276,15.160740432046968
43,Ag,Bacillus subtilis,non-pathogenic,chemical_synthesis,MBEC,nanoplates,Bacteria,Bacillota,Bacilli,Bacillales,Bacillaceae,Bacillus,p,soil,107.87,11.3,4,0.16,30,11,23.00188061,0.0,0.0,1.78376517,2.2248749094205804,Klebsiella pneumoniae,2.0569249277927275,0.1679499816278529,167.83205389734732,114.00527008518492
44,ZnO,Bacillus subtilis,non-pathogenic,green_synthesis,MIC,quasi-spherical,Bacteria,Bacillota,Bacilli,Bacillales,Bacillaceae,Bacillus,p,soil,81.3794,26.06,3,0.16,30,8,22.60496136,17.07,0.6865,4.082482905,1.2823084868536578,Klebsiella pneumoniae,1.1260203979277876,0.1562880889258702,19.156161370222588,13.366582951914308
45,ZnO,Bacillus subtilis,non-pathogenic,green_synthesis,MIC,quasi-hexagonal,Bacteria,Bacillota,Bacilli,Bacillales,Bacillaceae,Bacillus,p,soil,81.3794,10.4,24,0.16,30,8,22.60496136,17.07,0.6865,4.082482905,1.049551630590246,Klebsiella pneumoniae,0.8964285848093126,0.15312304578093328,11.208606704227252,7.878228715580086
46,Ag,Bacillus subtilis,non-pathogenic,green_synthesis,MIC,rod-shaped,Bacteria,Bacillota,Bacilli,Bacillales,Bacillaceae,Bacillus,p,soil,107.87,38.0,1,0.16,30,11,23.00188061,0.0,0.0,1.78376517,0.8178665835120646,Klebsiella pneumoniae,0.6883552528662831,0.12951133064578157,6.574558340452181,4.8792745153890795
47,ZnO,Bacillus subtilis,non-pathogenic,chemical_synthesis,MBC,nanoplates,Bacteria,Bacillota,Bacilli,Bacillales,Bacillaceae,Bacillus,p,soil,81.3794,44.45,4,0.16,30,8,22.60496136,17.07,0.6865,4.082482905,1.8619957696292058,Klebsiella pneumoniae,1.740134389854956,0.12186137977424982,72.7772715422034,54.97109523394607
48,Ag,Bacillus subtilis,non-pathogenic,green_synthesis,MIC,nanoplates,Bacteria,Bacillota,Bacilli,Bacillales,Bacillaceae,Bacillus,p,soil,107.87,45.26,4,0.16,30,11,23.00188061,0.0,0.0,1.78376517,1.3231590112521197,Klebsiella pneumoniae,1.2159815136992647,0.107177497552855,21.045488517937617,16.443017299166065
49,Ag,Bacillus subtilis,non-pathogenic,green_synthesis,MBC,tetragonal,Bacteria,Bacillota,Bacilli,Bacillales,Bacillaceae,Bacillus,p,soil,107.8682,27.43,4,0.16,30,11,23.00188061,0.0,0.0,1.78376517,0.4976936908928702,Klebsiella pneumoniae,0.4396726457109048,0.05802104518196538,3.145528981195123,2.752153455082981
50,Au,Bacillus subtilis,non-pathogenic,green_synthesis,MIC,hexagonal,Bacteria,Bacillota,Bacilli,Bacillales,Bacillaceae,Bacillus,p,soil,196.966569,18.5,4,0.16,30,11,23.00188061,0.0,0.0,2.46797672,1.953122458758081,Klebsiella pneumoniae,1.9000645222463024,0.0530579365117787,89.76818797130709,79.44462552184878
51,CuO,Bacillus subtilis,non-pathogenic,chemical_synthesis,MBC,quasi-hexagonal,Bacteria,Bacillota,Bacilli,Bacillales,Bacillaceae,Bacillus,p,soil,79.5454,12.0,2,0.16,30,17,20.67942236,17.07,0.6865,1.651411411,2.0460244193419928,Klebsiella pneumoniae,2.010029633452192,0.03599478588980087,111.1794239060177,102.33628175716548
52,Ag,Bacillus subtilis,non-pathogenic,green_synthesis,MBEC,hexagonal,Bacteria,Bacillota,Bacilli,Bacillales,Bacillaceae,Bacillus,p,soil,107.87,25.0,0,0.16,30,11,23.00188061,0.0,0.0,1.78376517,2.0947923262787054,Klebsiella pneumoniae,2.0845659935564957,0.01022633272220963,124.39196440550185,121.49712283447278
53,ZnO,Bacillus subtilis,non-pathogenic,chemical_synthesis,MBC,rod-shaped,Bacteria,Bacillota,Bacilli,Bacillales,Bacillaceae,Bacillus,p,soil,81.3794,25.0,18,0.16,30,8,22.60496136,17.07,0.6865,4.082482905,1.1231427104524057,Klebsiella pneumoniae,1.1462744355874008,-0.023131725134995174,13.278307151518813,14.004720171014348
54,Ag,Bacillus subtilis,non-pathogenic,chemical_synthesis,MBC,cubic,Bacteria,Bacillota,Bacilli,Bacillales,Bacillaceae,Bacillus,p,soil,107.87,40.0,0,0.16,30,11,23.00188061,0.0,0.0,1.78376517,1.4339152122788226,Klebsiella pneumoniae,1.474350338104578,-0.04043512582575537,27.159089876047638,29.80920118260443
55,Ag,Bacillus subtilis,non-pathogenic,green_synthesis,MBEC,spherical,Bacteria,Bacillota,Bacilli,Bacillales,Bacillaceae,Bacillus,p,soil,107.87,60.0,18,0.16,30,11,23.00188061,0.0,0.0,1.78376517,1.1239026579408096,Klebsiella pneumoniae,1.2839766705045528,-0.1600740125637432,13.301562455048096,19.229884267578186
56,ZnO,Bacillus subtilis,non-pathogenic,chemical_synthesis,MIC,nanoplates,Bacteria,Bacillota,Bacilli,Bacillales,Bacillaceae,Bacillus,p,soil,81.3794,40.0,3,0.16,30,8,22.60496136,17.07,0.6865,4.082482905,1.5686948414893451,Klebsiella pneumoniae,1.7506862171057669,-0.18199137561642176,37.042035318430855,56.32305680409879
57,CuO,Bacillus subtilis,non-pathogenic,green_synthesis,MIC,spheroidal,Bacteria,Bacillota,Bacilli,Bacillales,Bacillaceae,Bacillus,p,soil,79.5454,35.0,1,0.16,30,17,20.67942236,17.07,0.6865,1.651411411,1.87555008671785,Klebsiella pneumoniae,2.089727701913594,-0.21417761519574374,75.08446432359355,122.94976469614767
58,TiO2,Bacillus subtilis,non-pathogenic,chemical_synthesis,MIC,rod-shaped,Bacteria,Bacillota,Bacilli,Bacillales,Bacillaceae,Bacillus,p,soil,79.866,45.26,1,0.16,30,16,26.40611331,34.14,1.373,2.878049394,1.8616280641399745,Klebsiella pneumoniae,2.100793848867732,-0.2391657847277575,72.71567905644439,126.12287117712815
59,Cu,Bacillus subtilis,non-pathogenic,chemical_synthesis,MIC,spherical,Bacteria,Bacillota,Bacilli,Bacillales,Bacillaceae,Bacillus,p,soil,63.55,26.38,0,0.16,30,11,17.96409803,0.0,0.0,1.243163121,1.3693310433590176,Klebsiella pneumoniae,1.7191943424479958,-0.3498632990889783,23.406207098605822,52.38347949901359
60,Ag,Bacillus subtilis,non-pathogenic,chemical_synthesis,MBC,spherical,Bacteria,Bacillota,Bacilli,Bacillales,Bacillaceae,Bacillus,p,soil,107.87,12.5,1,0.16,30,11,23.00188061,0.0,0.0,1.78376517,1.572024554318463,Klebsiella pneumoniae,1.9682317843099433,-0.3962072299914803,37.327126136187715,92.94623113439108
