,np,bacteria,bac_type,np_synthesis,method,shape,kingdom,phylum,class,order,family,genus,gram,isolated_from,mol_weight (g/mol),np_size_avg (nm),time_set,"min_Incub_period, h","growth_temp, C",Valance_electron,labuteASA,tpsa,CrippenMR,chi0v,pred_MIC_norm,pathogenic_bacteria,pred_MIC_pathogen,Fitness,pred_norm_MIC_original,pred_path_MIC_original
0,ZnO,Bacillus subtilis,non-pathogenic,green_synthesis,MBC,quasi-hexagonal,Bacteria,Bacillota,Bacilli,Bacillales,Bacillaceae,Bacillus,p,soil,81.3794,8.7,0,0.16,30,8,22.60496136,17.07,0.6865,4.082482905,1.3883797063244914,Klebsiella pneumoniae,0.620871478792093,0.7675082275323983,24.455677931511342,4.177067359750717
1,Ag,Bacillus subtilis,non-pathogenic,chemical_synthesis,MIC,quasi-hexagonal,Bacteria,Bacillota,Bacilli,Bacillales,Bacillaceae,Bacillus,p,soil,107.87,6.0,3,0.16,30,11,23.00188061,0.0,0.0,1.78376517,0.9700370967565639,Klebsiella pneumoniae,0.28558168557387,0.6844554111826939,9.333340213269933,1.9301083322374513
2,ZnO,Bacillus subtilis,non-pathogenic,green_synthesis,MIC,quasi-spherical,Bacteria,Bacillota,Bacilli,Bacillales,Bacillaceae,Bacillus,p,soil,81.3794,6.0,3,0.16,30,8,22.60496136,17.07,0.6865,4.082482905,1.6525291163093698,Klebsiella pneumoniae,0.9793810707648398,0.67314804554453,44.929244547513164,9.536325598743817
3,TiO2,Bacillus subtilis,non-pathogenic,chemical_synthesis,MBEC,quasi-spherical,Bacteria,Bacillota,Bacilli,Bacillales,Bacillaceae,Bacillus,p,soil,79.866,5.1,0,0.16,30,16,26.40611331,34.14,1.373,2.878049394,2.929840961513011,Klebsiella pneumoniae,2.2750584193087806,0.6547825422042304,850.8264088140045,188.39024863986933
4,ZnO,Bacillus subtilis,non-pathogenic,green_synthesis,MBC,cubic,Bacteria,Bacillota,Bacilli,Bacillales,Bacillaceae,Bacillus,p,soil,81.3794,9.0,3,0.16,30,8,22.60496136,17.07,0.6865,4.082482905,2.514126731039256,Klebsiella pneumoniae,1.8839771956866183,0.6301495353526376,326.68314734788214,76.5556407352409
5,ZnO,Bacillus subtilis,non-pathogenic,green_synthesis,MBC,cubic,Bacteria,Bacillota,Bacilli,Bacillales,Bacillaceae,Bacillus,p,soil,81.3794,9.0,2,0.16,30,8,22.60496136,17.07,0.6865,4.082482905,2.48780618490854,Klebsiella pneumoniae,1.8697700067568508,0.6180361781516892,307.4724333632479,74.09177628882183
6,Ag,Bacillus subtilis,non-pathogenic,chemical_synthesis,MIC,nanoplates,Bacteria,Bacillota,Bacilli,Bacillales,Bacillaceae,Bacillus,p,soil,107.87,6.0,3,0.16,30,11,23.00188061,0.0,0.0,1.78376517,2.0821300389386943,Klebsiella pneumoniae,1.5051318794072397,0.5769981595314546,120.8175539785232,31.9986664506194
7,TiO2,Bacillus subtilis,non-pathogenic,chemical_synthesis,MBEC,rod-shaped,Bacteria,Bacillota,Bacilli,Bacillales,Bacillaceae,Bacillus,p,soil,79.866,6.0,3,0.16,30,16,26.40611331,34.14,1.373,2.878049394,2.7744757365741197,Klebsiella pneumoniae,2.210770554500014,0.5637051820741057,594.9435171674526,162.4690176249068
8,ZnO,Bacillus subtilis,non-pathogenic,chemical_synthesis,MIC,quasi-spherical,Bacteria,Bacillota,Bacilli,Bacillales,Bacillaceae,Bacillus,p,soil,81.3794,6.0,0,0.16,30,8,22.60496136,17.07,0.6865,4.082482905,1.6702423360704317,Klebsiella pneumoniae,1.1141210202650367,0.556121315805395,46.799621005761765,13.00531933067988
9,TiO2,Bacillus subtilis,non-pathogenic,green_synthesis,MBEC,hexagonal,Bacteria,Bacillota,Bacilli,Bacillales,Bacillaceae,Bacillus,p,soil,79.866,9.0,4,0.16,30,16,26.40611331,34.14,1.373,2.878049394,3.2598132890566625,Klebsiella pneumoniae,2.716527566780262,0.5432857222764005,1818.9187048997774,520.6280545442154
10,ZnO,Bacillus subtilis,non-pathogenic,green_synthesis,MBEC,nanoplates,Bacteria,Bacillota,Bacilli,Bacillales,Bacillaceae,Bacillus,p,soil,81.3794,8.7,1,0.16,30,8,22.60496136,17.07,0.6865,4.082482905,2.599020461875455,Klebsiella pneumoniae,2.062862372130877,0.5361580897445779,397.2102636733229,115.57459284069495
11,TiO2,Bacillus subtilis,non-pathogenic,chemical_synthesis,MBC,cubic,Bacteria,Bacillota,Bacilli,Bacillales,Bacillaceae,Bacillus,p,soil,79.866,10.0,4,0.16,30,16,26.40611331,34.14,1.373,2.878049394,2.964448321492532,Klebsiella pneumoniae,2.4615433363637442,0.5029049851287879,921.4002409628163,289.4298612168129
12,ZnO,Bacillus subtilis,non-pathogenic,green_synthesis,MBC,quasi-spherical,Bacteria,Bacillota,Bacilli,Bacillales,Bacillaceae,Bacillus,p,soil,81.3794,18.5,1,0.16,30,8,22.60496136,17.07,0.6865,4.082482905,1.778593830969792,Klebsiella pneumoniae,1.2952036224114962,0.48339020855829573,60.06117593388127,19.73347738985154
13,Ag,Bacillus subtilis,non-pathogenic,chemical_synthesis,MIC,nanoplates,Bacteria,Bacillota,Bacilli,Bacillales,Bacillaceae,Bacillus,p,soil,107.87,8.7,4,0.16,30,11,23.00188061,0.0,0.0,1.78376517,1.941962169742727,Klebsiella pneumoniae,1.4649504822950332,0.47701168744769373,87.49075609970396,29.170943916431668
14,ZnO,Bacillus subtilis,non-pathogenic,green_synthesis,MBC,quasi-spherical,Bacteria,Bacillota,Bacilli,Bacillales,Bacillaceae,Bacillus,p,soil,81.3794,26.38,3,0.16,30,8,22.60496136,17.07,0.6865,4.082482905,1.9062585833820855,Klebsiella pneumoniae,1.4322281423164944,0.4740304410655911,80.58581145577897,27.053791728220784
15,TiO2,Bacillus subtilis,non-pathogenic,green_synthesis,MBEC,spherical,Bacteria,Bacillota,Bacilli,Bacillales,Bacillaceae,Bacillus,p,soil,79.866,10.0,3,0.16,30,16,26.40611331,34.14,1.373,2.878049394,2.9264689431595787,Klebsiella pneumoniae,2.4645144209048793,0.46195452225469946,844.2458668690933,291.416689912699
16,ZnO,Bacillus subtilis,non-pathogenic,green_synthesis,MBC,nanoplates,Bacteria,Bacillota,Bacilli,Bacillales,Bacillaceae,Bacillus,p,soil,81.3794,8.0,18,0.16,30,8,22.60496136,17.07,0.6865,4.082482905,2.4223275673052718,Klebsiella pneumoniae,1.9802188025886243,0.4421087647166475,264.44025501555336,95.5473843565395
17,CuO,Bacillus subtilis,non-pathogenic,green_synthesis,MBC,spheroidal,Bacteria,Bacillota,Bacilli,Bacillales,Bacillaceae,Bacillus,p,soil,79.5454,10.0,3,0.16,30,17,20.67942236,17.07,0.6865,1.651411411,3.597633088820833,Klebsiella pneumoniae,3.159735838803007,0.437897250017826,3959.433824362447,1444.560844084413
18,Ni,Bacillus subtilis,non-pathogenic,green_synthesis,MBC,spheroidal,Bacteria,Bacillota,Bacilli,Bacillales,Bacillaceae,Bacillus,p,soil,58.6934,9.0,2,0.16,30,10,17.41523038,0.0,0.0,1.303840481,2.9623122639267643,Klebsiella pneumoniae,2.5346154028655907,0.42769686106117355,916.8795026136094,342.46437685532146
19,Al2O3,Bacillus subtilis,non-pathogenic,green_synthesis,MBC,quasi-spherical,Bacteria,Bacillota,Bacilli,Bacillales,Bacillaceae,Bacillus,p,soil,101.961276,8.7,0,0.16,30,24,51.55776403,85.5,13.5675,4.688846487,2.773163873915559,Klebsiella pneumoniae,2.3489189250114904,0.4242449489040685,593.1490974639271,223.3155293884699
20,ZnO,Bacillus subtilis,non-pathogenic,chemical_synthesis,MBC,rod-shaped,Bacteria,Bacillota,Bacilli,Bacillales,Bacillaceae,Bacillus,p,soil,81.3794,9.0,0,0.16,30,8,22.60496136,17.07,0.6865,4.082482905,1.5448416323147263,Klebsiella pneumoniae,1.1218122248861677,0.42302940742855855,35.06239938204415,13.237690558279638
21,Ag,Bacillus subtilis,non-pathogenic,chemical_synthesis,MIC,quasi-spherical,Bacteria,Bacillota,Bacilli,Bacillales,Bacillaceae,Bacillus,p,soil,107.87,12.0,4,0.16,30,11,23.00188061,0.0,0.0,1.78376517,1.366181053524473,Klebsiella pneumoniae,0.9556979101191999,0.41048314340527303,23.237053266349456,9.030211248639711
22,ZnO,Bacillus subtilis,non-pathogenic,green_synthesis,MBC,quasi-spherical,Bacteria,Bacillota,Bacilli,Bacillales,Bacillaceae,Bacillus,p,soil,81.3794,30.0,4,0.16,30,8,22.60496136,17.07,0.6865,4.082482905,1.4522345066666311,Klebsiella pneumoniae,1.0426071625362026,0.40962734413042856,28.32921279785346,11.03080386303436
23,Au,Bacillus subtilis,non-pathogenic,chemical_synthesis,MBC,quasi-hexagonal,Bacteria,Bacillota,Bacilli,Bacillales,Bacillaceae,Bacillus,p,soil,196.966569,79.0,4,0.16,30,11,23.00188061,0.0,0.0,2.46797672,0.719677765530023,Klebsiella pneumoniae,0.32758660971662334,0.3920911558133997,5.244182120817813,2.1261143059282115
24,ZnO,Bacillus subtilis,non-pathogenic,green_synthesis,MBC,hexagonal,Bacteria,Bacillota,Bacilli,Bacillales,Bacillaceae,Bacillus,p,soil,81.3794,27.43,4,0.16,30,8,22.60496136,17.07,0.6865,4.082482905,2.119414730228221,Klebsiella pneumoniae,1.7383756042052751,0.38103912602294576,131.64814081933406,54.74892601104475
25,Ag,Bacillus subtilis,non-pathogenic,chemical_synthesis,MIC,nanoplates,Bacteria,Bacillota,Bacilli,Bacillales,Bacillaceae,Bacillus,p,soil,107.87,10.4,1,0.16,30,11,23.00188061,0.0,0.0,1.78376517,1.8970670507875933,Klebsiella pneumoniae,1.5284873261690812,0.3685797246185121,78.89819192479418,33.76659945353275
26,ZnO,Bacillus subtilis,non-pathogenic,green_synthesis,MIC,spheroidal,Bacteria,Bacillota,Bacilli,Bacillales,Bacillaceae,Bacillus,p,soil,81.3794,6.0,4,0.16,30,8,22.60496136,17.07,0.6865,4.082482905,1.4883975495792767,Klebsiella pneumoniae,1.1287704906276943,0.3596270589515824,30.789139375296283,13.451493020527524
27,Ag,Bacillus subtilis,non-pathogenic,chemical_synthesis,MIC,quasi-hexagonal,Bacteria,Bacillota,Bacilli,Bacillales,Bacillaceae,Bacillus,p,soil,107.87,41.23,0,0.16,30,11,23.00188061,0.0,0.0,1.78376517,0.026957277435542437,Klebsiella pneumoniae,-0.3323773852368528,0.3593346626723952,1.0640383411342103,0.4651816928063568
28,ZnO,Bacillus subtilis,non-pathogenic,green_synthesis,MBC,tetragonal,Bacteria,Bacillota,Bacilli,Bacillales,Bacillaceae,Bacillus,p,soil,81.3794,8.7,4,0.16,30,8,22.60496136,17.07,0.6865,4.082482905,1.6864570580611908,Klebsiella pneumoniae,1.3272694448036784,0.3591876132575125,48.57994939386461,21.245621731799133
29,Cu,Bacillus subtilis,non-pathogenic,green_synthesis,MBC,quasi-hexagonal,Bacteria,Bacillota,Bacilli,Bacillales,Bacillaceae,Bacillus,p,soil,63.55,10.0,0,0.16,30,11,17.96409803,0.0,0.0,1.243163121,1.3116121214779792,Klebsiella pneumoniae,0.9539162703154372,0.357695851162542,20.493310559170336,8.993241798585021
30,Au,Bacillus subtilis,non-pathogenic,green_synthesis,MIC,rod-shaped,Bacteria,Bacillota,Bacilli,Bacillales,Bacillaceae,Bacillus,p,soil,196.966569,40.0,3,0.16,30,11,23.00188061,0.0,0.0,2.46797672,1.099660595759026,Klebsiella pneumoniae,0.7433401866959183,0.3563204090631077,12.57941936935234,5.537837230385808
31,ZnO,Bacillus subtilis,non-pathogenic,green_synthesis,MBEC,quasi-hexagonal,Bacteria,Bacillota,Bacilli,Bacillales,Bacillaceae,Bacillus,p,soil,81.3794,60.0,0,0.16,30,8,22.60496136,17.07,0.6865,4.082482905,0.6384497631072399,Klebsiella pneumoniae,0.2856892410042282,0.3527605221030117,4.349604437928445,1.9305863934354193
32,Ag,Bacillus subtilis,non-pathogenic,chemical_synthesis,MBC,spheroidal,Bacteria,Bacillota,Bacilli,Bacillales,Bacillaceae,Bacillus,p,soil,196.966569,27.43,18,0.16,30,11,23.00188061,0.0,0.0,2.46797672,1.1527417063916783,Klebsiella pneumoniae,0.8132635428397571,0.3394781635519212,14.214831185183908,6.505243281491641
33,Cu,Bacillus subtilis,non-pathogenic,green_synthesis,MBC,nanoplates,Bacteria,Bacillota,Bacilli,Bacillales,Bacillaceae,Bacillus,p,soil,63.55,5.1,0,0.16,30,11,17.96409803,0.0,0.0,1.243163121,2.0674254389571347,Klebsiella pneumoniae,1.729127172362557,0.33829826659457773,116.79531947689213,53.595357524298834
34,ZnO,Bacillus subtilis,non-pathogenic,chemical_synthesis,MBC,quasi-hexagonal,Bacteria,Bacillota,Bacilli,Bacillales,Bacillaceae,Bacillus,p,soil,81.3794,26.06,1,0.16,30,8,22.60496136,17.07,0.6865,4.082482905,0.45163476091354937,Klebsiella pneumoniae,0.11832223579227374,0.3333125251212756,2.829011812904674,1.3131738802649044
35,ZnO,Bacillus subtilis,non-pathogenic,green_synthesis,MBEC,quasi-spherical,Bacteria,Bacillota,Bacilli,Bacillales,Bacillaceae,Bacillus,p,soil,81.3794,25.0,2,0.16,30,8,22.60496136,17.07,0.6865,4.082482905,2.0036923672842084,Klebsiella pneumoniae,1.6891674884051031,0.3145248788791053,100.85382344264666,48.88408475495855
36,Au,Bacillus subtilis,non-pathogenic,green_synthesis,MBC,spherical,Bacteria,Bacillota,Bacilli,Bacillales,Bacillaceae,Bacillus,p,soil,196.966569,37.86,0,0.16,30,11,23.00188061,0.0,0.0,2.46797672,1.2706652874755464,Klebsiella pneumoniae,0.9893377630727884,0.281327524402758,18.649418185703624,9.757482096124523
37,ZnO,Bacillus subtilis,non-pathogenic,green_synthesis,MIC,quasi-spherical,Bacteria,Bacillota,Bacilli,Bacillales,Bacillaceae,Bacillus,p,soil,196.966569,17.5,0,0.16,30,11,23.00188061,0.0,0.0,2.46797672,1.560629389299916,Klebsiella pneumoniae,1.3513166633303995,0.20931272596951644,36.360461708796564,22.455186340431915
38,CeO2,Bacillus subtilis,non-pathogenic,chemical_synthesis,MIC,tetragonal,Bacteria,Bacillota,Bacilli,Bacillales,Bacillaceae,Bacillus,p,soil,172.115,79.0,4,0.16,30,16,39.19032095,34.14,1.373,4.456551526,0.16688082318983177,Klebsiella pneumoniae,-0.02853135273539653,0.1954121759252283,1.4685232379142765,0.9364156154185223
39,ZnO,Bacillus subtilis,non-pathogenic,chemical_synthesis,MBEC,quasi-hexagonal,Bacteria,Bacillota,Bacilli,Bacillales,Bacillaceae,Bacillus,p,soil,81.3794,37.86,1,0.16,30,8,22.60496136,17.07,0.6865,4.082482905,0.6256325901084616,Klebsiella pneumoniae,0.44554476521497866,0.18008782489348296,4.223111909813819,2.7896181834147584
40,CuO,Bacillus subtilis,non-pathogenic,green_synthesis,MBC,spheroidal,Bacteria,Bacillota,Bacilli,Bacillales,Bacillaceae,Bacillus,p,soil,79.5454,41.23,0,0.16,30,17,20.67942236,17.07,0.6865,1.651411411,2.4081021739254798,Klebsiella pneumoniae,2.2335283201970486,0.17457385372843115,255.91879012726625,171.20968183202595
41,ZnO,Bacillus subtilis,non-pathogenic,chemical_synthesis,MBC,spherical,Bacteria,Bacillota,Bacilli,Bacillales,Bacillaceae,Bacillus,p,soil,81.3794,12.5,0,0.16,30,8,22.60496136,17.07,0.6865,4.082482905,1.77126860100159,Klebsiella pneumoniae,1.6074352750174303,0.16383332598415956,59.05662186691304,40.498158429734914
42,Ag,Bacillus subtilis,non-pathogenic,green_synthesis,MBEC,triangular,Bacteria,Bacillota,Bacilli,Bacillales,Bacillaceae,Bacillus,p,soil,107.87,38.0,0,0.16,30,11,23.00188061,0.0,0.0,1.78376517,-0.20844616187356424,Klebsiella pneumoniae,-0.36600397926229045,0.1575578173887262,0.6188050341201898,0.4305226657709532
43,Au,Bacillus subtilis,non-pathogenic,green_synthesis,MIC,quasi-spherical,Bacteria,Bacillota,Bacilli,Bacillales,Bacillaceae,Bacillus,p,soil,196.966569,17.5,2,0.16,30,11,23.00188061,0.0,0.0,2.46797672,1.655323108717472,Klebsiella pneumoniae,1.5031063062008319,0.15221680251664016,45.21922436479538,31.849770420460256
44,Ag,Bacillus subtilis,non-pathogenic,green_synthesis,MBEC,triangular,Bacteria,Bacillota,Bacilli,Bacillales,Bacillaceae,Bacillus,p,soil,107.8682,10.0,1,0.16,30,11,23.00188061,0.0,0.0,1.78376517,0.21423778385244518,Klebsiella pneumoniae,0.09202664147812545,0.12221114237431974,1.6377129525894638,1.2360232540636082
45,Ag,Bacillus subtilis,non-pathogenic,green_synthesis,MIC,tetragonal,Bacteria,Bacillota,Bacilli,Bacillales,Bacillaceae,Bacillus,p,soil,107.8682,40.0,1,0.16,30,11,23.00188061,0.0,0.0,1.78376517,-0.5012389055126669,Klebsiella pneumoniae,-0.5857340450326727,0.08449513952000576,0.31532695317537696,0.2595768482432113
46,ZnO,Bacillus subtilis,non-pathogenic,chemical_synthesis,MBEC,hexagonal,Bacteria,Bacillota,Bacilli,Bacillales,Bacillaceae,Bacillus,p,soil,81.3794,22.5,1,0.16,30,8,22.60496136,17.07,0.6865,4.082482905,2.1584189057983787,Klebsiella pneumoniae,2.0896997983445216,0.06871910745385712,144.0187064336004,122.94186538546354
47,Ag,Bacillus subtilis,non-pathogenic,green_synthesis,MIC,cubic,Bacteria,Bacillota,Bacilli,Bacillales,Bacillaceae,Bacillus,p,soil,107.87,22.5,3,0.16,30,11,23.00188061,0.0,0.0,1.78376517,1.802109749824515,Klebsiella pneumoniae,1.7408833039385518,0.061226445885963265,63.40299156419845,55.06597128216222
48,ZnO,Bacillus subtilis,non-pathogenic,green_synthesis,MIC,nanoplates,Bacteria,Bacillota,Bacilli,Bacillales,Bacillaceae,Bacillus,p,soil,81.3794,100.0,2,0.16,30,8,22.60496136,17.07,0.6865,4.082482905,1.0523363636121947,Klebsiella pneumoniae,1.0170771083507022,0.03525925526149254,11.280708153545575,10.401048185269692
49,Au,Bacillus subtilis,non-pathogenic,green_synthesis,MBC,nanoplates,Bacteria,Bacillota,Bacilli,Bacillales,Bacillaceae,Bacillus,p,soil,196.966569,30.0,1,0.16,30,11,23.00188061,0.0,0.0,2.46797672,1.4322452483438055,Klebsiella pneumoniae,1.4173564302847916,0.014888818059013875,27.0548573462142,26.14306064087547
50,ZnO,Bacillus subtilis,non-pathogenic,chemical_synthesis,MBEC,tetragonal,Bacteria,Bacillota,Bacilli,Bacillales,Bacillaceae,Bacillus,p,soil,81.3794,12.5,1,0.16,30,8,22.60496136,17.07,0.6865,4.082482905,1.081494015952635,Klebsiella pneumoniae,1.077140747438973,0.004353268513662023,12.064074652615265,11.943751183661481
51,Ag,Bacillus subtilis,non-pathogenic,chemical_synthesis,MIC,cubic,Bacteria,Bacillota,Bacilli,Bacillales,Bacillaceae,Bacillus,p,soil,107.87,100.0,24,0.16,30,11,23.00188061,0.0,0.0,1.78376517,1.3855317528374407,Klebsiella pneumoniae,1.382079649967082,0.0034521028703586865,24.29583071116282,24.103474478669742
52,Ag,Bacillus subtilis,non-pathogenic,chemical_synthesis,MIC,triangular,Bacteria,Bacillota,Bacilli,Bacillales,Bacillaceae,Bacillus,p,soil,107.8682,11.3,3,0.16,30,11,23.00188061,0.0,0.0,1.78376517,-0.02331069794856111,Klebsiella pneumoniae,-0.020518488920809208,-0.002792209027751902,0.9477401993509115,0.9538531342425426
53,ZnO,Bacillus subtilis,non-pathogenic,chemical_synthesis,MIC,quasi-hexagonal,Bacteria,Bacillota,Bacilli,Bacillales,Bacillaceae,Bacillus,p,soil,81.3794,40.0,3,0.16,30,8,22.60496136,17.07,0.6865,4.082482905,0.09733566857619214,Klebsiella pneumoniae,0.1303400295140804,-0.03300436093788828,1.2512257357861294,1.3500194624546933
54,Ag,Bacillus subtilis,non-pathogenic,chemical_synthesis,MBC,hexagonal,Bacteria,Bacillota,Bacilli,Bacillales,Bacillaceae,Bacillus,p,soil,107.8682,18.5,1,0.16,30,11,23.00188061,0.0,0.0,1.78376517,1.8008040915499777,Klebsiella pneumoniae,1.8358343500147094,-0.035030258464731734,63.21266373320186,68.52268152061491
55,ZnO,Bacillus subtilis,non-pathogenic,chemical_synthesis,MIC,tetragonal,Bacteria,Bacillota,Bacilli,Bacillales,Bacillaceae,Bacillus,p,soil,81.3794,18.5,4,0.16,30,8,22.60496136,17.07,0.6865,4.082482905,-0.025382906576697506,Klebsiella pneumoniae,0.03620406257987163,-0.06158696915656914,0.9432288882613473,1.0869362239538538
56,Ag,Bacillus subtilis,non-pathogenic,green_synthesis,MIC,hexagonal,Bacteria,Bacillota,Bacilli,Bacillales,Bacillaceae,Bacillus,p,soil,107.87,50.0,24,0.16,30,11,23.00188061,0.0,0.0,1.78376517,1.4611310845349994,Klebsiella pneumoniae,1.5462529912354062,-0.08512190670040676,28.91552517491206,35.17652960461225
57,ZnO,Bacillus subtilis,non-pathogenic,chemical_synthesis,MBEC,spheroidal,Bacteria,Bacillota,Bacilli,Bacillales,Bacillaceae,Bacillus,p,soil,81.3794,35.0,4,0.16,30,8,22.60496136,17.07,0.6865,4.082482905,1.7704578974314287,Klebsiella pneumoniae,1.8902263164543895,-0.11976841902296087,58.9464828776868,77.66517344268539
58,ZnO,Bacillus subtilis,non-pathogenic,chemical_synthesis,MIC,hexagonal,Bacteria,Bacillota,Bacilli,Bacillales,Bacillaceae,Bacillus,p,soil,81.3794,12.5,18,0.16,30,8,22.60496136,17.07,0.6865,4.082482905,2.028375168739022,Klebsiella pneumoniae,2.20806049136164,-0.17968532262261805,106.75179068531669,161.4583430852423
59,Pt,Bacillus subtilis,non-pathogenic,chemical_synthesis,MBC,tetragonal,Bacteria,Bacillota,Bacilli,Bacillales,Bacillaceae,Bacillus,p,soil,195.084,22.5,0,0.16,30,10,21.75656585,0.0,0.0,2.588435821,0.8483976822848437,Klebsiella pneumoniae,1.0367438294152003,-0.18834614713035658,7.0533865004162655,10.882879723392815
60,Ag,Bacillus subtilis,non-pathogenic,chemical_synthesis,MBC,cubic,Bacteria,Bacillota,Bacilli,Bacillales,Bacillaceae,Bacillus,p,soil,107.87,17.5,24,0.16,30,11,23.00188061,0.0,0.0,1.78376517,1.5141835922073084,Klebsiella pneumoniae,1.891755507343622,-0.3775719151363137,32.67259220139153,77.93912169037901
