,np,bacteria,bac_type,np_synthesis,method,shape,kingdom,phylum,class,order,family,genus,gram,isolated_from,mol_weight (g/mol),np_size_avg (nm),time_set,"min_Incub_period, h","growth_temp, C",Valance_electron,labuteASA,tpsa,CrippenMR,chi0v,pred_MIC_norm,pathogenic_bacteria,pred_MIC_pathogen,Fitness,pred_norm_MIC_original,pred_path_MIC_original
0,ZnO,Bacillus subtilis,non-pathogenic,green_synthesis,MBEC,quasi-spherical,Bacteria,Bacillota,Bacilli,Bacillales,Bacillaceae,Bacillus,p,soil,81.3794,6.0,4,0.16,30,8,22.60496136,17.07,0.6865,4.082482905,2.363948169167031,Klebsiella pneumoniae,1.5465017446452458,0.8174464245217854,231.17888734916215,35.19668364410371
1,Ag,Bacillus subtilis,non-pathogenic,chemical_synthesis,MIC,quasi-hexagonal,Bacteria,Bacillota,Bacilli,Bacillales,Bacillaceae,Bacillus,p,soil,107.87,6.0,3,0.16,30,11,23.00188061,0.0,0.0,1.78376517,0.9700370967565639,Klebsiella pneumoniae,0.28558168557387,0.6844554111826939,9.333340213269933,1.9301083322374513
2,ZnO,Bacillus subtilis,non-pathogenic,green_synthesis,MIC,quasi-spherical,Bacteria,Bacillota,Bacilli,Bacillales,Bacillaceae,Bacillus,p,soil,81.3794,6.0,3,0.16,30,8,22.60496136,17.07,0.6865,4.082482905,1.6525291163093698,Klebsiella pneumoniae,0.9793810707648398,0.67314804554453,44.929244547513164,9.536325598743817
3,TiO2,Bacillus subtilis,non-pathogenic,chemical_synthesis,MBEC,quasi-spherical,Bacteria,Bacillota,Bacilli,Bacillales,Bacillaceae,Bacillus,p,soil,79.866,5.1,0,0.16,30,16,26.40611331,34.14,1.373,2.878049394,2.929840961513011,Klebsiella pneumoniae,2.2750584193087806,0.6547825422042304,850.8264088140045,188.39024863986933
4,ZnO,Bacillus subtilis,non-pathogenic,chemical_synthesis,MBC,quasi-spherical,Bacteria,Bacillota,Bacilli,Bacillales,Bacillaceae,Bacillus,p,soil,81.3794,5.1,4,0.16,30,8,22.60496136,17.07,0.6865,4.082482905,1.5899445263489786,Klebsiella pneumoniae,0.9415295713435466,0.648414955005432,38.899545434147726,8.740365041775089
5,CuO,Bacillus subtilis,non-pathogenic,green_synthesis,MBC,quasi-spherical,Bacteria,Bacillota,Bacilli,Bacillales,Bacillaceae,Bacillus,p,soil,79.5454,5.1,4,0.16,30,17,20.67942236,17.07,0.6865,1.651411411,3.342365083868618,Klebsiella pneumoniae,2.716526375710394,0.625838708158224,2199.70825119575,520.6266267030529
6,Ag,Bacillus subtilis,non-pathogenic,green_synthesis,MIC,spheroidal,Bacteria,Bacillota,Bacilli,Bacillales,Bacillaceae,Bacillus,p,soil,107.87,50.0,18,0.16,30,11,23.00188061,0.0,0.0,1.78376517,0.9745455288699738,Klebsiella pneumoniae,0.35498861025762096,0.6195569186123528,9.430734725339864,2.264584916147646
7,ZnO,Bacillus subtilis,non-pathogenic,green_synthesis,MIC,quasi-hexagonal,Bacteria,Bacillota,Bacilli,Bacillales,Bacillaceae,Bacillus,p,soil,81.3794,8.0,4,0.16,30,8,22.60496136,17.07,0.6865,4.082482905,0.7342059741789706,Klebsiella pneumoniae,0.14533760495216153,0.5888683692268091,5.42258007797156,1.397454269750874
8,Ag,Bacillus subtilis,non-pathogenic,chemical_synthesis,MBEC,spheroidal,Bacteria,Bacillota,Bacilli,Bacillales,Bacillaceae,Bacillus,p,soil,107.87,5.1,18,0.16,30,11,23.00188061,0.0,0.0,1.78376517,1.8849745102159878,Klebsiella pneumoniae,1.3012146944889535,0.5837598157270343,76.73164523985572,20.008507504149204
9,TiO2,Bacillus subtilis,non-pathogenic,chemical_synthesis,MBEC,rod-shaped,Bacteria,Bacillota,Bacilli,Bacillales,Bacillaceae,Bacillus,p,soil,79.866,6.0,3,0.16,30,16,26.40611331,34.14,1.373,2.878049394,2.7744757365741197,Klebsiella pneumoniae,2.210770554500014,0.5637051820741057,594.9435171674526,162.4690176249068
10,ZnO,Bacillus subtilis,non-pathogenic,chemical_synthesis,MIC,quasi-spherical,Bacteria,Bacillota,Bacilli,Bacillales,Bacillaceae,Bacillus,p,soil,81.3794,6.0,0,0.16,30,8,22.60496136,17.07,0.6865,4.082482905,1.6702423360704317,Klebsiella pneumoniae,1.1141210202650367,0.556121315805395,46.799621005761765,13.00531933067988
11,TiO2,Bacillus subtilis,non-pathogenic,green_synthesis,MBEC,hexagonal,Bacteria,Bacillota,Bacilli,Bacillales,Bacillaceae,Bacillus,p,soil,79.866,9.0,4,0.16,30,16,26.40611331,34.14,1.373,2.878049394,3.2598132890566625,Klebsiella pneumoniae,2.716527566780262,0.5432857222764005,1818.9187048997774,520.6280545442154
12,ZnO,Bacillus subtilis,non-pathogenic,chemical_synthesis,MBC,hexagonal,Bacteria,Bacillota,Bacilli,Bacillales,Bacillaceae,Bacillus,p,soil,81.3794,6.0,3,0.16,30,8,22.60496136,17.07,0.6865,4.082482905,2.0996010013685735,Klebsiella pneumoniae,1.5618444345586016,0.537756566809972,125.77693325323804,36.46233144870983
13,TiO2,Bacillus subtilis,non-pathogenic,chemical_synthesis,MBC,nanoplates,Bacteria,Bacillota,Bacilli,Bacillales,Bacillaceae,Bacillus,p,soil,79.866,5.1,0,0.16,30,16,26.40611331,34.14,1.373,2.878049394,3.004111084098445,Klebsiella pneumoniae,2.482495996964425,0.5216150871340202,1009.5110663918337,303.7358095485057
14,Ag,Bacillus subtilis,non-pathogenic,green_synthesis,MBEC,spheroidal,Bacteria,Bacillota,Bacilli,Bacillales,Bacillaceae,Bacillus,p,soil,107.8682,50.0,18,0.16,30,11,23.00188061,0.0,0.0,1.78376517,1.557432340544798,Klebsiella pneumoniae,1.0388005299231526,0.5186318106216454,36.0937778112958,10.934540309552263
15,Au,Bacillus subtilis,non-pathogenic,green_synthesis,MIC,spheroidal,Bacteria,Bacillota,Bacilli,Bacillales,Bacillaceae,Bacillus,p,soil,196.966569,40.0,24,0.16,30,11,23.00188061,0.0,0.0,2.46797672,1.591638769474513,Klebsiella pneumoniae,1.0781625959572656,0.5134761735172475,39.05159435570413,11.971886641074832
16,TiO2,Bacillus subtilis,non-pathogenic,chemical_synthesis,MBEC,cubic,Bacteria,Bacillota,Bacilli,Bacillales,Bacillaceae,Bacillus,p,soil,79.866,8.7,4,0.16,30,16,26.40611331,34.14,1.373,2.878049394,3.2069056499305697,Klebsiella pneumoniae,2.6977737085803053,0.5091319413502644,1610.2957619287636,498.6246087902988
17,ZnO,Bacillus subtilis,non-pathogenic,green_synthesis,MBC,quasi-hexagonal,Bacteria,Bacillota,Bacilli,Bacillales,Bacillaceae,Bacillus,p,soil,81.3794,22.5,1,0.16,30,8,22.60496136,17.07,0.6865,4.082482905,0.9574984834425313,Klebsiella pneumoniae,0.4554737589979536,0.5020247244445777,9.067727981253894,2.854130055930288
18,Pd,Bacillus subtilis,non-pathogenic,chemical_synthesis,MBEC,quasi-hexagonal,Bacteria,Bacillota,Bacilli,Bacillales,Bacillaceae,Bacillus,p,soil,195.084,6.0,4,0.16,30,10,21.14774404,0.0,0.0,1.870828693,1.0467780666078437,Klebsiella pneumoniae,0.5455060158867004,0.5012720507211432,11.137252516890321,3.511607887938157
19,ZnO,Bacillus subtilis,non-pathogenic,green_synthesis,MBEC,spherical,Bacteria,Bacillota,Bacilli,Bacillales,Bacillaceae,Bacillus,p,soil,81.3794,12.0,3,0.16,30,8,22.60496136,17.07,0.6865,4.082482905,2.4656849227055537,Klebsiella pneumoniae,1.9698411600908328,0.49584376261472096,292.2031697225495,93.29130325345969
20,CeO2,Bacillus subtilis,non-pathogenic,chemical_synthesis,MIC,cubic,Bacteria,Bacillota,Bacilli,Bacillales,Bacillaceae,Bacillus,p,soil,172.115,10.4,1,0.16,30,16,39.19032095,34.14,1.373,4.456551526,3.013049164261173,Klebsiella pneumoniae,2.5292082347416587,0.4838409295195145,1030.5027717966998,338.2269697958369
21,ZnO,Bacillus subtilis,non-pathogenic,green_synthesis,MIC,quasi-hexagonal,Bacteria,Bacillota,Bacilli,Bacillales,Bacillaceae,Bacillus,p,soil,81.3794,11.3,2,0.16,30,8,22.60496136,17.07,0.6865,4.082482905,0.769837744366725,Klebsiella pneumoniae,0.29048627673924,0.47935146762748504,5.88623700098087,1.9520290509502938
22,Ag,Bacillus subtilis,non-pathogenic,chemical_synthesis,MIC,nanoplates,Bacteria,Bacillota,Bacilli,Bacillales,Bacillaceae,Bacillus,p,soil,107.87,8.7,4,0.16,30,11,23.00188061,0.0,0.0,1.78376517,1.941962169742727,Klebsiella pneumoniae,1.4649504822950332,0.47701168744769373,87.49075609970396,29.170943916431668
23,ZnO,Bacillus subtilis,non-pathogenic,green_synthesis,MBC,quasi-spherical,Bacteria,Bacillota,Bacilli,Bacillales,Bacillaceae,Bacillus,p,soil,81.3794,26.38,3,0.16,30,8,22.60496136,17.07,0.6865,4.082482905,1.9062585833820855,Klebsiella pneumoniae,1.4322281423164944,0.4740304410655911,80.58581145577897,27.053791728220784
24,Pd,Bacillus subtilis,non-pathogenic,green_synthesis,MBC,quasi-spherical,Bacteria,Bacillota,Bacilli,Bacillales,Bacillaceae,Bacillus,p,soil,195.084,8.7,0,0.16,30,10,21.14774404,0.0,0.0,1.870828693,1.8080209347145095,Klebsiella pneumoniae,1.3397012453984511,0.4683196893160584,64.27186981577312,21.86257162987258
25,ZnO,Bacillus subtilis,non-pathogenic,chemical_synthesis,MBC,spheroidal,Bacteria,Bacillota,Bacilli,Bacillales,Bacillaceae,Bacillus,p,soil,81.3794,5.1,24,0.16,30,8,22.60496136,17.07,0.6865,4.082482905,2.2465860841982614,Klebsiella pneumoniae,1.7805475792242682,0.46603850497399324,176.4355453636995,60.33198011351597
26,ZnO,Bacillus subtilis,non-pathogenic,green_synthesis,MIC,cubic,Bacteria,Bacillota,Bacilli,Bacillales,Bacillaceae,Bacillus,p,soil,81.3794,9.0,4,0.16,30,8,22.60496136,17.07,0.6865,4.082482905,1.8890911122488536,Klebsiella pneumoniae,1.4250640061801747,0.4640271060686789,77.46242920577748,26.61117225494842
27,TiO2,Bacillus subtilis,non-pathogenic,green_synthesis,MBEC,spherical,Bacteria,Bacillota,Bacilli,Bacillales,Bacillaceae,Bacillus,p,soil,79.866,10.0,3,0.16,30,16,26.40611331,34.14,1.373,2.878049394,2.9264689431595787,Klebsiella pneumoniae,2.4645144209048793,0.46195452225469946,844.2458668690933,291.416689912699
28,Pd,Bacillus subtilis,non-pathogenic,green_synthesis,MBC,quasi-spherical,Bacteria,Bacillota,Bacilli,Bacillales,Bacillaceae,Bacillus,p,soil,195.084,8.0,3,0.16,30,10,21.14774404,0.0,0.0,1.870828693,1.7645957632668874,Klebsiella pneumoniae,1.3122058033403574,0.45238995992652997,58.1561654301884,20.5213441329379
29,Ag,Bacillus subtilis,non-pathogenic,green_synthesis,MBC,spheroidal,Bacteria,Bacillota,Bacilli,Bacillales,Bacillaceae,Bacillus,p,soil,107.87,10.0,18,0.16,30,11,23.00188061,0.0,0.0,1.78376517,1.8678336029190963,Klebsiella pneumoniae,1.4174149388940247,0.4504186640250716,73.76215611202956,26.14658289874847
30,ZnO,Bacillus subtilis,non-pathogenic,chemical_synthesis,MBEC,rod-shaped,Bacteria,Bacillota,Bacilli,Bacillales,Bacillaceae,Bacillus,p,soil,81.3794,8.7,1,0.16,30,8,22.60496136,17.07,0.6865,4.082482905,1.8480044002501326,Klebsiella pneumoniae,1.3992612604573103,0.4487431397928223,70.47002089185119,25.0761731784967
31,CuO,Bacillus subtilis,non-pathogenic,green_synthesis,MBC,spheroidal,Bacteria,Bacillota,Bacilli,Bacillales,Bacillaceae,Bacillus,p,soil,79.5454,10.0,3,0.16,30,17,20.67942236,17.07,0.6865,1.651411411,3.597633088820833,Klebsiella pneumoniae,3.159735838803007,0.437897250017826,3959.433824362447,1444.560844084413
32,TiO2,Bacillus subtilis,non-pathogenic,chemical_synthesis,MBEC,cubic,Bacteria,Bacillota,Bacilli,Bacillales,Bacillaceae,Bacillus,p,soil,79.866,9.0,1,0.16,30,16,26.40611331,34.14,1.373,2.878049394,3.2011692017224354,Klebsiella pneumoniae,2.766126748481448,0.43504245324098756,1589.165769155271,583.6154070897911
33,Ag,Bacillus subtilis,non-pathogenic,green_synthesis,MIC,quasi-spherical,Bacteria,Bacillota,Bacilli,Bacillales,Bacillaceae,Bacillus,p,soil,107.87,5.1,0,0.16,30,11,23.00188061,0.0,0.0,1.78376517,2.0977245864985763,Klebsiella pneumoniae,1.6627516682572048,0.4349729182413715,125.23467310760218,45.99934718141492
34,TiO2,Bacillus subtilis,non-pathogenic,chemical_synthesis,MBC,rod-shaped,Bacteria,Bacillota,Bacilli,Bacillales,Bacillaceae,Bacillus,p,soil,79.866,8.7,4,0.16,30,16,26.40611331,34.14,1.373,2.878049394,2.4012681483776936,Klebsiella pneumoniae,1.9664785247402456,0.434789623637448,251.92319082459875,92.57176085372885
35,Ni,Bacillus subtilis,non-pathogenic,green_synthesis,MBC,spheroidal,Bacteria,Bacillota,Bacilli,Bacillales,Bacillaceae,Bacillus,p,soil,58.6934,9.0,2,0.16,30,10,17.41523038,0.0,0.0,1.303840481,2.9623122639267643,Klebsiella pneumoniae,2.5346154028655907,0.42769686106117355,916.8795026136094,342.46437685532146
36,Ag,Bacillus subtilis,non-pathogenic,chemical_synthesis,MIC,spheroidal,Bacteria,Bacillota,Bacilli,Bacillales,Bacillaceae,Bacillus,p,soil,107.87,10.0,1,0.16,30,11,23.00188061,0.0,0.0,1.78376517,1.1683494663876584,Klebsiella pneumoniae,0.7447016675223468,0.42364779886531156,14.734977138991054,5.555225178006257
37,ZnO,Bacillus subtilis,non-pathogenic,green_synthesis,MBC,hexagonal,Bacteria,Bacillota,Bacilli,Bacillales,Bacillaceae,Bacillus,p,soil,81.3794,79.0,1,0.16,30,8,22.60496136,17.07,0.6865,4.082482905,1.6921104630187687,Klebsiella pneumoniae,1.3670659482367797,0.3250445147819889,49.21647021009364,23.284448084873993
38,ZnO,Bacillus subtilis,non-pathogenic,green_synthesis,MBEC,tetragonal,Bacteria,Bacillota,Bacilli,Bacillales,Bacillaceae,Bacillus,p,soil,81.3794,8.7,3,0.16,30,8,22.60496136,17.07,0.6865,4.082482905,1.3195646061692994,Klebsiella pneumoniae,1.0330477838600576,0.2865168223092418,20.872025955883487,10.790654413886275
39,Au,Bacillus subtilis,non-pathogenic,chemical_synthesis,MIC,quasi-spherical,Bacteria,Bacillota,Bacilli,Bacillales,Bacillaceae,Bacillus,p,soil,196.966569,10.0,3,0.16,30,11,23.00188061,0.0,0.0,2.46797672,2.051125069243258,Klebsiella pneumoniae,1.7921991505153678,0.2589259187278903,112.4928887241771,61.97251917379657
40,ZnO,Bacillus subtilis,non-pathogenic,green_synthesis,MIC,tetragonal,Bacteria,Bacillota,Bacilli,Bacillales,Bacillaceae,Bacillus,p,soil,81.3794,50.0,18,0.16,30,8,22.60496136,17.07,0.6865,4.082482905,-0.15363182694457111,Klebsiella pneumoniae,-0.3543324549392697,0.20070062799469857,0.7020502091333374,0.4422496980473241
41,Au,Bacillus subtilis,non-pathogenic,chemical_synthesis,MIC,rod-shaped,Bacteria,Bacillota,Bacilli,Bacillales,Bacillaceae,Bacillus,p,soil,196.966569,79.0,1,0.16,30,11,23.00188061,0.0,0.0,2.46797672,1.1504091472320492,Klebsiella pneumoniae,0.9846501413341175,0.1657590058979317,14.138689180842173,9.652729617309996
42,Ag,Bacillus subtilis,non-pathogenic,green_synthesis,MBEC,quasi-spherical,Bacteria,Bacillota,Bacilli,Bacillales,Bacillaceae,Bacillus,p,soil,107.87,27.43,1,0.16,30,11,23.00188061,0.0,0.0,1.78376517,1.425546312913629,Klebsiella pneumoniae,1.2686174338605951,0.15692887905303388,26.640741769567963,18.561686522886784
43,ZnO,Bacillus subtilis,non-pathogenic,green_synthesis,MBC,cubic,Bacteria,Bacillota,Bacilli,Bacillales,Bacillaceae,Bacillus,p,soil,81.3794,12.0,24,0.16,30,8,22.60496136,17.07,0.6865,4.082482905,2.732201442370589,Klebsiella pneumoniae,2.588712164393399,0.1434892779771899,539.7609261966653,387.8931983645026
44,Au,Bacillus subtilis,non-pathogenic,green_synthesis,MBEC,quasi-hexagonal,Bacteria,Bacillota,Bacilli,Bacillales,Bacillaceae,Bacillus,p,soil,196.966569,18.5,0,0.16,30,11,23.00188061,0.0,0.0,2.46797672,0.9312292147211056,Klebsiella pneumoniae,0.8102517536888115,0.12097746103229412,8.535504874955755,6.460286131504327
45,Ag,Bacillus subtilis,non-pathogenic,green_synthesis,MBEC,tetragonal,Bacteria,Bacillota,Bacilli,Bacillales,Bacillaceae,Bacillus,p,soil,107.87,35.0,0,0.16,30,11,23.00188061,0.0,0.0,1.78376517,0.42595437760290134,Klebsiella pneumoniae,0.3278298886699089,0.09812448893299242,2.666578527196028,2.12730562606351
46,ZnO,Bacillus subtilis,non-pathogenic,chemical_synthesis,MIC,triangular,Bacteria,Bacillota,Bacilli,Bacillales,Bacillaceae,Bacillus,p,soil,81.3794,38.0,18,0.16,30,8,22.60496136,17.07,0.6865,4.082482905,-0.7515796171945883,Klebsiella pneumoniae,-0.8281321443961716,0.07655252720158323,0.1771823195224715,0.14854835799051191
47,Ag,Bacillus subtilis,non-pathogenic,green_synthesis,MBC,quasi-hexagonal,Bacteria,Bacillota,Bacilli,Bacillales,Bacillaceae,Bacillus,p,soil,107.87,13.0,0,0.16,30,11,23.00188061,0.0,0.0,1.78376517,0.9193080197872069,Klebsiella pneumoniae,0.8598114908190724,0.05949652896813451,8.304395411086498,7.241215807740282
48,ZnO,Bacillus subtilis,non-pathogenic,chemical_synthesis,MIC,spheroidal,Bacteria,Bacillota,Bacilli,Bacillales,Bacillaceae,Bacillus,p,soil,81.3794,12.0,2,0.16,30,8,22.60496136,17.07,0.6865,4.082482905,1.4379815262433326,Klebsiella pneumoniae,1.3836169467181838,0.05436457952514884,27.41457554980019,24.18894609623376
49,ZnO,Bacillus subtilis,non-pathogenic,chemical_synthesis,MBEC,nanoplates,Bacteria,Bacillota,Bacilli,Bacillales,Bacillaceae,Bacillus,p,soil,81.3794,27.43,3,0.16,30,8,22.60496136,17.07,0.6865,4.082482905,2.1545930534894753,Klebsiella pneumoniae,2.1160178746146507,0.038575178874824534,142.7555670583862,130.62246483860812
50,Au,Bacillus subtilis,non-pathogenic,chemical_synthesis,MBC,cubic,Bacteria,Bacillota,Bacilli,Bacillales,Bacillaceae,Bacillus,p,soil,196.966569,60.0,18,0.16,30,11,23.00188061,0.0,0.0,2.46797672,1.9324572734330039,Klebsiella pneumoniae,1.8939276009219672,0.03852967251103667,85.59674961631704,78.32990519833545
51,ZnO,Bacillus subtilis,non-pathogenic,chemical_synthesis,MBC,triangular,Bacteria,Bacillota,Bacilli,Bacillales,Bacillaceae,Bacillus,p,soil,81.3794,20.0,3,0.16,30,8,22.60496136,17.07,0.6865,4.082482905,0.6020726674270493,Klebsiella pneumoniae,0.5969624672775964,0.005110200149452959,4.000116752891051,3.9533245305699314
52,Ag,Bacillus subtilis,non-pathogenic,chemical_synthesis,MBC,nanoplates,Bacteria,Bacillota,Bacilli,Bacillales,Bacillaceae,Bacillus,p,soil,107.8682,27.43,0,0.16,30,11,23.00188061,0.0,0.0,1.78376517,1.8911774252182996,Klebsiella pneumoniae,1.916505529392063,-0.02532810417376341,77.83544724327356,82.50979904735212
53,Ag,Bacillus subtilis,non-pathogenic,chemical_synthesis,MBC,nanoplates,Bacteria,Bacillota,Bacilli,Bacillales,Bacillaceae,Bacillus,p,soil,107.87,100.0,2,0.16,30,11,23.00188061,0.0,0.0,1.78376517,1.3735997579753367,Klebsiella pneumoniae,1.4124953772447169,-0.03889561926938012,23.637402908451076,25.85207321726007
54,Ag2O,Bacillus subtilis,non-pathogenic,chemical_synthesis,MBEC,cubic,Bacteria,Bacillota,Bacilli,Bacillales,Bacillaceae,Bacillus,p,soil,231.7358,38.0,1,0.16,30,28,46.55109718,17.07,0.6865,3.975778631,2.4112932943048104,Klebsiella pneumoniae,2.4643108881037716,-0.053017593798961204,257.80616247269325,291.28014901407545
55,Al2O3,Bacillus subtilis,non-pathogenic,chemical_synthesis,MIC,quasi-spherical,Bacteria,Bacillota,Bacilli,Bacillales,Bacillaceae,Bacillus,p,soil,101.961276,22.5,3,0.16,30,24,51.55776403,85.5,13.5675,4.688846487,2.5202004115268113,Klebsiella pneumoniae,2.6145544980965294,-0.09435408656971811,331.283962033699,411.67500371888053
56,Ag,Bacillus subtilis,non-pathogenic,chemical_synthesis,MBC,quasi-hexagonal,Bacteria,Bacillota,Bacilli,Bacillales,Bacillaceae,Bacillus,p,soil,107.87,8.0,18,0.16,30,11,23.00188061,0.0,0.0,1.78376517,0.8121852812967801,Klebsiella pneumoniae,0.9221956506114937,-0.11001036931471353,6.489112168682112,8.359795440202728
57,ZnO,Bacillus subtilis,non-pathogenic,chemical_synthesis,MIC,tetragonal,Bacteria,Bacillota,Bacilli,Bacillales,Bacillaceae,Bacillus,p,soil,81.3794,26.06,4,0.16,30,8,22.60496136,17.07,0.6865,4.082482905,0.03274564915539879,Klebsiella pneumoniae,0.17354773249403999,-0.1408020833386412,1.0783150064817548,1.4912406459157266
58,Ag,Bacillus subtilis,non-pathogenic,chemical_synthesis,MBEC,spherical,Bacteria,Bacillota,Bacilli,Bacillales,Bacillaceae,Bacillus,p,soil,107.8682,9.0,2,0.16,30,11,23.00188061,0.0,0.0,1.78376517,2.262281121966386,Klebsiella pneumoniae,2.416173096196448,-0.15389197423006173,182.92839417405062,260.7192488318003
59,Ag2O,Bacillus subtilis,non-pathogenic,green_synthesis,MBC,rod-shaped,Bacteria,Bacillota,Bacilli,Bacillales,Bacillaceae,Bacillus,p,soil,231.7358,28.0,18,0.16,30,28,46.55109718,17.07,0.6865,3.975778631,1.5391795390258038,Klebsiella pneumoniae,1.7779915907828037,-0.23881205175699982,34.60824200737646,59.9779462650428
60,ZnO,Bacillus subtilis,non-pathogenic,green_synthesis,MBEC,hexagonal,Bacteria,Bacillota,Bacilli,Bacillales,Bacillaceae,Bacillus,p,soil,81.3794,25.0,24,0.16,30,8,22.60496136,17.07,0.6865,4.082482905,2.750174020502822,Klebsiella pneumoniae,2.9980578794835346,-0.24788385898071263,562.5666988313999,995.5380862966425
61,Ag,Bacillus subtilis,non-pathogenic,chemical_synthesis,MBC,spherical,Bacteria,Bacillota,Bacilli,Bacillales,Bacillaceae,Bacillus,p,soil,107.8682,11.3,4,0.16,30,11,23.00188061,0.0,0.0,1.78376517,1.7172678295632835,Klebsiella pneumoniae,1.969262433149826,-0.2519946035865426,52.151623120157595,93.16706903917608
62,CuO,Bacillus subtilis,non-pathogenic,chemical_synthesis,MIC,quasi-hexagonal,Bacteria,Bacillota,Bacilli,Bacillales,Bacillaceae,Bacillus,p,soil,79.5454,50.0,4,0.16,30,17,20.67942236,17.07,0.6865,1.651411411,1.5565243735794918,Klebsiella pneumoniae,1.8259198935960848,-0.26939552001659295,36.018396415867045,66.9761059381682
63,Au,Bacillus subtilis,non-pathogenic,chemical_synthesis,MBC,spherical,Bacteria,Bacillota,Bacilli,Bacillales,Bacillaceae,Bacillus,p,soil,196.966569,9.0,18,0.16,30,11,23.00188061,0.0,0.0,2.46797672,1.492139285885945,Klebsiella pneumoniae,1.7813975726243434,-0.2892582867383984,31.05555434727159,60.45017641510668
64,ZnO,Bacillus subtilis,non-pathogenic,chemical_synthesis,MIC,cubic,Bacteria,Bacillota,Bacilli,Bacillales,Bacillaceae,Bacillus,p,soil,81.3794,17.5,24,0.16,30,8,22.60496136,17.07,0.6865,4.082482905,2.0318823293796897,Klebsiella pneumoniae,2.3756201639912797,-0.34373783461159,107.61735885319351,237.47623996616042
