,np,bacteria,bac_type,np_synthesis,method,shape,kingdom,phylum,class,order,family,genus,gram,isolated_from,mol_weight (g/mol),np_size_avg (nm),time_set,"min_Incub_period, h","growth_temp, C",Valance_electron,labuteASA,tpsa,CrippenMR,chi0v,pred_MIC_norm,pathogenic_bacteria,pred_MIC_pathogen,Fitness,pred_norm_MIC_original,pred_path_MIC_original
0,ZnO,Bacillus subtilis,non-pathogenic,green_synthesis,MBC,quasi-hexagonal,Bacteria,Bacillota,Bacilli,Bacillales,Bacillaceae,Bacillus,p,soil,81.3794,8.7,0,0.16,30,8,22.60496136,17.07,0.6865,4.082482905,1.3883797063244914,Klebsiella pneumoniae,0.620871478792093,0.7675082275323983,24.455677931511342,4.177067359750717
1,Ag,Bacillus subtilis,non-pathogenic,chemical_synthesis,MIC,quasi-hexagonal,Bacteria,Bacillota,Bacilli,Bacillales,Bacillaceae,Bacillus,p,soil,107.87,6.0,3,0.16,30,11,23.00188061,0.0,0.0,1.78376517,0.9700370967565639,Klebsiella pneumoniae,0.28558168557387,0.6844554111826939,9.333340213269933,1.9301083322374513
2,ZnO,Bacillus subtilis,non-pathogenic,green_synthesis,MIC,quasi-spherical,Bacteria,Bacillota,Bacilli,Bacillales,Bacillaceae,Bacillus,p,soil,81.3794,6.0,3,0.16,30,8,22.60496136,17.07,0.6865,4.082482905,1.6525291163093698,Klebsiella pneumoniae,0.9793810707648398,0.67314804554453,44.929244547513164,9.536325598743817
3,TiO2,Bacillus subtilis,non-pathogenic,chemical_synthesis,MBEC,quasi-spherical,Bacteria,Bacillota,Bacilli,Bacillales,Bacillaceae,Bacillus,p,soil,79.866,5.1,0,0.16,30,16,26.40611331,34.14,1.373,2.878049394,2.929840961513011,Klebsiella pneumoniae,2.2750584193087806,0.6547825422042304,850.8264088140045,188.39024863986933
4,ZnO,Bacillus subtilis,non-pathogenic,chemical_synthesis,MBC,quasi-spherical,Bacteria,Bacillota,Bacilli,Bacillales,Bacillaceae,Bacillus,p,soil,81.3794,5.1,4,0.16,30,8,22.60496136,17.07,0.6865,4.082482905,1.5899445263489786,Klebsiella pneumoniae,0.9415295713435466,0.648414955005432,38.899545434147726,8.740365041775089
5,Ag,Bacillus subtilis,non-pathogenic,chemical_synthesis,MIC,nanoplates,Bacteria,Bacillota,Bacilli,Bacillales,Bacillaceae,Bacillus,p,soil,107.87,6.0,3,0.16,30,11,23.00188061,0.0,0.0,1.78376517,2.0821300389386943,Klebsiella pneumoniae,1.5051318794072397,0.5769981595314546,120.8175539785232,31.9986664506194
6,TiO2,Bacillus subtilis,non-pathogenic,chemical_synthesis,MBEC,rod-shaped,Bacteria,Bacillota,Bacilli,Bacillales,Bacillaceae,Bacillus,p,soil,79.866,6.0,3,0.16,30,16,26.40611331,34.14,1.373,2.878049394,2.7744757365741197,Klebsiella pneumoniae,2.210770554500014,0.5637051820741057,594.9435171674526,162.4690176249068
7,ZnO,Bacillus subtilis,non-pathogenic,chemical_synthesis,MIC,quasi-spherical,Bacteria,Bacillota,Bacilli,Bacillales,Bacillaceae,Bacillus,p,soil,81.3794,6.0,0,0.16,30,8,22.60496136,17.07,0.6865,4.082482905,1.6702423360704317,Klebsiella pneumoniae,1.1141210202650367,0.556121315805395,46.799621005761765,13.00531933067988
8,TiO2,Bacillus subtilis,non-pathogenic,green_synthesis,MBEC,hexagonal,Bacteria,Bacillota,Bacilli,Bacillales,Bacillaceae,Bacillus,p,soil,79.866,9.0,4,0.16,30,16,26.40611331,34.14,1.373,2.878049394,3.2598132890566625,Klebsiella pneumoniae,2.716527566780262,0.5432857222764005,1818.9187048997774,520.6280545442154
9,ZnO,Bacillus subtilis,non-pathogenic,green_synthesis,MBEC,nanoplates,Bacteria,Bacillota,Bacilli,Bacillales,Bacillaceae,Bacillus,p,soil,81.3794,8.7,1,0.16,30,8,22.60496136,17.07,0.6865,4.082482905,2.599020461875455,Klebsiella pneumoniae,2.062862372130877,0.5361580897445779,397.2102636733229,115.57459284069495
10,ZnO,Bacillus subtilis,non-pathogenic,green_synthesis,MBEC,rod-shaped,Bacteria,Bacillota,Bacilli,Bacillales,Bacillaceae,Bacillus,p,soil,81.3794,10.0,1,0.16,30,8,22.60496136,17.07,0.6865,4.082482905,2.1115614317064733,Klebsiella pneumoniae,1.583115022334832,0.5284464093716412,129.28895693412258,38.292614738537935
11,TiO2,Bacillus subtilis,non-pathogenic,chemical_synthesis,MBC,cubic,Bacteria,Bacillota,Bacilli,Bacillales,Bacillaceae,Bacillus,p,soil,79.866,10.0,4,0.16,30,16,26.40611331,34.14,1.373,2.878049394,2.964448321492532,Klebsiella pneumoniae,2.4615433363637442,0.5029049851287879,921.4002409628163,289.4298612168129
12,ZnO,Bacillus subtilis,non-pathogenic,green_synthesis,MBC,quasi-spherical,Bacteria,Bacillota,Bacilli,Bacillales,Bacillaceae,Bacillus,p,soil,81.3794,18.5,1,0.16,30,8,22.60496136,17.07,0.6865,4.082482905,1.778593830969792,Klebsiella pneumoniae,1.2952036224114962,0.48339020855829573,60.06117593388127,19.73347738985154
13,Ag,Bacillus subtilis,non-pathogenic,chemical_synthesis,MIC,nanoplates,Bacteria,Bacillota,Bacilli,Bacillales,Bacillaceae,Bacillus,p,soil,107.87,8.7,4,0.16,30,11,23.00188061,0.0,0.0,1.78376517,1.941962169742727,Klebsiella pneumoniae,1.4649504822950332,0.47701168744769373,87.49075609970396,29.170943916431668
14,ZnO,Bacillus subtilis,non-pathogenic,green_synthesis,MBC,quasi-spherical,Bacteria,Bacillota,Bacilli,Bacillales,Bacillaceae,Bacillus,p,soil,81.3794,26.38,3,0.16,30,8,22.60496136,17.07,0.6865,4.082482905,1.9062585833820855,Klebsiella pneumoniae,1.4322281423164944,0.4740304410655911,80.58581145577897,27.053791728220784
15,TiO2,Bacillus subtilis,non-pathogenic,green_synthesis,MBEC,spherical,Bacteria,Bacillota,Bacilli,Bacillales,Bacillaceae,Bacillus,p,soil,79.866,10.0,3,0.16,30,16,26.40611331,34.14,1.373,2.878049394,2.9264689431595787,Klebsiella pneumoniae,2.4645144209048793,0.46195452225469946,844.2458668690933,291.416689912699
16,TiO2,Bacillus subtilis,non-pathogenic,chemical_synthesis,MBC,hexagonal,Bacteria,Bacillota,Bacilli,Bacillales,Bacillaceae,Bacillus,p,soil,79.866,8.0,2,0.16,30,16,26.40611331,34.14,1.373,2.878049394,3.0108970834559106,Klebsiella pneumoniae,2.5611100350252696,0.449787048430641,1025.4089021053733,364.0072511451079
17,ZnO,Bacillus subtilis,non-pathogenic,green_synthesis,MBC,nanoplates,Bacteria,Bacillota,Bacilli,Bacillales,Bacillaceae,Bacillus,p,soil,81.3794,8.0,18,0.16,30,8,22.60496136,17.07,0.6865,4.082482905,2.4223275673052718,Klebsiella pneumoniae,1.9802188025886243,0.4421087647166475,264.44025501555336,95.5473843565395
18,CuO,Bacillus subtilis,non-pathogenic,green_synthesis,MBC,spheroidal,Bacteria,Bacillota,Bacilli,Bacillales,Bacillaceae,Bacillus,p,soil,79.5454,10.0,3,0.16,30,17,20.67942236,17.07,0.6865,1.651411411,3.597633088820833,Klebsiella pneumoniae,3.159735838803007,0.437897250017826,3959.433824362447,1444.560844084413
19,Ag,Bacillus subtilis,non-pathogenic,green_synthesis,MIC,quasi-spherical,Bacteria,Bacillota,Bacilli,Bacillales,Bacillaceae,Bacillus,p,soil,107.87,5.1,0,0.16,30,11,23.00188061,0.0,0.0,1.78376517,2.0977245864985763,Klebsiella pneumoniae,1.6627516682572048,0.4349729182413715,125.23467310760218,45.99934718141492
20,Ni,Bacillus subtilis,non-pathogenic,green_synthesis,MBC,spheroidal,Bacteria,Bacillota,Bacilli,Bacillales,Bacillaceae,Bacillus,p,soil,58.6934,9.0,2,0.16,30,10,17.41523038,0.0,0.0,1.303840481,2.9623122639267643,Klebsiella pneumoniae,2.5346154028655907,0.42769686106117355,916.8795026136094,342.46437685532146
21,Al2O3,Bacillus subtilis,non-pathogenic,green_synthesis,MBC,quasi-spherical,Bacteria,Bacillota,Bacilli,Bacillales,Bacillaceae,Bacillus,p,soil,101.961276,8.7,0,0.16,30,24,51.55776403,85.5,13.5675,4.688846487,2.773163873915559,Klebsiella pneumoniae,2.3489189250114904,0.4242449489040685,593.1490974639271,223.3155293884699
22,ZnO,Bacillus subtilis,non-pathogenic,chemical_synthesis,MBC,rod-shaped,Bacteria,Bacillota,Bacilli,Bacillales,Bacillaceae,Bacillus,p,soil,81.3794,9.0,0,0.16,30,8,22.60496136,17.07,0.6865,4.082482905,1.5448416323147263,Klebsiella pneumoniae,1.1218122248861677,0.42302940742855855,35.06239938204415,13.237690558279638
23,Ag,Bacillus subtilis,non-pathogenic,chemical_synthesis,MIC,quasi-spherical,Bacteria,Bacillota,Bacilli,Bacillales,Bacillaceae,Bacillus,p,soil,107.87,12.0,4,0.16,30,11,23.00188061,0.0,0.0,1.78376517,1.366181053524473,Klebsiella pneumoniae,0.9556979101191999,0.41048314340527303,23.237053266349456,9.030211248639711
24,ZnO,Bacillus subtilis,non-pathogenic,green_synthesis,MBC,quasi-spherical,Bacteria,Bacillota,Bacilli,Bacillales,Bacillaceae,Bacillus,p,soil,81.3794,30.0,4,0.16,30,8,22.60496136,17.07,0.6865,4.082482905,1.4522345066666311,Klebsiella pneumoniae,1.0426071625362026,0.40962734413042856,28.32921279785346,11.03080386303436
25,Au,Bacillus subtilis,non-pathogenic,chemical_synthesis,MBC,quasi-hexagonal,Bacteria,Bacillota,Bacilli,Bacillales,Bacillaceae,Bacillus,p,soil,196.966569,79.0,4,0.16,30,11,23.00188061,0.0,0.0,2.46797672,0.719677765530023,Klebsiella pneumoniae,0.32758660971662334,0.3920911558133997,5.244182120817813,2.1261143059282115
26,ZnO,Bacillus subtilis,non-pathogenic,green_synthesis,MBC,hexagonal,Bacteria,Bacillota,Bacilli,Bacillales,Bacillaceae,Bacillus,p,soil,81.3794,27.43,4,0.16,30,8,22.60496136,17.07,0.6865,4.082482905,2.119414730228221,Klebsiella pneumoniae,1.7383756042052751,0.38103912602294576,131.64814081933406,54.74892601104475
27,ZnO,Bacillus subtilis,non-pathogenic,chemical_synthesis,MBEC,hexagonal,Bacteria,Bacillota,Bacilli,Bacillales,Bacillaceae,Bacillus,p,soil,81.3794,10.0,3,0.16,30,8,22.60496136,17.07,0.6865,4.082482905,2.527396484475804,Klebsiella pneumoniae,2.1558997631736343,0.3714967213021696,336.81892426992067,143.18573829760211
28,Ag,Bacillus subtilis,non-pathogenic,chemical_synthesis,MIC,nanoplates,Bacteria,Bacillota,Bacilli,Bacillales,Bacillaceae,Bacillus,p,soil,107.87,10.4,1,0.16,30,11,23.00188061,0.0,0.0,1.78376517,1.8970670507875933,Klebsiella pneumoniae,1.5284873261690812,0.3685797246185121,78.89819192479418,33.76659945353275
29,Ag,Bacillus subtilis,non-pathogenic,chemical_synthesis,MBEC,tetragonal,Bacteria,Bacillota,Bacilli,Bacillales,Bacillaceae,Bacillus,p,soil,107.87,79.0,18,0.16,30,11,23.00188061,0.0,0.0,1.78376517,0.30042375423081724,Klebsiella pneumoniae,-0.06414597869898175,0.364569732929799,1.99721010271969,0.8626885249342223
30,ZnO,Bacillus subtilis,non-pathogenic,green_synthesis,MIC,spheroidal,Bacteria,Bacillota,Bacilli,Bacillales,Bacillaceae,Bacillus,p,soil,81.3794,6.0,4,0.16,30,8,22.60496136,17.07,0.6865,4.082482905,1.4883975495792767,Klebsiella pneumoniae,1.1287704906276943,0.3596270589515824,30.789139375296283,13.451493020527524
31,Ag,Bacillus subtilis,non-pathogenic,chemical_synthesis,MIC,quasi-hexagonal,Bacteria,Bacillota,Bacilli,Bacillales,Bacillaceae,Bacillus,p,soil,107.87,41.23,0,0.16,30,11,23.00188061,0.0,0.0,1.78376517,0.026957277435542437,Klebsiella pneumoniae,-0.3323773852368528,0.3593346626723952,1.0640383411342103,0.4651816928063568
32,ZnO,Bacillus subtilis,non-pathogenic,green_synthesis,MBC,tetragonal,Bacteria,Bacillota,Bacilli,Bacillales,Bacillaceae,Bacillus,p,soil,81.3794,8.7,4,0.16,30,8,22.60496136,17.07,0.6865,4.082482905,1.6864570580611908,Klebsiella pneumoniae,1.3272694448036784,0.3591876132575125,48.57994939386461,21.245621731799133
33,Cu,Bacillus subtilis,non-pathogenic,green_synthesis,MBC,quasi-hexagonal,Bacteria,Bacillota,Bacilli,Bacillales,Bacillaceae,Bacillus,p,soil,63.55,10.0,0,0.16,30,11,17.96409803,0.0,0.0,1.243163121,1.3116121214779792,Klebsiella pneumoniae,0.9539162703154372,0.357695851162542,20.493310559170336,8.993241798585021
34,Au,Bacillus subtilis,non-pathogenic,green_synthesis,MIC,rod-shaped,Bacteria,Bacillota,Bacilli,Bacillales,Bacillaceae,Bacillus,p,soil,196.966569,40.0,3,0.16,30,11,23.00188061,0.0,0.0,2.46797672,1.099660595759026,Klebsiella pneumoniae,0.7433401866959183,0.3563204090631077,12.57941936935234,5.537837230385808
35,ZnO,Bacillus subtilis,non-pathogenic,green_synthesis,MBC,quasi-hexagonal,Bacteria,Bacillota,Bacilli,Bacillales,Bacillaceae,Bacillus,p,soil,81.3794,45.26,2,0.16,30,8,22.60496136,17.07,0.6865,4.082482905,-0.009168943885780267,Klebsiella pneumoniae,-0.3631550625663693,0.35398611868058905,0.9791090303908137,0.43335612323158623
36,ZnO,Bacillus subtilis,non-pathogenic,green_synthesis,MBEC,quasi-hexagonal,Bacteria,Bacillota,Bacilli,Bacillales,Bacillaceae,Bacillus,p,soil,81.3794,60.0,0,0.16,30,8,22.60496136,17.07,0.6865,4.082482905,0.6384497631072399,Klebsiella pneumoniae,0.2856892410042282,0.3527605221030117,4.349604437928445,1.9305863934354193
37,Ag,Bacillus subtilis,non-pathogenic,chemical_synthesis,MBC,spheroidal,Bacteria,Bacillota,Bacilli,Bacillales,Bacillaceae,Bacillus,p,soil,196.966569,27.43,18,0.16,30,11,23.00188061,0.0,0.0,2.46797672,1.1527417063916783,Klebsiella pneumoniae,0.8132635428397571,0.3394781635519212,14.214831185183908,6.505243281491641
38,CeO2,Bacillus subtilis,non-pathogenic,green_synthesis,MBC,quasi-spherical,Bacteria,Bacillota,Bacilli,Bacillales,Bacillaceae,Bacillus,p,soil,172.115,28.0,0,0.16,30,16,39.19032095,34.14,1.373,4.456551526,2.3194060374123433,Klebsiella pneumoniae,1.9887635049710344,0.3306425324413089,208.6440659341013,97.44588517129671
39,ZnO,Bacillus subtilis,non-pathogenic,chemical_synthesis,MBEC,spheroidal,Bacteria,Bacillota,Bacilli,Bacillales,Bacillaceae,Bacillus,p,soil,81.3794,11.3,24,0.16,30,8,22.60496136,17.07,0.6865,4.082482905,2.563275424928781,Klebsiella pneumoniae,2.241360416274368,0.3219150086544129,365.8267214669354,174.3252979971998
40,Ag,Bacillus subtilis,non-pathogenic,green_synthesis,MIC,quasi-spherical,Bacteria,Bacillota,Bacilli,Bacillales,Bacillaceae,Bacillus,p,soil,107.87,8.7,4,0.16,30,11,23.00188061,0.0,0.0,1.78376517,1.8676230825636129,Klebsiella pneumoniae,1.562714853521113,0.3049082290424998,73.72640923302004,36.53548303516486
41,ZnO,Bacillus subtilis,non-pathogenic,chemical_synthesis,MBEC,tetragonal,Bacteria,Bacillota,Bacilli,Bacillales,Bacillaceae,Bacillus,p,soil,81.3794,10.4,1,0.16,30,8,22.60496136,17.07,0.6865,4.082482905,1.0044107885126827,Klebsiella pneumoniae,0.7793126651026995,0.22509812340998325,10.102079652824633,6.016067011390392
42,Cu,Bacillus subtilis,non-pathogenic,green_synthesis,MBC,quasi-hexagonal,Bacteria,Bacillota,Bacilli,Bacillales,Bacillaceae,Bacillus,p,soil,63.55,13.0,2,0.16,30,11,17.96409803,0.0,0.0,1.243163121,1.16695014470665,Klebsiella pneumoniae,0.964680681354659,0.20226946335199092,14.687576603801874,9.218933481191913
43,Ag,Bacillus subtilis,non-pathogenic,green_synthesis,MBC,quasi-spherical,Bacteria,Bacillota,Bacilli,Bacillales,Bacillaceae,Bacillus,p,soil,107.87,8.7,4,0.16,30,11,23.00188061,0.0,0.0,1.78376517,1.6195294367482589,Klebsiella pneumoniae,1.4286312678946835,0.19089816885357536,41.64179451341832,26.830654563448743
44,ZnO,Bacillus subtilis,non-pathogenic,green_synthesis,MIC,hexagonal,Bacteria,Bacillota,Bacilli,Bacillales,Bacillaceae,Bacillus,p,soil,81.3794,44.45,0,0.16,30,8,22.60496136,17.07,0.6865,4.082482905,1.0305879926562436,Klebsiella pneumoniae,0.845284895936731,0.18530309671951262,10.729710210930865,7.00301240963204
45,Au,Bacillus subtilis,non-pathogenic,green_synthesis,MBEC,quasi-spherical,Bacteria,Bacillota,Bacilli,Bacillales,Bacillaceae,Bacillus,p,soil,196.966569,18.5,0,0.16,30,11,23.00188061,0.0,0.0,2.46797672,1.5917082353223804,Klebsiella pneumoniae,1.431271143216084,0.1604370921062963,39.05784119786043,26.99424238871224
46,Ag,Bacillus subtilis,non-pathogenic,chemical_synthesis,MIC,spheroidal,Bacteria,Bacillota,Bacilli,Bacillales,Bacillaceae,Bacillus,p,soil,107.8682,6.0,2,0.16,30,11,23.00188061,0.0,0.0,1.78376517,1.8357093394003903,Klebsiella pneumoniae,1.6755128504173191,0.16019648898307115,68.50296027126294,47.37103246670237
47,ZnO,Bacillus subtilis,non-pathogenic,green_synthesis,MBEC,spheroidal,Bacteria,Bacillota,Bacilli,Bacillales,Bacillaceae,Bacillus,p,soil,81.3794,45.26,24,0.16,30,8,22.60496136,17.07,0.6865,4.082482905,2.417957772599121,Klebsiella pneumoniae,2.270069269395146,0.14788850320397495,261.7928448943439,186.23841607838457
48,Ag,Bacillus subtilis,non-pathogenic,chemical_synthesis,MBEC,hexagonal,Bacteria,Bacillota,Bacilli,Bacillales,Bacillaceae,Bacillus,p,soil,107.87,11.3,0,0.16,30,11,23.00188061,0.0,0.0,1.78376517,2.3202885263161503,Klebsiella pneumoniae,2.2138811138816066,0.10640741243454377,209.0684629276418,163.63685117510073
49,Ag,Bacillus subtilis,non-pathogenic,green_synthesis,MIC,nanoplates,Bacteria,Bacillota,Bacilli,Bacillales,Bacillaceae,Bacillus,p,soil,107.8682,10.4,1,0.16,30,11,23.00188061,0.0,0.0,1.78376517,2.0145296714036793,Klebsiella pneumoniae,1.9202262338774199,0.09430343752625947,103.40217438981938,83.21971686502441
50,ZnO,Bacillus subtilis,non-pathogenic,green_synthesis,MBC,triangular,Bacteria,Bacillota,Bacilli,Bacillales,Bacillaceae,Bacillus,p,soil,81.3794,44.45,0,0.16,30,8,22.60496136,17.07,0.6865,4.082482905,0.4439567711723813,Klebsiella pneumoniae,0.36076852270255966,0.08318824846982165,2.7794365942797628,2.2949251357596103
51,CuO,Bacillus subtilis,non-pathogenic,green_synthesis,MIC,spheroidal,Bacteria,Bacillota,Bacilli,Bacillales,Bacillaceae,Bacillus,p,soil,79.5454,8.0,1,0.16,30,17,20.67942236,17.07,0.6865,1.651411411,2.426635174062679,Klebsiella pneumoniae,2.392082182619143,0.03455299144353585,267.07619118380643,246.6506036114369
52,ZnO,Bacillus subtilis,non-pathogenic,green_synthesis,MBEC,tetragonal,Bacteria,Bacillota,Bacilli,Bacillales,Bacillaceae,Bacillus,p,soil,81.3794,45.26,3,0.16,30,8,22.60496136,17.07,0.6865,4.082482905,0.9412078524685609,Klebsiella pneumoniae,0.9979238776905338,-0.05671602522197294,8.73389270730917,9.952309598759335
53,Ag,Bacillus subtilis,non-pathogenic,green_synthesis,MIC,quasi-hexagonal,Bacteria,Bacillota,Bacilli,Bacillales,Bacillaceae,Bacillus,p,soil,107.8682,28.0,24,0.16,30,11,23.00188061,0.0,0.0,1.78376517,0.6089432767598846,Klebsiella pneumoniae,0.7124471452542653,-0.10350386849438076,4.063902470331891,5.157593920195623
54,ZnO,Bacillus subtilis,non-pathogenic,green_synthesis,MIC,tetragonal,Bacteria,Bacillota,Bacilli,Bacillales,Bacillaceae,Bacillus,p,soil,81.3794,45.26,0,0.16,30,8,22.60496136,17.07,0.6865,4.082482905,-0.04041417831737237,Klebsiella pneumoniae,0.098097446549684,-0.13851162486705637,0.9111414867196677,1.2534223850184891
55,TiO2,Bacillus subtilis,non-pathogenic,chemical_synthesis,MIC,quasi-hexagonal,Bacteria,Bacillota,Bacilli,Bacillales,Bacillaceae,Bacillus,p,soil,79.866,28.0,18,0.16,30,16,26.40611331,34.14,1.373,2.878049394,1.7494592504514253,Klebsiella pneumoniae,1.8979451927563638,-0.1484859423049385,56.16415774454328,79.0578851963688
56,ZnO,Bacillus subtilis,non-pathogenic,chemical_synthesis,MIC,hexagonal,Bacteria,Bacillota,Bacilli,Bacillales,Bacillaceae,Bacillus,p,soil,81.3794,60.0,2,0.16,30,8,22.60496136,17.07,0.6865,4.082482905,1.5758962459350305,Klebsiella pneumoniae,1.7524604650106328,-0.17656421907560227,37.66138142299353,56.55362724648795
57,Ag,Bacillus subtilis,non-pathogenic,chemical_synthesis,MIC,quasi-spherical,Bacteria,Bacillota,Bacilli,Bacillales,Bacillaceae,Bacillus,p,soil,107.8682,12.5,1,0.16,30,11,23.00188061,0.0,0.0,1.78376517,1.995629377451318,Klebsiella pneumoniae,2.1994545557046457,-0.20382517825332758,98.99867395593533,158.29039239913473
58,ZnO,Bacillus subtilis,non-pathogenic,chemical_synthesis,MIC,nanoplates,Bacteria,Bacillota,Bacilli,Bacillales,Bacillaceae,Bacillus,p,soil,81.3794,38.0,18,0.16,30,8,22.60496136,17.07,0.6865,4.082482905,1.5771474203917664,Klebsiella pneumoniae,1.9099991864520938,-0.3328517660603274,37.77003788044824,81.28289935199655
