,np,bacteria,bac_type,np_synthesis,method,shape,kingdom,phylum,class,order,family,genus,gram,isolated_from,mol_weight (g/mol),np_size_avg (nm),time_set,"min_Incub_period, h","growth_temp, C",Valance_electron,labuteASA,tpsa,CrippenMR,chi0v,pred_MIC_norm,pathogenic_bacteria,pred_MIC_pathogen,Fitness,pred_norm_MIC_original,pred_path_MIC_original
0,ZnO,Bacillus subtilis,non-pathogenic,green_synthesis,MBC,quasi-hexagonal,Bacteria,Bacillota,Bacilli,Bacillales,Bacillaceae,Bacillus,p,soil,81.3794,8.7,0,0.16,30,8,22.60496136,17.07,0.6865,4.082482905,1.3883797063244914,Klebsiella pneumoniae,0.620871478792093,0.7675082275323983,24.455677931511342,4.177067359750717
1,Ag,Bacillus subtilis,non-pathogenic,chemical_synthesis,MIC,quasi-hexagonal,Bacteria,Bacillota,Bacilli,Bacillales,Bacillaceae,Bacillus,p,soil,107.87,6.0,3,0.16,30,11,23.00188061,0.0,0.0,1.78376517,0.9700370967565639,Klebsiella pneumoniae,0.28558168557387,0.6844554111826939,9.333340213269933,1.9301083322374513
2,ZnO,Bacillus subtilis,non-pathogenic,green_synthesis,MBC,cubic,Bacteria,Bacillota,Bacilli,Bacillales,Bacillaceae,Bacillus,p,soil,81.3794,11.3,4,0.16,30,8,22.60496136,17.07,0.6865,4.082482905,2.452909859576021,Klebsiella pneumoniae,1.804781761708812,0.648128097867209,283.7330062453362,63.79428315521268
3,Ag,Bacillus subtilis,non-pathogenic,chemical_synthesis,MIC,nanoplates,Bacteria,Bacillota,Bacilli,Bacillales,Bacillaceae,Bacillus,p,soil,107.87,6.0,3,0.16,30,11,23.00188061,0.0,0.0,1.78376517,2.0821300389386943,Klebsiella pneumoniae,1.5051318794072397,0.5769981595314546,120.8175539785232,31.9986664506194
4,TiO2,Bacillus subtilis,non-pathogenic,chemical_synthesis,MBEC,rod-shaped,Bacteria,Bacillota,Bacilli,Bacillales,Bacillaceae,Bacillus,p,soil,79.866,6.0,3,0.16,30,16,26.40611331,34.14,1.373,2.878049394,2.7744757365741197,Klebsiella pneumoniae,2.210770554500014,0.5637051820741057,594.9435171674526,162.4690176249068
5,ZnO,Bacillus subtilis,non-pathogenic,chemical_synthesis,MBC,nanoplates,Bacteria,Bacillota,Bacilli,Bacillales,Bacillaceae,Bacillus,p,soil,81.3794,6.0,1,0.16,30,8,22.60496136,17.07,0.6865,4.082482905,2.0370827579424864,Klebsiella pneumoniae,1.5034632998420838,0.5336194581004026,108.91376165800254,31.875961957435745
6,TiO2,Bacillus subtilis,non-pathogenic,chemical_synthesis,MBC,cubic,Bacteria,Bacillota,Bacilli,Bacillales,Bacillaceae,Bacillus,p,soil,79.866,10.0,4,0.16,30,16,26.40611331,34.14,1.373,2.878049394,2.964448321492532,Klebsiella pneumoniae,2.4615433363637442,0.5029049851287879,921.4002409628163,289.4298612168129
7,ZnO,Bacillus subtilis,non-pathogenic,green_synthesis,MBC,quasi-spherical,Bacteria,Bacillota,Bacilli,Bacillales,Bacillaceae,Bacillus,p,soil,81.3794,18.5,1,0.16,30,8,22.60496136,17.07,0.6865,4.082482905,1.778593830969792,Klebsiella pneumoniae,1.2952036224114962,0.48339020855829573,60.06117593388127,19.73347738985154
8,Ag,Bacillus subtilis,non-pathogenic,green_synthesis,MBEC,spheroidal,Bacteria,Bacillota,Bacilli,Bacillales,Bacillaceae,Bacillus,p,soil,107.87,18.5,18,0.16,30,11,23.00188061,0.0,0.0,1.78376517,1.5654646168341257,Klebsiella pneumoniae,1.102423964489206,0.46304065234491976,36.767543662886766,12.659716040349462
9,TiO2,Bacillus subtilis,non-pathogenic,green_synthesis,MBEC,spherical,Bacteria,Bacillota,Bacilli,Bacillales,Bacillaceae,Bacillus,p,soil,79.866,10.0,3,0.16,30,16,26.40611331,34.14,1.373,2.878049394,2.9264689431595787,Klebsiella pneumoniae,2.4645144209048793,0.46195452225469946,844.2458668690933,291.416689912699
10,ZnO,Bacillus subtilis,non-pathogenic,green_synthesis,MBC,nanoplates,Bacteria,Bacillota,Bacilli,Bacillales,Bacillaceae,Bacillus,p,soil,81.3794,8.0,18,0.16,30,8,22.60496136,17.07,0.6865,4.082482905,2.4223275673052718,Klebsiella pneumoniae,1.9802188025886243,0.4421087647166475,264.44025501555336,95.5473843565395
11,Al2O3,Bacillus subtilis,non-pathogenic,green_synthesis,MBC,quasi-spherical,Bacteria,Bacillota,Bacilli,Bacillales,Bacillaceae,Bacillus,p,soil,101.961276,8.7,0,0.16,30,24,51.55776403,85.5,13.5675,4.688846487,2.773163873915559,Klebsiella pneumoniae,2.3489189250114904,0.4242449489040685,593.1490974639271,223.3155293884699
12,Ag,Bacillus subtilis,non-pathogenic,green_synthesis,MBEC,triangular,Bacteria,Bacillota,Bacilli,Bacillales,Bacillaceae,Bacillus,p,soil,107.87,5.1,18,0.16,30,11,23.00188061,0.0,0.0,1.78376517,0.43310451292231367,Klebsiella pneumoniae,0.030874881161881307,0.40222963176043236,2.7108439177108674,1.0736800440250651
13,Au,Bacillus subtilis,non-pathogenic,green_synthesis,MBC,spherical,Bacteria,Bacillota,Bacilli,Bacillales,Bacillaceae,Bacillus,p,soil,196.966569,44.45,0,0.16,30,11,23.00188061,0.0,0.0,2.46797672,1.1349806169705419,Klebsiella pneumoniae,0.7592623209986823,0.3757182959718596,13.645222351360971,5.744633427283698
14,ZnO,Bacillus subtilis,non-pathogenic,green_synthesis,MIC,spheroidal,Bacteria,Bacillota,Bacilli,Bacillales,Bacillaceae,Bacillus,p,soil,81.3794,6.0,4,0.16,30,8,22.60496136,17.07,0.6865,4.082482905,1.4883975495792767,Klebsiella pneumoniae,1.1287704906276943,0.3596270589515824,30.789139375296283,13.451493020527524
15,Ag,Bacillus subtilis,non-pathogenic,chemical_synthesis,MIC,quasi-hexagonal,Bacteria,Bacillota,Bacilli,Bacillales,Bacillaceae,Bacillus,p,soil,107.87,41.23,0,0.16,30,11,23.00188061,0.0,0.0,1.78376517,0.026957277435542437,Klebsiella pneumoniae,-0.3323773852368528,0.3593346626723952,1.0640383411342103,0.4651816928063568
16,ZnO,Bacillus subtilis,non-pathogenic,green_synthesis,MBC,cubic,Bacteria,Bacillota,Bacilli,Bacillales,Bacillaceae,Bacillus,p,soil,81.3794,26.06,3,0.16,30,8,22.60496136,17.07,0.6865,4.082482905,2.2429342817198843,Klebsiella pneumoniae,1.8842455502024278,0.3586887315174565,174.95819184760705,76.60295978082917
17,Ag,Bacillus subtilis,non-pathogenic,chemical_synthesis,MBC,spheroidal,Bacteria,Bacillota,Bacilli,Bacillales,Bacillaceae,Bacillus,p,soil,196.966569,27.43,18,0.16,30,11,23.00188061,0.0,0.0,2.46797672,1.1527417063916783,Klebsiella pneumoniae,0.8132635428397571,0.3394781635519212,14.214831185183908,6.505243281491641
18,ZnO,Bacillus subtilis,non-pathogenic,chemical_synthesis,MBC,quasi-hexagonal,Bacteria,Bacillota,Bacilli,Bacillales,Bacillaceae,Bacillus,p,soil,81.3794,26.06,1,0.16,30,8,22.60496136,17.07,0.6865,4.082482905,0.45163476091354937,Klebsiella pneumoniae,0.11832223579227374,0.3333125251212756,2.829011812904674,1.3131738802649044
19,Ag,Bacillus subtilis,non-pathogenic,chemical_synthesis,MIC,hexagonal,Bacteria,Bacillota,Bacilli,Bacillales,Bacillaceae,Bacillus,p,soil,107.87,44.45,0,0.16,30,11,23.00188061,0.0,0.0,1.78376517,1.3129179953270875,Klebsiella pneumoniae,0.9863872698252202,0.32653072550186735,20.555024337420864,9.691416757490463
20,Pd,Bacillus subtilis,non-pathogenic,green_synthesis,MBC,spherical,Bacteria,Bacillota,Bacilli,Bacillales,Bacillaceae,Bacillus,p,soil,195.084,10.4,4,0.16,30,10,21.14774404,0.0,0.0,1.870828693,1.8839489978794652,Klebsiella pneumoniae,1.5761009948485054,0.3078480030309598,76.55067030341301,37.67914113499937
21,Au,Bacillus subtilis,non-pathogenic,green_synthesis,MBC,spherical,Bacteria,Bacillota,Bacilli,Bacillales,Bacillaceae,Bacillus,p,soil,196.966569,60.0,1,0.16,30,11,23.00188061,0.0,0.0,2.46797672,1.0018198571812116,Klebsiella pneumoniae,0.7132434603824012,0.2885763967988104,10.041991679185857,5.1670594737883135
22,ZnO,Bacillus subtilis,non-pathogenic,green_synthesis,MBC,tetragonal,Bacteria,Bacillota,Bacilli,Bacillales,Bacillaceae,Bacillus,p,soil,81.3794,12.0,1,0.16,30,8,22.60496136,17.07,0.6865,4.082482905,1.687601767833989,Klebsiella pneumoniae,1.4001261449573172,0.2874756228766717,48.708164919731026,25.1261613875227
23,Ag,Bacillus subtilis,non-pathogenic,chemical_synthesis,MBC,spheroidal,Bacteria,Bacillota,Bacilli,Bacillales,Bacillaceae,Bacillus,p,soil,107.87,27.43,18,0.16,30,11,23.00188061,0.0,0.0,1.78376517,1.1603110869865407,Klebsiella pneumoniae,0.8770433888700638,0.2832676981164769,14.464755163183499,7.534308326604905
24,Al2O3,Bacillus subtilis,non-pathogenic,chemical_synthesis,MBEC,quasi-hexagonal,Bacteria,Bacillota,Bacilli,Bacillales,Bacillaceae,Bacillus,p,soil,101.961276,8.0,0,0.16,30,24,51.55776403,85.5,13.5675,4.688846487,2.526314754707709,Klebsiella pneumoniae,2.253620260184105,0.27269449452360384,335.9810281066933,179.31650277085538
25,Pd,Bacillus subtilis,non-pathogenic,green_synthesis,MIC,nanoplates,Bacteria,Bacillota,Bacilli,Bacillales,Bacillaceae,Bacillus,p,soil,195.084,9.0,4,0.16,30,10,21.14774404,0.0,0.0,1.870828693,1.6976484096848359,Klebsiella pneumoniae,1.4293759738221055,0.2682724358627304,49.84807706723251,26.87670186377589
26,Ag,Bacillus subtilis,non-pathogenic,chemical_synthesis,MBEC,tetragonal,Bacteria,Bacillota,Bacilli,Bacillales,Bacillaceae,Bacillus,p,soil,107.87,8.7,4,0.16,30,11,23.00188061,0.0,0.0,1.78376517,0.5992497240048207,Klebsiella pneumoniae,0.33423110245174725,0.26501862155307343,3.974200045642564,2.1588929218422415
27,CuO,Bacillus subtilis,non-pathogenic,green_synthesis,MBC,spheroidal,Bacteria,Bacillota,Bacilli,Bacillales,Bacillaceae,Bacillus,p,soil,79.5454,79.0,3,0.16,30,17,20.67942236,17.07,0.6865,1.651411411,2.1982533568354454,Klebsiella pneumoniae,1.9346712397437527,0.26358211709169277,157.85318782389646,86.03422278682132
28,Ag,Bacillus subtilis,non-pathogenic,chemical_synthesis,MIC,quasi-spherical,Bacteria,Bacillota,Bacilli,Bacillales,Bacillaceae,Bacillus,p,soil,107.87,8.0,24,0.16,30,11,23.00188061,0.0,0.0,1.78376517,1.4900630150524137,Klebsiella pneumoniae,1.232414453056847,0.2576485619955666,30.907438592499275,17.0771130346424
29,Au,Bacillus subtilis,non-pathogenic,green_synthesis,MIC,hexagonal,Bacteria,Bacillota,Bacilli,Bacillales,Bacillaceae,Bacillus,p,soil,196.966569,40.0,0,0.16,30,11,23.00188061,0.0,0.0,2.46797672,1.538254673562317,Klebsiella pneumoniae,1.2898905512997145,0.24836412226260252,34.53461935843549,19.49353271690674
30,TiO2,Bacillus subtilis,non-pathogenic,chemical_synthesis,MBC,quasi-hexagonal,Bacteria,Bacillota,Bacilli,Bacillales,Bacillaceae,Bacillus,p,soil,79.866,44.45,1,0.16,30,16,26.40611331,34.14,1.373,2.878049394,1.6674483817254242,Klebsiella pneumoniae,1.4200407906779569,0.24740759104746735,46.49951056704414,26.305150488067614
31,ZnO,Bacillus subtilis,non-pathogenic,green_synthesis,MBEC,rod-shaped,Bacteria,Bacillota,Bacilli,Bacillales,Bacillaceae,Bacillus,p,soil,81.3794,35.0,0,0.16,30,8,22.60496136,17.07,0.6865,4.082482905,1.4678417578079017,Klebsiella pneumoniae,1.2227696734157134,0.2450720843921883,29.365794669590553,16.702045921229743
32,Ag,Bacillus subtilis,non-pathogenic,green_synthesis,MBEC,spheroidal,Bacteria,Bacillota,Bacilli,Bacillales,Bacillaceae,Bacillus,p,soil,107.8682,20.0,0,0.16,30,11,23.00188061,0.0,0.0,1.78376517,1.7762831786756588,Klebsiella pneumoniae,1.5349984172428248,0.24128476143283395,59.742470620692245,34.27665373544675
33,ZnO,Bacillus subtilis,non-pathogenic,green_synthesis,MBEC,spherical,Bacteria,Bacillota,Bacilli,Bacillales,Bacillaceae,Bacillus,p,soil,81.3794,60.0,1,0.16,30,8,22.60496136,17.07,0.6865,4.082482905,1.4390686328495208,Klebsiella pneumoniae,1.1993715263975855,0.23969710645193532,27.483284453090253,15.82601330108746
34,Ag,Bacillus subtilis,non-pathogenic,green_synthesis,MBEC,spheroidal,Bacteria,Bacillota,Bacilli,Bacillales,Bacillaceae,Bacillus,p,soil,107.87,28.0,1,0.16,30,11,23.00188061,0.0,0.0,1.78376517,1.4926683483150476,Klebsiella pneumoniae,1.2615764810034205,0.23109186731162712,31.09340962652328,18.263183427561547
35,TiO2,Bacillus subtilis,non-pathogenic,chemical_synthesis,MIC,hexagonal,Bacteria,Bacillota,Bacilli,Bacillales,Bacillaceae,Bacillus,p,soil,79.866,10.4,3,0.16,30,16,26.40611331,34.14,1.373,2.878049394,2.9645197213627528,Klebsiella pneumoniae,2.7375190950627224,0.22700062630003037,921.5517355559243,546.4105739375219
36,CuO,Bacillus subtilis,non-pathogenic,green_synthesis,MBEC,quasi-spherical,Bacteria,Bacillota,Bacilli,Bacillales,Bacillaceae,Bacillus,p,soil,79.5454,40.0,1,0.16,30,17,20.67942236,17.07,0.6865,1.651411411,2.2845498643882856,Klebsiella pneumoniae,2.065084813371079,0.21946505101720648,192.5528115742259,116.16754552939211
37,Cu,Bacillus subtilis,non-pathogenic,green_synthesis,MBEC,quasi-spherical,Bacteria,Bacillota,Bacilli,Bacillales,Bacillaceae,Bacillus,p,soil,63.55,20.0,3,0.16,30,11,17.96409803,0.0,0.0,1.243163121,1.9791991094052193,Klebsiella pneumoniae,1.7599053541024963,0.219293755302723,95.32330891517582,57.53145452415658
38,Au,Bacillus subtilis,non-pathogenic,chemical_synthesis,MIC,hexagonal,Bacteria,Bacillota,Bacilli,Bacillales,Bacillaceae,Bacillus,p,soil,196.966569,17.5,0,0.16,30,11,23.00188061,0.0,0.0,2.46797672,2.254958090949029,Klebsiella pneumoniae,2.040147619599468,0.2148104713495611,179.86973339790276,109.68509597654169
39,CeO2,Bacillus subtilis,non-pathogenic,chemical_synthesis,MIC,rod-shaped,Bacteria,Bacillota,Bacilli,Bacillales,Bacillaceae,Bacillus,p,soil,172.115,17.5,1,0.16,30,16,39.19032095,34.14,1.373,4.456551526,2.0602980541067883,Klebsiella pneumoniae,1.8469753952788248,0.21332265882796353,114.89418639738032,70.30324888265741
40,ZnO,Bacillus subtilis,non-pathogenic,chemical_synthesis,MBEC,tetragonal,Bacteria,Bacillota,Bacilli,Bacillales,Bacillaceae,Bacillus,p,soil,81.3794,10.4,3,0.16,30,8,22.60496136,17.07,0.6865,4.082482905,1.0747105089742415,Klebsiella pneumoniae,0.8632094030788159,0.2115011058954256,11.877102623139608,7.298093164288748
41,Au,Bacillus subtilis,non-pathogenic,green_synthesis,MIC,nanoplates,Bacteria,Bacillota,Bacilli,Bacillales,Bacillaceae,Bacillus,p,soil,196.966569,5.1,1,0.16,30,11,23.00188061,0.0,0.0,2.46797672,2.4889897194439916,Klebsiella pneumoniae,2.2830990802114735,0.20589063923251816,308.3114966335055,191.91065168777948
42,Ag,Bacillus subtilis,non-pathogenic,chemical_synthesis,MBEC,tetragonal,Bacteria,Bacillota,Bacilli,Bacillales,Bacillaceae,Bacillus,p,soil,107.87,27.43,2,0.16,30,11,23.00188061,0.0,0.0,1.78376517,0.14793335389146267,Klebsiella pneumoniae,-0.017364157195660423,0.1652975110871231,1.4058317709714738,0.9608063016246505
43,ZnO,Bacillus subtilis,non-pathogenic,green_synthesis,MIC,quasi-spherical,Bacteria,Bacillota,Bacilli,Bacillales,Bacillaceae,Bacillus,p,soil,81.3794,37.86,2,0.16,30,8,22.60496136,17.07,0.6865,4.082482905,0.4914361976457877,Klebsiella pneumoniae,0.3291018053007433,0.16233439234504443,3.100531854852783,2.1335449902651855
44,Au,Bacillus subtilis,non-pathogenic,chemical_synthesis,MBEC,hexagonal,Bacteria,Bacillota,Bacilli,Bacillales,Bacillaceae,Bacillus,p,soil,196.966569,45.26,4,0.16,30,11,23.00188061,0.0,0.0,2.46797672,2.0438344323239885,Klebsiella pneumoniae,1.894277685030762,0.14955674729322643,110.62019821469447,78.39307226953918
45,Ag,Bacillus subtilis,non-pathogenic,green_synthesis,MIC,spheroidal,Bacteria,Bacillota,Bacilli,Bacillales,Bacillaceae,Bacillus,p,soil,107.8682,20.0,0,0.16,30,11,23.00188061,0.0,0.0,1.78376517,1.2038464902901125,Klebsiella pneumoniae,1.065756734542974,0.13808975574713855,15.98992734079521,11.634741391291692
46,ZnO,Bacillus subtilis,non-pathogenic,green_synthesis,MBC,rod-shaped,Bacteria,Bacillota,Bacilli,Bacillales,Bacillaceae,Bacillus,p,soil,81.3794,12.5,18,0.16,30,8,22.60496136,17.07,0.6865,4.082482905,2.0129439146912222,Klebsiella pneumoniae,1.904750500807587,0.10819341388363535,103.02530637374909,80.30646345291802
47,Au,Bacillus subtilis,non-pathogenic,chemical_synthesis,MIC,rod-shaped,Bacteria,Bacillota,Bacilli,Bacillales,Bacillaceae,Bacillus,p,soil,196.966569,26.38,2,0.16,30,11,23.00188061,0.0,0.0,2.46797672,1.3045205515596572,Klebsiella pneumoniae,1.2287149423959463,0.07580560916371093,20.16139375579721,16.932260538773598
48,ZnO,Bacillus subtilis,non-pathogenic,green_synthesis,MIC,hexagonal,Bacteria,Bacillota,Bacilli,Bacillales,Bacillaceae,Bacillus,p,soil,81.3794,27.43,2,0.16,30,8,22.60496136,17.07,0.6865,4.082482905,1.6584379769617488,Klebsiella pneumoniae,1.5918107892569888,0.06662718770475995,45.54471376016408,39.06706537276519
49,ZnO,Bacillus subtilis,non-pathogenic,chemical_synthesis,MBEC,rod-shaped,Bacteria,Bacillota,Bacilli,Bacillales,Bacillaceae,Bacillus,p,soil,81.3794,50.0,3,0.16,30,8,22.60496136,17.07,0.6865,4.082482905,1.7608880852714341,Klebsiella pneumoniae,1.7266405364847381,0.034247548786696,57.661785375357255,53.28936393224093
50,Ag,Bacillus subtilis,non-pathogenic,chemical_synthesis,MIC,spheroidal,Bacteria,Bacillota,Bacilli,Bacillales,Bacillaceae,Bacillus,p,soil,107.8682,28.0,1,0.16,30,11,23.00188061,0.0,0.0,1.78376517,1.5356597886183163,Klebsiella pneumoniae,1.5512143446452409,-0.01555455602692457,34.32889217893328,35.58068825838367
51,ZnO,Bacillus subtilis,non-pathogenic,chemical_synthesis,MBC,spheroidal,Bacteria,Bacillota,Bacilli,Bacillales,Bacillaceae,Bacillus,p,soil,81.3794,28.0,2,0.16,30,8,22.60496136,17.07,0.6865,4.082482905,1.5231217004268542,Klebsiella pneumoniae,1.5414346946825443,-0.018312994255690107,33.35198604686425,34.78841920044212
52,Ag,Bacillus subtilis,non-pathogenic,chemical_synthesis,MBC,tetragonal,Bacteria,Bacillota,Bacilli,Bacillales,Bacillaceae,Bacillus,p,soil,107.87,26.06,3,0.16,30,11,23.00188061,0.0,0.0,1.78376517,0.5927880642528147,Klebsiella pneumoniae,0.6120756527658568,-0.01928758851304213,3.915507536735785,4.093319578906564
53,Ag,Bacillus subtilis,non-pathogenic,chemical_synthesis,MBC,rod-shaped,Bacteria,Bacillota,Bacilli,Bacillales,Bacillaceae,Bacillus,p,soil,107.87,25.0,3,0.16,30,11,23.00188061,0.0,0.0,1.78376517,1.0449147141246304,Klebsiella pneumoniae,1.1136085929757589,-0.06869387885112843,11.089570191327514,12.989983306997514
54,Au,Bacillus subtilis,non-pathogenic,chemical_synthesis,MBC,rod-shaped,Bacteria,Bacillota,Bacilli,Bacillales,Bacillaceae,Bacillus,p,soil,196.966569,10.0,0,0.16,30,11,23.00188061,0.0,0.0,2.46797672,1.352693259584043,Klebsiella pneumoniae,1.4324627540600872,-0.07976949447604409,22.526476143541966,27.06841050010504
55,Ni,Bacillus subtilis,non-pathogenic,chemical_synthesis,MBEC,triangular,Bacteria,Bacillota,Bacilli,Bacillales,Bacillaceae,Bacillus,p,soil,58.6934,100.0,2,0.16,30,10,17.41523038,0.0,0.0,1.303840481,1.0593836659088967,Klebsiella pneumoniae,1.1742321690621238,-0.11484850315322714,11.465253615178414,14.935926544291707
56,ZnO,Bacillus subtilis,non-pathogenic,green_synthesis,MIC,nanoplates,Bacteria,Bacillota,Bacilli,Bacillales,Bacillaceae,Bacillus,p,soil,81.3794,35.0,18,0.16,30,8,22.60496136,17.07,0.6865,4.082482905,1.3644329207277148,Klebsiella pneumoniae,1.547813057906399,-0.18338013717868407,23.143706905872552,35.30311747844574
57,Ag,Bacillus subtilis,non-pathogenic,chemical_synthesis,MBC,quasi-spherical,Bacteria,Bacillota,Bacilli,Bacillales,Bacillaceae,Bacillus,p,soil,107.87,20.0,18,0.16,30,11,23.00188061,0.0,0.0,1.78376517,0.9386339935996715,Klebsiella pneumoniae,1.132349669048896,-0.1937156754492244,8.682284119301917,13.562809726389487
58,Cu,Bacillus subtilis,non-pathogenic,green_synthesis,MBEC,rod-shaped,Bacteria,Bacillota,Bacilli,Bacillales,Bacillaceae,Bacillus,p,soil,63.55,10.0,24,0.16,30,11,17.96409803,0.0,0.0,1.243163121,2.2961499994515524,Klebsiella pneumoniae,2.5054702336009873,-0.2093202341494349,197.76525766703887,320.23605983791447
59,Au,Bacillus subtilis,non-pathogenic,green_synthesis,MBC,spherical,Bacteria,Bacillota,Bacilli,Bacillales,Bacillaceae,Bacillus,p,soil,196.966569,100.0,24,0.16,30,11,23.00188061,0.0,0.0,2.46797672,1.2721917899979123,Klebsiella pneumoniae,1.4968144581770153,-0.22462266817910304,18.715084399641505,31.391672739898734
60,CuO,Bacillus subtilis,non-pathogenic,green_synthesis,MBC,nanoplates,Bacteria,Bacillota,Bacilli,Bacillales,Bacillaceae,Bacillus,p,soil,79.5454,35.0,24,0.16,30,17,20.67942236,17.07,0.6865,1.651411411,2.4739881402612736,Klebsiella pneumoniae,2.707455638828211,-0.2334674985669376,297.8435093041552,509.86551451180077
61,ZnO,Bacillus subtilis,non-pathogenic,chemical_synthesis,MBEC,quasi-spherical,Bacteria,Bacillota,Bacilli,Bacillales,Bacillaceae,Bacillus,p,soil,81.3794,28.0,24,0.16,30,8,22.60496136,17.07,0.6865,4.082482905,2.143228352258359,Klebsiella pneumoniae,2.4657227979632212,-0.3224944457048622,139.0683661181351,292.2286541655107
62,TiO2,Bacillus subtilis,non-pathogenic,green_synthesis,MIC,nanoplates,Bacteria,Bacillota,Bacilli,Bacillales,Bacillaceae,Bacillus,p,soil,79.866,79.0,24,0.16,30,16,26.40611331,34.14,1.373,2.878049394,2.776585841753234,Klebsiella pneumoniae,3.0992516472954676,-0.32266580554223356,597.8412010721011,1256.7579677286392
63,Ag,Bacillus subtilis,non-pathogenic,chemical_synthesis,MBC,hexagonal,Bacteria,Bacillota,Bacilli,Bacillales,Bacillaceae,Bacillus,p,soil,107.87,38.0,24,0.16,30,11,23.00188061,0.0,0.0,1.78376517,1.4603826743338026,Klebsiella pneumoniae,1.8962996139411399,-0.43591693960733724,28.86573859191216,78.75889493724314
