,np,bacteria,bac_type,np_synthesis,method,shape,kingdom,phylum,class,order,family,genus,gram,isolated_from,mol_weight (g/mol),np_size_avg (nm),time_set,"min_Incub_period, h","growth_temp, C",Valance_electron,labuteASA,tpsa,CrippenMR,chi0v,pred_MIC_norm,pathogenic_bacteria,pred_MIC_pathogen,Fitness,pred_norm_MIC_original,pred_path_MIC_original
0,ZnO,Bacillus subtilis,non-pathogenic,green_synthesis,MBEC,quasi-spherical,Bacteria,Bacillota,Bacilli,Bacillales,Bacillaceae,Bacillus,p,soil,81.3794,6.0,4,0.16,30,8,22.60496136,17.07,0.6865,4.082482905,2.363948169167031,Klebsiella pneumoniae,1.5465017446452458,0.8174464245217854,231.17888734916215,35.19668364410371
1,ZnO,Bacillus subtilis,non-pathogenic,green_synthesis,MBEC,rod-shaped,Bacteria,Bacillota,Bacilli,Bacillales,Bacillaceae,Bacillus,p,soil,81.3794,6.0,0,0.16,30,8,22.60496136,17.07,0.6865,4.082482905,2.303818890178966,Klebsiella pneumoniae,1.594449077128945,0.7093698130500208,201.28846600922256,39.305115528943674
2,Ag,Bacillus subtilis,non-pathogenic,chemical_synthesis,MIC,quasi-hexagonal,Bacteria,Bacillota,Bacilli,Bacillales,Bacillaceae,Bacillus,p,soil,107.87,6.0,3,0.16,30,11,23.00188061,0.0,0.0,1.78376517,0.9700370967565639,Klebsiella pneumoniae,0.28558168557387,0.6844554111826939,9.333340213269933,1.9301083322374513
3,ZnO,Bacillus subtilis,non-pathogenic,green_synthesis,MIC,quasi-spherical,Bacteria,Bacillota,Bacilli,Bacillales,Bacillaceae,Bacillus,p,soil,81.3794,6.0,3,0.16,30,8,22.60496136,17.07,0.6865,4.082482905,1.6525291163093698,Klebsiella pneumoniae,0.9793810707648398,0.67314804554453,44.929244547513164,9.536325598743817
4,TiO2,Bacillus subtilis,non-pathogenic,chemical_synthesis,MBEC,quasi-spherical,Bacteria,Bacillota,Bacilli,Bacillales,Bacillaceae,Bacillus,p,soil,79.866,5.1,0,0.16,30,16,26.40611331,34.14,1.373,2.878049394,2.929840961513011,Klebsiella pneumoniae,2.2750584193087806,0.6547825422042304,850.8264088140045,188.39024863986933
5,ZnO,Bacillus subtilis,non-pathogenic,chemical_synthesis,MBC,quasi-spherical,Bacteria,Bacillota,Bacilli,Bacillales,Bacillaceae,Bacillus,p,soil,81.3794,5.1,4,0.16,30,8,22.60496136,17.07,0.6865,4.082482905,1.5899445263489786,Klebsiella pneumoniae,0.9415295713435466,0.648414955005432,38.899545434147726,8.740365041775089
6,CuO,Bacillus subtilis,non-pathogenic,green_synthesis,MBC,quasi-spherical,Bacteria,Bacillota,Bacilli,Bacillales,Bacillaceae,Bacillus,p,soil,79.5454,5.1,4,0.16,30,17,20.67942236,17.07,0.6865,1.651411411,3.342365083868618,Klebsiella pneumoniae,2.716526375710394,0.625838708158224,2199.70825119575,520.6266267030529
7,Ag,Bacillus subtilis,non-pathogenic,green_synthesis,MIC,spheroidal,Bacteria,Bacillota,Bacilli,Bacillales,Bacillaceae,Bacillus,p,soil,107.87,50.0,18,0.16,30,11,23.00188061,0.0,0.0,1.78376517,0.9745455288699738,Klebsiella pneumoniae,0.35498861025762096,0.6195569186123528,9.430734725339864,2.264584916147646
8,ZnO,Bacillus subtilis,non-pathogenic,green_synthesis,MIC,quasi-hexagonal,Bacteria,Bacillota,Bacilli,Bacillales,Bacillaceae,Bacillus,p,soil,81.3794,8.0,4,0.16,30,8,22.60496136,17.07,0.6865,4.082482905,0.7342059741789706,Klebsiella pneumoniae,0.14533760495216153,0.5888683692268091,5.42258007797156,1.397454269750874
9,Ag,Bacillus subtilis,non-pathogenic,chemical_synthesis,MBEC,spheroidal,Bacteria,Bacillota,Bacilli,Bacillales,Bacillaceae,Bacillus,p,soil,107.87,5.1,18,0.16,30,11,23.00188061,0.0,0.0,1.78376517,1.8849745102159878,Klebsiella pneumoniae,1.3012146944889535,0.5837598157270343,76.73164523985572,20.008507504149204
10,TiO2,Bacillus subtilis,non-pathogenic,chemical_synthesis,MBEC,rod-shaped,Bacteria,Bacillota,Bacilli,Bacillales,Bacillaceae,Bacillus,p,soil,79.866,6.0,3,0.16,30,16,26.40611331,34.14,1.373,2.878049394,2.7744757365741197,Klebsiella pneumoniae,2.210770554500014,0.5637051820741057,594.9435171674526,162.4690176249068
11,ZnO,Bacillus subtilis,non-pathogenic,chemical_synthesis,MIC,quasi-spherical,Bacteria,Bacillota,Bacilli,Bacillales,Bacillaceae,Bacillus,p,soil,81.3794,6.0,0,0.16,30,8,22.60496136,17.07,0.6865,4.082482905,1.6702423360704317,Klebsiella pneumoniae,1.1141210202650367,0.556121315805395,46.799621005761765,13.00531933067988
12,TiO2,Bacillus subtilis,non-pathogenic,green_synthesis,MBEC,hexagonal,Bacteria,Bacillota,Bacilli,Bacillales,Bacillaceae,Bacillus,p,soil,79.866,9.0,4,0.16,30,16,26.40611331,34.14,1.373,2.878049394,3.2598132890566625,Klebsiella pneumoniae,2.716527566780262,0.5432857222764005,1818.9187048997774,520.6280545442154
13,ZnO,Bacillus subtilis,non-pathogenic,chemical_synthesis,MBC,hexagonal,Bacteria,Bacillota,Bacilli,Bacillales,Bacillaceae,Bacillus,p,soil,81.3794,6.0,3,0.16,30,8,22.60496136,17.07,0.6865,4.082482905,2.0996010013685735,Klebsiella pneumoniae,1.5618444345586016,0.537756566809972,125.77693325323804,36.46233144870983
14,TiO2,Bacillus subtilis,non-pathogenic,chemical_synthesis,MBC,nanoplates,Bacteria,Bacillota,Bacilli,Bacillales,Bacillaceae,Bacillus,p,soil,79.866,5.1,0,0.16,30,16,26.40611331,34.14,1.373,2.878049394,3.004111084098445,Klebsiella pneumoniae,2.482495996964425,0.5216150871340202,1009.5110663918337,303.7358095485057
15,Ag,Bacillus subtilis,non-pathogenic,green_synthesis,MBEC,spheroidal,Bacteria,Bacillota,Bacilli,Bacillales,Bacillaceae,Bacillus,p,soil,107.8682,50.0,18,0.16,30,11,23.00188061,0.0,0.0,1.78376517,1.557432340544798,Klebsiella pneumoniae,1.0388005299231526,0.5186318106216454,36.0937778112958,10.934540309552263
16,Au,Bacillus subtilis,non-pathogenic,green_synthesis,MIC,spheroidal,Bacteria,Bacillota,Bacilli,Bacillales,Bacillaceae,Bacillus,p,soil,196.966569,40.0,24,0.16,30,11,23.00188061,0.0,0.0,2.46797672,1.591638769474513,Klebsiella pneumoniae,1.0781625959572656,0.5134761735172475,39.05159435570413,11.971886641074832
17,TiO2,Bacillus subtilis,non-pathogenic,chemical_synthesis,MBEC,cubic,Bacteria,Bacillota,Bacilli,Bacillales,Bacillaceae,Bacillus,p,soil,79.866,8.7,4,0.16,30,16,26.40611331,34.14,1.373,2.878049394,3.2069056499305697,Klebsiella pneumoniae,2.6977737085803053,0.5091319413502644,1610.2957619287636,498.6246087902988
18,ZnO,Bacillus subtilis,non-pathogenic,green_synthesis,MBC,quasi-hexagonal,Bacteria,Bacillota,Bacilli,Bacillales,Bacillaceae,Bacillus,p,soil,81.3794,22.5,1,0.16,30,8,22.60496136,17.07,0.6865,4.082482905,0.9574984834425313,Klebsiella pneumoniae,0.4554737589979536,0.5020247244445777,9.067727981253894,2.854130055930288
19,Pd,Bacillus subtilis,non-pathogenic,chemical_synthesis,MBEC,quasi-hexagonal,Bacteria,Bacillota,Bacilli,Bacillales,Bacillaceae,Bacillus,p,soil,195.084,6.0,4,0.16,30,10,21.14774404,0.0,0.0,1.870828693,1.0467780666078437,Klebsiella pneumoniae,0.5455060158867004,0.5012720507211432,11.137252516890321,3.511607887938157
20,ZnO,Bacillus subtilis,non-pathogenic,green_synthesis,MBEC,spherical,Bacteria,Bacillota,Bacilli,Bacillales,Bacillaceae,Bacillus,p,soil,81.3794,12.0,3,0.16,30,8,22.60496136,17.07,0.6865,4.082482905,2.4656849227055537,Klebsiella pneumoniae,1.9698411600908328,0.49584376261472096,292.2031697225495,93.29130325345969
21,CeO2,Bacillus subtilis,non-pathogenic,chemical_synthesis,MIC,cubic,Bacteria,Bacillota,Bacilli,Bacillales,Bacillaceae,Bacillus,p,soil,172.115,10.4,1,0.16,30,16,39.19032095,34.14,1.373,4.456551526,3.013049164261173,Klebsiella pneumoniae,2.5292082347416587,0.4838409295195145,1030.5027717966998,338.2269697958369
22,ZnO,Bacillus subtilis,non-pathogenic,green_synthesis,MIC,quasi-hexagonal,Bacteria,Bacillota,Bacilli,Bacillales,Bacillaceae,Bacillus,p,soil,81.3794,11.3,2,0.16,30,8,22.60496136,17.07,0.6865,4.082482905,0.769837744366725,Klebsiella pneumoniae,0.29048627673924,0.47935146762748504,5.88623700098087,1.9520290509502938
23,Ag,Bacillus subtilis,non-pathogenic,chemical_synthesis,MIC,nanoplates,Bacteria,Bacillota,Bacilli,Bacillales,Bacillaceae,Bacillus,p,soil,107.87,8.7,4,0.16,30,11,23.00188061,0.0,0.0,1.78376517,1.941962169742727,Klebsiella pneumoniae,1.4649504822950332,0.47701168744769373,87.49075609970396,29.170943916431668
24,ZnO,Bacillus subtilis,non-pathogenic,green_synthesis,MBC,quasi-spherical,Bacteria,Bacillota,Bacilli,Bacillales,Bacillaceae,Bacillus,p,soil,81.3794,26.38,3,0.16,30,8,22.60496136,17.07,0.6865,4.082482905,1.9062585833820855,Klebsiella pneumoniae,1.4322281423164944,0.4740304410655911,80.58581145577897,27.053791728220784
25,Pd,Bacillus subtilis,non-pathogenic,green_synthesis,MBC,quasi-spherical,Bacteria,Bacillota,Bacilli,Bacillales,Bacillaceae,Bacillus,p,soil,195.084,8.7,0,0.16,30,10,21.14774404,0.0,0.0,1.870828693,1.8080209347145095,Klebsiella pneumoniae,1.3397012453984511,0.4683196893160584,64.27186981577312,21.86257162987258
26,ZnO,Bacillus subtilis,non-pathogenic,green_synthesis,MIC,cubic,Bacteria,Bacillota,Bacilli,Bacillales,Bacillaceae,Bacillus,p,soil,81.3794,9.0,4,0.16,30,8,22.60496136,17.07,0.6865,4.082482905,1.8890911122488536,Klebsiella pneumoniae,1.4250640061801747,0.4640271060686789,77.46242920577748,26.61117225494842
27,TiO2,Bacillus subtilis,non-pathogenic,green_synthesis,MBEC,spherical,Bacteria,Bacillota,Bacilli,Bacillales,Bacillaceae,Bacillus,p,soil,79.866,10.0,3,0.16,30,16,26.40611331,34.14,1.373,2.878049394,2.9264689431595787,Klebsiella pneumoniae,2.4645144209048793,0.46195452225469946,844.2458668690933,291.416689912699
28,Pd,Bacillus subtilis,non-pathogenic,green_synthesis,MBC,quasi-spherical,Bacteria,Bacillota,Bacilli,Bacillales,Bacillaceae,Bacillus,p,soil,195.084,8.0,3,0.16,30,10,21.14774404,0.0,0.0,1.870828693,1.7645957632668874,Klebsiella pneumoniae,1.3122058033403574,0.45238995992652997,58.1561654301884,20.5213441329379
29,Ag,Bacillus subtilis,non-pathogenic,green_synthesis,MBC,spheroidal,Bacteria,Bacillota,Bacilli,Bacillales,Bacillaceae,Bacillus,p,soil,107.87,10.0,18,0.16,30,11,23.00188061,0.0,0.0,1.78376517,1.8678336029190963,Klebsiella pneumoniae,1.4174149388940247,0.4504186640250716,73.76215611202956,26.14658289874847
30,ZnO,Bacillus subtilis,non-pathogenic,chemical_synthesis,MBEC,rod-shaped,Bacteria,Bacillota,Bacilli,Bacillales,Bacillaceae,Bacillus,p,soil,81.3794,8.7,1,0.16,30,8,22.60496136,17.07,0.6865,4.082482905,1.8480044002501326,Klebsiella pneumoniae,1.3992612604573103,0.4487431397928223,70.47002089185119,25.0761731784967
31,CuO,Bacillus subtilis,non-pathogenic,green_synthesis,MBC,spheroidal,Bacteria,Bacillota,Bacilli,Bacillales,Bacillaceae,Bacillus,p,soil,79.5454,10.0,3,0.16,30,17,20.67942236,17.07,0.6865,1.651411411,3.597633088820833,Klebsiella pneumoniae,3.159735838803007,0.437897250017826,3959.433824362447,1444.560844084413
32,TiO2,Bacillus subtilis,non-pathogenic,chemical_synthesis,MBEC,cubic,Bacteria,Bacillota,Bacilli,Bacillales,Bacillaceae,Bacillus,p,soil,79.866,9.0,1,0.16,30,16,26.40611331,34.14,1.373,2.878049394,3.2011692017224354,Klebsiella pneumoniae,2.766126748481448,0.43504245324098756,1589.165769155271,583.6154070897911
33,Ag,Bacillus subtilis,non-pathogenic,green_synthesis,MIC,quasi-spherical,Bacteria,Bacillota,Bacilli,Bacillales,Bacillaceae,Bacillus,p,soil,107.87,5.1,0,0.16,30,11,23.00188061,0.0,0.0,1.78376517,2.0977245864985763,Klebsiella pneumoniae,1.6627516682572048,0.4349729182413715,125.23467310760218,45.99934718141492
34,TiO2,Bacillus subtilis,non-pathogenic,chemical_synthesis,MBC,rod-shaped,Bacteria,Bacillota,Bacilli,Bacillales,Bacillaceae,Bacillus,p,soil,79.866,8.7,4,0.16,30,16,26.40611331,34.14,1.373,2.878049394,2.4012681483776936,Klebsiella pneumoniae,1.9664785247402456,0.434789623637448,251.92319082459875,92.57176085372885
35,Ni,Bacillus subtilis,non-pathogenic,green_synthesis,MBC,spheroidal,Bacteria,Bacillota,Bacilli,Bacillales,Bacillaceae,Bacillus,p,soil,58.6934,9.0,2,0.16,30,10,17.41523038,0.0,0.0,1.303840481,2.9623122639267643,Klebsiella pneumoniae,2.5346154028655907,0.42769686106117355,916.8795026136094,342.46437685532146
36,Ni,Bacillus subtilis,non-pathogenic,green_synthesis,MBEC,nanoplates,Bacteria,Bacillota,Bacilli,Bacillales,Bacillaceae,Bacillus,p,soil,58.6934,10.4,3,0.16,30,10,17.41523038,0.0,0.0,1.303840481,2.869137799620769,Klebsiella pneumoniae,2.5750633786709387,0.2940744209498303,739.8399856090887,375.8922560407431
37,Ag,Bacillus subtilis,non-pathogenic,green_synthesis,MIC,spheroidal,Bacteria,Bacillota,Bacilli,Bacillales,Bacillaceae,Bacillus,p,soil,107.87,27.43,1,0.16,30,11,23.00188061,0.0,0.0,1.78376517,1.093712942686667,Klebsiella pneumoniae,0.8022999737939842,0.29141296889268276,12.408318790068007,6.343076859331058
38,Au,Bacillus subtilis,non-pathogenic,green_synthesis,MIC,quasi-hexagonal,Bacteria,Bacillota,Bacilli,Bacillales,Bacillaceae,Bacillus,p,soil,196.966569,10.0,1,0.16,30,11,23.00188061,0.0,0.0,2.46797672,1.4207004790110163,Klebsiella pneumoniae,1.1484078929895905,0.2722925860214258,26.345138072373317,14.073687159992673
39,ZnO,Bacillus subtilis,non-pathogenic,green_synthesis,MIC,spheroidal,Bacteria,Bacillota,Bacilli,Bacillales,Bacillaceae,Bacillus,p,soil,81.3794,18.5,24,0.16,30,8,22.60496136,17.07,0.6865,4.082482905,1.4345596102366551,Klebsiella pneumoniae,1.196656491822654,0.23790311841400102,27.199417932764746,15.727384042251714
40,TiO2,Bacillus subtilis,non-pathogenic,chemical_synthesis,MBEC,quasi-spherical,Bacteria,Bacillota,Bacilli,Bacillales,Bacillaceae,Bacillus,p,soil,79.866,28.0,1,0.16,30,16,26.40611331,34.14,1.373,2.878049394,2.354130132266656,Klebsiella pneumoniae,2.1309122771437417,0.22321785512291425,226.0112890391247,135.17994865282867
41,ZnO,Bacillus subtilis,non-pathogenic,chemical_synthesis,MBEC,tetragonal,Bacteria,Bacillota,Bacilli,Bacillales,Bacillaceae,Bacillus,p,soil,81.3794,10.0,3,0.16,30,8,22.60496136,17.07,0.6865,4.082482905,1.0739366853894312,Klebsiella pneumoniae,0.858843845216124,0.2150928401733072,11.855958907689876,7.225099714400259
42,Pd,Bacillus subtilis,non-pathogenic,chemical_synthesis,MBC,hexagonal,Bacteria,Bacillota,Bacilli,Bacillales,Bacillaceae,Bacillus,p,soil,195.084,44.45,1,0.16,30,10,21.14774404,0.0,0.0,1.870828693,1.7065822212911705,Klebsiella pneumoniae,1.532596716110936,0.1739855051802346,50.88411451048743,34.08762284874079
43,ZnO,Bacillus subtilis,non-pathogenic,green_synthesis,MBC,spheroidal,Bacteria,Bacillota,Bacilli,Bacillales,Bacillaceae,Bacillus,p,soil,81.3794,44.45,4,0.16,30,8,22.60496136,17.07,0.6865,4.082482905,1.3870157907388427,Klebsiella pneumoniae,1.2146612562728327,0.17235453446601,24.378994576110646,16.39310634643952
44,Ag,Bacillus subtilis,non-pathogenic,chemical_synthesis,MBEC,quasi-spherical,Bacteria,Bacillota,Bacilli,Bacillales,Bacillaceae,Bacillus,p,soil,107.87,11.3,4,0.16,30,11,23.00188061,0.0,0.0,1.78376517,1.6798849934508546,Klebsiella pneumoniae,1.5101343860022538,0.16975060744860082,47.850336193624216,32.369380369302576
45,Au,Bacillus subtilis,non-pathogenic,green_synthesis,MIC,triangular,Bacteria,Bacillota,Bacilli,Bacillales,Bacillaceae,Bacillus,p,soil,196.966569,30.0,24,0.16,30,11,23.00188061,0.0,0.0,2.46797672,0.09306693253285192,Klebsiella pneumoniae,-0.038052715130808545,0.13111964766366047,1.23898752191272,0.9161092850437769
46,ZnO,Bacillus subtilis,non-pathogenic,chemical_synthesis,MBC,nanoplates,Bacteria,Bacillota,Bacilli,Bacillales,Bacillaceae,Bacillus,p,soil,81.3794,12.5,3,0.16,30,8,22.60496136,17.07,0.6865,4.082482905,1.9983310197531212,Klebsiella pneumoniae,1.8751617691456524,0.12316925060746886,99.61644057185346,75.01735873733931
47,Ag,Bacillus subtilis,non-pathogenic,green_synthesis,MBC,spherical,Bacteria,Bacillota,Bacilli,Bacillales,Bacillaceae,Bacillus,p,soil,107.87,38.0,4,0.16,30,11,23.00188061,0.0,0.0,1.78376517,1.0392753979004354,Klebsiella pneumoniae,0.9427865756692108,0.09648882223122468,10.946502936461897,8.76569944543515
48,ZnO,Bacillus subtilis,non-pathogenic,chemical_synthesis,MBC,hexagonal,Bacteria,Bacillota,Bacilli,Bacillales,Bacillaceae,Bacillus,p,soil,81.3794,79.0,2,0.16,30,8,22.60496136,17.07,0.6865,4.082482905,2.2238735176225317,Klebsiella pneumoniae,2.129176777744968,0.09469673987756355,167.44551426575492,134.6408292371336
49,Pd,Bacillus subtilis,non-pathogenic,chemical_synthesis,MIC,triangular,Bacteria,Bacillota,Bacilli,Bacillales,Bacillaceae,Bacillus,p,soil,195.084,8.0,0,0.16,30,10,21.14774404,0.0,0.0,1.870828693,-0.6562986577711607,Klebsiella pneumoniae,-0.7278366907988776,0.07153803302771689,0.22064868434094256,0.18713857114790594
50,Ag,Bacillus subtilis,non-pathogenic,chemical_synthesis,MBEC,tetragonal,Bacteria,Bacillota,Bacilli,Bacillales,Bacillaceae,Bacillus,p,soil,107.87,50.0,24,0.16,30,11,23.00188061,0.0,0.0,1.78376517,0.5022507956403401,Klebsiella pneumoniae,0.4329189708116592,0.06933182482868094,3.1787091763122644,2.7096860207167164
51,Au,Bacillus subtilis,non-pathogenic,green_synthesis,MBC,nanoplates,Bacteria,Bacillota,Bacilli,Bacillales,Bacillaceae,Bacillus,p,soil,196.966569,18.0,1,0.16,30,11,23.00188061,0.0,0.0,2.46797672,1.6357533914918965,Klebsiella pneumoniae,1.6325148177899738,0.003238573701922709,43.226830336293986,42.90568280744496
52,Ag,Bacillus subtilis,non-pathogenic,green_synthesis,MIC,rod-shaped,Bacteria,Bacillota,Bacilli,Bacillales,Bacillaceae,Bacillus,p,soil,107.87,9.0,24,0.16,30,11,23.00188061,0.0,0.0,1.78376517,1.7215563717021314,Klebsiella pneumoniae,1.7306865482878215,-0.009130176585690153,52.669157536127344,53.78814268744839
53,ZnO,Bacillus subtilis,non-pathogenic,green_synthesis,MBEC,hexagonal,Bacteria,Bacillota,Bacilli,Bacillales,Bacillaceae,Bacillus,p,soil,81.3794,35.0,18,0.16,30,8,22.60496136,17.07,0.6865,4.082482905,1.8424526175466551,Klebsiella pneumoniae,1.8743040701375202,-0.03185145259086508,69.57490428565717,74.86935128376868
54,Ag,Bacillus subtilis,non-pathogenic,chemical_synthesis,MBC,rod-shaped,Bacteria,Bacillota,Bacilli,Bacillales,Bacillaceae,Bacillus,p,soil,107.87,25.0,2,0.16,30,11,23.00188061,0.0,0.0,1.78376517,1.0176372490298462,Klebsiella pneumoniae,1.0984444850819233,-0.08080723605207707,10.414471816446255,12.544243772719264
55,Ag2O,Bacillus subtilis,non-pathogenic,chemical_synthesis,MBEC,triangular,Bacteria,Bacillota,Bacilli,Bacillales,Bacillaceae,Bacillus,p,soil,231.7358,25.0,18,0.16,30,28,46.55109718,17.07,0.6865,3.975778631,0.24609867705579735,Klebsiella pneumoniae,0.34216814603976475,-0.0960694689839674,1.7623764345577022,2.1987109841847094
56,Ag,Bacillus subtilis,non-pathogenic,green_synthesis,MBC,triangular,Bacteria,Bacillota,Bacilli,Bacillales,Bacillaceae,Bacillus,p,soil,107.87,13.0,24,0.16,30,11,23.00188061,0.0,0.0,1.78376517,0.6263863440651112,Klebsiella pneumoniae,0.7666903202395103,-0.14030397617439916,4.2304478336747735,5.843732400237891
57,CeO2,Bacillus subtilis,non-pathogenic,chemical_synthesis,MBC,rod-shaped,Bacteria,Bacillota,Bacilli,Bacillales,Bacillaceae,Bacillus,p,soil,172.115,13.0,0,0.16,30,16,39.19032095,34.14,1.373,4.456551526,2.553388234777757,Klebsiella pneumoniae,2.7165905413983324,-0.16320230662057567,357.59236272047525,520.7035533853378
58,TiO2,Bacillus subtilis,non-pathogenic,green_synthesis,MBC,hexagonal,Bacteria,Bacillota,Bacilli,Bacillales,Bacillaceae,Bacillus,p,soil,79.866,60.0,24,0.16,30,16,26.40611331,34.14,1.373,2.878049394,2.835026448123096,Klebsiella pneumoniae,3.019215363926774,-0.18418891580367802,683.9532981219892,1045.2384179412838
59,CuO,Bacillus subtilis,non-pathogenic,chemical_synthesis,MBEC,spheroidal,Bacteria,Bacillota,Bacilli,Bacillales,Bacillaceae,Bacillus,p,soil,79.5454,37.86,18,0.16,30,17,20.67942236,17.07,0.6865,1.651411411,2.9507079137452656,Klebsiella pneumoniae,3.1857300281031873,-0.23502211435792164,892.7048900312527,1533.6633102815465
60,Au,Bacillus subtilis,non-pathogenic,chemical_synthesis,MBEC,tetragonal,Bacteria,Bacillota,Bacilli,Bacillales,Bacillaceae,Bacillus,p,soil,196.966569,12.5,0,0.16,30,11,23.00188061,0.0,0.0,2.46797672,1.32266224066534,Klebsiella pneumoniae,1.594033092992802,-0.27137085232746183,21.021429260888272,39.26748558605656
61,Ag,Bacillus subtilis,non-pathogenic,chemical_synthesis,MBEC,rod-shaped,Bacteria,Bacillota,Bacilli,Bacillales,Bacillaceae,Bacillus,p,soil,107.8682,10.0,18,0.16,30,11,23.00188061,0.0,0.0,1.78376517,1.877039988302637,Klebsiella pneumoniae,2.2601491980599424,-0.38310920975730545,75.34249332479398,182.03261082722352
