,np,bacteria,bac_type,np_synthesis,method,shape,kingdom,phylum,class,order,family,genus,gram,isolated_from,mol_weight (g/mol),np_size_avg (nm),time_set,"min_Incub_period, h","growth_temp, C",Valance_electron,labuteASA,tpsa,CrippenMR,chi0v,pred_MIC_norm,pathogenic_bacteria,pred_MIC_pathogen,Fitness,pred_norm_MIC_original,pred_path_MIC_original
0,ZnO,Bacillus subtilis,non-pathogenic,green_synthesis,MBEC,quasi-spherical,Bacteria,Bacillota,Bacilli,Bacillales,Bacillaceae,Bacillus,p,soil,81.3794,6.0,4,0.16,30,8,22.60496136,17.07,0.6865,4.082482905,2.363948169167031,Klebsiella pneumoniae,1.5465017446452458,0.8174464245217854,231.17888734916215,35.19668364410371
1,Ag,Bacillus subtilis,non-pathogenic,chemical_synthesis,MIC,quasi-hexagonal,Bacteria,Bacillota,Bacilli,Bacillales,Bacillaceae,Bacillus,p,soil,107.87,6.0,3,0.16,30,11,23.00188061,0.0,0.0,1.78376517,0.9700370967565639,Klebsiella pneumoniae,0.28558168557387,0.6844554111826939,9.333340213269933,1.9301083322374513
2,ZnO,Bacillus subtilis,non-pathogenic,green_synthesis,MIC,quasi-spherical,Bacteria,Bacillota,Bacilli,Bacillales,Bacillaceae,Bacillus,p,soil,81.3794,6.0,3,0.16,30,8,22.60496136,17.07,0.6865,4.082482905,1.6525291163093698,Klebsiella pneumoniae,0.9793810707648398,0.67314804554453,44.929244547513164,9.536325598743817
3,TiO2,Bacillus subtilis,non-pathogenic,chemical_synthesis,MBEC,quasi-spherical,Bacteria,Bacillota,Bacilli,Bacillales,Bacillaceae,Bacillus,p,soil,79.866,5.1,0,0.16,30,16,26.40611331,34.14,1.373,2.878049394,2.929840961513011,Klebsiella pneumoniae,2.2750584193087806,0.6547825422042304,850.8264088140045,188.39024863986933
4,ZnO,Bacillus subtilis,non-pathogenic,chemical_synthesis,MBC,quasi-spherical,Bacteria,Bacillota,Bacilli,Bacillales,Bacillaceae,Bacillus,p,soil,81.3794,5.1,4,0.16,30,8,22.60496136,17.07,0.6865,4.082482905,1.5899445263489786,Klebsiella pneumoniae,0.9415295713435466,0.648414955005432,38.899545434147726,8.740365041775089
5,CuO,Bacillus subtilis,non-pathogenic,green_synthesis,MBC,quasi-spherical,Bacteria,Bacillota,Bacilli,Bacillales,Bacillaceae,Bacillus,p,soil,79.5454,5.1,4,0.16,30,17,20.67942236,17.07,0.6865,1.651411411,3.342365083868618,Klebsiella pneumoniae,2.716526375710394,0.625838708158224,2199.70825119575,520.6266267030529
6,Ag,Bacillus subtilis,non-pathogenic,green_synthesis,MIC,spheroidal,Bacteria,Bacillota,Bacilli,Bacillales,Bacillaceae,Bacillus,p,soil,107.87,50.0,18,0.16,30,11,23.00188061,0.0,0.0,1.78376517,0.9745455288699738,Klebsiella pneumoniae,0.35498861025762096,0.6195569186123528,9.430734725339864,2.264584916147646
7,ZnO,Bacillus subtilis,non-pathogenic,green_synthesis,MIC,quasi-hexagonal,Bacteria,Bacillota,Bacilli,Bacillales,Bacillaceae,Bacillus,p,soil,81.3794,8.0,4,0.16,30,8,22.60496136,17.07,0.6865,4.082482905,0.7342059741789706,Klebsiella pneumoniae,0.14533760495216153,0.5888683692268091,5.42258007797156,1.397454269750874
8,Ag,Bacillus subtilis,non-pathogenic,chemical_synthesis,MBEC,spheroidal,Bacteria,Bacillota,Bacilli,Bacillales,Bacillaceae,Bacillus,p,soil,107.87,5.1,18,0.16,30,11,23.00188061,0.0,0.0,1.78376517,1.8849745102159878,Klebsiella pneumoniae,1.3012146944889535,0.5837598157270343,76.73164523985572,20.008507504149204
9,TiO2,Bacillus subtilis,non-pathogenic,chemical_synthesis,MBEC,rod-shaped,Bacteria,Bacillota,Bacilli,Bacillales,Bacillaceae,Bacillus,p,soil,79.866,6.0,3,0.16,30,16,26.40611331,34.14,1.373,2.878049394,2.7744757365741197,Klebsiella pneumoniae,2.210770554500014,0.5637051820741057,594.9435171674526,162.4690176249068
10,ZnO,Bacillus subtilis,non-pathogenic,chemical_synthesis,MIC,quasi-spherical,Bacteria,Bacillota,Bacilli,Bacillales,Bacillaceae,Bacillus,p,soil,81.3794,6.0,0,0.16,30,8,22.60496136,17.07,0.6865,4.082482905,1.6702423360704317,Klebsiella pneumoniae,1.1141210202650367,0.556121315805395,46.799621005761765,13.00531933067988
11,TiO2,Bacillus subtilis,non-pathogenic,green_synthesis,MBEC,hexagonal,Bacteria,Bacillota,Bacilli,Bacillales,Bacillaceae,Bacillus,p,soil,79.866,9.0,4,0.16,30,16,26.40611331,34.14,1.373,2.878049394,3.2598132890566625,Klebsiella pneumoniae,2.716527566780262,0.5432857222764005,1818.9187048997774,520.6280545442154
12,ZnO,Bacillus subtilis,non-pathogenic,chemical_synthesis,MBC,hexagonal,Bacteria,Bacillota,Bacilli,Bacillales,Bacillaceae,Bacillus,p,soil,81.3794,6.0,3,0.16,30,8,22.60496136,17.07,0.6865,4.082482905,2.0996010013685735,Klebsiella pneumoniae,1.5618444345586016,0.537756566809972,125.77693325323804,36.46233144870983
13,TiO2,Bacillus subtilis,non-pathogenic,chemical_synthesis,MBC,nanoplates,Bacteria,Bacillota,Bacilli,Bacillales,Bacillaceae,Bacillus,p,soil,79.866,5.1,0,0.16,30,16,26.40611331,34.14,1.373,2.878049394,3.004111084098445,Klebsiella pneumoniae,2.482495996964425,0.5216150871340202,1009.5110663918337,303.7358095485057
14,Ag,Bacillus subtilis,non-pathogenic,green_synthesis,MBEC,spheroidal,Bacteria,Bacillota,Bacilli,Bacillales,Bacillaceae,Bacillus,p,soil,107.8682,50.0,18,0.16,30,11,23.00188061,0.0,0.0,1.78376517,1.557432340544798,Klebsiella pneumoniae,1.0388005299231526,0.5186318106216454,36.0937778112958,10.934540309552263
15,Au,Bacillus subtilis,non-pathogenic,green_synthesis,MIC,spheroidal,Bacteria,Bacillota,Bacilli,Bacillales,Bacillaceae,Bacillus,p,soil,196.966569,40.0,24,0.16,30,11,23.00188061,0.0,0.0,2.46797672,1.591638769474513,Klebsiella pneumoniae,1.0781625959572656,0.5134761735172475,39.05159435570413,11.971886641074832
16,TiO2,Bacillus subtilis,non-pathogenic,chemical_synthesis,MBEC,cubic,Bacteria,Bacillota,Bacilli,Bacillales,Bacillaceae,Bacillus,p,soil,79.866,8.7,4,0.16,30,16,26.40611331,34.14,1.373,2.878049394,3.2069056499305697,Klebsiella pneumoniae,2.6977737085803053,0.5091319413502644,1610.2957619287636,498.6246087902988
17,ZnO,Bacillus subtilis,non-pathogenic,green_synthesis,MBC,quasi-hexagonal,Bacteria,Bacillota,Bacilli,Bacillales,Bacillaceae,Bacillus,p,soil,81.3794,22.5,1,0.16,30,8,22.60496136,17.07,0.6865,4.082482905,0.9574984834425313,Klebsiella pneumoniae,0.4554737589979536,0.5020247244445777,9.067727981253894,2.854130055930288
18,Pd,Bacillus subtilis,non-pathogenic,chemical_synthesis,MBEC,quasi-hexagonal,Bacteria,Bacillota,Bacilli,Bacillales,Bacillaceae,Bacillus,p,soil,195.084,6.0,4,0.16,30,10,21.14774404,0.0,0.0,1.870828693,1.0467780666078437,Klebsiella pneumoniae,0.5455060158867004,0.5012720507211432,11.137252516890321,3.511607887938157
19,ZnO,Bacillus subtilis,non-pathogenic,green_synthesis,MBEC,spherical,Bacteria,Bacillota,Bacilli,Bacillales,Bacillaceae,Bacillus,p,soil,81.3794,12.0,3,0.16,30,8,22.60496136,17.07,0.6865,4.082482905,2.4656849227055537,Klebsiella pneumoniae,1.9698411600908328,0.49584376261472096,292.2031697225495,93.29130325345969
20,CeO2,Bacillus subtilis,non-pathogenic,chemical_synthesis,MIC,cubic,Bacteria,Bacillota,Bacilli,Bacillales,Bacillaceae,Bacillus,p,soil,172.115,10.4,1,0.16,30,16,39.19032095,34.14,1.373,4.456551526,3.013049164261173,Klebsiella pneumoniae,2.5292082347416587,0.4838409295195145,1030.5027717966998,338.2269697958369
21,ZnO,Bacillus subtilis,non-pathogenic,green_synthesis,MIC,quasi-hexagonal,Bacteria,Bacillota,Bacilli,Bacillales,Bacillaceae,Bacillus,p,soil,81.3794,11.3,2,0.16,30,8,22.60496136,17.07,0.6865,4.082482905,0.769837744366725,Klebsiella pneumoniae,0.29048627673924,0.47935146762748504,5.88623700098087,1.9520290509502938
22,Ag,Bacillus subtilis,non-pathogenic,chemical_synthesis,MIC,nanoplates,Bacteria,Bacillota,Bacilli,Bacillales,Bacillaceae,Bacillus,p,soil,107.87,8.7,4,0.16,30,11,23.00188061,0.0,0.0,1.78376517,1.941962169742727,Klebsiella pneumoniae,1.4649504822950332,0.47701168744769373,87.49075609970396,29.170943916431668
23,ZnO,Bacillus subtilis,non-pathogenic,green_synthesis,MBC,quasi-spherical,Bacteria,Bacillota,Bacilli,Bacillales,Bacillaceae,Bacillus,p,soil,81.3794,26.38,3,0.16,30,8,22.60496136,17.07,0.6865,4.082482905,1.9062585833820855,Klebsiella pneumoniae,1.4322281423164944,0.4740304410655911,80.58581145577897,27.053791728220784
24,Pd,Bacillus subtilis,non-pathogenic,green_synthesis,MBC,quasi-spherical,Bacteria,Bacillota,Bacilli,Bacillales,Bacillaceae,Bacillus,p,soil,195.084,8.7,0,0.16,30,10,21.14774404,0.0,0.0,1.870828693,1.8080209347145095,Klebsiella pneumoniae,1.3397012453984511,0.4683196893160584,64.27186981577312,21.86257162987258
25,ZnO,Bacillus subtilis,non-pathogenic,green_synthesis,MIC,cubic,Bacteria,Bacillota,Bacilli,Bacillales,Bacillaceae,Bacillus,p,soil,81.3794,9.0,4,0.16,30,8,22.60496136,17.07,0.6865,4.082482905,1.8890911122488536,Klebsiella pneumoniae,1.4250640061801747,0.4640271060686789,77.46242920577748,26.61117225494842
26,TiO2,Bacillus subtilis,non-pathogenic,green_synthesis,MBEC,spherical,Bacteria,Bacillota,Bacilli,Bacillales,Bacillaceae,Bacillus,p,soil,79.866,10.0,3,0.16,30,16,26.40611331,34.14,1.373,2.878049394,2.9264689431595787,Klebsiella pneumoniae,2.4645144209048793,0.46195452225469946,844.2458668690933,291.416689912699
27,Pd,Bacillus subtilis,non-pathogenic,green_synthesis,MBC,quasi-spherical,Bacteria,Bacillota,Bacilli,Bacillales,Bacillaceae,Bacillus,p,soil,195.084,8.0,3,0.16,30,10,21.14774404,0.0,0.0,1.870828693,1.7645957632668874,Klebsiella pneumoniae,1.3122058033403574,0.45238995992652997,58.1561654301884,20.5213441329379
28,Ag,Bacillus subtilis,non-pathogenic,green_synthesis,MBC,spheroidal,Bacteria,Bacillota,Bacilli,Bacillales,Bacillaceae,Bacillus,p,soil,107.87,10.0,18,0.16,30,11,23.00188061,0.0,0.0,1.78376517,1.8678336029190963,Klebsiella pneumoniae,1.4174149388940247,0.4504186640250716,73.76215611202956,26.14658289874847
29,ZnO,Bacillus subtilis,non-pathogenic,chemical_synthesis,MBEC,rod-shaped,Bacteria,Bacillota,Bacilli,Bacillales,Bacillaceae,Bacillus,p,soil,81.3794,8.7,1,0.16,30,8,22.60496136,17.07,0.6865,4.082482905,1.8480044002501326,Klebsiella pneumoniae,1.3992612604573103,0.4487431397928223,70.47002089185119,25.0761731784967
30,CuO,Bacillus subtilis,non-pathogenic,green_synthesis,MBC,spheroidal,Bacteria,Bacillota,Bacilli,Bacillales,Bacillaceae,Bacillus,p,soil,79.5454,10.0,3,0.16,30,17,20.67942236,17.07,0.6865,1.651411411,3.597633088820833,Klebsiella pneumoniae,3.159735838803007,0.437897250017826,3959.433824362447,1444.560844084413
31,TiO2,Bacillus subtilis,non-pathogenic,chemical_synthesis,MBEC,cubic,Bacteria,Bacillota,Bacilli,Bacillales,Bacillaceae,Bacillus,p,soil,79.866,9.0,1,0.16,30,16,26.40611331,34.14,1.373,2.878049394,3.2011692017224354,Klebsiella pneumoniae,2.766126748481448,0.43504245324098756,1589.165769155271,583.6154070897911
32,Ag,Bacillus subtilis,non-pathogenic,green_synthesis,MIC,quasi-spherical,Bacteria,Bacillota,Bacilli,Bacillales,Bacillaceae,Bacillus,p,soil,107.87,5.1,0,0.16,30,11,23.00188061,0.0,0.0,1.78376517,2.0977245864985763,Klebsiella pneumoniae,1.6627516682572048,0.4349729182413715,125.23467310760218,45.99934718141492
33,TiO2,Bacillus subtilis,non-pathogenic,chemical_synthesis,MBC,rod-shaped,Bacteria,Bacillota,Bacilli,Bacillales,Bacillaceae,Bacillus,p,soil,79.866,8.7,4,0.16,30,16,26.40611331,34.14,1.373,2.878049394,2.4012681483776936,Klebsiella pneumoniae,1.9664785247402456,0.434789623637448,251.92319082459875,92.57176085372885
34,Ni,Bacillus subtilis,non-pathogenic,green_synthesis,MBC,spheroidal,Bacteria,Bacillota,Bacilli,Bacillales,Bacillaceae,Bacillus,p,soil,58.6934,9.0,2,0.16,30,10,17.41523038,0.0,0.0,1.303840481,2.9623122639267643,Klebsiella pneumoniae,2.5346154028655907,0.42769686106117355,916.8795026136094,342.46437685532146
35,Ag,Bacillus subtilis,non-pathogenic,chemical_synthesis,MIC,spheroidal,Bacteria,Bacillota,Bacilli,Bacillales,Bacillaceae,Bacillus,p,soil,107.87,10.0,1,0.16,30,11,23.00188061,0.0,0.0,1.78376517,1.1683494663876584,Klebsiella pneumoniae,0.7447016675223468,0.42364779886531156,14.734977138991054,5.555225178006257
36,ZnO,Bacillus subtilis,non-pathogenic,chemical_synthesis,MBEC,quasi-spherical,Bacteria,Bacillota,Bacilli,Bacillales,Bacillaceae,Bacillus,p,soil,81.3794,18.0,1,0.16,30,8,22.60496136,17.07,0.6865,4.082482905,1.8210970006376523,Klebsiella pneumoniae,1.5274859647366803,0.29361103590097204,66.23644277484544,33.68883282147154
37,Ag,Bacillus subtilis,non-pathogenic,chemical_synthesis,MIC,spherical,Bacteria,Bacillota,Bacilli,Bacillales,Bacillaceae,Bacillus,p,soil,107.87,18.0,2,0.16,30,11,23.00188061,0.0,0.0,1.78376517,0.9156075677700639,Klebsiella pneumoniae,0.6256114050993209,0.289996162670743,8.233937530790671,4.222905910230425
38,ZnO,Bacillus subtilis,non-pathogenic,chemical_synthesis,MBC,quasi-spherical,Bacteria,Bacillota,Bacilli,Bacillales,Bacillaceae,Bacillus,p,soil,81.3794,100.0,1,0.16,30,8,22.60496136,17.07,0.6865,4.082482905,1.0457617905111236,Klebsiella pneumoniae,0.7801061205052795,0.2656556700058441,11.111221122786871,6.027068403993228
39,Ag,Bacillus subtilis,non-pathogenic,chemical_synthesis,MIC,rod-shaped,Bacteria,Bacillota,Bacilli,Bacillales,Bacillaceae,Bacillus,p,soil,107.87,26.38,4,0.16,30,11,23.00188061,0.0,0.0,1.78376517,0.7461243825946672,Klebsiella pneumoniae,0.48850361658897845,0.25762076600568873,5.573453506248239,3.079665987326035
40,Ag,Bacillus subtilis,non-pathogenic,green_synthesis,MBEC,nanoplates,Bacteria,Bacillota,Bacilli,Bacillales,Bacillaceae,Bacillus,p,soil,107.87,6.0,1,0.16,30,11,23.00188061,0.0,0.0,1.78376517,2.5754558601046718,Klebsiella pneumoniae,2.3483738493437794,0.2270820107608924,376.2321116483849,223.0354256535001
41,ZnO,Bacillus subtilis,non-pathogenic,green_synthesis,MIC,spheroidal,Bacteria,Bacillota,Bacilli,Bacillales,Bacillaceae,Bacillus,p,soil,81.3794,12.0,1,0.16,30,8,22.60496136,17.07,0.6865,4.082482905,1.4232184827407863,Klebsiella pneumoniae,1.2389744261230082,0.1842440566177781,26.498328682875588,17.33701903929478
42,Ag,Bacillus subtilis,non-pathogenic,green_synthesis,MIC,rod-shaped,Bacteria,Bacillota,Bacilli,Bacillales,Bacillaceae,Bacillus,p,soil,107.87,60.0,4,0.16,30,11,23.00188061,0.0,0.0,1.78376517,0.9040018760393751,Klebsiella pneumoniae,0.7341980605409779,0.16980381549839718,8.016815264361961,5.422481269567255
43,Ag,Bacillus subtilis,non-pathogenic,chemical_synthesis,MBEC,quasi-spherical,Bacteria,Bacillota,Bacilli,Bacillales,Bacillaceae,Bacillus,p,soil,107.87,44.45,4,0.16,30,11,23.00188061,0.0,0.0,1.78376517,0.902006540482882,Klebsiella pneumoniae,0.7528344328266707,0.14917210765621125,7.980067051731328,5.660234613584297
44,Pd,Bacillus subtilis,non-pathogenic,green_synthesis,MIC,quasi-spherical,Bacteria,Bacillota,Bacilli,Bacillales,Bacillaceae,Bacillus,p,soil,195.084,12.0,18,0.16,30,10,21.14774404,0.0,0.0,1.870828693,1.3073549853376185,Klebsiella pneumoniae,1.1767892205093422,0.1305657648282763,20.29340792373832,15.024126116116733
45,Ag,Bacillus subtilis,non-pathogenic,chemical_synthesis,MIC,rod-shaped,Bacteria,Bacillota,Bacilli,Bacillales,Bacillaceae,Bacillus,p,soil,107.87,12.5,3,0.16,30,11,23.00188061,0.0,0.0,1.78376517,1.3211499611086006,Klebsiella pneumoniae,1.23189021400526,0.0892597471033405,20.94835673995903,17.05651160222766
46,Ag,Bacillus subtilis,non-pathogenic,green_synthesis,MBEC,rod-shaped,Bacteria,Bacillota,Bacilli,Bacillales,Bacillaceae,Bacillus,p,soil,107.87,27.43,3,0.16,30,11,23.00188061,0.0,0.0,1.78376517,1.2864876095858075,Klebsiella pneumoniae,1.2216439986480743,0.06484361093773328,19.34138676888514,16.65881090984705
47,Ag,Bacillus subtilis,non-pathogenic,green_synthesis,MBC,spherical,Bacteria,Bacillota,Bacilli,Bacillales,Bacillaceae,Bacillus,p,soil,107.87,20.0,4,0.16,30,11,23.00188061,0.0,0.0,1.78376517,1.2633851344812224,Klebsiella pneumoniae,1.2177273612775306,0.0456577732036918,18.339400485073615,16.50925065248435
48,Ag,Bacillus subtilis,non-pathogenic,chemical_synthesis,MBC,hexagonal,Bacteria,Bacillota,Bacilli,Bacillales,Bacillaceae,Bacillus,p,soil,107.8682,8.0,1,0.16,30,11,23.00188061,0.0,0.0,1.78376517,1.968383771711325,Klebsiella pneumoniae,1.9810987496985353,-0.012714977987210219,92.97876465467627,95.74117424304252
49,TiO2,Bacillus subtilis,non-pathogenic,chemical_synthesis,MIC,nanoplates,Bacteria,Bacillota,Bacilli,Bacillales,Bacillaceae,Bacillus,p,soil,79.866,12.5,1,0.16,30,16,26.40611331,34.14,1.373,2.878049394,2.981596043121151,Klebsiella pneumoniae,2.999205971588193,-0.017609928467042124,958.508664625251,998.1733523707502
50,Ag,Bacillus subtilis,non-pathogenic,chemical_synthesis,MIC,cubic,Bacteria,Bacillota,Bacilli,Bacillales,Bacillaceae,Bacillus,p,soil,107.8682,12.5,3,0.16,30,11,23.00188061,0.0,0.0,1.78376517,2.4871477119208003,Klebsiella pneumoniae,2.5360156338130078,-0.048867921892207455,307.00659994339964,343.57031558497096
51,ZnO,Bacillus subtilis,non-pathogenic,chemical_synthesis,MBC,tetragonal,Bacteria,Bacillota,Bacilli,Bacillales,Bacillaceae,Bacillus,p,soil,81.3794,50.0,24,0.16,30,8,22.60496136,17.07,0.6865,4.082482905,1.5477265199810761,Klebsiella pneumoniae,1.6053616082726652,-0.05763508829158903,35.29608364699128,40.30524897837795
52,Ag,Bacillus subtilis,non-pathogenic,chemical_synthesis,MBC,spherical,Bacteria,Bacillota,Bacilli,Bacillales,Bacillaceae,Bacillus,p,soil,107.87,38.0,3,0.16,30,11,23.00188061,0.0,0.0,1.78376517,1.2499255460984482,Klebsiella pneumoniae,1.3661778068089647,-0.11625226071051653,17.77974574271459,23.236879550536003
53,ZnO,Bacillus subtilis,non-pathogenic,chemical_synthesis,MBC,spheroidal,Bacteria,Bacillota,Bacilli,Bacillales,Bacillaceae,Bacillus,p,soil,81.3794,30.0,3,0.16,30,8,22.60496136,17.07,0.6865,4.082482905,1.5029856717608052,Klebsiella pneumoniae,1.6241442133340358,-0.12115854157323058,31.840924704463323,42.08663595284376
54,Ag,Bacillus subtilis,non-pathogenic,chemical_synthesis,MBEC,nanoplates,Bacteria,Bacillota,Bacilli,Bacillales,Bacillaceae,Bacillus,p,soil,107.8682,45.26,3,0.16,30,11,23.00188061,0.0,0.0,1.78376517,2.3451933437183423,Klebsiella pneumoniae,2.517218837635087,-0.1720254939167445,221.40801773883675,329.01737842879106
55,CuO,Bacillus subtilis,non-pathogenic,chemical_synthesis,MBEC,nanoplates,Bacteria,Bacillota,Bacilli,Bacillales,Bacillaceae,Bacillus,p,soil,79.5454,79.0,1,0.16,30,17,20.67942236,17.07,0.6865,1.651411411,3.2342099360837526,Klebsiella pneumoniae,3.445579797329601,-0.21136986124584833,1714.7860273792696,2789.8432154371462
56,Ag,Bacillus subtilis,non-pathogenic,green_synthesis,MBEC,rod-shaped,Bacteria,Bacillota,Bacilli,Bacillales,Bacillaceae,Bacillus,p,soil,107.87,25.0,18,0.16,30,11,23.00188061,0.0,0.0,1.78376517,1.3012801782300603,Klebsiella pneumoniae,1.5149140496181015,-0.21363387138804124,20.011524652108754,32.72759179244577
57,Cu,Bacillus subtilis,non-pathogenic,chemical_synthesis,MIC,triangular,Bacteria,Bacillota,Bacilli,Bacillales,Bacillaceae,Bacillus,p,soil,63.55,22.5,3,0.16,30,11,17.96409803,0.0,0.0,1.243163121,-0.20779735318788206,Klebsiella pneumoniae,0.08022442700121579,-0.28802178018909785,0.6197301808685807,1.202885880068689
58,Ag,Bacillus subtilis,non-pathogenic,green_synthesis,MBEC,spherical,Bacteria,Bacillota,Bacilli,Bacillales,Bacillaceae,Bacillus,p,soil,107.87,30.0,18,0.16,30,11,23.00188061,0.0,0.0,1.78376517,1.3987528134740097,Klebsiella pneumoniae,1.6914300791167305,-0.2926772656427208,25.04683261668717,49.13942599522331
59,Ag2O,Bacillus subtilis,non-pathogenic,chemical_synthesis,MBC,quasi-spherical,Bacteria,Bacillota,Bacilli,Bacillales,Bacillaceae,Bacillus,p,soil,231.7358,18.5,18,0.16,30,28,46.55109718,17.07,0.6865,3.975778631,1.4540487693016662,Klebsiella pneumoniae,1.8622830258631533,-0.40823425656148715,28.4478054547176,72.8254246760633
