,np,bacteria,bac_type,np_synthesis,method,shape,kingdom,phylum,class,order,family,genus,gram,isolated_from,mol_weight (g/mol),np_size_avg (nm),time_set,"min_Incub_period, h","growth_temp, C",Valance_electron,labuteASA,tpsa,CrippenMR,chi0v,pred_MIC_norm,pathogenic_bacteria,pred_MIC_pathogen,Fitness,pred_norm_MIC_original,pred_path_MIC_original
0,ZnO,Bacillus subtilis,non-pathogenic,green_synthesis,MBC,quasi-spherical,Bacteria,Bacillota,Bacilli,Bacillales,Bacillaceae,Bacillus,p,soil,81.3794,5.1,4,0.16,30,8,22.60496136,17.07,0.6865,4.082482905,2.2320128377061863,Klebsiella pneumoniae,1.383556731559441,0.8484561061467453,170.61328213919032,24.185592518605546
1,Ag,Bacillus subtilis,non-pathogenic,chemical_synthesis,MIC,quasi-hexagonal,Bacteria,Bacillota,Bacilli,Bacillales,Bacillaceae,Bacillus,p,soil,107.87,6.0,4,0.16,30,11,23.00188061,0.0,0.0,1.78376517,0.9040013573165796,Klebsiella pneumoniae,0.17431354637793373,0.7296878109386459,8.01680568905646,1.493872547345861
2,ZnO,Bacillus subtilis,non-pathogenic,green_synthesis,MBEC,nanoplates,Bacteria,Bacillota,Bacilli,Bacillales,Bacillaceae,Bacillus,p,soil,81.3794,6.0,3,0.16,30,8,22.60496136,17.07,0.6865,4.082482905,2.7425409856432004,Klebsiella pneumoniae,2.064421257993244,0.6781197276499564,552.7655715901581,115.99018950710753
3,TiO2,Bacillus subtilis,non-pathogenic,chemical_synthesis,MBEC,quasi-spherical,Bacteria,Bacillota,Bacilli,Bacillales,Bacillaceae,Bacillus,p,soil,79.866,5.1,0,0.16,30,16,26.40611331,34.14,1.373,2.878049394,2.929840961513011,Klebsiella pneumoniae,2.2750584193087806,0.6547825422042304,850.8264088140045,188.39024863986933
4,ZnO,Bacillus subtilis,non-pathogenic,chemical_synthesis,MBC,quasi-spherical,Bacteria,Bacillota,Bacilli,Bacillales,Bacillaceae,Bacillus,p,soil,81.3794,5.1,4,0.16,30,8,22.60496136,17.07,0.6865,4.082482905,1.5899445263489786,Klebsiella pneumoniae,0.9415295713435466,0.648414955005432,38.899545434147726,8.740365041775089
5,ZnO,Bacillus subtilis,non-pathogenic,green_synthesis,MBC,nanoplates,Bacteria,Bacillota,Bacilli,Bacillales,Bacillaceae,Bacillus,p,soil,81.3794,8.0,3,0.16,30,8,22.60496136,17.07,0.6865,4.082482905,2.5362839824655135,Klebsiella pneumoniae,1.8932058288522475,0.6430781536132659,343.782671773883,78.19983358536554
6,CuO,Bacillus subtilis,non-pathogenic,green_synthesis,MBC,quasi-spherical,Bacteria,Bacillota,Bacilli,Bacillales,Bacillaceae,Bacillus,p,soil,79.5454,5.1,4,0.16,30,17,20.67942236,17.07,0.6865,1.651411411,3.342365083868618,Klebsiella pneumoniae,2.716526375710394,0.625838708158224,2199.70825119575,520.6266267030529
7,Ag,Bacillus subtilis,non-pathogenic,green_synthesis,MIC,spheroidal,Bacteria,Bacillota,Bacilli,Bacillales,Bacillaceae,Bacillus,p,soil,107.87,50.0,18,0.16,30,11,23.00188061,0.0,0.0,1.78376517,0.9745455288699738,Klebsiella pneumoniae,0.35498861025762096,0.6195569186123528,9.430734725339864,2.264584916147646
8,ZnO,Bacillus subtilis,non-pathogenic,green_synthesis,MIC,quasi-hexagonal,Bacteria,Bacillota,Bacilli,Bacillales,Bacillaceae,Bacillus,p,soil,81.3794,8.0,4,0.16,30,8,22.60496136,17.07,0.6865,4.082482905,0.7342059741789706,Klebsiella pneumoniae,0.14533760495216153,0.5888683692268091,5.42258007797156,1.397454269750874
9,Ag,Bacillus subtilis,non-pathogenic,chemical_synthesis,MBEC,spheroidal,Bacteria,Bacillota,Bacilli,Bacillales,Bacillaceae,Bacillus,p,soil,107.87,5.1,18,0.16,30,11,23.00188061,0.0,0.0,1.78376517,1.8849745102159878,Klebsiella pneumoniae,1.3012146944889535,0.5837598157270343,76.73164523985572,20.008507504149204
10,TiO2,Bacillus subtilis,non-pathogenic,green_synthesis,MBC,hexagonal,Bacteria,Bacillota,Bacilli,Bacillales,Bacillaceae,Bacillus,p,soil,79.866,10.4,3,0.16,30,16,26.40611331,34.14,1.373,2.878049394,3.432330596451294,Klebsiella pneumoniae,2.853763390890642,0.5785672055606521,2706.017472388241,714.1071654880676
11,Ag,Bacillus subtilis,non-pathogenic,chemical_synthesis,MIC,spheroidal,Bacteria,Bacillota,Bacilli,Bacillales,Bacillaceae,Bacillus,p,soil,107.87,37.86,18,0.16,30,11,23.00188061,0.0,0.0,1.78376517,0.8847826943850877,Klebsiella pneumoniae,0.3068352790366311,0.5779474153484566,7.669776248279255,2.0269137976673246
12,TiO2,Bacillus subtilis,non-pathogenic,chemical_synthesis,MBEC,rod-shaped,Bacteria,Bacillota,Bacilli,Bacillales,Bacillaceae,Bacillus,p,soil,79.866,6.0,3,0.16,30,16,26.40611331,34.14,1.373,2.878049394,2.7744757365741197,Klebsiella pneumoniae,2.210770554500014,0.5637051820741057,594.9435171674526,162.4690176249068
13,ZnO,Bacillus subtilis,non-pathogenic,chemical_synthesis,MIC,quasi-spherical,Bacteria,Bacillota,Bacilli,Bacillales,Bacillaceae,Bacillus,p,soil,81.3794,6.0,0,0.16,30,8,22.60496136,17.07,0.6865,4.082482905,1.6702423360704317,Klebsiella pneumoniae,1.1141210202650367,0.556121315805395,46.799621005761765,13.00531933067988
14,TiO2,Bacillus subtilis,non-pathogenic,green_synthesis,MBEC,hexagonal,Bacteria,Bacillota,Bacilli,Bacillales,Bacillaceae,Bacillus,p,soil,79.866,9.0,4,0.16,30,16,26.40611331,34.14,1.373,2.878049394,3.2598132890566625,Klebsiella pneumoniae,2.716527566780262,0.5432857222764005,1818.9187048997774,520.6280545442154
15,ZnO,Bacillus subtilis,non-pathogenic,chemical_synthesis,MBC,hexagonal,Bacteria,Bacillota,Bacilli,Bacillales,Bacillaceae,Bacillus,p,soil,81.3794,6.0,3,0.16,30,8,22.60496136,17.07,0.6865,4.082482905,2.0996010013685735,Klebsiella pneumoniae,1.5618444345586016,0.537756566809972,125.77693325323804,36.46233144870983
16,Ag,Bacillus subtilis,non-pathogenic,chemical_synthesis,MIC,quasi-hexagonal,Bacteria,Bacillota,Bacilli,Bacillales,Bacillaceae,Bacillus,p,soil,107.87,17.5,4,0.16,30,11,23.00188061,0.0,0.0,1.78376517,0.46902801494808477,Klebsiella pneumoniae,-0.05451663663069306,0.5235446515787778,2.9446115751478175,0.8820300133383631
17,TiO2,Bacillus subtilis,non-pathogenic,chemical_synthesis,MBC,nanoplates,Bacteria,Bacillota,Bacilli,Bacillales,Bacillaceae,Bacillus,p,soil,79.866,5.1,0,0.16,30,16,26.40611331,34.14,1.373,2.878049394,3.004111084098445,Klebsiella pneumoniae,2.482495996964425,0.5216150871340202,1009.5110663918337,303.7358095485057
18,Ag,Bacillus subtilis,non-pathogenic,green_synthesis,MBEC,spheroidal,Bacteria,Bacillota,Bacilli,Bacillales,Bacillaceae,Bacillus,p,soil,107.8682,50.0,18,0.16,30,11,23.00188061,0.0,0.0,1.78376517,1.557432340544798,Klebsiella pneumoniae,1.0388005299231526,0.5186318106216454,36.0937778112958,10.934540309552263
19,Au,Bacillus subtilis,non-pathogenic,green_synthesis,MIC,spheroidal,Bacteria,Bacillota,Bacilli,Bacillales,Bacillaceae,Bacillus,p,soil,196.966569,40.0,24,0.16,30,11,23.00188061,0.0,0.0,2.46797672,1.591638769474513,Klebsiella pneumoniae,1.0781625959572656,0.5134761735172475,39.05159435570413,11.971886641074832
20,TiO2,Bacillus subtilis,non-pathogenic,chemical_synthesis,MBEC,cubic,Bacteria,Bacillota,Bacilli,Bacillales,Bacillaceae,Bacillus,p,soil,79.866,8.7,4,0.16,30,16,26.40611331,34.14,1.373,2.878049394,3.2069056499305697,Klebsiella pneumoniae,2.6977737085803053,0.5091319413502644,1610.2957619287636,498.6246087902988
21,ZnO,Bacillus subtilis,non-pathogenic,green_synthesis,MBC,triangular,Bacteria,Bacillota,Bacilli,Bacillales,Bacillaceae,Bacillus,p,soil,81.3794,11.3,18,0.16,30,8,22.60496136,17.07,0.6865,4.082482905,1.2204246250024422,Klebsiella pneumoniae,0.7141552373216822,0.50626938768076,16.612103374886676,5.177918821045868
22,ZnO,Bacillus subtilis,non-pathogenic,chemical_synthesis,MBEC,nanoplates,Bacteria,Bacillota,Bacilli,Bacillales,Bacillaceae,Bacillus,p,soil,81.3794,5.1,2,0.16,30,8,22.60496136,17.07,0.6865,4.082482905,2.460735912090246,Klebsiella pneumoniae,1.9547338470001763,0.5060020650900698,288.89226379548643,90.10187880814411
23,Pd,Bacillus subtilis,non-pathogenic,chemical_synthesis,MBEC,quasi-hexagonal,Bacteria,Bacillota,Bacilli,Bacillales,Bacillaceae,Bacillus,p,soil,195.084,6.0,4,0.16,30,10,21.14774404,0.0,0.0,1.870828693,1.0467780666078437,Klebsiella pneumoniae,0.5455060158867004,0.5012720507211432,11.137252516890321,3.511607887938157
24,ZnO,Bacillus subtilis,non-pathogenic,green_synthesis,MBEC,spherical,Bacteria,Bacillota,Bacilli,Bacillales,Bacillaceae,Bacillus,p,soil,81.3794,12.0,3,0.16,30,8,22.60496136,17.07,0.6865,4.082482905,2.4656849227055537,Klebsiella pneumoniae,1.9698411600908328,0.49584376261472096,292.2031697225495,93.29130325345969
25,CuO,Bacillus subtilis,non-pathogenic,green_synthesis,MBC,quasi-hexagonal,Bacteria,Bacillota,Bacilli,Bacillales,Bacillaceae,Bacillus,p,soil,79.5454,26.38,4,0.16,30,17,20.67942236,17.07,0.6865,1.651411411,2.2340984876620387,Klebsiella pneumoniae,1.744478135416724,0.48962035224531464,171.43460363476325,55.52366629908286
26,CeO2,Bacillus subtilis,non-pathogenic,chemical_synthesis,MIC,cubic,Bacteria,Bacillota,Bacilli,Bacillales,Bacillaceae,Bacillus,p,soil,172.115,10.4,1,0.16,30,16,39.19032095,34.14,1.373,4.456551526,3.013049164261173,Klebsiella pneumoniae,2.5292082347416587,0.4838409295195145,1030.5027717966998,338.2269697958369
27,ZnO,Bacillus subtilis,non-pathogenic,green_synthesis,MIC,quasi-hexagonal,Bacteria,Bacillota,Bacilli,Bacillales,Bacillaceae,Bacillus,p,soil,81.3794,11.3,2,0.16,30,8,22.60496136,17.07,0.6865,4.082482905,0.769837744366725,Klebsiella pneumoniae,0.29048627673924,0.47935146762748504,5.88623700098087,1.9520290509502938
28,Ag,Bacillus subtilis,non-pathogenic,chemical_synthesis,MIC,nanoplates,Bacteria,Bacillota,Bacilli,Bacillales,Bacillaceae,Bacillus,p,soil,107.87,8.7,4,0.16,30,11,23.00188061,0.0,0.0,1.78376517,1.941962169742727,Klebsiella pneumoniae,1.4649504822950332,0.47701168744769373,87.49075609970396,29.170943916431668
29,ZnO,Bacillus subtilis,non-pathogenic,green_synthesis,MBC,quasi-spherical,Bacteria,Bacillota,Bacilli,Bacillales,Bacillaceae,Bacillus,p,soil,81.3794,26.38,3,0.16,30,8,22.60496136,17.07,0.6865,4.082482905,1.9062585833820855,Klebsiella pneumoniae,1.4322281423164944,0.4740304410655911,80.58581145577897,27.053791728220784
30,Pd,Bacillus subtilis,non-pathogenic,green_synthesis,MBC,quasi-spherical,Bacteria,Bacillota,Bacilli,Bacillales,Bacillaceae,Bacillus,p,soil,195.084,8.7,0,0.16,30,10,21.14774404,0.0,0.0,1.870828693,1.8080209347145095,Klebsiella pneumoniae,1.3397012453984511,0.4683196893160584,64.27186981577312,21.86257162987258
31,ZnO,Bacillus subtilis,non-pathogenic,chemical_synthesis,MBC,spheroidal,Bacteria,Bacillota,Bacilli,Bacillales,Bacillaceae,Bacillus,p,soil,81.3794,5.1,24,0.16,30,8,22.60496136,17.07,0.6865,4.082482905,2.2465860841982614,Klebsiella pneumoniae,1.7805475792242682,0.46603850497399324,176.4355453636995,60.33198011351597
32,Ag,Bacillus subtilis,non-pathogenic,chemical_synthesis,MIC,quasi-hexagonal,Bacteria,Bacillota,Bacilli,Bacillales,Bacillaceae,Bacillus,p,soil,107.87,25.0,4,0.16,30,11,23.00188061,0.0,0.0,1.78376517,0.4123282243383726,Klebsiella pneumoniae,-0.05130853537279112,0.4636367597111637,2.5842125087890215,0.8885696279823098
33,TiO2,Bacillus subtilis,non-pathogenic,green_synthesis,MBEC,spherical,Bacteria,Bacillota,Bacilli,Bacillales,Bacillaceae,Bacillus,p,soil,79.866,10.0,3,0.16,30,16,26.40611331,34.14,1.373,2.878049394,2.9264689431595787,Klebsiella pneumoniae,2.4645144209048793,0.46195452225469946,844.2458668690933,291.416689912699
34,ZnO,Bacillus subtilis,non-pathogenic,chemical_synthesis,MBEC,spherical,Bacteria,Bacillota,Bacilli,Bacillales,Bacillaceae,Bacillus,p,soil,81.3794,8.0,1,0.16,30,8,22.60496136,17.07,0.6865,4.082482905,2.1252757606558794,Klebsiella pneumoniae,1.6662432942192877,0.4590324664365917,133.43684369792575,46.37066180511827
35,Pd,Bacillus subtilis,non-pathogenic,green_synthesis,MBC,quasi-spherical,Bacteria,Bacillota,Bacilli,Bacillales,Bacillaceae,Bacillus,p,soil,195.084,8.0,3,0.16,30,10,21.14774404,0.0,0.0,1.870828693,1.7645957632668874,Klebsiella pneumoniae,1.3122058033403574,0.45238995992652997,58.1561654301884,20.5213441329379
36,ZnO,Bacillus subtilis,non-pathogenic,chemical_synthesis,MBEC,quasi-spherical,Bacteria,Bacillota,Bacilli,Bacillales,Bacillaceae,Bacillus,p,soil,81.3794,11.3,3,0.16,30,8,22.60496136,17.07,0.6865,4.082482905,2.10135582342273,Klebsiella pneumoniae,1.6496772709020409,0.451678552520689,126.28617908203462,44.63517798682793
37,Ag,Bacillus subtilis,non-pathogenic,green_synthesis,MBC,spheroidal,Bacteria,Bacillota,Bacilli,Bacillales,Bacillaceae,Bacillus,p,soil,107.87,10.0,18,0.16,30,11,23.00188061,0.0,0.0,1.78376517,1.8678336029190963,Klebsiella pneumoniae,1.4174149388940247,0.4504186640250716,73.76215611202956,26.14658289874847
38,TiO2,Bacillus subtilis,non-pathogenic,green_synthesis,MBEC,quasi-hexagonal,Bacteria,Bacillota,Bacilli,Bacillales,Bacillaceae,Bacillus,p,soil,79.866,27.43,0,0.16,30,16,26.40611331,34.14,1.373,2.878049394,1.8772047486608086,Klebsiella pneumoniae,1.4525220044612355,0.4246827441995731,75.37108178648708,28.34797260933262
39,Ag,Bacillus subtilis,non-pathogenic,green_synthesis,MBEC,quasi-hexagonal,Bacteria,Bacillota,Bacilli,Bacillales,Bacillaceae,Bacillus,p,soil,107.8682,44.45,2,0.16,30,11,23.00188061,0.0,0.0,1.78376517,0.06050557423747427,Klebsiella pneumoniae,-0.2502893033793814,0.31079487761685565,1.1494909972215508,0.5619668487052685
40,ZnO,Bacillus subtilis,non-pathogenic,chemical_synthesis,MIC,cubic,Bacteria,Bacillota,Bacilli,Bacillales,Bacillaceae,Bacillus,p,soil,81.3794,8.0,2,0.16,30,8,22.60496136,17.07,0.6865,4.082482905,2.035039349437106,Klebsiella pneumoniae,1.7301190723331341,0.30492027710397207,108.40251281317072,53.71790568088429
41,ZnO,Bacillus subtilis,non-pathogenic,green_synthesis,MBEC,cubic,Bacteria,Bacillota,Bacilli,Bacillales,Bacillaceae,Bacillus,p,soil,81.3794,12.5,1,0.16,30,8,22.60496136,17.07,0.6865,4.082482905,2.5484544020905386,Klebsiella pneumoniae,2.2817951002834826,0.266659301807056,353.5528985485926,191.33529939448601
42,Ag,Bacillus subtilis,non-pathogenic,chemical_synthesis,MIC,nanoplates,Bacteria,Bacillota,Bacilli,Bacillales,Bacillaceae,Bacillus,p,soil,107.87,40.0,4,0.16,30,11,23.00188061,0.0,0.0,1.78376517,1.2454821492729031,Klebsiella pneumoniae,0.9999702799000864,0.24551186937281677,17.598763264383,9.999315692824648
43,Ag,Bacillus subtilis,non-pathogenic,green_synthesis,MBC,tetragonal,Bacteria,Bacillota,Bacilli,Bacillales,Bacillaceae,Bacillus,p,soil,107.87,6.0,24,0.16,30,11,23.00188061,0.0,0.0,1.78376517,1.3365754108024839,Klebsiella pneumoniae,1.1926262200238265,0.14394919077865742,21.705780695673585,15.582108354987483
44,ZnO,Bacillus subtilis,non-pathogenic,green_synthesis,MBEC,quasi-hexagonal,Bacteria,Bacillota,Bacilli,Bacillales,Bacillaceae,Bacillus,p,soil,81.3794,35.0,18,0.16,30,8,22.60496136,17.07,0.6865,4.082482905,0.375287152910714,Klebsiella pneumoniae,0.24415430463959242,0.1311328482711216,2.3729421622250544,1.7545037655335558
45,Ag,Bacillus subtilis,non-pathogenic,green_synthesis,MBEC,tetragonal,Bacteria,Bacillota,Bacilli,Bacillales,Bacillaceae,Bacillus,p,soil,107.8682,28.0,0,0.16,30,11,23.00188061,0.0,0.0,1.78376517,0.4037074040296911,Klebsiella pneumoniae,0.27639398080686806,0.12731342322282302,2.5334212208167988,1.8897048634994094
46,Al2O3,Bacillus subtilis,non-pathogenic,chemical_synthesis,MBEC,cubic,Bacteria,Bacillota,Bacilli,Bacillales,Bacillaceae,Bacillus,p,soil,101.961276,11.3,1,0.16,30,24,51.55776403,85.5,13.5675,4.688846487,3.1475460038633076,Klebsiella pneumoniae,3.0210312449919012,0.1265147588714064,1404.5784596180695,1049.6179399141733
47,Ag,Bacillus subtilis,non-pathogenic,green_synthesis,MBEC,tetragonal,Bacteria,Bacillota,Bacilli,Bacillales,Bacillaceae,Bacillus,p,soil,107.87,35.0,1,0.16,30,11,23.00188061,0.0,0.0,1.78376517,0.31672635266495663,Klebsiella pneumoniae,0.22182871276313576,0.09489763990182087,2.0736065339837917,1.666589774174564
48,TiO2,Bacillus subtilis,non-pathogenic,chemical_synthesis,MBC,cubic,Bacteria,Bacillota,Bacilli,Bacillales,Bacillaceae,Bacillus,p,soil,79.866,27.43,18,0.16,30,16,26.40611331,34.14,1.373,2.878049394,2.709107338602311,Klebsiella pneumoniae,2.617216870368195,0.09189046823411617,511.80831654158925,414.2064623494609
49,CuO,Bacillus subtilis,non-pathogenic,green_synthesis,MBEC,spherical,Bacteria,Bacillota,Bacilli,Bacillales,Bacillaceae,Bacillus,p,soil,79.5454,30.0,3,0.16,30,17,20.67942236,17.07,0.6865,1.651411411,2.792741758112801,Klebsiella pneumoniae,2.701545278381088,0.09119647973171308,620.4999603921561,502.9737018098424
50,Ag,Bacillus subtilis,non-pathogenic,green_synthesis,MIC,quasi-hexagonal,Bacteria,Bacillota,Bacilli,Bacillales,Bacillaceae,Bacillus,p,soil,107.87,38.0,24,0.16,30,11,23.00188061,0.0,0.0,1.78376517,-0.08556106100788274,Klebsiella pneumoniae,-0.12798278852344103,0.04242172751555828,0.8211810881623124,0.7447614888812931
51,TiO2,Bacillus subtilis,non-pathogenic,green_synthesis,MIC,cubic,Bacteria,Bacillota,Bacilli,Bacillales,Bacillaceae,Bacillus,p,soil,79.866,50.0,0,0.16,30,16,26.40611331,34.14,1.373,2.878049394,2.1322042353034942,Klebsiella pneumoniae,2.106073515644847,0.026130719658647106,135.58268660204453,127.66548975916002
52,ZnO,Bacillus subtilis,non-pathogenic,green_synthesis,MIC,spherical,Bacteria,Bacillota,Bacilli,Bacillales,Bacillaceae,Bacillus,p,soil,81.3794,8.7,24,0.16,30,8,22.60496136,17.07,0.6865,4.082482905,1.9087768206089621,Klebsiella pneumoniae,1.9086212447268713,0.0001555758820908082,81.05444205117357,81.02541138540573
53,Ag,Bacillus subtilis,non-pathogenic,chemical_synthesis,MIC,nanoplates,Bacteria,Bacillota,Bacilli,Bacillales,Bacillaceae,Bacillus,p,soil,107.87,100.0,24,0.16,30,11,23.00188061,0.0,0.0,1.78376517,1.4215033619315944,Klebsiella pneumoniae,1.4326657515740244,-0.011162389642429993,26.39388754147544,27.081065748234273
54,ZnO,Bacillus subtilis,non-pathogenic,chemical_synthesis,MBEC,tetragonal,Bacteria,Bacillota,Bacilli,Bacillales,Bacillaceae,Bacillus,p,soil,81.3794,26.38,2,0.16,30,8,22.60496136,17.07,0.6865,4.082482905,0.7778286753098282,Klebsiella pneumoniae,0.8094269084949975,-0.0315982331851693,5.99554511531418,6.4480279080651535
55,CuO,Bacillus subtilis,non-pathogenic,chemical_synthesis,MBC,spheroidal,Bacteria,Bacillota,Bacilli,Bacillales,Bacillaceae,Bacillus,p,soil,79.5454,17.5,2,0.16,30,17,20.67942236,17.07,0.6865,1.651411411,2.656708231057427,Klebsiella pneumoniae,2.6997448354183913,-0.04303660436096424,453.6367507336097,500.89285348952393
56,Ag,Bacillus subtilis,non-pathogenic,chemical_synthesis,MIC,quasi-spherical,Bacteria,Bacillota,Bacilli,Bacillales,Bacillaceae,Bacillus,p,soil,107.8682,26.06,0,0.16,30,11,23.00188061,0.0,0.0,1.78376517,1.8520461222983342,Klebsiella pneumoniae,1.9531303356195588,-0.10108421332122464,71.12890489067617,89.7698161246076
57,CuO,Bacillus subtilis,non-pathogenic,green_synthesis,MIC,cubic,Bacteria,Bacillota,Bacilli,Bacillales,Bacillaceae,Bacillus,p,soil,79.5454,26.38,3,0.16,30,17,20.67942236,17.07,0.6865,1.651411411,2.4349757683678677,Klebsiella pneumoniae,2.562076308474359,-0.12710054010649152,272.2549398121138,364.8180422890176
58,Ag,Bacillus subtilis,non-pathogenic,green_synthesis,MBEC,cubic,Bacteria,Bacillota,Bacilli,Bacillales,Bacillaceae,Bacillus,p,soil,107.87,9.0,24,0.16,30,11,23.00188061,0.0,0.0,1.78376517,2.627403717616843,Klebsiella pneumoniae,2.849017965328253,-0.2216142477114098,424.0369651806582,706.346772891568
59,Au,Bacillus subtilis,non-pathogenic,chemical_synthesis,MBEC,nanoplates,Bacteria,Bacillota,Bacilli,Bacillales,Bacillaceae,Bacillus,p,soil,196.966569,18.5,24,0.16,30,11,23.00188061,0.0,0.0,2.46797672,2.3244376438878285,Klebsiella pneumoniae,2.592251302166436,-0.2678136582786075,211.07541114384227,391.06711922008924
60,Ag,Bacillus subtilis,non-pathogenic,chemical_synthesis,MBC,hexagonal,Bacteria,Bacillota,Bacilli,Bacillales,Bacillaceae,Bacillus,p,soil,107.87,26.38,24,0.16,30,11,23.00188061,0.0,0.0,1.78376517,1.7330759058559324,Klebsiella pneumoniae,2.13071259568488,-0.3976366898289476,54.0848844079724,135.11780942247037
61,Pt,Bacillus subtilis,non-pathogenic,chemical_synthesis,MBC,rod-shaped,Bacteria,Bacillota,Bacilli,Bacillales,Bacillaceae,Bacillus,p,soil,195.084,100.0,24,0.16,30,10,21.75656585,0.0,0.0,2.588435821,1.3541324452549641,Klebsiella pneumoniae,1.8006585486560676,-0.44652610340110344,22.601249274509595,63.191483144991196
62,Ag,Bacillus subtilis,non-pathogenic,chemical_synthesis,MBC,spherical,Bacteria,Bacillota,Bacilli,Bacillales,Bacillaceae,Bacillus,p,soil,107.8682,12.5,3,0.16,30,11,23.00188061,0.0,0.0,1.78376517,1.7633127482378124,Klebsiella pneumoniae,2.2718648441565623,-0.50855209591875,57.98461103618985,187.01000600143385
