,np,bacteria,bac_type,np_synthesis,method,shape,kingdom,phylum,class,order,family,genus,gram,isolated_from,mol_weight (g/mol),np_size_avg (nm),time_set,"min_Incub_period, h","growth_temp, C",Valance_electron,labuteASA,tpsa,CrippenMR,chi0v,pred_MIC_norm,pathogenic_bacteria,pred_MIC_pathogen,Fitness,pred_norm_MIC_original,pred_path_MIC_original
0,ZnO,Bacillus subtilis,non-pathogenic,green_synthesis,MBC,quasi-hexagonal,Bacteria,Bacillota,Bacilli,Bacillales,Bacillaceae,Bacillus,p,soil,81.3794,8.7,0,0.16,30,8,22.60496136,17.07,0.6865,4.082482905,1.3883797063244914,Klebsiella pneumoniae,0.620871478792093,0.7675082275323983,24.455677931511342,4.177067359750717
1,Ag,Bacillus subtilis,non-pathogenic,chemical_synthesis,MIC,quasi-hexagonal,Bacteria,Bacillota,Bacilli,Bacillales,Bacillaceae,Bacillus,p,soil,107.87,6.0,3,0.16,30,11,23.00188061,0.0,0.0,1.78376517,0.9700370967565639,Klebsiella pneumoniae,0.28558168557387,0.6844554111826939,9.333340213269933,1.9301083322374513
2,ZnO,Bacillus subtilis,non-pathogenic,green_synthesis,MBC,cubic,Bacteria,Bacillota,Bacilli,Bacillales,Bacillaceae,Bacillus,p,soil,81.3794,9.0,4,0.16,30,8,22.60496136,17.07,0.6865,4.082482905,2.449992566635546,Klebsiella pneumoniae,1.7787270737601788,0.6712654928753672,281.8334692364162,60.07960570161474
3,TiO2,Bacillus subtilis,non-pathogenic,chemical_synthesis,MBEC,quasi-spherical,Bacteria,Bacillota,Bacilli,Bacillales,Bacillaceae,Bacillus,p,soil,79.866,5.1,0,0.16,30,16,26.40611331,34.14,1.373,2.878049394,2.929840961513011,Klebsiella pneumoniae,2.2750584193087806,0.6547825422042304,850.8264088140045,188.39024863986933
4,ZnO,Bacillus subtilis,non-pathogenic,green_synthesis,MIC,nanoplates,Bacteria,Bacillota,Bacilli,Bacillales,Bacillaceae,Bacillus,p,soil,81.3794,5.1,2,0.16,30,8,22.60496136,17.07,0.6865,4.082482905,1.9418340422104383,Klebsiella pneumoniae,1.3184825064729941,0.6233515357374442,87.46494798632024,20.820085395306386
5,Ag,Bacillus subtilis,non-pathogenic,chemical_synthesis,MIC,nanoplates,Bacteria,Bacillota,Bacilli,Bacillales,Bacillaceae,Bacillus,p,soil,107.87,6.0,3,0.16,30,11,23.00188061,0.0,0.0,1.78376517,2.0821300389386943,Klebsiella pneumoniae,1.5051318794072397,0.5769981595314546,120.8175539785232,31.9986664506194
6,TiO2,Bacillus subtilis,non-pathogenic,chemical_synthesis,MBEC,rod-shaped,Bacteria,Bacillota,Bacilli,Bacillales,Bacillaceae,Bacillus,p,soil,79.866,6.0,3,0.16,30,16,26.40611331,34.14,1.373,2.878049394,2.7744757365741197,Klebsiella pneumoniae,2.210770554500014,0.5637051820741057,594.9435171674526,162.4690176249068
7,ZnO,Bacillus subtilis,non-pathogenic,chemical_synthesis,MIC,quasi-spherical,Bacteria,Bacillota,Bacilli,Bacillales,Bacillaceae,Bacillus,p,soil,81.3794,6.0,0,0.16,30,8,22.60496136,17.07,0.6865,4.082482905,1.6702423360704317,Klebsiella pneumoniae,1.1141210202650367,0.556121315805395,46.799621005761765,13.00531933067988
8,TiO2,Bacillus subtilis,non-pathogenic,green_synthesis,MBEC,hexagonal,Bacteria,Bacillota,Bacilli,Bacillales,Bacillaceae,Bacillus,p,soil,79.866,9.0,4,0.16,30,16,26.40611331,34.14,1.373,2.878049394,3.2598132890566625,Klebsiella pneumoniae,2.716527566780262,0.5432857222764005,1818.9187048997774,520.6280545442154
9,TiO2,Bacillus subtilis,non-pathogenic,chemical_synthesis,MBC,quasi-hexagonal,Bacteria,Bacillota,Bacilli,Bacillales,Bacillaceae,Bacillus,p,soil,79.866,10.4,0,0.16,30,16,26.40611331,34.14,1.373,2.878049394,2.094706892865108,Klebsiella pneumoniae,1.5533726478964147,0.5413342449686933,124.36749671048752,35.75795289177476
10,ZnO,Bacillus subtilis,non-pathogenic,green_synthesis,MBEC,nanoplates,Bacteria,Bacillota,Bacilli,Bacillales,Bacillaceae,Bacillus,p,soil,81.3794,8.7,1,0.16,30,8,22.60496136,17.07,0.6865,4.082482905,2.599020461875455,Klebsiella pneumoniae,2.062862372130877,0.5361580897445779,397.2102636733229,115.57459284069495
11,TiO2,Bacillus subtilis,non-pathogenic,chemical_synthesis,MBC,cubic,Bacteria,Bacillota,Bacilli,Bacillales,Bacillaceae,Bacillus,p,soil,79.866,10.0,4,0.16,30,16,26.40611331,34.14,1.373,2.878049394,2.964448321492532,Klebsiella pneumoniae,2.4615433363637442,0.5029049851287879,921.4002409628163,289.4298612168129
12,ZnO,Bacillus subtilis,non-pathogenic,green_synthesis,MBC,quasi-spherical,Bacteria,Bacillota,Bacilli,Bacillales,Bacillaceae,Bacillus,p,soil,81.3794,18.5,1,0.16,30,8,22.60496136,17.07,0.6865,4.082482905,1.778593830969792,Klebsiella pneumoniae,1.2952036224114962,0.48339020855829573,60.06117593388127,19.73347738985154
13,Ag,Bacillus subtilis,non-pathogenic,chemical_synthesis,MIC,nanoplates,Bacteria,Bacillota,Bacilli,Bacillales,Bacillaceae,Bacillus,p,soil,107.87,8.7,4,0.16,30,11,23.00188061,0.0,0.0,1.78376517,1.941962169742727,Klebsiella pneumoniae,1.4649504822950332,0.47701168744769373,87.49075609970396,29.170943916431668
14,ZnO,Bacillus subtilis,non-pathogenic,green_synthesis,MBC,quasi-spherical,Bacteria,Bacillota,Bacilli,Bacillales,Bacillaceae,Bacillus,p,soil,81.3794,26.38,3,0.16,30,8,22.60496136,17.07,0.6865,4.082482905,1.9062585833820855,Klebsiella pneumoniae,1.4322281423164944,0.4740304410655911,80.58581145577897,27.053791728220784
15,TiO2,Bacillus subtilis,non-pathogenic,green_synthesis,MBEC,spherical,Bacteria,Bacillota,Bacilli,Bacillales,Bacillaceae,Bacillus,p,soil,79.866,10.0,3,0.16,30,16,26.40611331,34.14,1.373,2.878049394,2.9264689431595787,Klebsiella pneumoniae,2.4645144209048793,0.46195452225469946,844.2458668690933,291.416689912699
16,ZnO,Bacillus subtilis,non-pathogenic,green_synthesis,MBC,nanoplates,Bacteria,Bacillota,Bacilli,Bacillales,Bacillaceae,Bacillus,p,soil,81.3794,8.0,18,0.16,30,8,22.60496136,17.07,0.6865,4.082482905,2.4223275673052718,Klebsiella pneumoniae,1.9802188025886243,0.4421087647166475,264.44025501555336,95.5473843565395
17,Al2O3,Bacillus subtilis,non-pathogenic,green_synthesis,MBC,quasi-spherical,Bacteria,Bacillota,Bacilli,Bacillales,Bacillaceae,Bacillus,p,soil,101.961276,8.7,0,0.16,30,24,51.55776403,85.5,13.5675,4.688846487,2.773163873915559,Klebsiella pneumoniae,2.3489189250114904,0.4242449489040685,593.1490974639271,223.3155293884699
18,Ag,Bacillus subtilis,non-pathogenic,green_synthesis,MBEC,triangular,Bacteria,Bacillota,Bacilli,Bacillales,Bacillaceae,Bacillus,p,soil,107.87,5.1,18,0.16,30,11,23.00188061,0.0,0.0,1.78376517,0.43310451292231367,Klebsiella pneumoniae,0.030874881161881307,0.40222963176043236,2.7108439177108674,1.0736800440250651
19,ZnO,Bacillus subtilis,non-pathogenic,chemical_synthesis,MIC,quasi-hexagonal,Bacteria,Bacillota,Bacilli,Bacillales,Bacillaceae,Bacillus,p,soil,81.3794,8.7,2,0.16,30,8,22.60496136,17.07,0.6865,4.082482905,0.8770003330974524,Klebsiella pneumoniae,0.47984748199186233,0.39715285110559007,7.533561415465281,3.018891342773052
20,Au,Bacillus subtilis,non-pathogenic,green_synthesis,MBC,spherical,Bacteria,Bacillota,Bacilli,Bacillales,Bacillaceae,Bacillus,p,soil,196.966569,44.45,0,0.16,30,11,23.00188061,0.0,0.0,2.46797672,1.1349806169705419,Klebsiella pneumoniae,0.7592623209986823,0.3757182959718596,13.645222351360971,5.744633427283698
21,Ag,Bacillus subtilis,non-pathogenic,chemical_synthesis,MIC,nanoplates,Bacteria,Bacillota,Bacilli,Bacillales,Bacillaceae,Bacillus,p,soil,107.87,10.4,1,0.16,30,11,23.00188061,0.0,0.0,1.78376517,1.8970670507875933,Klebsiella pneumoniae,1.5284873261690812,0.3685797246185121,78.89819192479418,33.76659945353275
22,ZnO,Bacillus subtilis,non-pathogenic,green_synthesis,MIC,spheroidal,Bacteria,Bacillota,Bacilli,Bacillales,Bacillaceae,Bacillus,p,soil,81.3794,6.0,4,0.16,30,8,22.60496136,17.07,0.6865,4.082482905,1.4883975495792767,Klebsiella pneumoniae,1.1287704906276943,0.3596270589515824,30.789139375296283,13.451493020527524
23,Ag,Bacillus subtilis,non-pathogenic,chemical_synthesis,MIC,quasi-hexagonal,Bacteria,Bacillota,Bacilli,Bacillales,Bacillaceae,Bacillus,p,soil,107.87,41.23,0,0.16,30,11,23.00188061,0.0,0.0,1.78376517,0.026957277435542437,Klebsiella pneumoniae,-0.3323773852368528,0.3593346626723952,1.0640383411342103,0.4651816928063568
24,ZnO,Bacillus subtilis,non-pathogenic,green_synthesis,MBC,cubic,Bacteria,Bacillota,Bacilli,Bacillales,Bacillaceae,Bacillus,p,soil,81.3794,26.06,3,0.16,30,8,22.60496136,17.07,0.6865,4.082482905,2.2429342817198843,Klebsiella pneumoniae,1.8842455502024278,0.3586887315174565,174.95819184760705,76.60295978082917
25,Cu,Bacillus subtilis,non-pathogenic,green_synthesis,MBC,quasi-hexagonal,Bacteria,Bacillota,Bacilli,Bacillales,Bacillaceae,Bacillus,p,soil,63.55,10.0,0,0.16,30,11,17.96409803,0.0,0.0,1.243163121,1.3116121214779792,Klebsiella pneumoniae,0.9539162703154372,0.357695851162542,20.493310559170336,8.993241798585021
26,Au,Bacillus subtilis,non-pathogenic,green_synthesis,MIC,rod-shaped,Bacteria,Bacillota,Bacilli,Bacillales,Bacillaceae,Bacillus,p,soil,196.966569,40.0,3,0.16,30,11,23.00188061,0.0,0.0,2.46797672,1.099660595759026,Klebsiella pneumoniae,0.7433401866959183,0.3563204090631077,12.57941936935234,5.537837230385808
27,Ag,Bacillus subtilis,non-pathogenic,chemical_synthesis,MBC,spheroidal,Bacteria,Bacillota,Bacilli,Bacillales,Bacillaceae,Bacillus,p,soil,196.966569,27.43,18,0.16,30,11,23.00188061,0.0,0.0,2.46797672,1.1527417063916783,Klebsiella pneumoniae,0.8132635428397571,0.3394781635519212,14.214831185183908,6.505243281491641
28,ZnO,Bacillus subtilis,non-pathogenic,chemical_synthesis,MBC,quasi-hexagonal,Bacteria,Bacillota,Bacilli,Bacillales,Bacillaceae,Bacillus,p,soil,81.3794,26.06,1,0.16,30,8,22.60496136,17.07,0.6865,4.082482905,0.45163476091354937,Klebsiella pneumoniae,0.11832223579227374,0.3333125251212756,2.829011812904674,1.3131738802649044
29,Ag,Bacillus subtilis,non-pathogenic,green_synthesis,MIC,spherical,Bacteria,Bacillota,Bacilli,Bacillales,Bacillaceae,Bacillus,p,soil,107.87,6.0,2,0.16,30,11,23.00188061,0.0,0.0,1.78376517,1.845790857650439,Klebsiella pneumoniae,1.5186024913312492,0.3271883663191897,70.11175812786708,33.006729295482764
30,Au,Bacillus subtilis,non-pathogenic,green_synthesis,MBEC,quasi-hexagonal,Bacteria,Bacillota,Bacilli,Bacillales,Bacillaceae,Bacillus,p,soil,196.966569,79.0,4,0.16,30,11,23.00188061,0.0,0.0,2.46797672,0.6075895737226915,Klebsiella pneumoniae,0.2815292357644459,0.3260603379582456,4.051254941064929,1.9121820442280208
31,Ag,Bacillus subtilis,non-pathogenic,chemical_synthesis,MIC,tetragonal,Bacteria,Bacillota,Bacilli,Bacillales,Bacillaceae,Bacillus,p,soil,107.8682,17.5,18,0.16,30,11,23.00188061,0.0,0.0,1.78376517,0.49840214482626055,Klebsiella pneumoniae,0.18695318687178397,0.3114489579544766,3.150664392946842,1.5379888496869103
32,ZnO,Bacillus subtilis,non-pathogenic,green_synthesis,MBEC,rod-shaped,Bacteria,Bacillota,Bacilli,Bacillales,Bacillaceae,Bacillus,p,soil,81.3794,44.45,3,0.16,30,8,22.60496136,17.07,0.6865,4.082482905,1.288571079633185,Klebsiella pneumoniae,0.9774958604698905,0.3110752191632946,19.434397425658883,9.495019488669943
33,Pd,Bacillus subtilis,non-pathogenic,green_synthesis,MBC,spherical,Bacteria,Bacillota,Bacilli,Bacillales,Bacillaceae,Bacillus,p,soil,195.084,10.4,4,0.16,30,10,21.14774404,0.0,0.0,1.870828693,1.8839489978794652,Klebsiella pneumoniae,1.5761009948485054,0.3078480030309598,76.55067030341301,37.67914113499937
34,CeO2,Bacillus subtilis,non-pathogenic,green_synthesis,MIC,tetragonal,Bacteria,Bacillota,Bacilli,Bacillales,Bacillaceae,Bacillus,p,soil,172.115,8.7,18,0.16,30,16,39.19032095,34.14,1.373,4.456551526,1.5126249975914874,Klebsiella pneumoniae,1.2071724945674966,0.30545250302399074,32.55554706062281,16.112854839798963
35,ZnO,Bacillus subtilis,non-pathogenic,green_synthesis,MBC,rod-shaped,Bacteria,Bacillota,Bacilli,Bacillales,Bacillaceae,Bacillus,p,soil,81.3794,30.0,0,0.16,30,8,22.60496136,17.07,0.6865,4.082482905,1.5096592630775718,Klebsiella pneumoniae,1.217571418793939,0.29208784428363277,32.33398727603606,16.503323726173335
36,Au,Bacillus subtilis,non-pathogenic,green_synthesis,MBC,spherical,Bacteria,Bacillota,Bacilli,Bacillales,Bacillaceae,Bacillus,p,soil,196.966569,60.0,1,0.16,30,11,23.00188061,0.0,0.0,2.46797672,1.0018198571812116,Klebsiella pneumoniae,0.7132434603824012,0.2885763967988104,10.041991679185857,5.1670594737883135
37,ZnO,Bacillus subtilis,non-pathogenic,green_synthesis,MBC,tetragonal,Bacteria,Bacillota,Bacilli,Bacillales,Bacillaceae,Bacillus,p,soil,81.3794,12.0,1,0.16,30,8,22.60496136,17.07,0.6865,4.082482905,1.687601767833989,Klebsiella pneumoniae,1.4001261449573172,0.2874756228766717,48.708164919731026,25.1261613875227
38,Ag,Bacillus subtilis,non-pathogenic,green_synthesis,MBC,cubic,Bacteria,Bacillota,Bacilli,Bacillales,Bacillaceae,Bacillus,p,soil,107.8682,44.45,0,0.16,30,11,23.00188061,0.0,0.0,1.78376517,1.1457399741491514,Klebsiella pneumoniae,0.8702671434267761,0.2754728307223753,13.987495961601978,7.417663766813058
39,CeO2,Bacillus subtilis,non-pathogenic,green_synthesis,MBC,spheroidal,Bacteria,Bacillota,Bacilli,Bacillales,Bacillaceae,Bacillus,p,soil,172.115,8.7,0,0.16,30,16,39.19032095,34.14,1.373,4.456551526,3.060298306926382,Klebsiella pneumoniae,2.7877177637348094,0.27258054319157266,1148.942532817438,613.3632673773185
40,Ag,Bacillus subtilis,non-pathogenic,chemical_synthesis,MBEC,tetragonal,Bacteria,Bacillota,Bacilli,Bacillales,Bacillaceae,Bacillus,p,soil,107.87,10.0,4,0.16,30,11,23.00188061,0.0,0.0,1.78376517,0.5810963193495067,Klebsiella pneumoniae,0.34445652488360357,0.2366397944659031,3.81150346877794,2.2103269800993544
41,ZnO,Bacillus subtilis,non-pathogenic,green_synthesis,MBEC,nanoplates,Bacteria,Bacillota,Bacilli,Bacillales,Bacillaceae,Bacillus,p,soil,81.3794,38.0,0,0.16,30,8,22.60496136,17.07,0.6865,4.082482905,1.6681431963054194,Klebsiella pneumoniae,1.4392435403545174,0.228899655950902,46.57396326622764,27.494355284136645
42,CuO,Bacillus subtilis,non-pathogenic,green_synthesis,MBEC,tetragonal,Bacteria,Bacillota,Bacilli,Bacillales,Bacillaceae,Bacillus,p,soil,79.5454,9.0,1,0.16,30,17,20.67942236,17.07,0.6865,1.651411411,2.163366719026834,Klebsiella pneumoniae,1.98183260901112,0.18153411001571396,145.66885918254513,95.90309190699352
43,Cu,Bacillus subtilis,non-pathogenic,green_synthesis,MBC,rod-shaped,Bacteria,Bacillota,Bacilli,Bacillales,Bacillaceae,Bacillus,p,soil,63.55,18.0,1,0.16,30,11,17.96409803,0.0,0.0,1.243163121,1.4682680767357763,Klebsiella pneumoniae,1.2871462712582524,0.18112180547752388,29.39463533249579,19.3707426461521
44,Ag,Bacillus subtilis,non-pathogenic,green_synthesis,MIC,spherical,Bacteria,Bacillota,Bacilli,Bacillales,Bacillaceae,Bacillus,p,soil,107.87,8.0,2,0.16,30,11,23.00188061,0.0,0.0,1.78376517,1.7659052635568429,Klebsiella pneumoniae,1.5919835199672343,0.17392174358960855,58.33178461849345,39.082606496025896
45,Au,Bacillus subtilis,non-pathogenic,green_synthesis,MBEC,nanoplates,Bacteria,Bacillota,Bacilli,Bacillales,Bacillaceae,Bacillus,p,soil,196.966569,5.1,0,0.16,30,11,23.00188061,0.0,0.0,2.46797672,2.4294954411472154,Klebsiella pneumoniae,2.315511302161354,0.11398413898586135,268.8409622286898,206.7813194379065
46,ZnO,Bacillus subtilis,non-pathogenic,chemical_synthesis,MIC,quasi-spherical,Bacteria,Bacillota,Bacilli,Bacillales,Bacillaceae,Bacillus,p,soil,81.3794,20.0,3,0.16,30,8,22.60496136,17.07,0.6865,4.082482905,1.4425982126712054,Klebsiella pneumoniae,1.336043620156,0.10655459251520538,27.7075555538398,21.679218380487676
47,Ag,Bacillus subtilis,non-pathogenic,chemical_synthesis,MBEC,hexagonal,Bacteria,Bacillota,Bacilli,Bacillales,Bacillaceae,Bacillus,p,soil,107.8682,9.0,4,0.16,30,11,23.00188061,0.0,0.0,1.78376517,2.5654262991845638,Klebsiella pneumoniae,2.4634997787698554,0.1019265204147084,367.64299818530293,290.7366478427782
48,Cu,Bacillus subtilis,non-pathogenic,green_synthesis,MBEC,nanoplates,Bacteria,Bacillota,Bacilli,Bacillales,Bacillaceae,Bacillus,p,soil,63.55,25.0,4,0.16,30,11,17.96409803,0.0,0.0,1.243163121,2.021364479580031,Klebsiella pneumoniae,1.9427560409841742,0.07860843859585676,105.0423621864694,87.6508316207507
49,Ag,Bacillus subtilis,non-pathogenic,green_synthesis,MBC,tetragonal,Bacteria,Bacillota,Bacilli,Bacillales,Bacillaceae,Bacillus,p,soil,107.87,12.0,1,0.16,30,11,23.00188061,0.0,0.0,1.78376517,1.030020703712974,Klebsiella pneumoniae,0.9659849891991035,0.06403571451387058,10.715703879887426,9.246662135498688
50,ZnO,Bacillus subtilis,non-pathogenic,chemical_synthesis,MBC,quasi-spherical,Bacteria,Bacillota,Bacilli,Bacillales,Bacillaceae,Bacillus,p,soil,81.3794,8.7,24,0.16,30,8,22.60496136,17.07,0.6865,4.082482905,1.9337195922582746,Klebsiella pneumoniae,1.8996802465819995,0.03403934567627509,85.84590675421207,79.37436182932036
51,Ag,Bacillus subtilis,non-pathogenic,chemical_synthesis,MBEC,triangular,Bacteria,Bacillota,Bacilli,Bacillales,Bacillaceae,Bacillus,p,soil,107.87,12.5,4,0.16,30,11,23.00188061,0.0,0.0,1.78376517,0.08821153905514545,Klebsiella pneumoniae,0.0650148204219907,0.023196718633154756,1.2252128387934416,1.1614882492789684
52,Pd,Bacillus subtilis,non-pathogenic,green_synthesis,MIC,quasi-spherical,Bacteria,Bacillota,Bacilli,Bacillales,Bacillaceae,Bacillus,p,soil,195.084,8.0,24,0.16,30,10,21.14774404,0.0,0.0,1.870828693,1.8146692173027115,Klebsiella pneumoniae,1.8068139056105224,0.007855311692189115,65.26332816939343,64.0934878314923
53,Ag,Bacillus subtilis,non-pathogenic,chemical_synthesis,MIC,hexagonal,Bacteria,Bacillota,Bacilli,Bacillales,Bacillaceae,Bacillus,p,soil,107.8682,27.43,1,0.16,30,11,23.00188061,0.0,0.0,1.78376517,2.1605013768433996,Klebsiella pneumoniae,2.165050173980087,-0.0045487971366875435,144.71094408573953,146.2346109337262
54,ZnO,Bacillus subtilis,non-pathogenic,chemical_synthesis,MBEC,triangular,Bacteria,Bacillota,Bacilli,Bacillales,Bacillaceae,Bacillus,p,soil,81.3794,38.0,1,0.16,30,8,22.60496136,17.07,0.6865,4.082482905,0.22935461613838548,Klebsiella pneumoniae,0.26399578924644396,-0.034641173108058476,1.695721849572158,1.836520537059772
55,Ag,Bacillus subtilis,non-pathogenic,green_synthesis,MBC,rod-shaped,Bacteria,Bacillota,Bacilli,Bacillales,Bacillaceae,Bacillus,p,soil,107.87,30.0,1,0.16,30,11,23.00188061,0.0,0.0,1.78376517,0.8393057093376404,Klebsiella pneumoniae,0.8800443726584966,-0.04073866332085618,6.907258497093584,7.586550842417071
56,Pt,Bacillus subtilis,non-pathogenic,chemical_synthesis,MIC,spherical,Bacteria,Bacillota,Bacilli,Bacillales,Bacillaceae,Bacillus,p,soil,195.084,40.0,18,0.16,30,10,21.75656585,0.0,0.0,2.588435821,0.7681107494111453,Klebsiella pneumoniae,0.8215705938968337,-0.05345984448568841,5.8628765463396935,6.630871226980958
57,Ag,Bacillus subtilis,non-pathogenic,green_synthesis,MBEC,quasi-hexagonal,Bacteria,Bacillota,Bacilli,Bacillales,Bacillaceae,Bacillus,p,soil,107.8682,11.3,24,0.16,30,11,23.00188061,0.0,0.0,1.78376517,1.2514396117257245,Klebsiella pneumoniae,1.3076139961867954,-0.056174384461070925,17.841838820566203,20.305514410783427
58,Ag,Bacillus subtilis,non-pathogenic,green_synthesis,MBEC,hexagonal,Bacteria,Bacillota,Bacilli,Bacillales,Bacillaceae,Bacillus,p,soil,107.87,6.0,24,0.16,30,11,23.00188061,0.0,0.0,1.78376517,2.7505620060729044,Klebsiella pneumoniae,2.861511889383782,-0.11094988331087752,563.0695034867816,726.9623004927178
59,ZnO,Bacillus subtilis,non-pathogenic,chemical_synthesis,MIC,hexagonal,Bacteria,Bacillota,Bacilli,Bacillales,Bacillaceae,Bacillus,p,soil,81.3794,60.0,4,0.16,30,8,22.60496136,17.07,0.6865,4.082482905,1.5562436179343762,Klebsiella pneumoniae,1.6754926874083176,-0.11924906947394143,35.995119352474646,47.36883322074839
60,Au,Bacillus subtilis,non-pathogenic,green_synthesis,MBEC,spherical,Bacteria,Bacillota,Bacilli,Bacillales,Bacillaceae,Bacillus,p,soil,196.966569,9.0,24,0.16,30,11,23.00188061,0.0,0.0,2.46797672,2.681287808346383,Klebsiella pneumoniae,3.0334411520422897,-0.3521533436959068,480.0514748989684,1080.0432624793928
61,ZnO,Bacillus subtilis,non-pathogenic,chemical_synthesis,MBC,cubic,Bacteria,Bacillota,Bacilli,Bacillales,Bacillaceae,Bacillus,p,soil,81.3794,50.0,24,0.16,30,8,22.60496136,17.07,0.6865,4.082482905,2.3294178083984867,Klebsiella pneumoniae,2.7314520506750766,-0.4020342422765899,213.5097973778093,538.8303512305056
