,np,bacteria,bac_type,np_synthesis,method,shape,kingdom,phylum,class,order,family,genus,gram,isolated_from,mol_weight (g/mol),np_size_avg (nm),time_set,"min_Incub_period, h","growth_temp, C",Valance_electron,labuteASA,tpsa,CrippenMR,chi0v,pred_MIC_norm,pathogenic_bacteria,pred_MIC_pathogen,Fitness,pred_norm_MIC_original,pred_path_MIC_original
0,ZnO,Bacillus subtilis,non-pathogenic,green_synthesis,MBC,quasi-spherical,Bacteria,Bacillota,Bacilli,Bacillales,Bacillaceae,Bacillus,p,soil,81.3794,5.1,4,0.16,30,8,22.60496136,17.07,0.6865,4.082482905,2.2320128377061863,Klebsiella pneumoniae,1.383556731559441,0.8484561061467453,170.61328213919032,24.185592518605546
1,Ag,Bacillus subtilis,non-pathogenic,chemical_synthesis,MIC,quasi-hexagonal,Bacteria,Bacillota,Bacilli,Bacillales,Bacillaceae,Bacillus,p,soil,107.87,6.0,4,0.16,30,11,23.00188061,0.0,0.0,1.78376517,0.9040013573165796,Klebsiella pneumoniae,0.17431354637793373,0.7296878109386459,8.01680568905646,1.493872547345861
2,ZnO,Bacillus subtilis,non-pathogenic,green_synthesis,MIC,quasi-hexagonal,Bacteria,Bacillota,Bacilli,Bacillales,Bacillaceae,Bacillus,p,soil,81.3794,6.0,0,0.16,30,8,22.60496136,17.07,0.6865,4.082482905,0.9200654610073431,Klebsiella pneumoniae,0.20435483997161885,0.7157106210357242,8.318891519220715,1.6008654803222362
3,ZnO,Bacillus subtilis,non-pathogenic,green_synthesis,MBEC,quasi-hexagonal,Bacteria,Bacillota,Bacilli,Bacillales,Bacillaceae,Bacillus,p,soil,81.3794,9.0,4,0.16,30,8,22.60496136,17.07,0.6865,4.082482905,1.398646096664605,Klebsiella pneumoniae,0.7307566309085776,0.6678894657560275,25.040678751510352,5.379682324484009
4,TiO2,Bacillus subtilis,non-pathogenic,chemical_synthesis,MBEC,quasi-spherical,Bacteria,Bacillota,Bacilli,Bacillales,Bacillaceae,Bacillus,p,soil,79.866,5.1,0,0.16,30,16,26.40611331,34.14,1.373,2.878049394,2.929840961513011,Klebsiella pneumoniae,2.2750584193087806,0.6547825422042304,850.8264088140045,188.39024863986933
5,ZnO,Bacillus subtilis,non-pathogenic,chemical_synthesis,MBC,quasi-spherical,Bacteria,Bacillota,Bacilli,Bacillales,Bacillaceae,Bacillus,p,soil,81.3794,5.1,4,0.16,30,8,22.60496136,17.07,0.6865,4.082482905,1.5899445263489786,Klebsiella pneumoniae,0.9415295713435466,0.648414955005432,38.899545434147726,8.740365041775089
6,CuO,Bacillus subtilis,non-pathogenic,green_synthesis,MBC,quasi-spherical,Bacteria,Bacillota,Bacilli,Bacillales,Bacillaceae,Bacillus,p,soil,79.5454,5.1,4,0.16,30,17,20.67942236,17.07,0.6865,1.651411411,3.342365083868618,Klebsiella pneumoniae,2.716526375710394,0.625838708158224,2199.70825119575,520.6266267030529
7,ZnO,Bacillus subtilis,non-pathogenic,green_synthesis,MIC,cubic,Bacteria,Bacillota,Bacilli,Bacillales,Bacillaceae,Bacillus,p,soil,81.3794,6.0,3,0.16,30,8,22.60496136,17.07,0.6865,4.082482905,2.0394845819966827,Klebsiella pneumoniae,1.4192798859520979,0.6202046960445848,109.51776744841716,26.259102955469636
8,Ag,Bacillus subtilis,non-pathogenic,green_synthesis,MIC,spheroidal,Bacteria,Bacillota,Bacilli,Bacillales,Bacillaceae,Bacillus,p,soil,107.87,50.0,18,0.16,30,11,23.00188061,0.0,0.0,1.78376517,0.9745455288699738,Klebsiella pneumoniae,0.35498861025762096,0.6195569186123528,9.430734725339864,2.264584916147646
9,ZnO,Bacillus subtilis,non-pathogenic,green_synthesis,MIC,quasi-hexagonal,Bacteria,Bacillota,Bacilli,Bacillales,Bacillaceae,Bacillus,p,soil,81.3794,8.0,4,0.16,30,8,22.60496136,17.07,0.6865,4.082482905,0.7342059741789706,Klebsiella pneumoniae,0.14533760495216153,0.5888683692268091,5.42258007797156,1.397454269750874
10,Ag,Bacillus subtilis,non-pathogenic,chemical_synthesis,MBEC,spheroidal,Bacteria,Bacillota,Bacilli,Bacillales,Bacillaceae,Bacillus,p,soil,107.87,5.1,18,0.16,30,11,23.00188061,0.0,0.0,1.78376517,1.8849745102159878,Klebsiella pneumoniae,1.3012146944889535,0.5837598157270343,76.73164523985572,20.008507504149204
11,TiO2,Bacillus subtilis,non-pathogenic,green_synthesis,MBC,hexagonal,Bacteria,Bacillota,Bacilli,Bacillales,Bacillaceae,Bacillus,p,soil,79.866,10.4,3,0.16,30,16,26.40611331,34.14,1.373,2.878049394,3.432330596451294,Klebsiella pneumoniae,2.853763390890642,0.5785672055606521,2706.017472388241,714.1071654880676
12,Ag,Bacillus subtilis,non-pathogenic,chemical_synthesis,MIC,spheroidal,Bacteria,Bacillota,Bacilli,Bacillales,Bacillaceae,Bacillus,p,soil,107.87,37.86,18,0.16,30,11,23.00188061,0.0,0.0,1.78376517,0.8847826943850877,Klebsiella pneumoniae,0.3068352790366311,0.5779474153484566,7.669776248279255,2.0269137976673246
13,TiO2,Bacillus subtilis,non-pathogenic,chemical_synthesis,MBEC,rod-shaped,Bacteria,Bacillota,Bacilli,Bacillales,Bacillaceae,Bacillus,p,soil,79.866,6.0,3,0.16,30,16,26.40611331,34.14,1.373,2.878049394,2.7744757365741197,Klebsiella pneumoniae,2.210770554500014,0.5637051820741057,594.9435171674526,162.4690176249068
14,ZnO,Bacillus subtilis,non-pathogenic,chemical_synthesis,MIC,quasi-spherical,Bacteria,Bacillota,Bacilli,Bacillales,Bacillaceae,Bacillus,p,soil,81.3794,6.0,0,0.16,30,8,22.60496136,17.07,0.6865,4.082482905,1.6702423360704317,Klebsiella pneumoniae,1.1141210202650367,0.556121315805395,46.799621005761765,13.00531933067988
15,TiO2,Bacillus subtilis,non-pathogenic,green_synthesis,MBEC,hexagonal,Bacteria,Bacillota,Bacilli,Bacillales,Bacillaceae,Bacillus,p,soil,79.866,9.0,4,0.16,30,16,26.40611331,34.14,1.373,2.878049394,3.2598132890566625,Klebsiella pneumoniae,2.716527566780262,0.5432857222764005,1818.9187048997774,520.6280545442154
16,ZnO,Bacillus subtilis,non-pathogenic,chemical_synthesis,MBC,hexagonal,Bacteria,Bacillota,Bacilli,Bacillales,Bacillaceae,Bacillus,p,soil,81.3794,6.0,3,0.16,30,8,22.60496136,17.07,0.6865,4.082482905,2.0996010013685735,Klebsiella pneumoniae,1.5618444345586016,0.537756566809972,125.77693325323804,36.46233144870983
17,Ag,Bacillus subtilis,non-pathogenic,chemical_synthesis,MIC,quasi-hexagonal,Bacteria,Bacillota,Bacilli,Bacillales,Bacillaceae,Bacillus,p,soil,107.87,17.5,4,0.16,30,11,23.00188061,0.0,0.0,1.78376517,0.46902801494808477,Klebsiella pneumoniae,-0.05451663663069306,0.5235446515787778,2.9446115751478175,0.8820300133383631
18,TiO2,Bacillus subtilis,non-pathogenic,chemical_synthesis,MBC,nanoplates,Bacteria,Bacillota,Bacilli,Bacillales,Bacillaceae,Bacillus,p,soil,79.866,5.1,0,0.16,30,16,26.40611331,34.14,1.373,2.878049394,3.004111084098445,Klebsiella pneumoniae,2.482495996964425,0.5216150871340202,1009.5110663918337,303.7358095485057
19,Ag,Bacillus subtilis,non-pathogenic,green_synthesis,MBEC,spheroidal,Bacteria,Bacillota,Bacilli,Bacillales,Bacillaceae,Bacillus,p,soil,107.8682,50.0,18,0.16,30,11,23.00188061,0.0,0.0,1.78376517,1.557432340544798,Klebsiella pneumoniae,1.0388005299231526,0.5186318106216454,36.0937778112958,10.934540309552263
20,ZnO,Bacillus subtilis,non-pathogenic,chemical_synthesis,MBC,nanoplates,Bacteria,Bacillota,Bacilli,Bacillales,Bacillaceae,Bacillus,p,soil,81.3794,5.1,3,0.16,30,8,22.60496136,17.07,0.6865,4.082482905,1.9758027829644078,Klebsiella pneumoniae,1.4602565621048784,0.5155462208595294,94.58075640981554,28.857357656187165
21,Au,Bacillus subtilis,non-pathogenic,green_synthesis,MIC,spheroidal,Bacteria,Bacillota,Bacilli,Bacillales,Bacillaceae,Bacillus,p,soil,196.966569,40.0,24,0.16,30,11,23.00188061,0.0,0.0,2.46797672,1.591638769474513,Klebsiella pneumoniae,1.0781625959572656,0.5134761735172475,39.05159435570413,11.971886641074832
22,TiO2,Bacillus subtilis,non-pathogenic,chemical_synthesis,MBEC,cubic,Bacteria,Bacillota,Bacilli,Bacillales,Bacillaceae,Bacillus,p,soil,79.866,8.7,4,0.16,30,16,26.40611331,34.14,1.373,2.878049394,3.2069056499305697,Klebsiella pneumoniae,2.6977737085803053,0.5091319413502644,1610.2957619287636,498.6246087902988
23,ZnO,Bacillus subtilis,non-pathogenic,green_synthesis,MBC,triangular,Bacteria,Bacillota,Bacilli,Bacillales,Bacillaceae,Bacillus,p,soil,81.3794,11.3,18,0.16,30,8,22.60496136,17.07,0.6865,4.082482905,1.2204246250024422,Klebsiella pneumoniae,0.7141552373216822,0.50626938768076,16.612103374886676,5.177918821045868
24,Pd,Bacillus subtilis,non-pathogenic,chemical_synthesis,MBEC,quasi-hexagonal,Bacteria,Bacillota,Bacilli,Bacillales,Bacillaceae,Bacillus,p,soil,195.084,6.0,4,0.16,30,10,21.14774404,0.0,0.0,1.870828693,1.0467780666078437,Klebsiella pneumoniae,0.5455060158867004,0.5012720507211432,11.137252516890321,3.511607887938157
25,ZnO,Bacillus subtilis,non-pathogenic,green_synthesis,MBEC,spherical,Bacteria,Bacillota,Bacilli,Bacillales,Bacillaceae,Bacillus,p,soil,81.3794,12.0,3,0.16,30,8,22.60496136,17.07,0.6865,4.082482905,2.4656849227055537,Klebsiella pneumoniae,1.9698411600908328,0.49584376261472096,292.2031697225495,93.29130325345969
26,CuO,Bacillus subtilis,non-pathogenic,green_synthesis,MBC,quasi-hexagonal,Bacteria,Bacillota,Bacilli,Bacillales,Bacillaceae,Bacillus,p,soil,79.5454,26.38,4,0.16,30,17,20.67942236,17.07,0.6865,1.651411411,2.2340984876620387,Klebsiella pneumoniae,1.744478135416724,0.48962035224531464,171.43460363476325,55.52366629908286
27,CeO2,Bacillus subtilis,non-pathogenic,chemical_synthesis,MIC,cubic,Bacteria,Bacillota,Bacilli,Bacillales,Bacillaceae,Bacillus,p,soil,172.115,10.4,1,0.16,30,16,39.19032095,34.14,1.373,4.456551526,3.013049164261173,Klebsiella pneumoniae,2.5292082347416587,0.4838409295195145,1030.5027717966998,338.2269697958369
28,Ag,Bacillus subtilis,non-pathogenic,chemical_synthesis,MBEC,spheroidal,Bacteria,Bacillota,Bacilli,Bacillales,Bacillaceae,Bacillus,p,soil,107.87,18.0,18,0.16,30,11,23.00188061,0.0,0.0,1.78376517,1.3590245144155486,Klebsiella pneumoniae,0.8768922667125875,0.48213224770296115,22.857278211331053,7.531687057168124
29,ZnO,Bacillus subtilis,non-pathogenic,green_synthesis,MIC,quasi-hexagonal,Bacteria,Bacillota,Bacilli,Bacillales,Bacillaceae,Bacillus,p,soil,81.3794,11.3,2,0.16,30,8,22.60496136,17.07,0.6865,4.082482905,0.769837744366725,Klebsiella pneumoniae,0.29048627673924,0.47935146762748504,5.88623700098087,1.9520290509502938
30,Ag,Bacillus subtilis,non-pathogenic,chemical_synthesis,MIC,nanoplates,Bacteria,Bacillota,Bacilli,Bacillales,Bacillaceae,Bacillus,p,soil,107.87,8.7,4,0.16,30,11,23.00188061,0.0,0.0,1.78376517,1.941962169742727,Klebsiella pneumoniae,1.4649504822950332,0.47701168744769373,87.49075609970396,29.170943916431668
31,ZnO,Bacillus subtilis,non-pathogenic,green_synthesis,MBC,quasi-spherical,Bacteria,Bacillota,Bacilli,Bacillales,Bacillaceae,Bacillus,p,soil,81.3794,26.38,3,0.16,30,8,22.60496136,17.07,0.6865,4.082482905,1.9062585833820855,Klebsiella pneumoniae,1.4322281423164944,0.4740304410655911,80.58581145577897,27.053791728220784
32,Pd,Bacillus subtilis,non-pathogenic,green_synthesis,MBC,quasi-spherical,Bacteria,Bacillota,Bacilli,Bacillales,Bacillaceae,Bacillus,p,soil,195.084,8.7,0,0.16,30,10,21.14774404,0.0,0.0,1.870828693,1.8080209347145095,Klebsiella pneumoniae,1.3397012453984511,0.4683196893160584,64.27186981577312,21.86257162987258
33,ZnO,Bacillus subtilis,non-pathogenic,chemical_synthesis,MBC,spheroidal,Bacteria,Bacillota,Bacilli,Bacillales,Bacillaceae,Bacillus,p,soil,81.3794,5.1,24,0.16,30,8,22.60496136,17.07,0.6865,4.082482905,2.2465860841982614,Klebsiella pneumoniae,1.7805475792242682,0.46603850497399324,176.4355453636995,60.33198011351597
34,Ag,Bacillus subtilis,non-pathogenic,chemical_synthesis,MIC,quasi-hexagonal,Bacteria,Bacillota,Bacilli,Bacillales,Bacillaceae,Bacillus,p,soil,107.87,25.0,4,0.16,30,11,23.00188061,0.0,0.0,1.78376517,0.4123282243383726,Klebsiella pneumoniae,-0.05130853537279112,0.4636367597111637,2.5842125087890215,0.8885696279823098
35,TiO2,Bacillus subtilis,non-pathogenic,green_synthesis,MBEC,spherical,Bacteria,Bacillota,Bacilli,Bacillales,Bacillaceae,Bacillus,p,soil,79.866,10.0,3,0.16,30,16,26.40611331,34.14,1.373,2.878049394,2.9264689431595787,Klebsiella pneumoniae,2.4645144209048793,0.46195452225469946,844.2458668690933,291.416689912699
36,ZnO,Bacillus subtilis,non-pathogenic,chemical_synthesis,MBEC,spherical,Bacteria,Bacillota,Bacilli,Bacillales,Bacillaceae,Bacillus,p,soil,81.3794,8.0,1,0.16,30,8,22.60496136,17.07,0.6865,4.082482905,2.1252757606558794,Klebsiella pneumoniae,1.6662432942192877,0.4590324664365917,133.43684369792575,46.37066180511827
37,Pd,Bacillus subtilis,non-pathogenic,green_synthesis,MBC,quasi-spherical,Bacteria,Bacillota,Bacilli,Bacillales,Bacillaceae,Bacillus,p,soil,195.084,8.0,3,0.16,30,10,21.14774404,0.0,0.0,1.870828693,1.7645957632668874,Klebsiella pneumoniae,1.3122058033403574,0.45238995992652997,58.1561654301884,20.5213441329379
38,Ag,Bacillus subtilis,non-pathogenic,chemical_synthesis,MIC,spheroidal,Bacteria,Bacillota,Bacilli,Bacillales,Bacillaceae,Bacillus,p,soil,107.87,17.5,3,0.16,30,11,23.00188061,0.0,0.0,1.78376517,0.945185802569425,Klebsiella pneumoniae,0.5066761789812315,0.43850962358819345,8.81425889465815,3.211265244660122
39,ZnO,Bacillus subtilis,non-pathogenic,green_synthesis,MBEC,quasi-hexagonal,Bacteria,Bacillota,Bacilli,Bacillales,Bacillaceae,Bacillus,p,soil,81.3794,12.0,18,0.16,30,8,22.60496136,17.07,0.6865,4.082482905,1.3563359922997673,Klebsiella pneumoniae,0.9518062152854481,0.40452977701431925,22.716216142531287,8.949653377227197
40,Ag,Bacillus subtilis,non-pathogenic,green_synthesis,MIC,cubic,Bacteria,Bacillota,Bacilli,Bacillales,Bacillaceae,Bacillus,p,soil,107.87,41.23,1,0.16,30,11,23.00188061,0.0,0.0,1.78376517,1.054079772424151,Klebsiella pneumoniae,0.8720908282626841,0.18198894416146694,11.32608384803382,7.44887743293027
41,ZnO,Bacillus subtilis,non-pathogenic,chemical_synthesis,MBEC,rod-shaped,Bacteria,Bacillota,Bacilli,Bacillales,Bacillaceae,Bacillus,p,soil,81.3794,9.0,18,0.16,30,8,22.60496136,17.07,0.6865,4.082482905,1.7692400068350476,Klebsiella pneumoniae,1.6016321365656432,0.16760787026940438,58.78141101180786,39.96061252499708
42,Ag,Bacillus subtilis,non-pathogenic,green_synthesis,MIC,nanoplates,Bacteria,Bacillota,Bacilli,Bacillales,Bacillaceae,Bacillus,p,soil,107.87,41.23,0,0.16,30,11,23.00188061,0.0,0.0,1.78376517,1.179042036748323,Klebsiella pneumoniae,1.0128489432443697,0.16619309350395328,15.102263267136353,10.300277927966418
43,ZnO,Bacillus subtilis,non-pathogenic,chemical_synthesis,MBEC,triangular,Bacteria,Bacillota,Bacilli,Bacillales,Bacillaceae,Bacillus,p,soil,81.3794,9.0,2,0.16,30,8,22.60496136,17.07,0.6865,4.082482905,0.4685663570067524,Klebsiella pneumoniae,0.3041953373834736,0.16437101962327882,2.9414830964243768,2.014630188384744
44,CeO2,Bacillus subtilis,non-pathogenic,green_synthesis,MIC,nanoplates,Bacteria,Bacillota,Bacilli,Bacillales,Bacillaceae,Bacillus,p,soil,172.115,37.86,4,0.16,30,16,39.19032095,34.14,1.373,4.456551526,2.1416113657395806,Klebsiella pneumoniae,2.001797726188812,0.13981363955076853,138.55154268380812,100.41479967459375
45,Ag,Bacillus subtilis,non-pathogenic,green_synthesis,MIC,quasi-hexagonal,Bacteria,Bacillota,Bacilli,Bacillales,Bacillaceae,Bacillus,p,soil,107.87,12.5,1,0.16,30,11,23.00188061,0.0,0.0,1.78376517,1.2034958576079604,Klebsiella pneumoniae,1.1361056370753193,0.0673902205326411,15.977022897657502,13.680615501693817
46,ZnO,Bacillus subtilis,non-pathogenic,green_synthesis,MIC,quasi-hexagonal,Bacteria,Bacillota,Bacilli,Bacillales,Bacillaceae,Bacillus,p,soil,81.3794,28.0,18,0.16,30,8,22.60496136,17.07,0.6865,4.082482905,0.34746960202549815,Klebsiella pneumoniae,0.3117515110520519,0.03571809097344625,2.2257152527989197,2.0499889073088498
47,Ag,Bacillus subtilis,non-pathogenic,green_synthesis,MIC,nanoplates,Bacteria,Bacillota,Bacilli,Bacillales,Bacillaceae,Bacillus,p,soil,107.8682,60.0,0,0.16,30,11,23.00188061,0.0,0.0,1.78376517,1.4490855275334302,Klebsiella pneumoniae,1.4193264451820502,0.02975908235138003,28.124546449987516,26.261918255229862
48,Au,Bacillus subtilis,non-pathogenic,green_synthesis,MIC,quasi-spherical,Bacteria,Bacillota,Bacilli,Bacillales,Bacillaceae,Bacillus,p,soil,196.966569,100.0,24,0.16,30,11,23.00188061,0.0,0.0,2.46797672,1.4790541762772769,Klebsiella pneumoniae,1.4604771042603866,0.018577072016890295,30.133819065386426,28.872015636749985
49,ZnO,Bacillus subtilis,non-pathogenic,chemical_synthesis,MBEC,nanoplates,Bacteria,Bacillota,Bacilli,Bacillales,Bacillaceae,Bacillus,p,soil,81.3794,60.0,4,0.16,30,8,22.60496136,17.07,0.6865,4.082482905,2.278524804882307,Klebsiella pneumoniae,2.2681307664430053,0.010394038439301756,189.8999301017968,185.40898074155982
50,ZnO,Bacillus subtilis,non-pathogenic,chemical_synthesis,MIC,quasi-hexagonal,Bacteria,Bacillota,Bacilli,Bacillales,Bacillaceae,Bacillus,p,soil,81.3794,45.26,4,0.16,30,8,22.60496136,17.07,0.6865,4.082482905,0.05229474727292294,Klebsiella pneumoniae,0.09355365372029101,-0.04125890644736807,1.1279627229645093,1.2403768546090947
51,TiO2,Bacillus subtilis,non-pathogenic,chemical_synthesis,MBC,triangular,Bacteria,Bacillota,Bacilli,Bacillales,Bacillaceae,Bacillus,p,soil,79.866,40.0,18,0.16,30,16,26.40611331,34.14,1.373,2.878049394,1.2288384920206759,Klebsiella pneumoniae,1.2744095089337926,-0.04557101691311671,16.937078173159765,18.81089715170166
52,Pd,Bacillus subtilis,non-pathogenic,green_synthesis,MBEC,cubic,Bacteria,Bacillota,Bacilli,Bacillales,Bacillaceae,Bacillus,p,soil,195.084,30.0,2,0.16,30,10,21.14774404,0.0,0.0,1.870828693,1.7634487111935504,Klebsiella pneumoniae,1.8169790355251219,-0.053530324331571455,58.002766904225716,65.61135933033201
53,Au,Bacillus subtilis,non-pathogenic,green_synthesis,MBEC,hexagonal,Bacteria,Bacillota,Bacilli,Bacillales,Bacillaceae,Bacillus,p,soil,196.966569,26.38,2,0.16,30,11,23.00188061,0.0,0.0,2.46797672,1.9199823742437738,Klebsiella pneumoniae,1.9867302582812336,-0.06674788403745979,83.17300148184306,96.99073674981044
54,CuO,Bacillus subtilis,non-pathogenic,green_synthesis,MBEC,quasi-spherical,Bacteria,Bacillota,Bacilli,Bacillales,Bacillaceae,Bacillus,p,soil,79.5454,79.0,24,0.16,30,17,20.67942236,17.07,0.6865,1.651411411,2.3425383873502783,Klebsiella pneumoniae,2.4314705886560732,-0.08893220130579493,220.05862111656734,270.0664207420332
55,Ag,Bacillus subtilis,non-pathogenic,chemical_synthesis,MBC,tetragonal,Bacteria,Bacillota,Bacilli,Bacillales,Bacillaceae,Bacillus,p,soil,107.87,44.45,24,0.16,30,11,23.00188061,0.0,0.0,1.78376517,0.5000296897590653,Klebsiella pneumoniae,0.594296839659672,-0.0942671499006067,3.162493850967549,3.9291339939049785
56,ZnO,Bacillus subtilis,non-pathogenic,chemical_synthesis,MIC,rod-shaped,Bacteria,Bacillota,Bacilli,Bacillales,Bacillaceae,Bacillus,p,soil,81.3794,41.23,4,0.16,30,8,22.60496136,17.07,0.6865,4.082482905,0.939763393135325,Klebsiella pneumoniae,1.0443940889521302,-0.10463069581680517,8.704892117468606,11.076284159793577
57,Ag,Bacillus subtilis,non-pathogenic,chemical_synthesis,MBC,hexagonal,Bacteria,Bacillota,Bacilli,Bacillales,Bacillaceae,Bacillus,p,soil,107.87,13.0,4,0.16,30,11,23.00188061,0.0,0.0,1.78376517,1.8991828975265648,Klebsiella pneumoniae,2.0157099977834867,-0.11652710025692192,79.28351524944574,103.68358325218986
58,Au,Bacillus subtilis,non-pathogenic,green_synthesis,MBC,tetragonal,Bacteria,Bacillota,Bacilli,Bacillales,Bacillaceae,Bacillus,p,soil,196.966569,9.0,3,0.16,30,11,23.00188061,0.0,0.0,2.46797672,1.4993043949955898,Klebsiella pneumoniae,1.621783231409319,-0.12247883641372925,31.57216726672521,41.858458562888536
59,Cu,Bacillus subtilis,non-pathogenic,green_synthesis,MBC,triangular,Bacteria,Bacillota,Bacilli,Bacillales,Bacillaceae,Bacillus,p,soil,63.55,45.26,2,0.16,30,11,17.96409803,0.0,0.0,1.243163121,0.5276161894617661,Klebsiella pneumoniae,0.6676662363349943,-0.1400500468732282,3.36989360509339,4.652284191098229
60,Au,Bacillus subtilis,non-pathogenic,chemical_synthesis,MBC,quasi-hexagonal,Bacteria,Bacillota,Bacilli,Bacillales,Bacillaceae,Bacillus,p,soil,196.966569,6.0,24,0.16,30,11,23.00188061,0.0,0.0,2.46797672,1.3179186054126366,Klebsiella pneumoniae,1.4750605396482266,-0.15714193423558998,20.793069511087772,29.857988033703073
61,ZnO,Bacillus subtilis,non-pathogenic,green_synthesis,MIC,spherical,Bacteria,Bacillota,Bacilli,Bacillales,Bacillaceae,Bacillus,p,soil,81.3794,25.0,18,0.16,30,8,22.60496136,17.07,0.6865,4.082482905,1.0126533578222325,Klebsiella pneumoniae,1.1749673006932104,-0.1623139428709779,10.29564022078247,14.961230043593854
62,Au,Bacillus subtilis,non-pathogenic,green_synthesis,MBEC,triangular,Bacteria,Bacillota,Bacilli,Bacillales,Bacillaceae,Bacillus,p,soil,196.966569,26.38,3,0.16,30,11,23.00188061,0.0,0.0,2.46797672,0.09501671051385707,Klebsiella pneumoniae,0.2574265055458327,-0.1624097950319756,1.244562498354416,1.8089497607846197
63,ZnO,Bacillus subtilis,non-pathogenic,green_synthesis,MBC,quasi-spherical,Bacteria,Bacillota,Bacilli,Bacillales,Bacillaceae,Bacillus,p,soil,81.3794,30.0,24,0.16,30,8,22.60496136,17.07,0.6865,4.082482905,1.9186424443238252,Klebsiella pneumoniae,2.106114396937417,-0.18747195261359173,82.91678305812589,127.67750781628119
64,Cu,Bacillus subtilis,non-pathogenic,green_synthesis,MIC,quasi-spherical,Bacteria,Bacillota,Bacilli,Bacillales,Bacillaceae,Bacillus,p,soil,63.55,10.4,24,0.16,30,11,17.96409803,0.0,0.0,1.243163121,1.9123607053716554,Klebsiella pneumoniae,2.129181867012569,-0.21682116164091347,81.7260869502249,134.6424070311269
65,CuO,Bacillus subtilis,non-pathogenic,chemical_synthesis,MBEC,rod-shaped,Bacteria,Bacillota,Bacilli,Bacillales,Bacillaceae,Bacillus,p,soil,79.5454,35.0,4,0.16,30,17,20.67942236,17.07,0.6865,1.651411411,2.6306023484007897,Klebsiella pneumoniae,2.902633443800216,-0.27203109539942627,427.17157735452537,799.1594582405085
