,np,bacteria,bac_type,np_synthesis,method,shape,kingdom,phylum,class,order,family,genus,gram,isolated_from,concentration,np_size_avg (nm),"min_Incub_period, h","avg_Incub_period, h","growth_temp, C",Valance_electron,amw,NumHeteroatoms,kappa1,kappa2,kappa3,Phi,pred_ZOI_norm,pathogenic_bacteria,pred_ZOI_pathogen,Fitness
0,CuO,Bacillus subtilis,non-pathogenic,green_synthesis,disk_diffusion,Spherical,Bacteria,Bacillota,Bacilli,Bacillales,Bacillaceae,Bacillus,p,soil,40.0,37.1,0.16,7.08,30,16,172.114,3,3.976623377,2.976623377,2.976623377,3.945636701,19.083542,Staphylococcus aureus,38.225063,19.141521453857422
1,TiO2,Bacillus subtilis,non-pathogenic,green_synthesis,disk_diffusion,ellipsoidal,Bacteria,Bacillota,Bacilli,Bacillales,Bacillaceae,Bacillus,p,soil,30.0,35.0,0.16,7.08,30,16,79.865,3,3.314285714,2.314285714,2.314285714,2.556734694,15.311332,Staphylococcus aureus,33.306255,17.994922637939453
2,Ag,Bacillus subtilis,non-pathogenic,green_synthesis,disk_diffusion,ellipsoidal,Bacteria,Bacillota,Bacilli,Bacillales,Bacillaceae,Bacillus,p,soil,40.0,41.9,0.16,7.08,30,16,79.865,3,3.314285714,2.314285714,2.314285714,2.556734694,22.518223,Staphylococcus aureus,39.645332,17.12710952758789
3,Fe3O4,Bacillus subtilis,non-pathogenic,green_synthesis,disk_diffusion,Spherical,Bacteria,Bacillota,Bacilli,Bacillales,Bacillaceae,Bacillus,p,soil,28.0,37.86,0.16,7.08,30,48,231.531,7,10.82035581,15.78324347,19.64994348,24.39718718,17.684082,Staphylococcus aureus,34.576538,16.8924560546875
4,Ag,Bacillus subtilis,non-pathogenic,green_synthesis,well_diffusion,cylindrical,Bacteria,Bacillota,Bacilli,Bacillales,Bacillaceae,Bacillus,p,soil,32.0,37.86,0.16,7.08,30,16,79.865,3,3.314285714,2.314285714,2.314285714,2.556734694,17.877531,Staphylococcus aureus,33.458378,15.580846786499023
5,CuO,Bacillus subtilis,non-pathogenic,chemical_synthesis,disk_diffusion,rod-shaped,Bacteria,Bacillota,Bacilli,Bacillales,Bacillaceae,Bacillus,p,soil,30.0,37.1,0.16,7.08,30,16,79.865,3,3.314285714,2.314285714,2.314285714,2.556734694,22.439333,Staphylococcus aureus,37.709766,15.27043342590332
6,TiO2,Bacillus subtilis,non-pathogenic,green_synthesis,well_diffusion,ellipsoidal,Bacteria,Bacillota,Bacilli,Bacillales,Bacillaceae,Bacillus,p,soil,28.0,35.0,0.16,7.08,30,16,79.865,3,3.314285714,2.314285714,2.314285714,2.556734694,17.022013,Staphylococcus aureus,32.236954,15.214941024780273
7,Ag,Bacillus subtilis,non-pathogenic,green_synthesis,disk_diffusion,hexagonal,Bacteria,Bacillota,Bacilli,Bacillales,Bacillaceae,Bacillus,p,soil,28.0,41.9,0.16,7.08,30,16,79.865,3,3.314285714,2.314285714,2.314285714,2.556734694,18.661715,Staphylococcus aureus,33.75269,15.090974807739258
8,TiO2,Bacillus subtilis,non-pathogenic,chemical_synthesis,disc_diffusion,nanorods,Bacteria,Bacillota,Bacilli,Bacillales,Bacillaceae,Bacillus,p,soil,28.0,37.86,0.16,7.08,30,16,79.865,3,3.314285714,2.314285714,2.314285714,2.556734694,17.574364,Staphylococcus aureus,31.876165,14.301801681518555
9,CuO,Bacillus subtilis,non-pathogenic,green_synthesis,disc_diffusion,Spherical,Bacteria,Bacillota,Bacilli,Bacillales,Bacillaceae,Bacillus,p,soil,40.0,37.1,0.16,7.08,30,11,107.868,1,1.74025974,0.091136933,2.143768512,0.158601936,20.78847,Staphylococcus aureus,34.47712,13.688650131225586
10,Fe2O3,Bacillus subtilis,non-pathogenic,chemical_synthesis,disk_diffusion,nanoplates,Bacteria,Bacillota,Bacilli,Bacillales,Bacillaceae,Bacillus,p,soil,32.0,51.3,0.16,7.08,30,110,300.427,4,14.38989926,5.335287547,2.313964748,3.655916682,16.849669,Staphylococcus aureus,30.523745,13.674076080322266
11,Cu,Bacillus subtilis,non-pathogenic,chemical_synthesis,disc_diffusion,cylindrical,Bacteria,Bacillota,Bacilli,Bacillales,Bacillaceae,Bacillus,p,soil,42.5,45.3,0.16,7.08,30,16,79.865,3,3.314285714,2.314285714,2.314285714,2.556734694,11.828252,Staphylococcus aureus,25.156164,13.327912330627441
12,Fe2O3,Bacillus subtilis,non-pathogenic,green_synthesis,disk_diffusion,cubic,Bacteria,Bacillota,Bacilli,Bacillales,Bacillaceae,Bacillus,p,soil,30.0,41.23,0.16,7.08,30,110,300.427,4,14.38989926,5.335287547,2.313964748,3.655916682,20.407938,Staphylococcus aureus,33.65134,13.243402481079102
13,Ag,Bacillus subtilis,non-pathogenic,chemical_synthesis,well_diffusion,Spherical,Bacteria,Bacillota,Bacilli,Bacillales,Bacillaceae,Bacillus,p,soil,32.0,37.86,0.16,7.08,30,17,79.545,2,2.319480519,1.319480519,1.44956182,1.53025468,20.108612,Staphylococcus aureus,32.663864,12.555252075195312
14,Fe2O3,Bacillus subtilis,non-pathogenic,green_synthesis,well_diffusion,cubic,Bacteria,Bacillota,Bacilli,Bacillales,Bacillaceae,Bacillus,p,soil,28.0,37.86,0.16,7.08,30,17,79.545,2,2.319480519,1.319480519,1.44956182,1.53025468,21.97497,Staphylococcus aureus,34.287548,12.312578201293945
15,Ag,Bacillus subtilis,non-pathogenic,green_synthesis,well_diffusion,hexagonal,Bacteria,Bacillota,Bacilli,Bacillales,Bacillaceae,Bacillus,p,soil,28.0,41.9,0.16,7.08,30,16,79.865,3,3.314285714,2.314285714,2.314285714,2.556734694,20.372402,Staphylococcus aureus,32.57976,12.207359313964844
16,Fe2O3,Bacillus subtilis,non-pathogenic,chemical_synthesis,disc_diffusion,hexagonal,Bacteria,Bacillota,Bacilli,Bacillales,Bacillaceae,Bacillus,p,soil,32.0,4.0,0.16,7.08,30,110,300.427,4,14.38989926,5.335287547,2.313964748,3.655916682,5.523449,Staphylococcus aureus,17.471384,11.947935104370117
17,CuO,Bacillus subtilis,non-pathogenic,chemical_synthesis,disc_diffusion,cubic,Bacteria,Bacillota,Bacilli,Bacillales,Bacillaceae,Bacillus,p,soil,40.0,51.9,0.16,7.08,30,11,63.546,1,1.519480519,0.444480519,4.219480519,0.675379491,19.948221,Staphylococcus aureus,31.673185,11.724964141845703
18,Fe3O4,Bacillus subtilis,non-pathogenic,green_synthesis,disk_diffusion,cylindrical,Bacteria,Bacillota,Bacilli,Bacillales,Bacillaceae,Bacillus,p,soil,50.0,50.0,0.16,7.08,30,48,231.531,7,10.82035581,15.78324347,19.64994348,24.39718718,14.1780405,Staphylococcus aureus,25.676363,11.498322486877441
19,Ag,Bacillus subtilis,non-pathogenic,green_synthesis,well_diffusion,cylindrical,Bacteria,Bacillota,Bacilli,Bacillales,Bacillaceae,Bacillus,p,soil,32.0,44.45,0.16,7.08,30,110,300.427,4,14.38989926,5.335287547,2.313964748,3.655916682,20.77869,Staphylococcus aureus,32.259216,11.480525970458984
20,TiO2,Bacillus subtilis,non-pathogenic,green_synthesis,well_diffusion,ellipsoidal,Bacteria,Bacillota,Bacilli,Bacillales,Bacillaceae,Bacillus,p,soil,28.0,45.1,0.16,7.08,30,16,79.865,3,3.314285714,2.314285714,2.314285714,2.556734694,16.297441,Staphylococcus aureus,27.564255,11.266813278198242
21,Cu,Bacillus subtilis,non-pathogenic,chemical_synthesis,well_diffusion,cylindrical,Bacteria,Bacillota,Bacilli,Bacillales,Bacillaceae,Bacillus,p,soil,30.0,50.0,0.16,7.08,30,11,63.546,1,1.519480519,0.444480519,4.219480519,0.675379491,17.764559,Staphylococcus aureus,28.810831,11.046272277832031
22,CuO,Bacillus subtilis,non-pathogenic,chemical_synthesis,disc_diffusion,cubic,Bacteria,Bacillota,Bacilli,Bacillales,Bacillaceae,Bacillus,p,soil,40.0,51.9,0.16,7.08,30,17,79.545,2,2.319480519,1.319480519,1.44956182,1.53025468,21.077126,Staphylococcus aureus,32.062054,10.984928131103516
23,Ag,Bacillus subtilis,non-pathogenic,green_synthesis,well_diffusion,cylindrical,Bacteria,Bacillota,Bacilli,Bacillales,Bacillaceae,Bacillus,p,soil,32.0,50.0,0.16,7.08,30,110,300.427,4,14.38989926,5.335287547,2.313964748,3.655916682,16.665087,Staphylococcus aureus,27.314026,10.64893913269043
24,Fe3O4,Bacillus subtilis,non-pathogenic,chemical_synthesis,well_diffusion,ellipsoidal,Bacteria,Bacillota,Bacilli,Bacillales,Bacillaceae,Bacillus,p,soil,64.0,35.0,0.16,7.08,30,48,231.531,7,10.82035581,15.78324347,19.64994348,24.39718718,17.183756,Staphylococcus aureus,27.721771,10.538015365600586
25,Fe2O3,Bacillus subtilis,non-pathogenic,green_synthesis,disk_diffusion,nanoplates,Bacteria,Bacillota,Bacilli,Bacillales,Bacillaceae,Bacillus,p,soil,30.0,4.0,0.16,7.08,30,110,300.427,4,14.38989926,5.335287547,2.313964748,3.655916682,7.1081557,Staphylococcus aureus,17.045898,9.937742233276367
26,ZnO,Bacillus subtilis,non-pathogenic,chemical_synthesis,well_diffusion,cylindrical,Bacteria,Bacillota,Bacilli,Bacillales,Bacillaceae,Bacillus,p,soil,28.0,51.9,0.16,7.08,30,8,81.389,2,2.423376623,1.423376623,0.785339814,1.724688818,19.580782,Staphylococcus aureus,29.463428,9.882646560668945
27,Ag,Bacillus subtilis,non-pathogenic,green_synthesis,well_diffusion,nanoplates,Bacteria,Bacillota,Bacilli,Bacillales,Bacillaceae,Bacillus,p,soil,30.0,40.0,0.16,7.08,30,11,107.868,1,1.74025974,0.091136933,2.143768512,0.158601936,25.059584,Staphylococcus aureus,34.94144,9.881856918334961
28,Fe2O3,Bacillus subtilis,non-pathogenic,green_synthesis,well_diffusion,rod-shaped,Bacteria,Bacillota,Bacilli,Bacillales,Bacillaceae,Bacillus,p,soil,30.0,41.23,0.16,7.08,30,110,300.427,4,14.38989926,5.335287547,2.313964748,3.655916682,25.95534,Staphylococcus aureus,35.60566,9.650320053100586
29,TiO2,Bacillus subtilis,non-pathogenic,chemical_synthesis,well_diffusion,cylindrical,Bacteria,Bacillota,Bacilli,Bacillales,Bacillaceae,Bacillus,p,soil,25.0,35.0,0.16,7.08,30,16,79.865,3,3.314285714,2.314285714,2.314285714,2.556734694,16.39335,Staphylococcus aureus,25.826645,9.433294296264648
30,Ag,Bacillus subtilis,non-pathogenic,green_synthesis,disc_diffusion,nanorods and triangles,Bacteria,Bacillota,Bacilli,Bacillales,Bacillaceae,Bacillus,p,soil,15.0,35.0,0.16,7.08,30,48,231.531,7,10.82035581,15.78324347,19.64994348,24.39718718,19.45768,Staphylococcus aureus,28.87611,9.41843032836914
31,Fe2O3,Bacillus subtilis,non-pathogenic,green_synthesis,disk_diffusion,nanoplates,Bacteria,Bacillota,Bacilli,Bacillales,Bacillaceae,Bacillus,p,soil,32.0,51.3,0.16,7.08,30,11,107.868,1,1.74025974,0.091136933,2.143768512,0.158601936,19.217945,Staphylococcus aureus,28.463028,9.24508285522461
32,CuO,Bacillus subtilis,non-pathogenic,chemical_synthesis,disc_diffusion,nanorods and triangles,Bacteria,Bacillota,Bacilli,Bacillales,Bacillaceae,Bacillus,p,soil,40.0,62.0,0.16,7.08,30,17,79.545,2,2.319480519,1.319480519,1.44956182,1.53025468,22.93351,Staphylococcus aureus,32.095764,9.162254333496094
33,CuO,Bacillus subtilis,non-pathogenic,green_synthesis,disc_diffusion,Spherical,Bacteria,Bacillota,Bacilli,Bacillales,Bacillaceae,Bacillus,p,soil,40.0,4.0,0.16,7.08,30,11,107.868,1,1.74025974,0.091136933,2.143768512,0.158601936,11.076712,Staphylococcus aureus,19.987894,8.911182403564453
34,Ag,Bacillus subtilis,non-pathogenic,green_synthesis,disk_diffusion,nanorods and triangles,Bacteria,Bacillota,Bacilli,Bacillales,Bacillaceae,Bacillus,p,soil,65.0,37.1,0.16,7.08,30,11,63.546,1,1.519480519,0.444480519,4.219480519,0.675379491,19.572502,Staphylococcus aureus,28.456358,8.883855819702148
35,CuO,Bacillus subtilis,non-pathogenic,green_synthesis,disk_diffusion,snowflake,Bacteria,Bacillota,Bacilli,Bacillales,Bacillaceae,Bacillus,p,soil,40.0,37.1,0.16,7.08,30,11,107.868,1,1.74025974,0.091136933,2.143768512,0.158601936,22.155807,Staphylococcus aureus,30.964806,8.808998107910156
36,Ag,Bacillus subtilis,non-pathogenic,chemical_synthesis,well_diffusion,hexagonal,Bacteria,Bacillota,Bacilli,Bacillales,Bacillaceae,Bacillus,p,soil,40.6897,51.3,0.16,7.08,30,11,107.868,1,1.74025974,0.091136933,2.143768512,0.158601936,17.270407,Staphylococcus aureus,25.885754,8.615346908569336
37,Ag,Bacillus subtilis,non-pathogenic,green_synthesis,well_diffusion,nanorods and triangles,Bacteria,Bacillota,Bacilli,Bacillales,Bacillaceae,Bacillus,p,soil,65.0,37.1,0.16,7.08,30,17,79.545,2,2.319480519,1.319480519,1.44956182,1.53025468,21.66788,Staphylococcus aureus,30.097692,8.429813385009766
38,Ag,Bacillus subtilis,non-pathogenic,chemical_synthesis,disk_diffusion,ellipsoidal,Bacteria,Bacillota,Bacilli,Bacillales,Bacillaceae,Bacillus,p,soil,40.6897,45.3,0.16,7.08,30,11,107.868,1,1.74025974,0.091136933,2.143768512,0.158601936,16.521416,Staphylococcus aureus,24.935987,8.414571762084961
39,Fe3O4,Bacillus subtilis,non-pathogenic,green_synthesis,well_diffusion,cylindrical,Bacteria,Bacillota,Bacilli,Bacillales,Bacillaceae,Bacillus,p,soil,50.0,51.3,0.16,7.08,30,48,231.531,7,10.82035581,15.78324347,19.64994348,24.39718718,15.707516,Staphylococcus aureus,24.106335,8.398818969726562
40,ZnO,Bacillus subtilis,non-pathogenic,green_synthesis,well_diffusion,nanoplates,Bacteria,Bacillota,Bacilli,Bacillales,Bacillaceae,Bacillus,p,soil,30.0,42.0,0.16,7.08,30,8,81.389,2,2.423376623,1.423376623,0.785339814,1.724688818,26.288366,Staphylococcus aureus,34.597843,8.309476852416992
41,Ag,Bacillus subtilis,non-pathogenic,green_synthesis,disk_diffusion,ellipsoidal,Bacteria,Bacillota,Bacilli,Bacillales,Bacillaceae,Bacillus,p,soil,40.6897,45.3,0.16,7.08,30,11,107.868,1,1.74025974,0.091136933,2.143768512,0.158601936,16.997488,Staphylococcus aureus,25.11089,8.113401412963867
42,CuO,Bacillus subtilis,non-pathogenic,green_synthesis,well_diffusion,cylindrical,Bacteria,Bacillota,Bacilli,Bacillales,Bacillaceae,Bacillus,p,soil,64.0,44.45,0.16,7.08,30,17,79.545,2,2.319480519,1.319480519,1.44956182,1.53025468,19.682709,Staphylococcus aureus,27.706606,8.023897171020508
43,Ag,Bacillus subtilis,non-pathogenic,green_synthesis,well_diffusion,nanorods and triangles,Bacteria,Bacillota,Bacilli,Bacillales,Bacillaceae,Bacillus,p,soil,65.0,37.1,0.16,7.08,30,11,107.868,1,1.74025974,0.091136933,2.143768512,0.158601936,22.900581,Staphylococcus aureus,30.88934,7.988758087158203
44,TiO2,Bacillus subtilis,non-pathogenic,green_synthesis,disc_diffusion,cylindrical,Bacteria,Bacillota,Bacilli,Bacillales,Bacillaceae,Bacillus,p,soil,200.0,44.45,0.16,7.08,30,16,79.865,3,3.314285714,2.314285714,2.314285714,2.556734694,20.390274,Staphylococcus aureus,28.255194,7.864919662475586
45,CuO,Bacillus subtilis,non-pathogenic,chemical_synthesis,well_diffusion,cubic,Bacteria,Bacillota,Bacilli,Bacillales,Bacillaceae,Bacillus,p,soil,40.0,27.43,0.16,7.08,30,17,79.545,2,2.319480519,1.319480519,1.44956182,1.53025468,19.050484,Staphylococcus aureus,26.792553,7.742069244384766
46,Co,Bacillus subtilis,non-pathogenic,chemical_synthesis,disk_diffusion,snowflake,Bacteria,Bacillota,Bacilli,Bacillales,Bacillaceae,Bacillus,p,soil,32.0,6.0,0.16,7.08,30,9,58.933,1,1.506493506,0.480852481,4.403929404,0.72440114,11.854676,Staphylococcus aureus,19.50543,7.650753974914551
47,TiO2,Bacillus subtilis,non-pathogenic,chemical_synthesis,well_diffusion,cylindrical,Bacteria,Bacillota,Bacilli,Bacillales,Bacillaceae,Bacillus,p,soil,162.7588,35.0,0.16,7.08,30,16,79.865,3,3.314285714,2.314285714,2.314285714,2.556734694,18.267393,Staphylococcus aureus,25.816164,7.548770904541016
48,Fe3O4,Bacillus subtilis,non-pathogenic,green_synthesis,disk_diffusion,rod-shaped,Bacteria,Bacillota,Bacilli,Bacillales,Bacillaceae,Bacillus,p,soil,64.0,37.86,0.16,7.08,30,17,79.545,2,2.319480519,1.319480519,1.44956182,1.53025468,20.264147,Staphylococcus aureus,27.77935,7.515203475952148
49,Ag,Bacillus subtilis,non-pathogenic,green_synthesis,disc_diffusion,cylindrical,Bacteria,Bacillota,Bacilli,Bacillales,Bacillaceae,Bacillus,p,soil,32.0,15.8,0.16,7.08,30,11,107.868,1,1.74025974,0.091136933,2.143768512,0.158601936,10.501905,Staphylococcus aureus,17.93496,7.433053970336914
50,TiO2,Bacillus subtilis,non-pathogenic,green_synthesis,disc_diffusion,triangular,Bacteria,Bacillota,Bacilli,Bacillales,Bacillaceae,Bacillus,p,soil,40.6897,28.0,0.16,7.08,30,16,79.865,3,3.314285714,2.314285714,2.314285714,2.556734694,8.121794,Staphylococcus aureus,15.527518,7.40572452545166
51,Ag,Bacillus subtilis,non-pathogenic,chemical_synthesis,well_diffusion,rod-shaped,Bacteria,Bacillota,Bacilli,Bacillales,Bacillaceae,Bacillus,p,soil,40.6897,41.9,0.16,7.08,30,11,107.868,1,1.74025974,0.091136933,2.143768512,0.158601936,21.699636,Staphylococcus aureus,29.092476,7.392839431762695
52,Ag,Bacillus subtilis,non-pathogenic,chemical_synthesis,disc_diffusion,Spherical,Bacteria,Bacillota,Bacilli,Bacillales,Bacillaceae,Bacillus,p,soil,32.0,27.43,0.16,7.08,30,11,107.868,1,1.74025974,0.091136933,2.143768512,0.158601936,12.725755,Staphylococcus aureus,19.9932,7.2674455642700195
53,Fe3O4,Bacillus subtilis,non-pathogenic,green_synthesis,well_diffusion,cylindrical,Bacteria,Bacillota,Bacilli,Bacillales,Bacillaceae,Bacillus,p,soil,42.5,13.0,0.16,7.08,30,48,231.531,7,10.82035581,15.78324347,19.64994348,24.39718718,5.3216834,Staphylococcus aureus,12.468482,7.146798610687256
54,Ag,Bacillus subtilis,non-pathogenic,green_synthesis,well_diffusion,cylindrical,Bacteria,Bacillota,Bacilli,Bacillales,Bacillaceae,Bacillus,p,soil,28.0,10.0,0.16,7.08,30,11,107.868,1,1.74025974,0.091136933,2.143768512,0.158601936,13.874455,Staphylococcus aureus,20.999002,7.124547004699707
55,CuO,Bacillus subtilis,non-pathogenic,green_synthesis,disc_diffusion,nanoplates,Bacteria,Bacillota,Bacilli,Bacillales,Bacillaceae,Bacillus,p,soil,50.0,45.3,0.16,7.08,30,17,79.545,2,2.319480519,1.319480519,1.44956182,1.53025468,16.258291,Staphylococcus aureus,22.246988,5.988697052001953
56,CuO,Bacillus subtilis,non-pathogenic,green_synthesis,well_diffusion,nanoplates,Bacteria,Bacillota,Bacilli,Bacillales,Bacillaceae,Bacillus,p,soil,81.3794,37.86,0.16,7.08,30,17,79.545,2,2.319480519,1.319480519,1.44956182,1.53025468,26.472563,Staphylococcus aureus,31.179224,4.706661224365234
57,TiO2,Bacillus subtilis,non-pathogenic,green_synthesis,well_diffusion,ellipsoidal,Bacteria,Bacillota,Bacilli,Bacillales,Bacillaceae,Bacillus,p,soil,16.0,45.1,0.16,7.08,30,16,79.865,3,3.314285714,2.314285714,2.314285714,2.556734694,15.524759,Staphylococcus aureus,19.328222,3.8034629821777344
58,Fe2O3,Bacillus subtilis,non-pathogenic,green_synthesis,disk_diffusion,nanoplates,Bacteria,Bacillota,Bacilli,Bacillales,Bacillaceae,Bacillus,p,soil,5.0,4.0,0.16,7.08,30,110,300.427,4,14.38989926,5.335287547,2.313964748,3.655916682,2.8449502,Staphylococcus aureus,5.8266935,2.981743335723877
59,Cu,Bacillus subtilis,non-pathogenic,green_synthesis,disk_diffusion,cubic,Bacteria,Bacillota,Bacilli,Bacillales,Bacillaceae,Bacillus,p,soil,1.33,25.9,0.16,7.08,30,11,63.546,1,1.519480519,0.444480519,4.219480519,0.675379491,10.315545,Staphylococcus aureus,12.761031,2.445486068725586
60,Ag,Bacillus subtilis,non-pathogenic,green_synthesis,well_diffusion,hexagonal,Bacteria,Bacillota,Bacilli,Bacillales,Bacillaceae,Bacillus,p,soil,6.5,6.0,0.16,7.08,30,11,107.868,1,1.74025974,0.091136933,2.143768512,0.158601936,8.173584,Staphylococcus aureus,10.463257,2.2896728515625
61,CuO,Bacillus subtilis,non-pathogenic,green_synthesis,disk_diffusion,spheroidal,Bacteria,Bacillota,Bacilli,Bacillales,Bacillaceae,Bacillus,p,soil,104.0,3.0,0.16,7.08,30,17,79.545,2,2.319480519,1.319480519,1.44956182,1.53025468,12.701674,Staphylococcus aureus,14.494447,1.7927722930908203
62,Ag,Bacillus subtilis,non-pathogenic,green_synthesis,disc_diffusion,Spherical,Bacteria,Bacillota,Bacilli,Bacillales,Bacillaceae,Bacillus,p,soil,170.0,45.3,0.16,7.08,30,11,107.868,1,1.74025974,0.091136933,2.143768512,0.158601936,20.163725,Staphylococcus aureus,21.937786,1.7740612030029297
63,Cu,Bacillus subtilis,non-pathogenic,green_synthesis,disc_diffusion,cylindrical,Bacteria,Bacillota,Bacilli,Bacillales,Bacillaceae,Bacillus,p,soil,5.0,21.0,0.16,7.08,30,11,63.546,1,1.519480519,0.444480519,4.219480519,0.675379491,6.096369,Staphylococcus aureus,7.8622766,1.7659077644348145
64,ZnO,Bacillus subtilis,non-pathogenic,green_synthesis,disc_diffusion,ellipsoidal,Bacteria,Bacillota,Bacilli,Bacillales,Bacillaceae,Bacillus,p,soil,300.0,44.45,0.16,7.08,30,8,81.389,2,2.423376623,1.423376623,0.785339814,1.724688818,24.703117,Staphylococcus aureus,26.316772,1.6136550903320312
65,Ag,Bacillus subtilis,non-pathogenic,chemical_synthesis,disk_diffusion,nanorods,Bacteria,Bacillota,Bacilli,Bacillales,Bacillaceae,Bacillus,p,soil,6.5,8.0,0.16,7.08,30,11,107.868,1,1.74025974,0.091136933,2.143768512,0.158601936,12.038938,Staphylococcus aureus,13.172172,1.1332340240478516
66,Cu,Bacillus subtilis,non-pathogenic,green_synthesis,well_diffusion,cylindrical,Bacteria,Bacillota,Bacilli,Bacillales,Bacillaceae,Bacillus,p,soil,5.0,21.0,0.16,7.08,30,11,63.546,1,1.519480519,0.444480519,4.219480519,0.675379491,7.9343724,Staphylococcus aureus,8.988687,1.054314136505127
67,Ag,Bacillus subtilis,non-pathogenic,green_synthesis,well_diffusion,spherical,Bacteria,Bacillota,Bacilli,Bacillales,Bacillaceae,Bacillus,p,soil,7.6,46.8,0.16,7.08,30,11,107.868,1,1.74025974,0.091136933,2.143768512,0.158601936,12.651269,Staphylococcus aureus,13.34532,0.6940507888793945
68,Ag,Bacillus subtilis,non-pathogenic,chemical_synthesis,well_diffusion,nanoplates,Bacteria,Bacillota,Bacilli,Bacillales,Bacillaceae,Bacillus,p,soil,130.0,40.0,0.16,7.08,30,17,79.545,2,2.319480519,1.319480519,1.44956182,1.53025468,25.661081,Staphylococcus aureus,26.280247,0.6191654205322266
69,CuO,Bacillus subtilis,non-pathogenic,green_synthesis,disk_diffusion,nanorods and triangles,Bacteria,Bacillota,Bacilli,Bacillales,Bacillaceae,Bacillus,p,soil,162.7588,44.45,0.16,7.08,30,17,79.545,2,2.319480519,1.319480519,1.44956182,1.53025468,26.94556,Staphylococcus aureus,27.437714,0.4921531677246094
70,Fe2O3,Bacillus subtilis,non-pathogenic,green_synthesis,well_diffusion,spheroidal,Bacteria,Bacillota,Bacilli,Bacillales,Bacillaceae,Bacillus,p,soil,65.0,14.6,0.16,7.08,30,110,300.427,4,14.38989926,5.335287547,2.313964748,3.655916682,8.093667,Staphylococcus aureus,8.471437,0.37777042388916016
71,Ag,Bacillus subtilis,non-pathogenic,chemical_synthesis,disc_diffusion,cubic,Bacteria,Bacillota,Bacilli,Bacillales,Bacillaceae,Bacillus,p,soil,16.0,10.0,0.16,7.08,30,11,107.868,1,1.74025974,0.091136933,2.143768512,0.158601936,8.842362,Staphylococcus aureus,9.211254,0.36889171600341797
72,TiO2,Bacillus subtilis,non-pathogenic,chemical_synthesis,disc_diffusion,triangular,Bacteria,Bacillota,Bacilli,Bacillales,Bacillaceae,Bacillus,p,soil,14.0,28.0,0.16,7.08,30,16,79.865,3,3.314285714,2.314285714,2.314285714,2.556734694,12.647872,Staphylococcus aureus,12.645964,-0.0019083023071289062
73,Cu,Bacillus subtilis,non-pathogenic,chemical_synthesis,disk_diffusion,nanoplates,Bacteria,Bacillota,Bacilli,Bacillales,Bacillaceae,Bacillus,p,soil,1.33,15.0,0.16,7.08,30,11,63.546,1,1.519480519,0.444480519,4.219480519,0.675379491,13.098487,Staphylococcus aureus,12.897678,-0.20080852508544922
74,Ag,Bacillus subtilis,non-pathogenic,green_synthesis,disk_diffusion,hexagonal,Bacteria,Bacillota,Bacilli,Bacillales,Bacillaceae,Bacillus,p,soil,10.172425,33.0,0.16,7.08,30,11,107.868,1,1.74025974,0.091136933,2.143768512,0.158601936,15.243604,Staphylococcus aureus,15.008062,-0.23554134368896484
75,ZnO,Bacillus subtilis,non-pathogenic,green_synthesis,disk_diffusion,nanoplates,Bacteria,Bacillota,Bacilli,Bacillales,Bacillaceae,Bacillus,p,soil,2.65,42.0,0.16,7.08,30,8,81.389,2,2.423376623,1.423376623,0.785339814,1.724688818,17.763855,Staphylococcus aureus,16.73701,-1.026845932006836
76,Co,Bacillus subtilis,non-pathogenic,chemical_synthesis,well_diffusion,nanorods and triangles,Bacteria,Bacillota,Bacilli,Bacillales,Bacillaceae,Bacillus,p,soil,16.0,12.0,0.16,7.08,30,11,107.868,1,1.74025974,0.091136933,2.143768512,0.158601936,17.245514,Staphylococcus aureus,15.855628,-1.3898859024047852
77,CuO,Bacillus subtilis,non-pathogenic,green_synthesis,well_diffusion,nanoplates,Bacteria,Bacillota,Bacilli,Bacillales,Bacillaceae,Bacillus,p,soil,200.0,79.0,0.16,7.08,30,17,79.545,2,2.319480519,1.319480519,1.44956182,1.53025468,17.443205,Staphylococcus aureus,15.572123,-1.8710823059082031
78,CuO,Bacillus subtilis,non-pathogenic,chemical_synthesis,well_diffusion,triangular,Bacteria,Bacillota,Bacilli,Bacillales,Bacillaceae,Bacillus,p,soil,1.271,9.0,0.16,7.08,30,17,79.545,2,2.319480519,1.319480519,1.44956182,1.53025468,17.990654,Staphylococcus aureus,16.088844,-1.9018096923828125
79,ZnO,Bacillus subtilis,non-pathogenic,chemical_synthesis,well_diffusion,nanorods and triangles,Bacteria,Bacillota,Bacilli,Bacillales,Bacillaceae,Bacillus,p,soil,7.95454,42.0,0.16,7.08,30,8,81.389,2,2.423376623,1.423376623,0.785339814,1.724688818,19.134838,Staphylococcus aureus,17.003963,-2.1308746337890625
80,ZnO,Bacillus subtilis,non-pathogenic,green_synthesis,disc_diffusion,nanorods,Bacteria,Bacillota,Bacilli,Bacillales,Bacillaceae,Bacillus,p,soil,6.5,93.0,0.16,7.08,30,8,81.389,2,2.423376623,1.423376623,0.785339814,1.724688818,11.108202,Staphylococcus aureus,8.911519,-2.196682929992676
81,Ag,Bacillus subtilis,non-pathogenic,green_synthesis,disc_diffusion,nanorods and triangles,Bacteria,Bacillota,Bacilli,Bacillales,Bacillaceae,Bacillus,p,soil,150.0,79.0,0.16,7.08,30,11,107.868,1,1.74025974,0.091136933,2.143768512,0.158601936,11.674233,Staphylococcus aureus,9.380916,-2.2933177947998047
82,Cu,Bacillus subtilis,non-pathogenic,green_synthesis,well_diffusion,nanorods,Bacteria,Bacillota,Bacilli,Bacillales,Bacillaceae,Bacillus,p,soil,20000.0,93.0,0.16,7.08,30,11,63.546,1,1.519480519,0.444480519,4.219480519,0.675379491,14.986203,Staphylococcus aureus,12.04522,-2.9409828186035156
83,Fe3O4,Bacillus subtilis,non-pathogenic,chemical_synthesis,well_diffusion,spheroidal,Bacteria,Bacillota,Bacilli,Bacillales,Bacillaceae,Bacillus,p,soil,21.25,12.0,0.16,7.08,30,48,231.531,7,10.82035581,15.78324347,19.64994348,24.39718718,9.980318,Staphylococcus aureus,6.986633,-2.993685245513916
84,CuO,Bacillus subtilis,non-pathogenic,green_synthesis,well_diffusion,snowflake,Bacteria,Bacillota,Bacilli,Bacillales,Bacillaceae,Bacillus,p,soil,10.172425,16.0,0.16,7.08,30,17,79.545,2,2.319480519,1.319480519,1.44956182,1.53025468,20.100048,Staphylococcus aureus,17.003307,-3.09674072265625
85,ZnO,Bacillus subtilis,non-pathogenic,chemical_synthesis,well_diffusion,rod-shaped,Bacteria,Bacillota,Bacilli,Bacillales,Bacillaceae,Bacillus,p,soil,0.31,13.0,0.16,7.08,30,8,81.389,2,2.423376623,1.423376623,0.785339814,1.724688818,20.255764,Staphylococcus aureus,16.561749,-3.6940155029296875
86,Ag,Bacillus subtilis,non-pathogenic,green_synthesis,disk_diffusion,nanorods and triangles,Bacteria,Bacillota,Bacilli,Bacillales,Bacillaceae,Bacillus,p,soil,4000.0,25.9,0.16,7.08,30,11,107.868,1,1.74025974,0.091136933,2.143768512,0.158601936,16.09522,Staphylococcus aureus,12.385185,-3.7100353240966797
87,Ag,Bacillus subtilis,non-pathogenic,chemical_synthesis,well_diffusion,triangular,Bacteria,Bacillota,Bacilli,Bacillales,Bacillaceae,Bacillus,p,soil,10000.0,62.0,0.16,7.08,30,11,107.868,1,1.74025974,0.091136933,2.143768512,0.158601936,19.159883,Staphylococcus aureus,15.056304,-4.103579521179199
