,np,bacteria,bac_type,np_synthesis,method,shape,kingdom,phylum,class,order,family,genus,gram,isolated_from,concentration,np_size_avg (nm),"min_Incub_period, h","avg_Incub_period, h","growth_temp, C",Valance_electron,amw,NumHeteroatoms,kappa1,kappa2,kappa3,Phi,pred_ZOI_norm,pathogenic_bacteria,pred_ZOI_pathogen,Fitness
0,TiO2,Bacillus subtilis,non-pathogenic,green_synthesis,disc_diffusion,cylindrical,Bacteria,Bacillota,Bacilli,Bacillales,Bacillaceae,Bacillus,p,soil,32.0,37.1,0.16,7.08,30,16,79.865,3,3.314285714,2.314285714,2.314285714,2.556734694,12.620226,Staphylococcus aureus,30.92537,18.305143356323242
1,Cu2O,Bacillus subtilis,non-pathogenic,chemical_synthesis,disk_diffusion,Spherical,Bacteria,Bacillota,Bacilli,Bacillales,Bacillaceae,Bacillus,p,soil,32.0,41.9,0.16,7.08,30,29,143.091,3,36.04057568,12.00832358,2.998961039,144.2622982,16.910347,Staphylococcus aureus,31.688002,14.777654647827148
2,TiO2,Bacillus subtilis,non-pathogenic,green_synthesis,disc_diffusion,quasi-hexagonal,Bacteria,Bacillota,Bacilli,Bacillales,Bacillaceae,Bacillus,p,soil,32.0,41.9,0.16,7.08,30,16,79.865,3,3.314285714,2.314285714,2.314285714,2.556734694,18.47487,Staphylococcus aureus,32.94728,14.472410202026367
3,Fe2O3,Bacillus subtilis,non-pathogenic,green_synthesis,disk_diffusion,nanoplates,Bacteria,Bacillota,Bacilli,Bacillales,Bacillaceae,Bacillus,p,soil,32.0,35.0,0.16,7.08,30,11,107.868,1,1.74025974,0.091136933,2.143768512,0.158601936,21.96855,Staphylococcus aureus,34.390568,12.422018051147461
4,ZnO,Bacillus subtilis,non-pathogenic,green_synthesis,well_diffusion,ellipsoidal,Bacteria,Bacillota,Bacilli,Bacillales,Bacillaceae,Bacillus,p,soil,28.0,37.1,0.16,7.08,30,9,58.933,1,1.506493506,0.480852481,4.403929404,0.72440114,18.757586,Staphylococcus aureus,31.151268,12.393682479858398
5,Ag,Bacillus subtilis,non-pathogenic,chemical_synthesis,well_diffusion,cylindrical,Bacteria,Bacillota,Bacilli,Bacillales,Bacillaceae,Bacillus,p,soil,40.0,62.0,0.16,7.08,30,11,107.868,1,1.74025974,0.091136933,2.143768512,0.158601936,23.15291,Staphylococcus aureus,35.19719,12.044279098510742
6,Fe2O3,Bacillus subtilis,non-pathogenic,green_synthesis,disk_diffusion,nanoplates,Bacteria,Bacillota,Bacilli,Bacillales,Bacillaceae,Bacillus,p,soil,28.0,35.0,0.16,7.08,30,11,107.868,1,1.74025974,0.091136933,2.143768512,0.158601936,22.899166,Staphylococcus aureus,34.52981,11.630645751953125
7,Fe3O4,Bacillus subtilis,non-pathogenic,chemical_synthesis,well_diffusion,nanoplates,Bacteria,Bacillota,Bacilli,Bacillales,Bacillaceae,Bacillus,p,soil,28.0,50.0,0.16,7.08,30,48,231.531,7,10.82035581,15.78324347,19.64994348,24.39718718,18.01683,Staphylococcus aureus,29.48102,11.464189529418945
8,Ag,Bacillus subtilis,non-pathogenic,green_synthesis,well_diffusion,cylindrical,Bacteria,Bacillota,Bacilli,Bacillales,Bacillaceae,Bacillus,p,soil,40.0,62.0,0.16,7.08,30,11,107.868,1,1.74025974,0.091136933,2.143768512,0.158601936,23.98481,Staphylococcus aureus,35.106716,11.121906280517578
9,ZnO,Bacillus subtilis,non-pathogenic,chemical_synthesis,disk_diffusion,Spherical,Bacteria,Bacillota,Bacilli,Bacillales,Bacillaceae,Bacillus,p,soil,32.0,45.26,0.16,7.08,30,11,107.868,1,1.74025974,0.091136933,2.143768512,0.158601936,16.646376,Staphylococcus aureus,27.241909,10.59553337097168
10,Ag,Bacillus subtilis,non-pathogenic,chemical_synthesis,well_diffusion,ellipsoidal,Bacteria,Bacillota,Bacilli,Bacillales,Bacillaceae,Bacillus,p,soil,40.0,50.0,0.16,7.08,30,8,81.389,2,2.423376623,1.423376623,0.785339814,1.724688818,22.548592,Staphylococcus aureus,33.056076,10.507484436035156
11,TiO2,Bacillus subtilis,non-pathogenic,chemical_synthesis,disc_diffusion,cylindrical,Bacteria,Bacillota,Bacilli,Bacillales,Bacillaceae,Bacillus,p,soil,32.0,62.5,0.16,7.08,30,17,79.545,2,2.319480519,1.319480519,1.44956182,1.53025468,11.175304,Staphylococcus aureus,21.363522,10.188217163085938
12,Ag,Bacillus subtilis,non-pathogenic,green_synthesis,disc_diffusion,ellipsoidal,Bacteria,Bacillota,Bacilli,Bacillales,Bacillaceae,Bacillus,p,soil,40.0,50.0,0.16,7.08,30,11,107.868,1,1.74025974,0.091136933,2.143768512,0.158601936,19.70182,Staphylococcus aureus,29.64154,9.939720153808594
13,TiO2,Bacillus subtilis,non-pathogenic,chemical_synthesis,disc_diffusion,quasi-hexagonal,Bacteria,Bacillota,Bacilli,Bacillales,Bacillaceae,Bacillus,p,soil,32.0,62.5,0.16,7.08,30,17,79.545,2,2.319480519,1.319480519,1.44956182,1.53025468,15.386863,Staphylococcus aureus,25.042076,9.655213356018066
14,Ag,Bacillus subtilis,non-pathogenic,green_synthesis,disk_diffusion,cubic,Bacteria,Bacillota,Bacilli,Bacillales,Bacillaceae,Bacillus,p,soil,101.0,41.23,0.16,7.08,30,29,143.091,3,36.04057568,12.00832358,2.998961039,144.2622982,18.875668,Staphylococcus aureus,28.37491,9.499242782592773
15,Cu2O,Bacillus subtilis,non-pathogenic,chemical_synthesis,disk_diffusion,Spherical,Bacteria,Bacillota,Bacilli,Bacillales,Bacillaceae,Bacillus,p,soil,101.0,45.1,0.16,7.08,30,29,143.091,3,36.04057568,12.00832358,2.998961039,144.2622982,12.5676985,Staphylococcus aureus,21.668415,9.100716590881348
16,CuO,Bacillus subtilis,non-pathogenic,green_synthesis,disk_diffusion,rod-shaped,Bacteria,Bacillota,Bacilli,Bacillales,Bacillaceae,Bacillus,p,soil,40.0,41.23,0.16,7.08,30,17,79.545,2,2.319480519,1.319480519,1.44956182,1.53025468,27.165789,Staphylococcus aureus,36.051495,8.885705947875977
17,Fe2O3,Bacillus subtilis,non-pathogenic,chemical_synthesis,disk_diffusion,nanoplates,Bacteria,Bacillota,Bacilli,Bacillales,Bacillaceae,Bacillus,p,soil,25.0,45.1,0.16,7.08,30,110,300.427,4,14.38989926,5.335287547,2.313964748,3.655916682,17.084887,Staphylococcus aureus,25.933285,8.848398208618164
18,Mo,Bacillus subtilis,non-pathogenic,green_synthesis,disc_diffusion,quasi-hexagonal,Bacteria,Bacillota,Bacilli,Bacillales,Bacillaceae,Bacillus,p,soil,40.0,45.3,0.16,7.08,30,6,95.94,1,1.688311688,0.141141877,2.499632443,0.238291481,19.880173,Staphylococcus aureus,28.652254,8.77208137512207
19,TiO2,Bacillus subtilis,non-pathogenic,chemical_synthesis,disk_diffusion,nanoplates,Bacteria,Bacillota,Bacilli,Bacillales,Bacillaceae,Bacillus,p,soil,162.7588,35.0,0.16,7.08,30,16,79.865,3,3.314285714,2.314285714,2.314285714,2.556734694,18.765608,Staphylococcus aureus,27.360594,8.594985961914062
20,TiO2,Bacillus subtilis,non-pathogenic,green_synthesis,disk_diffusion,cylindrical,Bacteria,Bacillota,Bacilli,Bacillales,Bacillaceae,Bacillus,p,soil,15.0,41.9,0.16,7.08,30,16,79.865,3,3.314285714,2.314285714,2.314285714,2.556734694,16.068338,Staphylococcus aureus,24.418638,8.350299835205078
21,Ag,Bacillus subtilis,non-pathogenic,green_synthesis,disk_diffusion,cubic,Bacteria,Bacillota,Bacilli,Bacillales,Bacillaceae,Bacillus,p,soil,28.0,41.23,0.16,7.08,30,8,81.389,2,2.423376623,1.423376623,0.785339814,1.724688818,23.456835,Staphylococcus aureus,31.643906,8.187070846557617
22,Cu2O,Bacillus subtilis,non-pathogenic,chemical_synthesis,disk_diffusion,Spherical,Bacteria,Bacillota,Bacilli,Bacillales,Bacillaceae,Bacillus,p,soil,101.0,15.8,0.16,7.08,30,29,143.091,3,36.04057568,12.00832358,2.998961039,144.2622982,10.067366,Staphylococcus aureus,16.922335,6.854969024658203
23,Ag,Bacillus subtilis,non-pathogenic,green_synthesis,well_diffusion,hexagonal,Bacteria,Bacillota,Bacilli,Bacillales,Bacillaceae,Bacillus,p,soil,162.7588,37.86,0.16,7.08,30,11,107.868,1,1.74025974,0.091136933,2.143768512,0.158601936,24.276253,Staphylococcus aureus,30.119526,5.843273162841797
24,Ag,Bacillus subtilis,non-pathogenic,chemical_synthesis,disk_diffusion,Spherical,Bacteria,Bacillota,Bacilli,Bacillales,Bacillaceae,Bacillus,p,soil,85.0,51.9,0.16,7.08,30,11,107.868,1,1.74025974,0.091136933,2.143768512,0.158601936,18.553572,Staphylococcus aureus,23.887266,5.3336944580078125
25,CuO,Bacillus subtilis,non-pathogenic,chemical_synthesis,well_diffusion,Spherical,Bacteria,Bacillota,Bacilli,Bacillales,Bacillaceae,Bacillus,p,soil,65.0,34.0,0.16,7.08,30,17,79.545,2,2.319480519,1.319480519,1.44956182,1.53025468,11.001209,Staphylococcus aureus,14.68726,3.6860504150390625
26,TiO2,Bacillus subtilis,non-pathogenic,green_synthesis,disk_diffusion,cylindrical,Bacteria,Bacillota,Bacilli,Bacillales,Bacillaceae,Bacillus,p,soil,16.0,21.0,0.16,7.08,30,16,79.865,3,3.314285714,2.314285714,2.314285714,2.556734694,6.5974517,Staphylococcus aureus,10.218524,3.621072292327881
27,Fe2O3,Bacillus subtilis,non-pathogenic,green_synthesis,disc_diffusion,spherical,Bacteria,Bacillota,Bacilli,Bacillales,Bacillaceae,Bacillus,p,soil,20.34485,45.26,0.16,7.08,30,16,79.865,3,3.314285714,2.314285714,2.314285714,2.556734694,16.409323,Staphylococcus aureus,19.892817,3.4834938049316406
28,TiO2,Bacillus subtilis,non-pathogenic,chemical_synthesis,well_diffusion,rod-shaped,Bacteria,Bacillota,Bacilli,Bacillales,Bacillaceae,Bacillus,p,soil,16.0,4.0,0.16,7.08,30,16,79.865,3,3.314285714,2.314285714,2.314285714,2.556734694,9.520448,Staphylococcus aureus,9.974267,0.45381927490234375
29,Ag,Bacillus subtilis,non-pathogenic,green_synthesis,disk_diffusion,nanoplates,Bacteria,Bacillota,Bacilli,Bacillales,Bacillaceae,Bacillus,p,soil,1.590908,41.23,0.16,7.08,30,11,107.868,1,1.74025974,0.091136933,2.143768512,0.158601936,14.018851,Staphylococcus aureus,14.333697,0.3148460388183594
30,CuO,Bacillus subtilis,non-pathogenic,green_synthesis,disk_diffusion,Spherical,Bacteria,Bacillota,Bacilli,Bacillales,Bacillaceae,Bacillus,p,soil,130.0,20.0,0.16,7.08,30,17,79.545,2,2.319480519,1.319480519,1.44956182,1.53025468,17.060316,Staphylococcus aureus,17.217554,0.15723800659179688
31,Ag,Bacillus subtilis,non-pathogenic,green_synthesis,disk_diffusion,triangular,Bacteria,Bacillota,Bacilli,Bacillales,Bacillaceae,Bacillus,p,soil,7.6,62.5,0.16,7.08,30,11,107.868,1,1.74025974,0.091136933,2.143768512,0.158601936,8.723042,Staphylococcus aureus,8.744806,0.021764755249023438
32,TiO2,Bacillus subtilis,non-pathogenic,green_synthesis,well_diffusion,quasi-hexagonal,Bacteria,Bacillota,Bacilli,Bacillales,Bacillaceae,Bacillus,p,soil,200.0,92.0,0.16,7.08,30,16,79.865,3,3.314285714,2.314285714,2.314285714,2.556734694,14.446264,Staphylococcus aureus,14.319851,-0.12641334533691406
33,Ag,Bacillus subtilis,non-pathogenic,green_synthesis,disc_diffusion,nanorods and triangles,Bacteria,Bacillota,Bacilli,Bacillales,Bacillaceae,Bacillus,p,soil,5.31,50.0,0.16,7.08,30,11,107.868,1,1.74025974,0.091136933,2.143768512,0.158601936,8.75557,Staphylococcus aureus,8.145143,-0.6104278564453125
34,CuO,Bacillus subtilis,non-pathogenic,chemical_synthesis,well_diffusion,cylindrical,Bacteria,Bacillota,Bacilli,Bacillales,Bacillaceae,Bacillus,p,soil,20.34485,92.0,0.16,7.08,30,17,79.545,2,2.319480519,1.319480519,1.44956182,1.53025468,13.299235,Staphylococcus aureus,12.626882,-0.6723537445068359
35,ZnO,Bacillus subtilis,non-pathogenic,chemical_synthesis,disk_diffusion,cubic,Bacteria,Bacillota,Bacilli,Bacillales,Bacillaceae,Bacillus,p,soil,1.590908,41.9,0.16,7.08,30,8,81.389,2,2.423376623,1.423376623,0.785339814,1.724688818,13.475578,Staphylococcus aureus,12.758758,-0.7168207168579102
36,CuO,Bacillus subtilis,non-pathogenic,chemical_synthesis,disc_diffusion,snowflake,Bacteria,Bacillota,Bacilli,Bacillales,Bacillaceae,Bacillus,p,soil,6.5,80.0,0.16,7.08,30,17,79.545,2,2.319480519,1.319480519,1.44956182,1.53025468,15.055387,Staphylococcus aureus,14.335173,-0.7202138900756836
37,ZnO,Bacillus subtilis,non-pathogenic,green_synthesis,disc_diffusion,nanorods,Bacteria,Bacillota,Bacilli,Bacillales,Bacillaceae,Bacillus,p,soil,0.6355,15.8,0.16,7.08,30,8,81.389,2,2.423376623,1.423376623,0.785339814,1.724688818,12.989024,Staphylococcus aureus,12.107797,-0.8812274932861328
38,CuO,Bacillus subtilis,non-pathogenic,chemical_synthesis,disc_diffusion,triangular,Bacteria,Bacillota,Bacilli,Bacillales,Bacillaceae,Bacillus,p,soil,81.3794,25.9,0.16,7.08,30,17,79.545,2,2.319480519,1.319480519,1.44956182,1.53025468,15.398422,Staphylococcus aureus,13.933186,-1.4652366638183594
39,Ag,Bacillus subtilis,non-pathogenic,chemical_synthesis,disc_diffusion,rod-shaped,Bacteria,Bacillota,Bacilli,Bacillales,Bacillaceae,Bacillus,p,soil,2.7,10.0,0.16,7.08,30,11,107.868,1,1.74025974,0.091136933,2.143768512,0.158601936,11.950916,Staphylococcus aureus,9.806834,-2.1440820693969727
