,np,bacteria,bac_type,np_synthesis,method,shape,kingdom,phylum,class,order,family,genus,gram,isolated_from,concentration,np_size_avg (nm),"min_Incub_period, h","avg_Incub_period, h","growth_temp, C",Valance_electron,amw,NumHeteroatoms,kappa1,kappa2,kappa3,Phi,pred_ZOI_norm,pathogenic_bacteria,pred_ZOI_pathogen,Fitness
0,Ag,Bacillus subtilis,non-pathogenic,green_synthesis,disk_diffusion,cylindrical,Bacteria,Bacillota,Bacilli,Bacillales,Bacillaceae,Bacillus,p,soil,40.0,35.0,0.16,7.08,30,48,231.531,7,10.82035581,15.78324347,19.64994348,24.39718718,21.390137,Staphylococcus aureus,41.635258,20.245121002197266
1,Mo,Bacillus subtilis,non-pathogenic,chemical_synthesis,disc_diffusion,Spherical,Bacteria,Bacillota,Bacilli,Bacillales,Bacillaceae,Bacillus,p,soil,40.0,45.3,0.16,7.08,30,29,143.091,3,36.04057568,12.00832358,2.998961039,144.2622982,13.255684,Staphylococcus aureus,30.042965,16.787281036376953
2,Fe3O4,Bacillus subtilis,non-pathogenic,green_synthesis,disc_diffusion,cubic,Bacteria,Bacillota,Bacilli,Bacillales,Bacillaceae,Bacillus,p,soil,40.0,45.3,0.16,7.08,30,48,231.531,7,10.82035581,15.78324347,19.64994348,24.39718718,16.808064,Staphylococcus aureus,32.894375,16.08631134033203
3,Cu2O,Bacillus subtilis,non-pathogenic,chemical_synthesis,disk_diffusion,hexagonal,Bacteria,Bacillota,Bacilli,Bacillales,Bacillaceae,Bacillus,p,soil,30.0,46.8,0.16,7.08,30,29,143.091,3,36.04057568,12.00832358,2.998961039,144.2622982,14.85493,Staphylococcus aureus,29.647934,14.793004035949707
4,Cu2O,Bacillus subtilis,non-pathogenic,green_synthesis,disc_diffusion,hexagonal,Bacteria,Bacillota,Bacilli,Bacillales,Bacillaceae,Bacillus,p,soil,30.0,46.8,0.16,7.08,30,29,143.091,3,36.04057568,12.00832358,2.998961039,144.2622982,13.01522,Staphylococcus aureus,26.506752,13.491532325744629
5,Ag,Bacillus subtilis,non-pathogenic,green_synthesis,well_diffusion,Spherical,Bacteria,Bacillota,Bacilli,Bacillales,Bacillaceae,Bacillus,p,soil,28.0,35.0,0.16,7.08,30,11,107.868,1,1.74025974,0.091136933,2.143768512,0.158601936,19.877638,Staphylococcus aureus,33.326332,13.448694229125977
6,Cu2O,Bacillus subtilis,non-pathogenic,chemical_synthesis,well_diffusion,Spherical,Bacteria,Bacillota,Bacilli,Bacillales,Bacillaceae,Bacillus,p,soil,32.0,62.5,0.16,7.08,30,48,231.531,7,10.82035581,15.78324347,19.64994348,24.39718718,10.431466,Staphylococcus aureus,22.838598,12.407132148742676
7,Mo,Bacillus subtilis,non-pathogenic,chemical_synthesis,disc_diffusion,Spherical,Bacteria,Bacillota,Bacilli,Bacillales,Bacillaceae,Bacillus,p,soil,40.0,45.3,0.16,7.08,30,11,107.868,1,1.74025974,0.091136933,2.143768512,0.158601936,17.444233,Staphylococcus aureus,29.324703,11.880470275878906
8,CuO,Bacillus subtilis,non-pathogenic,chemical_synthesis,well_diffusion,cubic,Bacteria,Bacillota,Bacilli,Bacillales,Bacillaceae,Bacillus,p,soil,40.0,46.8,0.16,7.08,30,17,79.545,2,2.319480519,1.319480519,1.44956182,1.53025468,22.530115,Staphylococcus aureus,34.036694,11.50657844543457
9,CeO2,Bacillus subtilis,non-pathogenic,chemical_synthesis,disc_diffusion,nanorods,Bacteria,Bacillota,Bacilli,Bacillales,Bacillaceae,Bacillus,p,soil,42.5,42.0,0.16,7.08,30,16,172.114,3,3.976623377,2.976623377,2.976623377,3.945636701,16.923103,Staphylococcus aureus,27.221025,10.297922134399414
10,Ag,Bacillus subtilis,non-pathogenic,chemical_synthesis,well_diffusion,ellipsoidal,Bacteria,Bacillota,Bacilli,Bacillales,Bacillaceae,Bacillus,p,soil,28.0,42.0,0.16,7.08,30,11,107.868,1,1.74025974,0.091136933,2.143768512,0.158601936,24.197935,Staphylococcus aureus,34.20434,10.006406784057617
11,Fe3O4,Bacillus subtilis,non-pathogenic,chemical_synthesis,disk_diffusion,cubic,Bacteria,Bacillota,Bacilli,Bacillales,Bacillaceae,Bacillus,p,soil,103.0,62.5,0.16,7.08,30,48,231.531,7,10.82035581,15.78324347,19.64994348,24.39718718,10.562732,Staphylococcus aureus,20.088335,9.525603294372559
12,TiO2,Bacillus subtilis,non-pathogenic,chemical_synthesis,disc_diffusion,Spherical,Bacteria,Bacillota,Bacilli,Bacillales,Bacillaceae,Bacillus,p,soil,32.0,44.45,0.16,7.08,30,8,81.389,2,2.423376623,1.423376623,0.785339814,1.724688818,19.317698,Staphylococcus aureus,28.422752,9.10505485534668
13,Ag,Bacillus subtilis,non-pathogenic,green_synthesis,disk_diffusion,cubic,Bacteria,Bacillota,Bacilli,Bacillales,Bacillaceae,Bacillus,p,soil,40.0,25.9,0.16,7.08,30,11,107.868,1,1.74025974,0.091136933,2.143768512,0.158601936,18.917807,Staphylococcus aureus,27.948284,9.030477523803711
14,Fe2O3,Bacillus subtilis,non-pathogenic,green_synthesis,disk_diffusion,hexagonal,Bacteria,Bacillota,Bacilli,Bacillales,Bacillaceae,Bacillus,p,soil,42.5,20.0,0.16,7.08,30,110,300.427,4,14.38989926,5.335287547,2.313964748,3.655916682,10.860206,Staphylococcus aureus,19.842203,8.9819974899292
15,Mo,Bacillus subtilis,non-pathogenic,green_synthesis,disc_diffusion,quasi-hexagonal,Bacteria,Bacillota,Bacilli,Bacillales,Bacillaceae,Bacillus,p,soil,40.0,45.3,0.16,7.08,30,6,95.94,1,1.688311688,0.141141877,2.499632443,0.238291481,19.880173,Staphylococcus aureus,28.652254,8.77208137512207
16,Fe3O4,Bacillus subtilis,non-pathogenic,green_synthesis,disc_diffusion,hexagonal,Bacteria,Bacillota,Bacilli,Bacillales,Bacillaceae,Bacillus,p,soil,14.0,45.3,0.16,7.08,30,48,231.531,7,10.82035581,15.78324347,19.64994348,24.39718718,14.0062685,Staphylococcus aureus,22.111557,8.1052885055542
17,Ag,Bacillus subtilis,non-pathogenic,green_synthesis,well_diffusion,ellipsoidal,Bacteria,Bacillota,Bacilli,Bacillales,Bacillaceae,Bacillus,p,soil,40.6897,15.8,0.16,7.08,30,11,107.868,1,1.74025974,0.091136933,2.143768512,0.158601936,13.210268,Staphylococcus aureus,19.607763,6.397495269775391
18,Ag,Bacillus subtilis,non-pathogenic,green_synthesis,disc_diffusion,spherical,Bacteria,Bacillota,Bacilli,Bacillales,Bacillaceae,Bacillus,p,soil,42.5,26.38,0.16,7.08,30,11,107.868,1,1.74025974,0.091136933,2.143768512,0.158601936,13.424205,Staphylococcus aureus,18.745903,5.321698188781738
19,CuO,Bacillus subtilis,non-pathogenic,chemical_synthesis,disc_diffusion,spheroidal,Bacteria,Bacillota,Bacilli,Bacillales,Bacillaceae,Bacillus,p,soil,30.0,51.3,0.16,7.08,30,17,79.545,2,2.319480519,1.319480519,1.44956182,1.53025468,16.072702,Staphylococcus aureus,20.370687,4.297985076904297
20,Fe2O3,Bacillus subtilis,non-pathogenic,green_synthesis,disk_diffusion,nanorods,Bacteria,Bacillota,Bacilli,Bacillales,Bacillaceae,Bacillus,p,soil,79.5454,33.0,0.16,7.08,30,110,300.427,4,14.38989926,5.335287547,2.313964748,3.655916682,16.836773,Staphylococcus aureus,20.805239,3.968465805053711
21,Mo,Bacillus subtilis,non-pathogenic,green_synthesis,disc_diffusion,spherical,Bacteria,Bacillota,Bacilli,Bacillales,Bacillaceae,Bacillus,p,soil,42.5,45.3,0.16,7.08,30,6,95.94,1,1.688311688,0.141141877,2.499632443,0.238291481,11.153847,Staphylococcus aureus,13.95515,2.801302909851074
22,Fe2O3,Bacillus subtilis,non-pathogenic,green_synthesis,disk_diffusion,triangular,Bacteria,Bacillota,Bacilli,Bacillales,Bacillaceae,Bacillus,p,soil,81.3794,51.9,0.16,7.08,30,110,300.427,4,14.38989926,5.335287547,2.313964748,3.655916682,12.470649,Staphylococcus aureus,14.678744,2.2080955505371094
23,ZnO,Bacillus subtilis,non-pathogenic,green_synthesis,disk_diffusion,triangular,Bacteria,Bacillota,Bacilli,Bacillales,Bacillaceae,Bacillus,p,soil,65.0,40.0,0.16,7.08,30,8,81.389,2,2.423376623,1.423376623,0.785339814,1.724688818,10.767188,Staphylococcus aureus,12.862947,2.095759391784668
24,Ag,Bacillus subtilis,non-pathogenic,chemical_synthesis,disk_diffusion,hexagonal,Bacteria,Bacillota,Bacilli,Bacillales,Bacillaceae,Bacillus,p,soil,300.0,35.0,0.16,7.08,30,11,107.868,1,1.74025974,0.091136933,2.143768512,0.158601936,22.679354,Staphylococcus aureus,23.992647,1.31329345703125
25,ZnO,Bacillus subtilis,non-pathogenic,chemical_synthesis,disc_diffusion,cubic,Bacteria,Bacillota,Bacilli,Bacillales,Bacillaceae,Bacillus,p,soil,300.0,10.0,0.16,7.08,30,8,81.389,2,2.423376623,1.423376623,0.785339814,1.724688818,14.066965,Staphylococcus aureus,14.289659,0.22269344329833984
26,Ag,Bacillus subtilis,non-pathogenic,chemical_synthesis,disc_diffusion,nanorods,Bacteria,Bacillota,Bacilli,Bacillales,Bacillaceae,Bacillus,p,soil,3.181816,21.0,0.16,7.08,30,11,107.868,1,1.74025974,0.091136933,2.143768512,0.158601936,12.316167,Staphylococcus aureus,12.304114,-0.012052536010742188
27,CuO,Bacillus subtilis,non-pathogenic,chemical_synthesis,disc_diffusion,nanoplates,Bacteria,Bacillota,Bacilli,Bacillales,Bacillaceae,Bacillus,p,soil,7.6,44.45,0.16,7.08,30,11,107.868,1,1.74025974,0.091136933,2.143768512,0.158601936,13.077987,Staphylococcus aureus,12.645878,-0.43210887908935547
28,CuO,Bacillus subtilis,non-pathogenic,chemical_synthesis,well_diffusion,spheroidal,Bacteria,Bacillota,Bacilli,Bacillales,Bacillaceae,Bacillus,p,soil,75.0,34.0,0.16,7.08,30,8,81.389,2,2.423376623,1.423376623,0.785339814,1.724688818,15.740527,Staphylococcus aureus,15.2390585,-0.5014686584472656
29,CuO,Bacillus subtilis,non-pathogenic,chemical_synthesis,disk_diffusion,cubic,Bacteria,Bacillota,Bacilli,Bacillales,Bacillaceae,Bacillus,p,soil,7.6,44.45,0.16,7.08,30,17,79.545,2,2.319480519,1.319480519,1.44956182,1.53025468,13.434566,Staphylococcus aureus,12.398885,-1.0356807708740234
30,Ag,Bacillus subtilis,non-pathogenic,chemical_synthesis,well_diffusion,cubic,Bacteria,Bacillota,Bacilli,Bacillales,Bacillaceae,Bacillus,p,soil,20000.0,93.0,0.16,7.08,30,11,107.868,1,1.74025974,0.091136933,2.143768512,0.158601936,14.403078,Staphylococcus aureus,11.379158,-3.0239200592041016
31,Ag,Bacillus subtilis,non-pathogenic,chemical_synthesis,well_diffusion,nanorods,Bacteria,Bacillota,Bacilli,Bacillales,Bacillaceae,Bacillus,p,soil,500.0,46.0,0.16,7.08,30,11,107.868,1,1.74025974,0.091136933,2.143768512,0.158601936,21.689362,Staphylococcus aureus,18.607655,-3.081707000732422
32,Pt,Bacillus subtilis,non-pathogenic,chemical_synthesis,disk_diffusion,quasi-hexagonal,Bacteria,Bacillota,Bacilli,Bacillales,Bacillaceae,Bacillus,p,soil,512.0,12.0,0.16,7.08,30,11,107.868,1,1.74025974,0.091136933,2.143768512,0.158601936,18.4976,Staphylococcus aureus,12.862502,-5.635098457336426
