,np,bacteria,bac_type,np_synthesis,method,shape,kingdom,phylum,class,order,family,genus,gram,isolated_from,concentration,np_size_avg (nm),"min_Incub_period, h","avg_Incub_period, h","growth_temp, C",Valance_electron,amw,NumHeteroatoms,kappa1,kappa2,kappa3,Phi,pred_ZOI_norm,pathogenic_bacteria,pred_ZOI_pathogen,Fitness
0,TiO2,Bacillus subtilis,non-pathogenic,green_synthesis,disc_diffusion,Spherical,Bacteria,Bacillota,Bacilli,Bacillales,Bacillaceae,Bacillus,p,soil,42.5,41.9,0.16,7.08,30,16,79.865,3,3.314285714,2.314285714,2.314285714,2.556734694,13.826811,Staphylococcus aureus,27.88799,14.061180114746094
1,Fe2O3,Bacillus subtilis,non-pathogenic,green_synthesis,disk_diffusion,cylindrical,Bacteria,Bacillota,Bacilli,Bacillales,Bacillaceae,Bacillus,p,soil,81.3794,52.5,0.16,7.08,30,16,79.865,3,3.314285714,2.314285714,2.314285714,2.556734694,17.781496,Staphylococcus aureus,28.08652,10.305023193359375
2,CuO,Bacillus subtilis,non-pathogenic,chemical_synthesis,disk_diffusion,Spherical,Bacteria,Bacillota,Bacilli,Bacillales,Bacillaceae,Bacillus,p,soil,79.5454,37.1,0.16,7.08,30,11,107.868,1,1.74025974,0.091136933,2.143768512,0.158601936,20.087175,Staphylococcus aureus,26.964558,6.877382278442383
3,TiO2,Bacillus subtilis,non-pathogenic,green_synthesis,well_diffusion,ellipsoidal,Bacteria,Bacillota,Bacilli,Bacillales,Bacillaceae,Bacillus,p,soil,102.0,20.0,0.16,7.08,30,16,79.865,3,3.314285714,2.314285714,2.314285714,2.556734694,12.321764,Staphylococcus aureus,16.254486,3.9327220916748047
4,Ag,Bacillus subtilis,non-pathogenic,chemical_synthesis,disc_diffusion,snowflake,Bacteria,Bacillota,Bacilli,Bacillales,Bacillaceae,Bacillus,p,soil,42.5,62.5,0.16,7.08,30,11,107.868,1,1.74025974,0.091136933,2.143768512,0.158601936,11.414351,Staphylococcus aureus,14.915139,3.5007877349853516
5,Ag,Bacillus subtilis,non-pathogenic,green_synthesis,well_diffusion,ellipsoidal,Bacteria,Bacillota,Bacilli,Bacillales,Bacillaceae,Bacillus,p,soil,128.0,45.1,0.16,7.08,30,11,107.868,1,1.74025974,0.091136933,2.143768512,0.158601936,20.26673,Staphylococcus aureus,23.713339,3.4466094970703125
6,Ag,Bacillus subtilis,non-pathogenic,green_synthesis,well_diffusion,ellipsoidal,Bacteria,Bacillota,Bacilli,Bacillales,Bacillaceae,Bacillus,p,soil,128.0,45.1,0.16,7.08,30,11,107.868,1,1.74025974,0.091136933,2.143768512,0.158601936,20.26673,Staphylococcus aureus,23.713339,3.4466094970703125
7,Fe3O4,Bacillus subtilis,non-pathogenic,green_synthesis,disc_diffusion,snowflake,Bacteria,Bacillota,Bacilli,Bacillales,Bacillaceae,Bacillus,p,soil,15.0,80.0,0.16,7.08,30,48,231.531,7,10.82035581,15.78324347,19.64994348,24.39718718,12.955224,Staphylococcus aureus,16.222036,3.266812324523926
8,Fe3O4,Bacillus subtilis,non-pathogenic,green_synthesis,disk_diffusion,nanoplates,Bacteria,Bacillota,Bacilli,Bacillales,Bacillaceae,Bacillus,p,soil,1.271,62.5,0.16,7.08,30,48,231.531,7,10.82035581,15.78324347,19.64994348,24.39718718,9.173308,Staphylococcus aureus,12.283856,3.1105480194091797
9,Ag,Bacillus subtilis,non-pathogenic,chemical_synthesis,disc_diffusion,cylindrical,Bacteria,Bacillota,Bacilli,Bacillales,Bacillaceae,Bacillus,p,soil,10.625,52.5,0.16,7.08,30,11,107.868,1,1.74025974,0.091136933,2.143768512,0.158601936,17.45765,Staphylococcus aureus,20.361027,2.9033775329589844
10,TiO2,Bacillus subtilis,non-pathogenic,green_synthesis,disk_diffusion,nanoplates,Bacteria,Bacillota,Bacilli,Bacillales,Bacillaceae,Bacillus,p,soil,512.0,120.0,0.16,7.08,30,16,79.865,3,3.314285714,2.314285714,2.314285714,2.556734694,12.554604,Staphylococcus aureus,11.852948,-0.701655387878418
