,np,bacteria,bac_type,np_synthesis,method,shape,kingdom,phylum,class,order,family,genus,gram,isolated_from,mol_weight (g/mol),np_size_avg (nm),time_set,"min_Incub_period, h","growth_temp, C",Valance_electron,labuteASA,tpsa,CrippenMR,chi0v,pred_MIC_norm,pathogenic_bacteria,pred_MIC_pathogen,Fitness,pred_norm_MIC_original,pred_path_MIC_original
0,ZnO,Bacillus subtilis,non-pathogenic,green_synthesis,MBC,quasi-spherical,Bacteria,Bacillota,Bacilli,Bacillales,Bacillaceae,Bacillus,p,soil,81.3794,5.1,4,0.16,30,8,22.60496136,17.07,0.6865,4.082482905,2.2320128377061863,Klebsiella pneumoniae,1.383556731559441,0.8484561061467453,170.61328213919032,24.185592518605546
1,TiO2,Bacillus subtilis,non-pathogenic,green_synthesis,MBC,quasi-hexagonal,Bacteria,Bacillota,Bacilli,Bacillales,Bacillaceae,Bacillus,p,soil,79.866,6.0,2,0.16,30,16,26.40611331,34.14,1.373,2.878049394,2.487861933762866,Klebsiella pneumoniae,1.682157692025271,0.8057042417375948,307.5119050508659,48.10139725848044
2,ZnO,Bacillus subtilis,non-pathogenic,green_synthesis,MBC,spherical,Bacteria,Bacillota,Bacilli,Bacillales,Bacillaceae,Bacillus,p,soil,81.3794,6.0,0,0.16,30,8,22.60496136,17.07,0.6865,4.082482905,2.545679399749946,Klebsiella pneumoniae,1.794045930304337,0.7516334694456088,351.30101109009576,62.23661021531377
3,Ag,Bacillus subtilis,non-pathogenic,chemical_synthesis,MIC,quasi-hexagonal,Bacteria,Bacillota,Bacilli,Bacillales,Bacillaceae,Bacillus,p,soil,107.87,6.0,0,0.16,30,11,23.00188061,0.0,0.0,1.78376517,1.0034919331386876,Klebsiella pneumoniae,0.32259116414587474,0.6809007689928128,10.080728846049064,2.1017989180872263
4,ZnO,Bacillus subtilis,non-pathogenic,green_synthesis,MBEC,nanoplates,Bacteria,Bacillota,Bacilli,Bacillales,Bacillaceae,Bacillus,p,soil,81.3794,6.0,3,0.16,30,8,22.60496136,17.07,0.6865,4.082482905,2.7425409856432004,Klebsiella pneumoniae,2.064421257993244,0.6781197276499564,552.7655715901581,115.99018950710753
5,Ag,Bacillus subtilis,non-pathogenic,green_synthesis,MIC,tetragonal,Bacteria,Bacillota,Bacilli,Bacillales,Bacillaceae,Bacillus,p,soil,107.87,6.0,18,0.16,30,11,23.00188061,0.0,0.0,1.78376517,0.5866025686032423,Klebsiella pneumoniae,0.021224722451801403,0.5653778461514409,3.8601356678783705,1.050085647111444
6,TiO2,Bacillus subtilis,non-pathogenic,chemical_synthesis,MBEC,nanoplates,Bacteria,Bacillota,Bacilli,Bacillales,Bacillaceae,Bacillus,p,soil,79.866,6.0,2,0.16,30,16,26.40611331,34.14,1.373,2.878049394,3.333244887097714,Klebsiella pneumoniae,2.7707098096206124,0.5625350774771016,2153.995973345207,589.8068465936195
7,Ag,Bacillus subtilis,non-pathogenic,green_synthesis,MIC,spheroidal,Bacteria,Bacillota,Bacilli,Bacillales,Bacillaceae,Bacillus,p,soil,107.87,44.45,24,0.16,30,11,23.00188061,0.0,0.0,1.78376517,0.7476692531270563,Klebsiella pneumoniae,0.19104578340738998,0.5566234697196664,5.5933146760706345,1.552550671520206
8,ZnO,Bacillus subtilis,non-pathogenic,chemical_synthesis,MBEC,cubic,Bacteria,Bacillota,Bacilli,Bacillales,Bacillaceae,Bacillus,p,soil,81.3794,6.0,0,0.16,30,8,22.60496136,17.07,0.6865,4.082482905,2.625607231677311,Klebsiella pneumoniae,2.0699279639859283,0.5556792676913829,422.2865329738328,117.47026919570222
9,ZnO,Bacillus subtilis,non-pathogenic,green_synthesis,MBEC,nanoplates,Bacteria,Bacillota,Bacilli,Bacillales,Bacillaceae,Bacillus,p,soil,81.3794,8.0,1,0.16,30,8,22.60496136,17.07,0.6865,4.082482905,2.599020461875455,Klebsiella pneumoniae,2.062862372130877,0.5361580897445779,397.2102636733229,115.57459284069495
10,CuO,Bacillus subtilis,non-pathogenic,green_synthesis,MBC,rod-shaped,Bacteria,Bacillota,Bacilli,Bacillales,Bacillaceae,Bacillus,p,soil,79.5454,6.0,4,0.16,30,17,20.67942236,17.07,0.6865,1.651411411,3.343047565019325,Klebsiella pneumoniae,2.8150031478196764,0.5280444171996486,2203.1677462895304,653.1352866349887
11,Ag,Bacillus subtilis,non-pathogenic,chemical_synthesis,MBEC,spheroidal,Bacteria,Bacillota,Bacilli,Bacillales,Bacillaceae,Bacillus,p,soil,107.87,20.0,18,0.16,30,11,23.00188061,0.0,0.0,1.78376517,1.3867878025612626,Klebsiella pneumoniae,0.8616881531778238,0.5250996493834388,24.3661998846527,7.272574070277768
12,ZnO,Bacillus subtilis,non-pathogenic,green_synthesis,MBC,quasi-hexagonal,Bacteria,Bacillota,Bacilli,Bacillales,Bacillaceae,Bacillus,p,soil,81.3794,20.0,0,0.16,30,8,22.60496136,17.07,0.6865,4.082482905,1.0817049889206736,Klebsiella pneumoniae,0.5599617449972472,0.5217432439234264,12.069936601243372,3.6304607430327973
13,Au,Bacillus subtilis,non-pathogenic,green_synthesis,MIC,spheroidal,Bacteria,Bacillota,Bacilli,Bacillales,Bacillaceae,Bacillus,p,soil,196.966569,40.0,18,0.16,30,11,23.00188061,0.0,0.0,2.46797672,1.1996571821036555,Klebsiella pneumoniae,0.6788305054132759,0.5208266766903795,15.83642623122047,4.773429419447086
14,ZnO,Bacillus subtilis,non-pathogenic,green_synthesis,MBEC,rod-shaped,Bacteria,Bacillota,Bacilli,Bacillales,Bacillaceae,Bacillus,p,soil,81.3794,10.4,3,0.16,30,8,22.60496136,17.07,0.6865,4.082482905,2.191881481339404,Klebsiella pneumoniae,1.672741604437738,0.519139876901666,155.55410676058708,47.069718870379944
15,Al2O3,Bacillus subtilis,non-pathogenic,green_synthesis,MBC,quasi-hexagonal,Bacteria,Bacillota,Bacilli,Bacillales,Bacillaceae,Bacillus,p,soil,101.961276,6.0,1,0.16,30,24,51.55776403,85.5,13.5675,4.688846487,2.2771064524542486,Klebsiella pneumoniae,1.7768529098766852,0.5002535425775634,189.28075188821006,59.82089548358902
16,ZnO,Bacillus subtilis,non-pathogenic,green_synthesis,MBEC,spherical,Bacteria,Bacillota,Bacilli,Bacillales,Bacillaceae,Bacillus,p,soil,81.3794,10.4,2,0.16,30,8,22.60496136,17.07,0.6865,4.082482905,2.435288179930191,Klebsiella pneumoniae,1.9373827206830174,0.49790545924717367,272.4508580070898,86.57305050709445
17,Ag,Bacillus subtilis,non-pathogenic,chemical_synthesis,MBEC,spheroidal,Bacteria,Bacillota,Bacilli,Bacillales,Bacillaceae,Bacillus,p,soil,107.87,10.4,18,0.16,30,11,23.00188061,0.0,0.0,1.78376517,1.804360305751384,Klebsiella pneumoniae,1.3114326040030242,0.49292770174835976,63.732404775011176,20.484841312433264
18,CuO,Bacillus subtilis,non-pathogenic,green_synthesis,MBC,spheroidal,Bacteria,Bacillota,Bacilli,Bacillales,Bacillaceae,Bacillus,p,soil,79.5454,8.7,18,0.16,30,17,20.67942236,17.07,0.6865,1.651411411,3.697612245811288,Klebsiella pneumoniae,3.206634074760247,0.490978171051041,4984.3926370925965,1609.2891186023567
19,Ag,Bacillus subtilis,non-pathogenic,chemical_synthesis,MBEC,spheroidal,Bacteria,Bacillota,Bacilli,Bacillales,Bacillaceae,Bacillus,p,soil,107.87,25.0,18,0.16,30,11,23.00188061,0.0,0.0,1.78376517,1.352934009758878,Klebsiella pneumoniae,0.8652241934566334,0.48770981630224464,22.538967107065393,7.332029327864957
20,ZnO,Bacillus subtilis,non-pathogenic,green_synthesis,MBC,quasi-spherical,Bacteria,Bacillota,Bacilli,Bacillales,Bacillaceae,Bacillus,p,soil,81.3794,20.0,3,0.16,30,8,22.60496136,17.07,0.6865,4.082482905,1.9357379701109272,Klebsiella pneumoniae,1.4518384078670556,0.48389956224387154,86.24580300535148,28.303386884641554
21,TiO2,Bacillus subtilis,non-pathogenic,chemical_synthesis,MBEC,spheroidal,Bacteria,Bacillota,Bacilli,Bacillales,Bacillaceae,Bacillus,p,soil,79.866,5.1,0,0.16,30,16,26.40611331,34.14,1.373,2.878049394,2.940047793404582,Klebsiella pneumoniae,2.465414714623519,0.47463307878106287,871.0594433631669,292.02142414613496
22,ZnO,Bacillus subtilis,non-pathogenic,green_synthesis,MBC,quasi-spherical,Bacteria,Bacillota,Bacilli,Bacillales,Bacillaceae,Bacillus,p,soil,81.3794,26.38,3,0.16,30,8,22.60496136,17.07,0.6865,4.082482905,1.9062585833820855,Klebsiella pneumoniae,1.4322281423164944,0.4740304410655911,80.58581145577897,27.053791728220784
23,TiO2,Bacillus subtilis,non-pathogenic,green_synthesis,MBEC,spherical,Bacteria,Bacillota,Bacilli,Bacillales,Bacillaceae,Bacillus,p,soil,79.866,9.0,3,0.16,30,16,26.40611331,34.14,1.373,2.878049394,2.9264758290826007,Klebsiella pneumoniae,2.4610137526168243,0.4654620764657764,844.2592528511411,289.07714217330937
24,Au,Bacillus subtilis,non-pathogenic,chemical_synthesis,MIC,cubic,Bacteria,Bacillota,Bacilli,Bacillales,Bacillaceae,Bacillus,p,soil,196.966569,6.0,4,0.16,30,11,23.00188061,0.0,0.0,2.46797672,2.5992632908532842,Klebsiella pneumoniae,2.134889109570483,0.46437418128280106,397.432419691364,136.42347557101482
25,Ag,Bacillus subtilis,non-pathogenic,chemical_synthesis,MIC,cubic,Bacteria,Bacillota,Bacilli,Bacillales,Bacillaceae,Bacillus,p,soil,107.87,10.4,4,0.16,30,11,23.00188061,0.0,0.0,1.78376517,1.8970684877665653,Klebsiella pneumoniae,1.435834102456229,0.46123438531033645,78.89845298090937,27.279355309006018
26,ZnO,Bacillus subtilis,non-pathogenic,chemical_synthesis,MBEC,quasi-hexagonal,Bacteria,Bacillota,Bacilli,Bacillales,Bacillaceae,Bacillus,p,soil,81.3794,11.3,2,0.16,30,8,22.60496136,17.07,0.6865,4.082482905,1.3188886371201742,Klebsiella pneumoniae,0.8586336106764744,0.46025502644369987,20.839564412436154,7.221603013469558
27,CuO,Bacillus subtilis,non-pathogenic,green_synthesis,MBC,quasi-spherical,Bacteria,Bacillota,Bacilli,Bacillales,Bacillaceae,Bacillus,p,soil,79.5454,28.0,0,0.16,30,17,20.67942236,17.07,0.6865,1.651411411,2.895163328764462,Klebsiella pneumoniae,2.4431364821947867,0.4520268465696753,785.531000290967,277.4191790367819
28,CeO2,Bacillus subtilis,non-pathogenic,chemical_synthesis,MIC,hexagonal,Bacteria,Bacillota,Bacilli,Bacillales,Bacillaceae,Bacillus,p,soil,172.115,12.0,2,0.16,30,16,39.19032095,34.14,1.373,4.456551526,3.076979483925792,Klebsiella pneumoniae,2.6249566138358733,0.4520228700899187,1193.9317017905344,421.65437791093416
29,ZnO,Bacillus subtilis,non-pathogenic,green_synthesis,MBC,spheroidal,Bacteria,Bacillota,Bacilli,Bacillales,Bacillaceae,Bacillus,p,soil,81.3794,8.7,3,0.16,30,8,22.60496136,17.07,0.6865,4.082482905,2.577363648870607,Klebsiella pneumoniae,2.125814363539901,0.45154928533070615,377.8884767798251,133.60243192383652
30,CeO2,Bacillus subtilis,non-pathogenic,chemical_synthesis,MIC,hexagonal,Bacteria,Bacillota,Bacilli,Bacillales,Bacillaceae,Bacillus,p,soil,172.115,11.3,2,0.16,30,16,39.19032095,34.14,1.373,4.456551526,3.0774743655988708,Klebsiella pneumoniae,2.6274875464195446,0.44998681917932615,1195.2929709578143,424.11882194707056
31,CuO,Bacillus subtilis,non-pathogenic,green_synthesis,MBEC,rod-shaped,Bacteria,Bacillota,Bacilli,Bacillales,Bacillaceae,Bacillus,p,soil,79.5454,5.1,1,0.16,30,17,20.67942236,17.07,0.6865,1.651411411,3.3458832812865493,Klebsiella pneumoniae,2.896750516146654,0.44913276513989553,2217.6003490343624,788.4070809072671
32,ZnO,Bacillus subtilis,non-pathogenic,green_synthesis,MBC,quasi-spherical,Bacteria,Bacillota,Bacilli,Bacillales,Bacillaceae,Bacillus,p,soil,81.3794,50.0,1,0.16,30,8,22.60496136,17.07,0.6865,4.082482905,0.8625566251770391,Klebsiella pneumoniae,0.41568800950176477,0.44686861567527436,7.287131810690743,2.6042820015662285
33,TiO2,Bacillus subtilis,non-pathogenic,green_synthesis,MBEC,spherical,Bacteria,Bacillota,Bacilli,Bacillales,Bacillaceae,Bacillus,p,soil,79.866,11.3,3,0.16,30,16,26.40611331,34.14,1.373,2.878049394,2.9309148914932877,Klebsiella pneumoniae,2.4858523040008675,0.4450625874924201,852.9329487277254,306.092229023441
34,CeO2,Bacillus subtilis,non-pathogenic,green_synthesis,MIC,quasi-hexagonal,Bacteria,Bacillota,Bacilli,Bacillales,Bacillaceae,Bacillus,p,soil,172.115,6.0,2,0.16,30,16,39.19032095,34.14,1.373,4.456551526,2.3904920908669616,Klebsiella pneumoniae,1.9464958628673097,0.4439962279996519,245.74918763125868,88.40887472425129
35,ZnO,Bacillus subtilis,non-pathogenic,green_synthesis,MBEC,quasi-hexagonal,Bacteria,Bacillota,Bacilli,Bacillales,Bacillaceae,Bacillus,p,soil,81.3794,18.5,4,0.16,30,8,22.60496136,17.07,0.6865,4.082482905,1.004845035365578,Klebsiella pneumoniae,0.5640838622981321,0.4407611730674459,10.112185676199502,3.6650834060414845
36,ZnO,Bacillus subtilis,non-pathogenic,green_synthesis,MBC,nanoplates,Bacteria,Bacillota,Bacilli,Bacillales,Bacillaceae,Bacillus,p,soil,81.3794,79.0,4,0.16,30,8,22.60496136,17.07,0.6865,4.082482905,1.6629578232795579,Klebsiella pneumoniae,1.3161455776267377,0.3468122456528202,46.02118777100831,20.70835386575294
37,TiO2,Bacillus subtilis,non-pathogenic,green_synthesis,MBEC,quasi-hexagonal,Bacteria,Bacillota,Bacilli,Bacillales,Bacillaceae,Bacillus,p,soil,79.866,37.86,0,0.16,30,16,26.40611331,34.14,1.373,2.878049394,1.1623694942081486,Klebsiella pneumoniae,0.8328166577516817,0.32955283645646694,14.533475880276901,6.8048202498826775
38,ZnO,Bacillus subtilis,non-pathogenic,green_synthesis,MBEC,nanoplates,Bacteria,Bacillota,Bacilli,Bacillales,Bacillaceae,Bacillus,p,soil,81.3794,10.4,18,0.16,30,8,22.60496136,17.07,0.6865,4.082482905,2.542760540729212,Klebsiella pneumoniae,2.2419330240653257,0.3008275166638863,348.94786117803835,174.55529368479813
39,TiO2,Bacillus subtilis,non-pathogenic,green_synthesis,MBEC,rod-shaped,Bacteria,Bacillota,Bacilli,Bacillales,Bacillaceae,Bacillus,p,soil,79.866,28.0,2,0.16,30,16,26.40611331,34.14,1.373,2.878049394,2.3256420248276584,Klebsiella pneumoniae,2.049353582661742,0.2762884421659164,211.6615756755204,112.0349649592362
40,Au,Bacillus subtilis,non-pathogenic,chemical_synthesis,MBC,cubic,Bacteria,Bacillota,Bacilli,Bacillales,Bacillaceae,Bacillus,p,soil,196.966569,79.0,4,0.16,30,11,23.00188061,0.0,0.0,2.46797672,2.0276953616351436,Klebsiella pneumoniae,1.755182977793734,0.27251238384140963,106.58482135826394,56.90926515606061
41,ZnO,Bacillus subtilis,non-pathogenic,green_synthesis,MBC,quasi-spherical,Bacteria,Bacillota,Bacilli,Bacillales,Bacillaceae,Bacillus,p,soil,81.3794,25.0,18,0.16,30,8,22.60496136,17.07,0.6865,4.082482905,1.8392454854465945,Klebsiella pneumoniae,1.5679969983161954,0.27124848713039906,69.06300729588867,36.98256236726764
42,Ag,Bacillus subtilis,non-pathogenic,chemical_synthesis,MBEC,rod-shaped,Bacteria,Bacillota,Bacilli,Bacillales,Bacillaceae,Bacillus,p,soil,107.87,6.0,3,0.16,30,11,23.00188061,0.0,0.0,1.78376517,1.6857064487582776,Klebsiella pneumoniae,1.4576232274201155,0.22808322133816206,48.49605915348278,28.682911136991414
43,CeO2,Bacillus subtilis,non-pathogenic,green_synthesis,MIC,spherical,Bacteria,Bacillota,Bacilli,Bacillales,Bacillaceae,Bacillus,p,soil,172.115,18.0,1,0.16,30,16,39.19032095,34.14,1.373,4.456551526,2.1748415871046247,Klebsiella pneumoniae,1.9512857316406558,0.22355585546396894,149.56899899406707,89.38934019231817
44,ZnO,Bacillus subtilis,non-pathogenic,green_synthesis,MIC,quasi-hexagonal,Bacteria,Bacillota,Bacilli,Bacillales,Bacillaceae,Bacillus,p,soil,81.3794,50.0,3,0.16,30,8,22.60496136,17.07,0.6865,4.082482905,-0.22669573738409565,Klebsiella pneumoniae,-0.43614304030654294,0.2094473029224473,0.5933408680133085,0.3663169037337089
45,TiO2,Bacillus subtilis,non-pathogenic,green_synthesis,MIC,triangular,Bacteria,Bacillota,Bacilli,Bacillales,Bacillaceae,Bacillus,p,soil,79.866,8.7,4,0.16,30,16,26.40611331,34.14,1.373,2.878049394,0.4450528165810088,Klebsiella pneumoniae,0.23702865874023882,0.20802415784077,2.7864600224464873,1.7259517823891417
46,ZnO,Bacillus subtilis,non-pathogenic,chemical_synthesis,MBEC,spherical,Bacteria,Bacillota,Bacilli,Bacillales,Bacillaceae,Bacillus,p,soil,81.3794,13.0,3,0.16,30,8,22.60496136,17.07,0.6865,4.082482905,2.111501817073386,Klebsiella pneumoniae,1.919248761780223,0.19225305529316294,129.27121094590805,83.03262381839107
47,Ag,Bacillus subtilis,non-pathogenic,green_synthesis,MBC,quasi-hexagonal,Bacteria,Bacillota,Bacilli,Bacillales,Bacillaceae,Bacillus,p,soil,107.87,25.0,2,0.16,30,11,23.00188061,0.0,0.0,1.78376517,0.49077509342289205,Klebsiella pneumoniae,0.3284950576790753,0.16228003574381678,3.095815664696836,2.130566321316106
48,TiO2,Bacillus subtilis,non-pathogenic,green_synthesis,MBEC,tetragonal,Bacteria,Bacillota,Bacilli,Bacillales,Bacillaceae,Bacillus,p,soil,79.866,50.0,2,0.16,30,16,26.40611331,34.14,1.373,2.878049394,1.2348649771614841,Klebsiella pneumoniae,1.084494369494056,0.15037060766742805,17.17374369751733,12.147708712060723
49,Ag,Bacillus subtilis,non-pathogenic,chemical_synthesis,MIC,quasi-spherical,Bacteria,Bacillota,Bacilli,Bacillales,Bacillaceae,Bacillus,p,soil,107.87,12.5,2,0.16,30,11,23.00188061,0.0,0.0,1.78376517,1.4832597347482186,Klebsiella pneumoniae,1.341593676803378,0.14166605794484055,30.42704205444795,21.95804530489
50,Au,Bacillus subtilis,non-pathogenic,green_synthesis,MBEC,hexagonal,Bacteria,Bacillota,Bacilli,Bacillales,Bacillaceae,Bacillus,p,soil,196.966569,40.0,3,0.16,30,11,23.00188061,0.0,0.0,2.46797672,1.5555713720435422,Klebsiella pneumoniae,1.4200124867332842,0.13555888531025806,35.939445486030095,26.30343617832177
51,Ni,Bacillus subtilis,non-pathogenic,chemical_synthesis,MBEC,spherical,Bacteria,Bacillota,Bacilli,Bacillales,Bacillaceae,Bacillus,p,soil,58.6934,8.0,4,0.16,30,10,17.41523038,0.0,0.0,1.303840481,2.4794352598608014,Klebsiella pneumoniae,2.3613272105724343,0.11810804928836705,301.60272414357684,229.78792876923967
52,CuO,Bacillus subtilis,non-pathogenic,green_synthesis,MBEC,triangular,Bacteria,Bacillota,Bacilli,Bacillales,Bacillaceae,Bacillus,p,soil,79.5454,25.0,0,0.16,30,17,20.67942236,17.07,0.6865,1.651411411,1.366708553687923,Klebsiella pneumoniae,1.2697954896130514,0.09691306407487166,23.265294464471054,18.61210481473511
53,Ag,Bacillus subtilis,non-pathogenic,green_synthesis,MIC,cubic,Bacteria,Bacillota,Bacilli,Bacillales,Bacillaceae,Bacillus,p,soil,107.87,26.38,0,0.16,30,11,23.00188061,0.0,0.0,1.78376517,1.8720119927343362,Klebsiella pneumoniae,1.7752141803829156,0.0967978123514206,74.47525394356119,59.59559778177031
54,Ag2O,Bacillus subtilis,non-pathogenic,chemical_synthesis,MBEC,quasi-hexagonal,Bacteria,Bacillota,Bacilli,Bacillales,Bacillaceae,Bacillus,p,soil,231.7358,100.0,4,0.16,30,28,46.55109718,17.07,0.6865,3.975778631,1.2161072241804818,Klebsiella pneumoniae,1.1476367279984832,0.06847049618199863,16.447777568745668,14.048719067656878
55,Ag,Bacillus subtilis,non-pathogenic,green_synthesis,MIC,triangular,Bacteria,Bacillota,Bacilli,Bacillales,Bacillaceae,Bacillus,p,soil,107.8682,28.0,1,0.16,30,11,23.00188061,0.0,0.0,1.78376517,-0.996887505808898,Klebsiella pneumoniae,-1.0497478334079946,0.052860327599096646,0.10071925255748407,0.08917685799199644
56,ZnO,Bacillus subtilis,non-pathogenic,chemical_synthesis,MBEC,spheroidal,Bacteria,Bacillota,Bacilli,Bacillales,Bacillaceae,Bacillus,p,soil,81.3794,18.0,3,0.16,30,8,22.60496136,17.07,0.6865,4.082482905,2.049325017160382,Klebsiella pneumoniae,2.004034689093562,0.045290328066819985,112.02759615804405,100.93335029564663
57,Ag,Bacillus subtilis,non-pathogenic,chemical_synthesis,MIC,tetragonal,Bacteria,Bacillota,Bacilli,Bacillales,Bacillaceae,Bacillus,p,soil,107.8682,11.3,0,0.16,30,11,23.00188061,0.0,0.0,1.78376517,0.707509392408862,Klebsiella pneumoniae,0.6690311617191096,0.038478230689752424,5.099286255905405,4.6669286549740026
58,ZnO,Bacillus subtilis,non-pathogenic,chemical_synthesis,MBEC,tetragonal,Bacteria,Bacillota,Bacilli,Bacillales,Bacillaceae,Bacillus,p,soil,81.3794,18.5,2,0.16,30,8,22.60496136,17.07,0.6865,4.082482905,0.8563969057133021,Klebsiella pneumoniae,0.8190611813356699,0.03733572437763222,7.184505899156234,6.592667630606353
59,Ag,Bacillus subtilis,non-pathogenic,chemical_synthesis,MBC,spheroidal,Bacteria,Bacillota,Bacilli,Bacillales,Bacillaceae,Bacillus,p,soil,107.87,18.0,3,0.16,30,11,23.00188061,0.0,0.0,1.78376517,1.2951097345157394,Klebsiella pneumoniae,1.3093131265650622,-0.01420339204932275,19.729211771721168,20.385113157834788
60,ZnO,Bacillus subtilis,non-pathogenic,chemical_synthesis,MIC,rod-shaped,Bacteria,Bacillota,Bacilli,Bacillales,Bacillaceae,Bacillus,p,soil,81.3794,100.0,0,0.16,30,8,22.60496136,17.07,0.6865,4.082482905,0.8839939398194363,Klebsiella pneumoniae,0.9810618253040307,-0.09706788548459444,7.655859237884002,9.573303452504891
61,Ag,Bacillus subtilis,non-pathogenic,green_synthesis,MBEC,nanoplates,Bacteria,Bacillota,Bacilli,Bacillales,Bacillaceae,Bacillus,p,soil,107.87,12.5,2,0.16,30,11,23.00188061,0.0,0.0,1.78376517,2.490521937099102,Klebsiella pneumoniae,2.6695016260746973,-0.17897968897559524,309.4011596333982,467.1987004424669
62,Cu,Bacillus subtilis,non-pathogenic,chemical_synthesis,MBEC,spheroidal,Bacteria,Bacillota,Bacilli,Bacillales,Bacillaceae,Bacillus,p,soil,63.55,44.45,1,0.16,30,11,17.96409803,0.0,0.0,1.243163121,2.0085465850613935,Klebsiella pneumoniae,2.2731690686167205,-0.264622483555327,101.98741520676525,187.57245759195928
63,Au,Bacillus subtilis,non-pathogenic,chemical_synthesis,MBC,tetragonal,Bacteria,Bacillota,Bacilli,Bacillales,Bacillaceae,Bacillus,p,soil,196.966569,17.5,3,0.16,30,11,23.00188061,0.0,0.0,2.46797672,0.9398075915746876,Klebsiella pneumoniae,1.2167166992720293,-0.27690910769734167,8.705778065231858,16.470876061793994
