,np,bacteria,bac_type,np_synthesis,method,shape,kingdom,phylum,class,order,family,genus,gram,isolated_from,mol_weight (g/mol),np_size_avg (nm),time_set,"min_Incub_period, h","growth_temp, C",Valance_electron,labuteASA,tpsa,CrippenMR,chi0v,pred_MIC_norm,pathogenic_bacteria,pred_MIC_pathogen,Fitness,pred_norm_MIC_original,pred_path_MIC_original
0,ZnO,Bacillus subtilis,non-pathogenic,green_synthesis,MBC,quasi-spherical,Bacteria,Bacillota,Bacilli,Bacillales,Bacillaceae,Bacillus,p,soil,81.3794,5.1,4,0.16,30,8,22.60496136,17.07,0.6865,4.082482905,2.2320128377061863,Klebsiella pneumoniae,1.383556731559441,0.8484561061467453,170.61328213919032,24.185592518605546
1,TiO2,Bacillus subtilis,non-pathogenic,green_synthesis,MBC,quasi-hexagonal,Bacteria,Bacillota,Bacilli,Bacillales,Bacillaceae,Bacillus,p,soil,79.866,6.0,2,0.16,30,16,26.40611331,34.14,1.373,2.878049394,2.487861933762866,Klebsiella pneumoniae,1.682157692025271,0.8057042417375948,307.5119050508659,48.10139725848044
2,ZnO,Bacillus subtilis,non-pathogenic,green_synthesis,MBC,spherical,Bacteria,Bacillota,Bacilli,Bacillales,Bacillaceae,Bacillus,p,soil,81.3794,6.0,0,0.16,30,8,22.60496136,17.07,0.6865,4.082482905,2.545679399749946,Klebsiella pneumoniae,1.794045930304337,0.7516334694456088,351.30101109009576,62.23661021531377
3,Ag,Bacillus subtilis,non-pathogenic,chemical_synthesis,MIC,quasi-hexagonal,Bacteria,Bacillota,Bacilli,Bacillales,Bacillaceae,Bacillus,p,soil,107.87,6.0,0,0.16,30,11,23.00188061,0.0,0.0,1.78376517,1.0034919331386876,Klebsiella pneumoniae,0.32259116414587474,0.6809007689928128,10.080728846049064,2.1017989180872263
4,ZnO,Bacillus subtilis,non-pathogenic,green_synthesis,MBEC,nanoplates,Bacteria,Bacillota,Bacilli,Bacillales,Bacillaceae,Bacillus,p,soil,81.3794,6.0,3,0.16,30,8,22.60496136,17.07,0.6865,4.082482905,2.7425409856432004,Klebsiella pneumoniae,2.064421257993244,0.6781197276499564,552.7655715901581,115.99018950710753
5,TiO2,Bacillus subtilis,non-pathogenic,green_synthesis,MBEC,quasi-spherical,Bacteria,Bacillota,Bacilli,Bacillales,Bacillaceae,Bacillus,p,soil,79.866,8.7,2,0.16,30,16,26.40611331,34.14,1.373,2.878049394,2.948979900911916,Klebsiella pneumoniae,2.3623087694368547,0.5866711314750614,889.1599667064066,230.3078650469033
6,ZnO,Bacillus subtilis,non-pathogenic,green_synthesis,MBC,hexagonal,Bacteria,Bacillota,Bacilli,Bacillales,Bacillaceae,Bacillus,p,soil,81.3794,12.0,0,0.16,30,8,22.60496136,17.07,0.6865,4.082482905,2.558162524915083,Klebsiella pneumoniae,1.9871644789673528,0.57099804594773,361.5451374399175,97.08775950084018
7,Ag,Bacillus subtilis,non-pathogenic,green_synthesis,MIC,tetragonal,Bacteria,Bacillota,Bacilli,Bacillales,Bacillaceae,Bacillus,p,soil,107.87,6.0,18,0.16,30,11,23.00188061,0.0,0.0,1.78376517,0.5866025686032423,Klebsiella pneumoniae,0.021224722451801403,0.5653778461514409,3.8601356678783705,1.050085647111444
8,TiO2,Bacillus subtilis,non-pathogenic,chemical_synthesis,MBEC,nanoplates,Bacteria,Bacillota,Bacilli,Bacillales,Bacillaceae,Bacillus,p,soil,79.866,6.0,2,0.16,30,16,26.40611331,34.14,1.373,2.878049394,3.333244887097714,Klebsiella pneumoniae,2.7707098096206124,0.5625350774771016,2153.995973345207,589.8068465936195
9,Ag,Bacillus subtilis,non-pathogenic,green_synthesis,MIC,spheroidal,Bacteria,Bacillota,Bacilli,Bacillales,Bacillaceae,Bacillus,p,soil,107.87,44.45,24,0.16,30,11,23.00188061,0.0,0.0,1.78376517,0.7476692531270563,Klebsiella pneumoniae,0.19104578340738998,0.5566234697196664,5.5933146760706345,1.552550671520206
10,ZnO,Bacillus subtilis,non-pathogenic,chemical_synthesis,MBEC,cubic,Bacteria,Bacillota,Bacilli,Bacillales,Bacillaceae,Bacillus,p,soil,81.3794,6.0,0,0.16,30,8,22.60496136,17.07,0.6865,4.082482905,2.625607231677311,Klebsiella pneumoniae,2.0699279639859283,0.5556792676913829,422.2865329738328,117.47026919570222
11,CuO,Bacillus subtilis,non-pathogenic,green_synthesis,MBC,rod-shaped,Bacteria,Bacillota,Bacilli,Bacillales,Bacillaceae,Bacillus,p,soil,79.5454,6.0,4,0.16,30,17,20.67942236,17.07,0.6865,1.651411411,3.343047565019325,Klebsiella pneumoniae,2.8150031478196764,0.5280444171996486,2203.1677462895304,653.1352866349887
12,Ag,Bacillus subtilis,non-pathogenic,chemical_synthesis,MBEC,spheroidal,Bacteria,Bacillota,Bacilli,Bacillales,Bacillaceae,Bacillus,p,soil,107.87,20.0,18,0.16,30,11,23.00188061,0.0,0.0,1.78376517,1.3867878025612626,Klebsiella pneumoniae,0.8616881531778238,0.5250996493834388,24.3661998846527,7.272574070277768
13,ZnO,Bacillus subtilis,non-pathogenic,green_synthesis,MBC,quasi-hexagonal,Bacteria,Bacillota,Bacilli,Bacillales,Bacillaceae,Bacillus,p,soil,81.3794,20.0,0,0.16,30,8,22.60496136,17.07,0.6865,4.082482905,1.0817049889206736,Klebsiella pneumoniae,0.5599617449972472,0.5217432439234264,12.069936601243372,3.6304607430327973
14,Au,Bacillus subtilis,non-pathogenic,green_synthesis,MIC,spheroidal,Bacteria,Bacillota,Bacilli,Bacillales,Bacillaceae,Bacillus,p,soil,196.966569,40.0,18,0.16,30,11,23.00188061,0.0,0.0,2.46797672,1.1996571821036555,Klebsiella pneumoniae,0.6788305054132759,0.5208266766903795,15.83642623122047,4.773429419447086
15,ZnO,Bacillus subtilis,non-pathogenic,green_synthesis,MBEC,rod-shaped,Bacteria,Bacillota,Bacilli,Bacillales,Bacillaceae,Bacillus,p,soil,81.3794,10.4,3,0.16,30,8,22.60496136,17.07,0.6865,4.082482905,2.191881481339404,Klebsiella pneumoniae,1.672741604437738,0.519139876901666,155.55410676058708,47.069718870379944
16,Al2O3,Bacillus subtilis,non-pathogenic,green_synthesis,MBC,quasi-hexagonal,Bacteria,Bacillota,Bacilli,Bacillales,Bacillaceae,Bacillus,p,soil,101.961276,6.0,1,0.16,30,24,51.55776403,85.5,13.5675,4.688846487,2.2771064524542486,Klebsiella pneumoniae,1.7768529098766852,0.5002535425775634,189.28075188821006,59.82089548358902
17,ZnO,Bacillus subtilis,non-pathogenic,green_synthesis,MBEC,spherical,Bacteria,Bacillota,Bacilli,Bacillales,Bacillaceae,Bacillus,p,soil,81.3794,10.4,2,0.16,30,8,22.60496136,17.07,0.6865,4.082482905,2.435288179930191,Klebsiella pneumoniae,1.9373827206830174,0.49790545924717367,272.4508580070898,86.57305050709445
18,TiO2,Bacillus subtilis,non-pathogenic,green_synthesis,MBC,quasi-spherical,Bacteria,Bacillota,Bacilli,Bacillales,Bacillaceae,Bacillus,p,soil,79.866,26.38,3,0.16,30,16,26.40611331,34.14,1.373,2.878049394,2.628717553572969,Klebsiella pneumoniae,2.134354537494997,0.4943630160779722,425.321712242246,136.25565553561597
19,Ag,Bacillus subtilis,non-pathogenic,chemical_synthesis,MBEC,spheroidal,Bacteria,Bacillota,Bacilli,Bacillales,Bacillaceae,Bacillus,p,soil,107.87,10.4,18,0.16,30,11,23.00188061,0.0,0.0,1.78376517,1.804360305751384,Klebsiella pneumoniae,1.3114326040030242,0.49292770174835976,63.732404775011176,20.484841312433264
20,CuO,Bacillus subtilis,non-pathogenic,green_synthesis,MBC,spheroidal,Bacteria,Bacillota,Bacilli,Bacillales,Bacillaceae,Bacillus,p,soil,79.5454,8.7,18,0.16,30,17,20.67942236,17.07,0.6865,1.651411411,3.697612245811288,Klebsiella pneumoniae,3.206634074760247,0.490978171051041,4984.3926370925965,1609.2891186023567
21,Ag,Bacillus subtilis,non-pathogenic,chemical_synthesis,MBEC,spheroidal,Bacteria,Bacillota,Bacilli,Bacillales,Bacillaceae,Bacillus,p,soil,107.87,25.0,18,0.16,30,11,23.00188061,0.0,0.0,1.78376517,1.352934009758878,Klebsiella pneumoniae,0.8652241934566334,0.48770981630224464,22.538967107065393,7.332029327864957
22,ZnO,Bacillus subtilis,non-pathogenic,green_synthesis,MBC,quasi-spherical,Bacteria,Bacillota,Bacilli,Bacillales,Bacillaceae,Bacillus,p,soil,81.3794,20.0,3,0.16,30,8,22.60496136,17.07,0.6865,4.082482905,1.9357379701109272,Klebsiella pneumoniae,1.4518384078670556,0.48389956224387154,86.24580300535148,28.303386884641554
23,Au,Bacillus subtilis,non-pathogenic,green_synthesis,MIC,rod-shaped,Bacteria,Bacillota,Bacilli,Bacillales,Bacillaceae,Bacillus,p,soil,196.966569,44.45,4,0.16,30,11,23.00188061,0.0,0.0,2.46797672,0.8786943480467528,Klebsiella pneumoniae,0.3996071663538123,0.4790871816929405,7.563004312701257,2.5096153748744614
24,TiO2,Bacillus subtilis,non-pathogenic,chemical_synthesis,MBEC,spheroidal,Bacteria,Bacillota,Bacilli,Bacillales,Bacillaceae,Bacillus,p,soil,79.866,5.1,0,0.16,30,16,26.40611331,34.14,1.373,2.878049394,2.940047793404582,Klebsiella pneumoniae,2.465414714623519,0.47463307878106287,871.0594433631669,292.02142414613496
25,ZnO,Bacillus subtilis,non-pathogenic,green_synthesis,MBC,quasi-spherical,Bacteria,Bacillota,Bacilli,Bacillales,Bacillaceae,Bacillus,p,soil,81.3794,26.38,3,0.16,30,8,22.60496136,17.07,0.6865,4.082482905,1.9062585833820855,Klebsiella pneumoniae,1.4322281423164944,0.4740304410655911,80.58581145577897,27.053791728220784
26,TiO2,Bacillus subtilis,non-pathogenic,green_synthesis,MBEC,spherical,Bacteria,Bacillota,Bacilli,Bacillales,Bacillaceae,Bacillus,p,soil,79.866,9.0,3,0.16,30,16,26.40611331,34.14,1.373,2.878049394,2.9264758290826007,Klebsiella pneumoniae,2.4610137526168243,0.4654620764657764,844.2592528511411,289.07714217330937
27,Au,Bacillus subtilis,non-pathogenic,chemical_synthesis,MIC,cubic,Bacteria,Bacillota,Bacilli,Bacillales,Bacillaceae,Bacillus,p,soil,196.966569,6.0,4,0.16,30,11,23.00188061,0.0,0.0,2.46797672,2.5992632908532842,Klebsiella pneumoniae,2.134889109570483,0.46437418128280106,397.432419691364,136.42347557101482
28,Ag,Bacillus subtilis,non-pathogenic,chemical_synthesis,MIC,cubic,Bacteria,Bacillota,Bacilli,Bacillales,Bacillaceae,Bacillus,p,soil,107.87,10.4,4,0.16,30,11,23.00188061,0.0,0.0,1.78376517,1.8970684877665653,Klebsiella pneumoniae,1.435834102456229,0.46123438531033645,78.89845298090937,27.279355309006018
29,ZnO,Bacillus subtilis,non-pathogenic,chemical_synthesis,MBEC,quasi-hexagonal,Bacteria,Bacillota,Bacilli,Bacillales,Bacillaceae,Bacillus,p,soil,81.3794,11.3,2,0.16,30,8,22.60496136,17.07,0.6865,4.082482905,1.3188886371201742,Klebsiella pneumoniae,0.8586336106764744,0.46025502644369987,20.839564412436154,7.221603013469558
30,CuO,Bacillus subtilis,non-pathogenic,green_synthesis,MBC,quasi-spherical,Bacteria,Bacillota,Bacilli,Bacillales,Bacillaceae,Bacillus,p,soil,79.5454,28.0,0,0.16,30,17,20.67942236,17.07,0.6865,1.651411411,2.895163328764462,Klebsiella pneumoniae,2.4431364821947867,0.4520268465696753,785.531000290967,277.4191790367819
31,CeO2,Bacillus subtilis,non-pathogenic,chemical_synthesis,MIC,hexagonal,Bacteria,Bacillota,Bacilli,Bacillales,Bacillaceae,Bacillus,p,soil,172.115,12.0,2,0.16,30,16,39.19032095,34.14,1.373,4.456551526,3.076979483925792,Klebsiella pneumoniae,2.6249566138358733,0.4520228700899187,1193.9317017905344,421.65437791093416
32,ZnO,Bacillus subtilis,non-pathogenic,green_synthesis,MBC,spheroidal,Bacteria,Bacillota,Bacilli,Bacillales,Bacillaceae,Bacillus,p,soil,81.3794,8.7,3,0.16,30,8,22.60496136,17.07,0.6865,4.082482905,2.577363648870607,Klebsiella pneumoniae,2.125814363539901,0.45154928533070615,377.8884767798251,133.60243192383652
33,CeO2,Bacillus subtilis,non-pathogenic,chemical_synthesis,MIC,hexagonal,Bacteria,Bacillota,Bacilli,Bacillales,Bacillaceae,Bacillus,p,soil,172.115,11.3,2,0.16,30,16,39.19032095,34.14,1.373,4.456551526,3.0774743655988708,Klebsiella pneumoniae,2.6274875464195446,0.44998681917932615,1195.2929709578143,424.11882194707056
34,CuO,Bacillus subtilis,non-pathogenic,green_synthesis,MBEC,rod-shaped,Bacteria,Bacillota,Bacilli,Bacillales,Bacillaceae,Bacillus,p,soil,79.5454,5.1,1,0.16,30,17,20.67942236,17.07,0.6865,1.651411411,3.3458832812865493,Klebsiella pneumoniae,2.896750516146654,0.44913276513989553,2217.6003490343624,788.4070809072671
35,ZnO,Bacillus subtilis,non-pathogenic,green_synthesis,MBC,quasi-spherical,Bacteria,Bacillota,Bacilli,Bacillales,Bacillaceae,Bacillus,p,soil,81.3794,50.0,1,0.16,30,8,22.60496136,17.07,0.6865,4.082482905,0.8625566251770391,Klebsiella pneumoniae,0.41568800950176477,0.44686861567527436,7.287131810690743,2.6042820015662285
36,ZnO,Bacillus subtilis,non-pathogenic,green_synthesis,MIC,cubic,Bacteria,Bacillota,Bacilli,Bacillales,Bacillaceae,Bacillus,p,soil,81.3794,9.0,0,0.16,30,8,22.60496136,17.07,0.6865,4.082482905,1.9913106253840516,Klebsiella pneumoniae,1.576293955378824,0.4150166700052276,98.01908077751068,37.69588600003397
37,Pd,Bacillus subtilis,non-pathogenic,green_synthesis,MIC,rod-shaped,Bacteria,Bacillota,Bacilli,Bacillales,Bacillaceae,Bacillus,p,soil,195.084,8.7,3,0.16,30,10,21.14774404,0.0,0.0,1.870828693,1.274349779320067,Klebsiella pneumoniae,0.9464012243487756,0.3279485549712915,18.80831021954499,8.838961135868603
38,Al2O3,Bacillus subtilis,non-pathogenic,green_synthesis,MIC,spheroidal,Bacteria,Bacillota,Bacilli,Bacillales,Bacillaceae,Bacillus,p,soil,101.961276,20.0,18,0.16,30,24,51.55776403,85.5,13.5675,4.688846487,2.159367130894888,Klebsiella pneumoniae,1.8922963873622902,0.26707074353259763,144.33349593438032,78.03624927796294
39,Ag,Bacillus subtilis,non-pathogenic,green_synthesis,MIC,spheroidal,Bacteria,Bacillota,Bacilli,Bacillales,Bacillaceae,Bacillus,p,soil,107.87,18.0,2,0.16,30,11,23.00188061,0.0,0.0,1.78376517,1.2399633666992953,Klebsiella pneumoniae,1.0113460312882983,0.22861733541099705,17.376542491862157,10.264694569799879
40,ZnO,Bacillus subtilis,non-pathogenic,green_synthesis,MIC,quasi-hexagonal,Bacteria,Bacillota,Bacilli,Bacillales,Bacillaceae,Bacillus,p,soil,81.3794,26.38,3,0.16,30,8,22.60496136,17.07,0.6865,4.082482905,0.4773206244360202,Klebsiella pneumoniae,0.277823996891587,0.1994966275444332,3.001377513371043,1.8959374138563987
41,Ag,Bacillus subtilis,non-pathogenic,green_synthesis,MIC,quasi-hexagonal,Bacteria,Bacillota,Bacilli,Bacillales,Bacillaceae,Bacillus,p,soil,107.87,26.06,3,0.16,30,11,23.00188061,0.0,0.0,1.78376517,0.7184786967204235,Klebsiella pneumoniae,0.5220757648937784,0.19640293182664514,5.229723123940036,3.327175925170982
42,CuO,Bacillus subtilis,non-pathogenic,green_synthesis,MBEC,rod-shaped,Bacteria,Bacillota,Bacilli,Bacillales,Bacillaceae,Bacillus,p,soil,79.5454,50.0,2,0.16,30,17,20.67942236,17.07,0.6865,1.651411411,2.6389537819666504,Klebsiella pneumoniae,2.465220364942965,0.17373341702368528,435.46552856231324,291.8907718449922
43,Ag,Bacillus subtilis,non-pathogenic,green_synthesis,MBC,spheroidal,Bacteria,Bacillota,Bacilli,Bacillales,Bacillaceae,Bacillus,p,soil,107.87,11.3,4,0.16,30,11,23.00188061,0.0,0.0,1.78376517,1.8304217207413431,Klebsiella pneumoniae,1.6590740760517093,0.17134764468963382,67.67398031943537,45.61147071660738
44,ZnO,Bacillus subtilis,non-pathogenic,chemical_synthesis,MBEC,rod-shaped,Bacteria,Bacillota,Bacilli,Bacillales,Bacillaceae,Bacillus,p,soil,81.3794,12.0,18,0.16,30,8,22.60496136,17.07,0.6865,4.082482905,1.776227643735106,Klebsiella pneumoniae,1.6298941157880622,0.1463335279470439,59.73483160483558,42.647552823216216
45,Ag,Bacillus subtilis,non-pathogenic,green_synthesis,MIC,triangular,Bacteria,Bacillota,Bacilli,Bacillales,Bacillaceae,Bacillus,p,soil,107.8682,41.23,24,0.16,30,11,23.00188061,0.0,0.0,1.78376517,-0.5543135023362873,Klebsiella pneumoniae,-0.6901604994361654,0.13584699709987813,0.2790528726734795,0.2040983532036076
46,Pd,Bacillus subtilis,non-pathogenic,green_synthesis,MBC,rod-shaped,Bacteria,Bacillota,Bacilli,Bacillales,Bacillaceae,Bacillus,p,soil,195.084,8.7,18,0.16,30,10,21.14774404,0.0,0.0,1.870828693,1.5820402743838256,Klebsiella pneumoniae,1.4577412033459605,0.12429907103786508,38.197969215917375,28.690703896965495
47,Ag,Bacillus subtilis,non-pathogenic,chemical_synthesis,MBEC,quasi-hexagonal,Bacteria,Bacillota,Bacilli,Bacillales,Bacillaceae,Bacillus,p,soil,107.87,45.26,4,0.16,30,11,23.00188061,0.0,0.0,1.78376517,0.44974118873241964,Klebsiella pneumoniae,0.330559219469476,0.11918196926294367,2.8167038586850843,2.1407168104503325
48,Ag,Bacillus subtilis,non-pathogenic,green_synthesis,MBC,cubic,Bacteria,Bacillota,Bacilli,Bacillales,Bacillaceae,Bacillus,p,soil,107.8682,35.0,3,0.16,30,11,23.00188061,0.0,0.0,1.78376517,1.5527743531170972,Klebsiella pneumoniae,1.4531633386698055,0.0996110144472917,35.70872577082535,28.389865738944746
49,Pd,Bacillus subtilis,non-pathogenic,chemical_synthesis,MBC,nanoplates,Bacteria,Bacillota,Bacilli,Bacillales,Bacillaceae,Bacillus,p,soil,195.084,35.0,2,0.16,30,10,21.14774404,0.0,0.0,1.870828693,1.7729283593635898,Klebsiella pneumoniae,1.6864747768134667,0.08645358255012314,59.28275244788256,48.58193144448778
50,Ag,Bacillus subtilis,non-pathogenic,green_synthesis,MBEC,spherical,Bacteria,Bacillota,Bacilli,Bacillales,Bacillaceae,Bacillus,p,soil,107.87,10.0,0,0.16,30,11,23.00188061,0.0,0.0,1.78376517,2.251474446953198,Klebsiella pneumoniae,2.178709848284589,0.07276459866860918,178.4326999104384,150.90716080430144
51,Ag,Bacillus subtilis,non-pathogenic,chemical_synthesis,MBC,quasi-spherical,Bacteria,Bacillota,Bacilli,Bacillales,Bacillaceae,Bacillus,p,soil,107.87,60.0,0,0.16,30,11,23.00188061,0.0,0.0,1.78376517,0.6816929647955974,Klebsiella pneumoniae,0.6188478391644505,0.06284512563114686,4.804995273395907,4.157649162162579
52,Cu,Bacillus subtilis,non-pathogenic,green_synthesis,MBC,triangular,Bacteria,Bacillota,Bacilli,Bacillales,Bacillaceae,Bacillus,p,soil,63.55,26.38,2,0.16,30,11,17.96409803,0.0,0.0,1.243163121,0.7728766517066527,Klebsiella pneumoniae,0.7463015294456367,0.026575122261015993,5.927569458765807,5.575727357673766
53,ZnO,Bacillus subtilis,non-pathogenic,chemical_synthesis,MBC,triangular,Bacteria,Bacillota,Bacilli,Bacillales,Bacillaceae,Bacillus,p,soil,81.3794,20.0,0,0.16,30,8,22.60496136,17.07,0.6865,4.082482905,0.6560312875840797,Klebsiella pneumoniae,0.6309588861475259,0.02507240143655376,4.529302088734463,4.2752241148264805
54,Pd,Bacillus subtilis,non-pathogenic,green_synthesis,MBEC,nanoplates,Bacteria,Bacillota,Bacilli,Bacillales,Bacillaceae,Bacillus,p,soil,195.084,25.0,4,0.16,30,10,21.14774404,0.0,0.0,1.870828693,2.0212219933163635,Klebsiella pneumoniae,2.0190210579286108,0.0022009353877527893,105.00790483240606,104.47708765007695
55,ZnO,Bacillus subtilis,non-pathogenic,chemical_synthesis,MBEC,cubic,Bacteria,Bacillota,Bacilli,Bacillales,Bacillaceae,Bacillus,p,soil,81.3794,35.0,4,0.16,30,8,22.60496136,17.07,0.6865,4.082482905,2.113900102579345,Klebsiella pneumoniae,2.126699653226263,-0.012799550646918068,129.98705444149627,133.87505221480615
56,Ag,Bacillus subtilis,non-pathogenic,green_synthesis,MIC,hexagonal,Bacteria,Bacillota,Bacilli,Bacillales,Bacillaceae,Bacillus,p,soil,107.87,12.5,1,0.16,30,11,23.00188061,0.0,0.0,1.78376517,2.3043635826196973,Klebsiella pneumoniae,2.3580970747675982,-0.05373349214790091,201.54108052458122,228.08518376725124
57,Ag,Bacillus subtilis,non-pathogenic,chemical_synthesis,MIC,quasi-spherical,Bacteria,Bacillota,Bacilli,Bacillales,Bacillaceae,Bacillus,p,soil,107.8682,40.0,4,0.16,30,11,23.00188061,0.0,0.0,1.78376517,0.9603981979261766,Klebsiella pneumoniae,1.0568853342688094,-0.09648713634263273,9.128474315282775,11.399487698828132
58,Cu,Bacillus subtilis,non-pathogenic,chemical_synthesis,MBEC,spherical,Bacteria,Bacillota,Bacilli,Bacillales,Bacillaceae,Bacillus,p,soil,63.55,26.06,1,0.16,30,11,17.96409803,0.0,0.0,1.243163121,1.7816191210491925,Klebsiella pneumoniae,1.92701135545824,-0.14539223440904747,60.48102197849121,84.53009468781664
59,Au,Bacillus subtilis,non-pathogenic,green_synthesis,MBEC,triangular,Bacteria,Bacillota,Bacilli,Bacillales,Bacillaceae,Bacillus,p,soil,196.966569,26.38,3,0.16,30,11,23.00188061,0.0,0.0,2.46797672,0.09501671051385707,Klebsiella pneumoniae,0.2574265055458327,-0.1624097950319756,1.244562498354416,1.8089497607846197
60,Ag,Bacillus subtilis,non-pathogenic,green_synthesis,MBC,triangular,Bacteria,Bacillota,Bacilli,Bacillales,Bacillaceae,Bacillus,p,soil,107.87,12.5,24,0.16,30,11,23.00188061,0.0,0.0,1.78376517,0.8063742477324547,Klebsiella pneumoniae,1.0209684596108242,-0.21459421187836947,6.4028635641933995,10.494662089994778
61,CuO,Bacillus subtilis,non-pathogenic,chemical_synthesis,MIC,hexagonal,Bacteria,Bacillota,Bacilli,Bacillales,Bacillaceae,Bacillus,p,soil,79.5454,18.5,4,0.16,30,17,20.67942236,17.07,0.6865,1.651411411,2.7100635023901782,Klebsiella pneumoniae,2.956695631108694,-0.2466321287185158,512.9363798898212,905.09805392701
