,np,bacteria,bac_type,np_synthesis,method,shape,kingdom,phylum,class,order,family,genus,gram,isolated_from,mol_weight (g/mol),np_size_avg (nm),time_set,"min_Incub_period, h","growth_temp, C",Valance_electron,labuteASA,tpsa,CrippenMR,chi0v,pred_MIC_norm,pathogenic_bacteria,pred_MIC_pathogen,Fitness,pred_norm_MIC_original,pred_path_MIC_original
0,TiO2,Bacillus subtilis,non-pathogenic,green_synthesis,MBEC,quasi-hexagonal,Bacteria,Bacillota,Bacilli,Bacillales,Bacillaceae,Bacillus,p,soil,79.866,6.0,0,0.16,30,16,26.40611331,34.14,1.373,2.878049394,2.463153995935882,Klebsiella pneumoniae,1.6974296209873874,0.7657243749484945,290.5052570804431,49.82297094774907
1,ZnO,Bacillus subtilis,non-pathogenic,green_synthesis,MBC,spherical,Bacteria,Bacillota,Bacilli,Bacillales,Bacillaceae,Bacillus,p,soil,81.3794,6.0,0,0.16,30,8,22.60496136,17.07,0.6865,4.082482905,2.545679399749946,Klebsiella pneumoniae,1.794045930304337,0.7516334694456088,351.30101109009576,62.23661021531377
2,ZnO,Bacillus subtilis,non-pathogenic,green_synthesis,MBC,nanoplates,Bacteria,Bacillota,Bacilli,Bacillales,Bacillaceae,Bacillus,p,soil,81.3794,12.0,3,0.16,30,8,22.60496136,17.07,0.6865,4.082482905,2.5306534383523824,Klebsiella pneumoniae,1.954566880999271,0.5760865573531115,339.35436391111,90.0672454901379
3,Ag,Bacillus subtilis,non-pathogenic,chemical_synthesis,MIC,nanoplates,Bacteria,Bacillota,Bacilli,Bacillales,Bacillaceae,Bacillus,p,soil,107.87,5.1,3,0.16,30,11,23.00188061,0.0,0.0,1.78376517,1.9935699646987095,Klebsiella pneumoniae,1.423826086769505,0.5697438779292046,98.53033620676108,26.53542737964505
4,ZnO,Bacillus subtilis,non-pathogenic,chemical_synthesis,MBC,quasi-spherical,Bacteria,Bacillota,Bacilli,Bacillales,Bacillaceae,Bacillus,p,soil,81.3794,9.0,4,0.16,30,8,22.60496136,17.07,0.6865,4.082482905,1.5266507487482013,Klebsiella pneumoniae,0.984624772130108,0.5420259766180933,33.62410620402597,9.652165771981789
5,Ag,Bacillus subtilis,non-pathogenic,chemical_synthesis,MBEC,spheroidal,Bacteria,Bacillota,Bacilli,Bacillales,Bacillaceae,Bacillus,p,soil,107.87,20.0,18,0.16,30,11,23.00188061,0.0,0.0,1.78376517,1.3867878025612626,Klebsiella pneumoniae,0.8616881531778238,0.5250996493834388,24.3661998846527,7.272574070277768
6,CuO,Bacillus subtilis,non-pathogenic,green_synthesis,MBC,spheroidal,Bacteria,Bacillota,Bacilli,Bacillales,Bacillaceae,Bacillus,p,soil,79.5454,8.7,18,0.16,30,17,20.67942236,17.07,0.6865,1.651411411,3.697612245811288,Klebsiella pneumoniae,3.206634074760247,0.490978171051041,4984.3926370925965,1609.2891186023567
7,Ag,Bacillus subtilis,non-pathogenic,chemical_synthesis,MBEC,spheroidal,Bacteria,Bacillota,Bacilli,Bacillales,Bacillaceae,Bacillus,p,soil,107.87,25.0,18,0.16,30,11,23.00188061,0.0,0.0,1.78376517,1.352934009758878,Klebsiella pneumoniae,0.8652241934566334,0.48770981630224464,22.538967107065393,7.332029327864957
8,ZnO,Bacillus subtilis,non-pathogenic,green_synthesis,MBC,quasi-spherical,Bacteria,Bacillota,Bacilli,Bacillales,Bacillaceae,Bacillus,p,soil,81.3794,20.0,3,0.16,30,8,22.60496136,17.07,0.6865,4.082482905,1.9357379701109272,Klebsiella pneumoniae,1.4518384078670556,0.48389956224387154,86.24580300535148,28.303386884641554
9,TiO2,Bacillus subtilis,non-pathogenic,chemical_synthesis,MBEC,spheroidal,Bacteria,Bacillota,Bacilli,Bacillales,Bacillaceae,Bacillus,p,soil,79.866,5.1,0,0.16,30,16,26.40611331,34.14,1.373,2.878049394,2.940047793404582,Klebsiella pneumoniae,2.465414714623519,0.47463307878106287,871.0594433631669,292.02142414613496
10,ZnO,Bacillus subtilis,non-pathogenic,chemical_synthesis,MBEC,quasi-hexagonal,Bacteria,Bacillota,Bacilli,Bacillales,Bacillaceae,Bacillus,p,soil,81.3794,12.0,3,0.16,30,8,22.60496136,17.07,0.6865,4.082482905,1.3475187046725345,Klebsiella pneumoniae,0.8760251743768899,0.47149353029564467,22.259669131204145,7.516664639626081
11,Au,Bacillus subtilis,non-pathogenic,green_synthesis,MIC,rod-shaped,Bacteria,Bacillota,Bacilli,Bacillales,Bacillaceae,Bacillus,p,soil,196.966569,44.45,2,0.16,30,11,23.00188061,0.0,0.0,2.46797672,0.9208336223597974,Klebsiella pneumoniae,0.46684609190730075,0.4539875304524966,8.333618636327815,2.929854760333431
12,ZnO,Bacillus subtilis,non-pathogenic,chemical_synthesis,MBEC,quasi-spherical,Bacteria,Bacillota,Bacilli,Bacillales,Bacillaceae,Bacillus,p,soil,81.3794,10.4,2,0.16,30,8,22.60496136,17.07,0.6865,4.082482905,2.072187704581235,Klebsiella pneumoniae,1.6193223087770974,0.45286539580413776,118.08308873005728,41.62193903678516
13,CuO,Bacillus subtilis,non-pathogenic,green_synthesis,MBC,quasi-spherical,Bacteria,Bacillota,Bacilli,Bacillales,Bacillaceae,Bacillus,p,soil,79.5454,28.0,0,0.16,30,17,20.67942236,17.07,0.6865,1.651411411,2.895163328764462,Klebsiella pneumoniae,2.4431364821947867,0.4520268465696753,785.531000290967,277.4191790367819
14,TiO2,Bacillus subtilis,non-pathogenic,green_synthesis,MBEC,spherical,Bacteria,Bacillota,Bacilli,Bacillales,Bacillaceae,Bacillus,p,soil,79.866,11.3,3,0.16,30,16,26.40611331,34.14,1.373,2.878049394,2.9309148914932877,Klebsiella pneumoniae,2.4858523040008675,0.4450625874924201,852.9329487277254,306.092229023441
15,Ag,Bacillus subtilis,non-pathogenic,chemical_synthesis,MIC,quasi-hexagonal,Bacteria,Bacillota,Bacilli,Bacillales,Bacillaceae,Bacillus,p,soil,107.87,26.06,1,0.16,30,11,23.00188061,0.0,0.0,1.78376517,0.4221104614020206,Klebsiella pneumoniae,-0.011686987180630659,0.43379744858265123,2.643080930953564,0.9734485730139596
16,ZnO,Bacillus subtilis,non-pathogenic,chemical_synthesis,MBC,rod-shaped,Bacteria,Bacillota,Bacilli,Bacillales,Bacillaceae,Bacillus,p,soil,81.3794,8.0,2,0.16,30,8,22.60496136,17.07,0.6865,4.082482905,1.5055914722821448,Klebsiella pneumoniae,1.0725289066437433,0.4330625656384015,32.032547017793846,11.817589678122438
17,Au,Bacillus subtilis,non-pathogenic,green_synthesis,MBC,quasi-spherical,Bacteria,Bacillota,Bacilli,Bacillales,Bacillaceae,Bacillus,p,soil,196.966569,38.0,4,0.16,30,11,23.00188061,0.0,0.0,2.46797672,0.5110495781720972,Klebsiella pneumoniae,0.08769122857732015,0.42335834959477703,3.2437664541189974,1.2237458402922248
18,Ag,Bacillus subtilis,non-pathogenic,green_synthesis,MBC,tetragonal,Bacteria,Bacillota,Bacilli,Bacillales,Bacillaceae,Bacillus,p,soil,107.87,44.45,18,0.16,30,11,23.00188061,0.0,0.0,1.78376517,0.365090054313695,Klebsiella pneumoniae,-0.057458561730313384,0.4225486160440084,2.3178752294642835,0.8760753044949612
19,TiO2,Bacillus subtilis,non-pathogenic,chemical_synthesis,MBC,hexagonal,Bacteria,Bacillota,Bacilli,Bacillales,Bacillaceae,Bacillus,p,soil,79.866,9.0,2,0.16,30,16,26.40611331,34.14,1.373,2.878049394,3.006162821320072,Klebsiella pneumoniae,2.5844888783580435,0.42167394296202865,1014.2915824632661,384.1394218080525
20,Ag,Bacillus subtilis,non-pathogenic,chemical_synthesis,MIC,tetragonal,Bacteria,Bacillota,Bacilli,Bacillales,Bacillaceae,Bacillus,p,soil,107.87,10.0,1,0.16,30,11,23.00188061,0.0,0.0,1.78376517,0.057254295706612224,Klebsiella pneumoniae,-0.3589287569094153,0.4161830526160275,1.1409176420827205,0.4375938836059618
21,ZnO,Bacillus subtilis,non-pathogenic,green_synthesis,MBC,rod-shaped,Bacteria,Bacillota,Bacilli,Bacillales,Bacillaceae,Bacillus,p,soil,81.3794,8.7,18,0.16,30,8,22.60496136,17.07,0.6865,4.082482905,2.0528555754227926,Klebsiella pneumoniae,1.6392886555486972,0.41356691987409544,112.94202636434127,43.580143459678276
22,Ag,Bacillus subtilis,non-pathogenic,chemical_synthesis,MIC,spheroidal,Bacteria,Bacillota,Bacilli,Bacillales,Bacillaceae,Bacillus,p,soil,107.87,27.43,4,0.16,30,11,23.00188061,0.0,0.0,1.78376517,0.6957685009092456,Klebsiella pneumoniae,0.28299170305735477,0.4127767978518908,4.963276852612052,1.918632085973768
23,CuO,Bacillus subtilis,non-pathogenic,green_synthesis,MBEC,quasi-hexagonal,Bacteria,Bacillota,Bacilli,Bacillales,Bacillaceae,Bacillus,p,soil,79.5454,12.0,1,0.16,30,17,20.67942236,17.07,0.6865,1.651411411,2.845298882736615,Klebsiella pneumoniae,2.4355864471945017,0.40971243554211334,700.3237950859324,272.63803764452047
24,Pd,Bacillus subtilis,non-pathogenic,green_synthesis,MBEC,rod-shaped,Bacteria,Bacillota,Bacilli,Bacillales,Bacillaceae,Bacillus,p,soil,195.084,6.0,2,0.16,30,10,21.14774404,0.0,0.0,1.870828693,1.9396525876041604,Klebsiella pneumoniae,1.5328805920985515,0.40677199550560883,87.02671441871304,34.109911459950744
25,ZnO,Bacillus subtilis,non-pathogenic,green_synthesis,MBEC,quasi-hexagonal,Bacteria,Bacillota,Bacilli,Bacillales,Bacillaceae,Bacillus,p,soil,81.3794,12.0,18,0.16,30,8,22.60496136,17.07,0.6865,4.082482905,1.3563359922997673,Klebsiella pneumoniae,0.9518062152854481,0.40452977701431925,22.716216142531287,8.949653377227197
26,Ag,Bacillus subtilis,non-pathogenic,chemical_synthesis,MIC,tetragonal,Bacteria,Bacillota,Bacilli,Bacillales,Bacillaceae,Bacillus,p,soil,107.87,11.3,3,0.16,30,11,23.00188061,0.0,0.0,1.78376517,0.1300539207379161,Klebsiella pneumoniae,-0.2636668306806804,0.3937207514185965,1.3491303762916207,0.5449205287045038
27,ZnO,Bacillus subtilis,non-pathogenic,green_synthesis,MBEC,spheroidal,Bacteria,Bacillota,Bacilli,Bacillales,Bacillaceae,Bacillus,p,soil,81.3794,8.7,4,0.16,30,8,22.60496136,17.07,0.6865,4.082482905,2.4614980243348805,Klebsiella pneumoniae,2.0749120910812073,0.3865859332536732,289.3996651847695,118.82616778178898
28,TiO2,Bacillus subtilis,non-pathogenic,green_synthesis,MBC,spherical,Bacteria,Bacillota,Bacilli,Bacillales,Bacillaceae,Bacillus,p,soil,79.866,22.5,0,0.16,30,16,26.40611331,34.14,1.373,2.878049394,2.6975367133426182,Klebsiella pneumoniae,2.322426171369118,0.37511054197350013,498.3525827222123,210.1000575511906
29,ZnO,Bacillus subtilis,non-pathogenic,chemical_synthesis,MBC,rod-shaped,Bacteria,Bacillota,Bacilli,Bacillales,Bacillaceae,Bacillus,p,soil,81.3794,11.3,2,0.16,30,8,22.60496136,17.07,0.6865,4.082482905,1.5020838925540372,Klebsiella pneumoniae,1.1280468198260853,0.37403707272795184,31.77487805877426,13.429097279113101
30,Pt,Bacillus subtilis,non-pathogenic,green_synthesis,MIC,quasi-hexagonal,Bacteria,Bacillota,Bacilli,Bacillales,Bacillaceae,Bacillus,p,soil,195.084,79.0,4,0.16,30,10,21.75656585,0.0,0.0,2.588435821,0.2911525558254118,Klebsiella pneumoniae,-0.07950118769714187,0.37065374352255365,1.955026082598048,0.8327196486823041
31,Pd,Bacillus subtilis,non-pathogenic,green_synthesis,MBC,spherical,Bacteria,Bacillota,Bacilli,Bacillales,Bacillaceae,Bacillus,p,soil,195.084,37.86,1,0.16,30,10,21.14774404,0.0,0.0,1.870828693,1.4829215064507149,Klebsiella pneumoniae,1.1166276059795965,0.3662939004711183,30.403354716301077,13.080598213420773
32,Au,Bacillus subtilis,non-pathogenic,chemical_synthesis,MIC,nanoplates,Bacteria,Bacillota,Bacilli,Bacillales,Bacillaceae,Bacillus,p,soil,196.966569,9.0,4,0.16,30,11,23.00188061,0.0,0.0,2.46797672,2.5685475658182852,Klebsiella pneumoniae,2.2059900643231543,0.362557501495131,370.29475946992744,160.69044902469818
33,TiO2,Bacillus subtilis,non-pathogenic,green_synthesis,MBC,spherical,Bacteria,Bacillota,Bacilli,Bacillales,Bacillaceae,Bacillus,p,soil,79.866,18.5,2,0.16,30,16,26.40611331,34.14,1.373,2.878049394,2.5906854110559836,Klebsiella pneumoniae,2.2366720321992135,0.3540133788567701,389.6596275307764,172.45350764724677
34,ZnO,Bacillus subtilis,non-pathogenic,green_synthesis,MBC,nanoplates,Bacteria,Bacillota,Bacilli,Bacillales,Bacillaceae,Bacillus,p,soil,81.3794,20.0,3,0.16,30,8,22.60496136,17.07,0.6865,4.082482905,2.273328445714863,Klebsiella pneumoniae,1.925917988789994,0.34741045692486905,187.64130543893376,84.31755193283013
35,ZnO,Bacillus subtilis,non-pathogenic,green_synthesis,MBEC,spheroidal,Bacteria,Bacillota,Bacilli,Bacillales,Bacillaceae,Bacillus,p,soil,81.3794,11.3,4,0.16,30,8,22.60496136,17.07,0.6865,4.082482905,2.4576240569330166,Klebsiella pneumoniae,2.1273257105549908,0.3302983463780258,286.8296592209355,134.06817900034667
36,Ag,Bacillus subtilis,non-pathogenic,chemical_synthesis,MIC,triangular,Bacteria,Bacillota,Bacilli,Bacillales,Bacillaceae,Bacillus,p,soil,107.87,35.0,24,0.16,30,11,23.00188061,0.0,0.0,1.78376517,-0.5751491595369758,Klebsiella pneumoniae,-0.8847793765542948,0.3096302170173191,0.2659811383966301,0.13038289609051662
37,ZnO,Bacillus subtilis,non-pathogenic,green_synthesis,MBC,spherical,Bacteria,Bacillota,Bacilli,Bacillales,Bacillaceae,Bacillus,p,soil,81.3794,30.0,1,0.16,30,8,22.60496136,17.07,0.6865,4.082482905,1.6889982909797332,Klebsiella pneumoniae,1.4061760721265861,0.28282221885314707,48.865043641915584,25.478630005250576
38,Ag,Bacillus subtilis,non-pathogenic,chemical_synthesis,MBEC,quasi-hexagonal,Bacteria,Bacillota,Bacilli,Bacillales,Bacillaceae,Bacillus,p,soil,107.87,10.4,2,0.16,30,11,23.00188061,0.0,0.0,1.78376517,1.1479093434885037,Klebsiella pneumoniae,0.9202918462545849,0.22761749723391878,14.057540503103574,8.323229048997336
39,Ag,Bacillus subtilis,non-pathogenic,green_synthesis,MBC,quasi-hexagonal,Bacteria,Bacillota,Bacilli,Bacillales,Bacillaceae,Bacillus,p,soil,107.87,26.38,1,0.16,30,11,23.00188061,0.0,0.0,1.78376517,0.4382551812650264,Klebsiella pneumoniae,0.23517660747820557,0.20307857378682082,2.743185530046819,1.7186071231017541
40,CeO2,Bacillus subtilis,non-pathogenic,green_synthesis,MBEC,rod-shaped,Bacteria,Bacillota,Bacilli,Bacillales,Bacillaceae,Bacillus,p,soil,172.115,10.0,3,0.16,30,16,39.19032095,34.14,1.373,4.456551526,2.8846661284521313,Klebsiella pneumoniae,2.68462460060348,0.20004152784865115,766.771793372277,483.75403511619334
41,Au,Bacillus subtilis,non-pathogenic,chemical_synthesis,MIC,rod-shaped,Bacteria,Bacillota,Bacilli,Bacillales,Bacillaceae,Bacillus,p,soil,196.966569,11.3,3,0.16,30,11,23.00188061,0.0,0.0,2.46797672,1.8675440814118227,Klebsiella pneumoniae,1.6849567389056244,0.18258734250619835,73.71299911208624,48.41241404383169
42,ZnO,Bacillus subtilis,non-pathogenic,green_synthesis,MIC,triangular,Bacteria,Bacillota,Bacilli,Bacillales,Bacillaceae,Bacillus,p,soil,81.3794,8.7,4,0.16,30,8,22.60496136,17.07,0.6865,4.082482905,-0.33281216099829436,Klebsiella pneumoniae,-0.438353967544606,0.10554180654631162,0.46471622863407525,0.36445677884430816
43,ZnO,Bacillus subtilis,non-pathogenic,green_synthesis,MIC,nanoplates,Bacteria,Bacillota,Bacilli,Bacillales,Bacillaceae,Bacillus,p,soil,81.3794,41.23,2,0.16,30,8,22.60496136,17.07,0.6865,4.082482905,1.0375878542635077,Klebsiella pneumoniae,0.9888719694392609,0.048715884824246825,10.904050502043107,9.747022519060417
44,Ag,Bacillus subtilis,non-pathogenic,green_synthesis,MIC,nanoplates,Bacteria,Bacillota,Bacilli,Bacillales,Bacillaceae,Bacillus,p,soil,107.8682,60.0,0,0.16,30,11,23.00188061,0.0,0.0,1.78376517,1.4490855275334302,Klebsiella pneumoniae,1.4193264451820502,0.02975908235138003,28.124546449987516,26.261918255229862
45,ZnO,Bacillus subtilis,non-pathogenic,green_synthesis,MIC,nanoplates,Bacteria,Bacillota,Bacilli,Bacillales,Bacillaceae,Bacillus,p,soil,81.3794,45.26,4,0.16,30,8,22.60496136,17.07,0.6865,4.082482905,1.1834188463847675,Klebsiella pneumoniae,1.1562965702787507,0.027122276106016807,15.255233041509857,14.331662433225427
46,Au,Bacillus subtilis,non-pathogenic,green_synthesis,MBEC,spheroidal,Bacteria,Bacillota,Bacilli,Bacillales,Bacillaceae,Bacillus,p,soil,196.966569,8.7,0,0.16,30,11,23.00188061,0.0,0.0,2.46797672,2.2556620967284933,Klebsiella pneumoniae,2.238922027903153,0.01674006882534007,180.1615446637623,173.34927430550684
47,ZnO,Bacillus subtilis,non-pathogenic,green_synthesis,MIC,spheroidal,Bacteria,Bacillota,Bacilli,Bacillales,Bacillaceae,Bacillus,p,soil,81.3794,79.0,3,0.16,30,8,22.60496136,17.07,0.6865,4.082482905,0.7917519228357238,Klebsiella pneumoniae,0.7906639748476736,0.0010879479880502307,6.19087339741114,6.175384094089988
48,Pt,Bacillus subtilis,non-pathogenic,green_synthesis,MBC,triangular,Bacteria,Bacillota,Bacilli,Bacillales,Bacillaceae,Bacillus,p,soil,195.084,25.0,3,0.16,30,10,21.75656585,0.0,0.0,2.588435821,0.7566665148438897,Klebsiella pneumoniae,0.8089092714763488,-0.05224275663245914,5.710399792675591,6.440347060757311
49,Cu,Bacillus subtilis,non-pathogenic,green_synthesis,MBC,nanoplates,Bacteria,Bacillota,Bacilli,Bacillales,Bacillaceae,Bacillus,p,soil,63.55,45.26,18,0.16,30,11,17.96409803,0.0,0.0,1.243163121,1.1072333276077755,Klebsiella pneumoniae,1.1837604656362672,-0.07652713802849176,12.800688449749165,15.26723764148233
50,Ag,Bacillus subtilis,non-pathogenic,chemical_synthesis,MBEC,nanoplates,Bacteria,Bacillota,Bacilli,Bacillales,Bacillaceae,Bacillus,p,soil,107.8682,37.86,3,0.16,30,11,23.00188061,0.0,0.0,1.78376517,2.2765387710955656,Klebsiella pneumoniae,2.4124907015745483,-0.13595193047898269,189.0334980940571,258.51794892017875
51,Au,Bacillus subtilis,non-pathogenic,chemical_synthesis,MBC,quasi-hexagonal,Bacteria,Bacillota,Bacilli,Bacillales,Bacillaceae,Bacillus,p,soil,196.966569,41.23,24,0.16,30,11,23.00188061,0.0,0.0,2.46797672,0.6500123716723143,Klebsiella pneumoniae,0.7988280742456093,-0.14881570257329502,4.466963169309766,6.292570272488624
52,Ag,Bacillus subtilis,non-pathogenic,green_synthesis,MBC,rod-shaped,Bacteria,Bacillota,Bacilli,Bacillales,Bacillaceae,Bacillus,p,soil,107.87,35.0,18,0.16,30,11,23.00188061,0.0,0.0,1.78376517,0.729173433450865,Klebsiella pneumoniae,0.9161524954804958,-0.18697906202963077,5.360106681080191,8.244275485896335
53,CuO,Bacillus subtilis,non-pathogenic,chemical_synthesis,MIC,hexagonal,Bacteria,Bacillota,Bacilli,Bacillales,Bacillaceae,Bacillus,p,soil,79.5454,10.0,2,0.16,30,17,20.67942236,17.07,0.6865,1.651411411,2.780200185653684,Klebsiella pneumoniae,2.9770071916314764,-0.19680700597779222,602.837396625393,948.4341686179827
54,Al2O3,Bacillus subtilis,non-pathogenic,chemical_synthesis,MIC,cubic,Bacteria,Bacillota,Bacilli,Bacillales,Bacillaceae,Bacillus,p,soil,101.961276,26.38,2,0.16,30,24,51.55776403,85.5,13.5675,4.688846487,2.890370642433127,Klebsiella pneumoniae,3.0917453650226188,-0.20137472258949174,776.9098764333677,1235.2229867473445
55,Au,Bacillus subtilis,non-pathogenic,chemical_synthesis,MBC,tetragonal,Bacteria,Bacillota,Bacilli,Bacillales,Bacillaceae,Bacillus,p,soil,196.966569,41.23,0,0.16,30,11,23.00188061,0.0,0.0,2.46797672,1.0875328885102349,Klebsiella pneumoniae,1.3013561517131342,-0.21382326320289935,12.23299754312016,20.015025682588444
56,CuO,Bacillus subtilis,non-pathogenic,chemical_synthesis,MIC,triangular,Bacteria,Bacillota,Bacilli,Bacillales,Bacillaceae,Bacillus,p,soil,79.5454,9.0,0,0.16,30,17,20.67942236,17.07,0.6865,1.651411411,0.7853537286251661,Klebsiella pneumoniae,1.0022520355038014,-0.21689830687863532,6.100335613422182,10.051989713719744
57,ZnO,Bacillus subtilis,non-pathogenic,chemical_synthesis,MIC,quasi-hexagonal,Bacteria,Bacillota,Bacilli,Bacillales,Bacillaceae,Bacillus,p,soil,81.3794,20.0,24,0.16,30,8,22.60496136,17.07,0.6865,4.082482905,0.6133826443142405,Klebsiella pneumoniae,0.8307163155295525,-0.217333671215312,4.105656812290212,6.7719901154226285
58,Al2O3,Bacillus subtilis,non-pathogenic,chemical_synthesis,MIC,cubic,Bacteria,Bacillota,Bacilli,Bacillales,Bacillaceae,Bacillus,p,soil,101.961276,35.0,1,0.16,30,24,51.55776403,85.5,13.5675,4.688846487,2.9122177384279,Klebsiella pneumoniae,3.173506570536081,-0.261288832108181,816.9918767702619,1491.0993144493016
59,Ag,Bacillus subtilis,non-pathogenic,chemical_synthesis,MBC,hexagonal,Bacteria,Bacillota,Bacilli,Bacillales,Bacillaceae,Bacillus,p,soil,107.87,6.0,24,0.16,30,11,23.00188061,0.0,0.0,1.78376517,2.192157940242291,Klebsiella pneumoniae,2.47107735465446,-0.27891941441216916,155.6531593850722,295.85393818609623
