,np,bacteria,bac_type,np_synthesis,method,shape,kingdom,phylum,class,order,family,genus,gram,isolated_from,mol_weight (g/mol),np_size_avg (nm),time_set,"min_Incub_period, h","growth_temp, C",Valance_electron,labuteASA,tpsa,CrippenMR,chi0v,pred_MIC_norm,pathogenic_bacteria,pred_MIC_pathogen,Fitness,pred_norm_MIC_original,pred_path_MIC_original
0,ZnO,Bacillus subtilis,non-pathogenic,green_synthesis,MBC,quasi-hexagonal,Bacteria,Bacillota,Bacilli,Bacillales,Bacillaceae,Bacillus,p,soil,81.3794,5.1,2,0.16,30,8,22.60496136,17.07,0.6865,4.082482905,1.378102392509624,Klebsiella pneumoniae,0.5688348243927284,0.8092675681168957,23.883743174993505,3.705397672597516
1,TiO2,Bacillus subtilis,non-pathogenic,green_synthesis,MBEC,quasi-hexagonal,Bacteria,Bacillota,Bacilli,Bacillales,Bacillaceae,Bacillus,p,soil,79.866,6.0,0,0.16,30,16,26.40611331,34.14,1.373,2.878049394,2.463153995935882,Klebsiella pneumoniae,1.6974296209873874,0.7657243749484945,290.5052570804431,49.82297094774907
2,ZnO,Bacillus subtilis,non-pathogenic,green_synthesis,MBC,spherical,Bacteria,Bacillota,Bacilli,Bacillales,Bacillaceae,Bacillus,p,soil,81.3794,6.0,0,0.16,30,8,22.60496136,17.07,0.6865,4.082482905,2.545679399749946,Klebsiella pneumoniae,1.794045930304337,0.7516334694456088,351.30101109009576,62.23661021531377
3,Ag,Bacillus subtilis,non-pathogenic,chemical_synthesis,MIC,quasi-spherical,Bacteria,Bacillota,Bacilli,Bacillales,Bacillaceae,Bacillus,p,soil,107.87,5.1,4,0.16,30,11,23.00188061,0.0,0.0,1.78376517,1.522819685544909,Klebsiella pneumoniae,0.8997715014672447,0.6230481840776643,33.328800639327866,7.939104189232822
4,ZnO,Bacillus subtilis,non-pathogenic,chemical_synthesis,MBC,quasi-spherical,Bacteria,Bacillota,Bacilli,Bacillales,Bacillaceae,Bacillus,p,soil,81.3794,9.0,4,0.16,30,8,22.60496136,17.07,0.6865,4.082482905,1.5266507487482013,Klebsiella pneumoniae,0.984624772130108,0.5420259766180933,33.62410620402597,9.652165771981789
5,Ag,Bacillus subtilis,non-pathogenic,chemical_synthesis,MBEC,spheroidal,Bacteria,Bacillota,Bacilli,Bacillales,Bacillaceae,Bacillus,p,soil,107.87,20.0,18,0.16,30,11,23.00188061,0.0,0.0,1.78376517,1.3867878025612626,Klebsiella pneumoniae,0.8616881531778238,0.5250996493834388,24.3661998846527,7.272574070277768
6,CuO,Bacillus subtilis,non-pathogenic,green_synthesis,MBC,spheroidal,Bacteria,Bacillota,Bacilli,Bacillales,Bacillaceae,Bacillus,p,soil,79.5454,8.7,18,0.16,30,17,20.67942236,17.07,0.6865,1.651411411,3.697612245811288,Klebsiella pneumoniae,3.206634074760247,0.490978171051041,4984.3926370925965,1609.2891186023567
7,Ag,Bacillus subtilis,non-pathogenic,chemical_synthesis,MBEC,spheroidal,Bacteria,Bacillota,Bacilli,Bacillales,Bacillaceae,Bacillus,p,soil,107.87,25.0,18,0.16,30,11,23.00188061,0.0,0.0,1.78376517,1.352934009758878,Klebsiella pneumoniae,0.8652241934566334,0.48770981630224464,22.538967107065393,7.332029327864957
8,ZnO,Bacillus subtilis,non-pathogenic,green_synthesis,MBC,quasi-spherical,Bacteria,Bacillota,Bacilli,Bacillales,Bacillaceae,Bacillus,p,soil,81.3794,20.0,3,0.16,30,8,22.60496136,17.07,0.6865,4.082482905,1.9357379701109272,Klebsiella pneumoniae,1.4518384078670556,0.48389956224387154,86.24580300535148,28.303386884641554
9,TiO2,Bacillus subtilis,non-pathogenic,chemical_synthesis,MBEC,spheroidal,Bacteria,Bacillota,Bacilli,Bacillales,Bacillaceae,Bacillus,p,soil,79.866,5.1,0,0.16,30,16,26.40611331,34.14,1.373,2.878049394,2.940047793404582,Klebsiella pneumoniae,2.465414714623519,0.47463307878106287,871.0594433631669,292.02142414613496
10,ZnO,Bacillus subtilis,non-pathogenic,chemical_synthesis,MBEC,quasi-hexagonal,Bacteria,Bacillota,Bacilli,Bacillales,Bacillaceae,Bacillus,p,soil,81.3794,12.0,3,0.16,30,8,22.60496136,17.07,0.6865,4.082482905,1.3475187046725345,Klebsiella pneumoniae,0.8760251743768899,0.47149353029564467,22.259669131204145,7.516664639626081
11,Au,Bacillus subtilis,non-pathogenic,chemical_synthesis,MIC,cubic,Bacteria,Bacillota,Bacilli,Bacillales,Bacillaceae,Bacillus,p,soil,196.966569,6.0,4,0.16,30,11,23.00188061,0.0,0.0,2.46797672,2.5992632908532842,Klebsiella pneumoniae,2.134889109570483,0.46437418128280106,397.432419691364,136.42347557101482
12,Au,Bacillus subtilis,non-pathogenic,green_synthesis,MIC,rod-shaped,Bacteria,Bacillota,Bacilli,Bacillales,Bacillaceae,Bacillus,p,soil,196.966569,44.45,2,0.16,30,11,23.00188061,0.0,0.0,2.46797672,0.9208336223597974,Klebsiella pneumoniae,0.46684609190730075,0.4539875304524966,8.333618636327815,2.929854760333431
13,ZnO,Bacillus subtilis,non-pathogenic,chemical_synthesis,MBEC,quasi-spherical,Bacteria,Bacillota,Bacilli,Bacillales,Bacillaceae,Bacillus,p,soil,81.3794,10.4,2,0.16,30,8,22.60496136,17.07,0.6865,4.082482905,2.072187704581235,Klebsiella pneumoniae,1.6193223087770974,0.45286539580413776,118.08308873005728,41.62193903678516
14,CuO,Bacillus subtilis,non-pathogenic,green_synthesis,MBC,quasi-spherical,Bacteria,Bacillota,Bacilli,Bacillales,Bacillaceae,Bacillus,p,soil,79.5454,28.0,0,0.16,30,17,20.67942236,17.07,0.6865,1.651411411,2.895163328764462,Klebsiella pneumoniae,2.4431364821947867,0.4520268465696753,785.531000290967,277.4191790367819
15,TiO2,Bacillus subtilis,non-pathogenic,green_synthesis,MBEC,spherical,Bacteria,Bacillota,Bacilli,Bacillales,Bacillaceae,Bacillus,p,soil,79.866,11.3,3,0.16,30,16,26.40611331,34.14,1.373,2.878049394,2.9309148914932877,Klebsiella pneumoniae,2.4858523040008675,0.4450625874924201,852.9329487277254,306.092229023441
16,Ag,Bacillus subtilis,non-pathogenic,chemical_synthesis,MIC,quasi-hexagonal,Bacteria,Bacillota,Bacilli,Bacillales,Bacillaceae,Bacillus,p,soil,107.87,26.06,1,0.16,30,11,23.00188061,0.0,0.0,1.78376517,0.4221104614020206,Klebsiella pneumoniae,-0.011686987180630659,0.43379744858265123,2.643080930953564,0.9734485730139596
17,ZnO,Bacillus subtilis,non-pathogenic,chemical_synthesis,MBC,rod-shaped,Bacteria,Bacillota,Bacilli,Bacillales,Bacillaceae,Bacillus,p,soil,81.3794,8.0,2,0.16,30,8,22.60496136,17.07,0.6865,4.082482905,1.5055914722821448,Klebsiella pneumoniae,1.0725289066437433,0.4330625656384015,32.032547017793846,11.817589678122438
18,TiO2,Bacillus subtilis,non-pathogenic,green_synthesis,MBEC,spheroidal,Bacteria,Bacillota,Bacilli,Bacillales,Bacillaceae,Bacillus,p,soil,79.866,10.0,2,0.16,30,16,26.40611331,34.14,1.373,2.878049394,2.981983135280017,Klebsiella pneumoniae,2.549648721215514,0.4323344140645031,959.3633763595236,354.526514709442
19,ZnO,Bacillus subtilis,non-pathogenic,chemical_synthesis,MBC,cubic,Bacteria,Bacillota,Bacilli,Bacillales,Bacillaceae,Bacillus,p,soil,81.3794,12.0,4,0.16,30,8,22.60496136,17.07,0.6865,4.082482905,1.9467959938639716,Klebsiella pneumoniae,1.5169790538342012,0.42981694002977044,88.46999319457062,32.883577063606836
20,Au,Bacillus subtilis,non-pathogenic,green_synthesis,MBC,quasi-spherical,Bacteria,Bacillota,Bacilli,Bacillales,Bacillaceae,Bacillus,p,soil,196.966569,38.0,4,0.16,30,11,23.00188061,0.0,0.0,2.46797672,0.5110495781720972,Klebsiella pneumoniae,0.08769122857732015,0.42335834959477703,3.2437664541189974,1.2237458402922248
21,Ag,Bacillus subtilis,non-pathogenic,green_synthesis,MBC,tetragonal,Bacteria,Bacillota,Bacilli,Bacillales,Bacillaceae,Bacillus,p,soil,107.87,44.45,18,0.16,30,11,23.00188061,0.0,0.0,1.78376517,0.365090054313695,Klebsiella pneumoniae,-0.057458561730313384,0.4225486160440084,2.3178752294642835,0.8760753044949612
22,TiO2,Bacillus subtilis,non-pathogenic,chemical_synthesis,MBC,hexagonal,Bacteria,Bacillota,Bacilli,Bacillales,Bacillaceae,Bacillus,p,soil,79.866,9.0,2,0.16,30,16,26.40611331,34.14,1.373,2.878049394,3.006162821320072,Klebsiella pneumoniae,2.5844888783580435,0.42167394296202865,1014.2915824632661,384.1394218080525
23,Au,Bacillus subtilis,non-pathogenic,green_synthesis,MIC,quasi-spherical,Bacteria,Bacillota,Bacilli,Bacillales,Bacillaceae,Bacillus,p,soil,196.966569,60.0,4,0.16,30,11,23.00188061,0.0,0.0,2.46797672,0.9703987759120412,Klebsiella pneumoniae,0.5510383355936339,0.41936044031840725,9.34111622876867,3.556627118747074
24,Ag,Bacillus subtilis,non-pathogenic,chemical_synthesis,MIC,tetragonal,Bacteria,Bacillota,Bacilli,Bacillales,Bacillaceae,Bacillus,p,soil,107.87,10.0,1,0.16,30,11,23.00188061,0.0,0.0,1.78376517,0.057254295706612224,Klebsiella pneumoniae,-0.3589287569094153,0.4161830526160275,1.1409176420827205,0.4375938836059618
25,ZnO,Bacillus subtilis,non-pathogenic,green_synthesis,MBC,rod-shaped,Bacteria,Bacillota,Bacilli,Bacillales,Bacillaceae,Bacillus,p,soil,81.3794,8.7,18,0.16,30,8,22.60496136,17.07,0.6865,4.082482905,2.0528555754227926,Klebsiella pneumoniae,1.6392886555486972,0.41356691987409544,112.94202636434127,43.580143459678276
26,Ag,Bacillus subtilis,non-pathogenic,chemical_synthesis,MIC,spheroidal,Bacteria,Bacillota,Bacilli,Bacillales,Bacillaceae,Bacillus,p,soil,107.87,27.43,4,0.16,30,11,23.00188061,0.0,0.0,1.78376517,0.6957685009092456,Klebsiella pneumoniae,0.28299170305735477,0.4127767978518908,4.963276852612052,1.918632085973768
27,CuO,Bacillus subtilis,non-pathogenic,green_synthesis,MBEC,quasi-hexagonal,Bacteria,Bacillota,Bacilli,Bacillales,Bacillaceae,Bacillus,p,soil,79.5454,12.0,1,0.16,30,17,20.67942236,17.07,0.6865,1.651411411,2.845298882736615,Klebsiella pneumoniae,2.4355864471945017,0.40971243554211334,700.3237950859324,272.63803764452047
28,Pd,Bacillus subtilis,non-pathogenic,green_synthesis,MBEC,rod-shaped,Bacteria,Bacillota,Bacilli,Bacillales,Bacillaceae,Bacillus,p,soil,195.084,6.0,2,0.16,30,10,21.14774404,0.0,0.0,1.870828693,1.9396525876041604,Klebsiella pneumoniae,1.5328805920985515,0.40677199550560883,87.02671441871304,34.109911459950744
29,ZnO,Bacillus subtilis,non-pathogenic,green_synthesis,MBEC,quasi-hexagonal,Bacteria,Bacillota,Bacilli,Bacillales,Bacillaceae,Bacillus,p,soil,81.3794,12.0,18,0.16,30,8,22.60496136,17.07,0.6865,4.082482905,1.3563359922997673,Klebsiella pneumoniae,0.9518062152854481,0.40452977701431925,22.716216142531287,8.949653377227197
30,ZnO,Bacillus subtilis,non-pathogenic,chemical_synthesis,MBEC,spherical,Bacteria,Bacillota,Bacilli,Bacillales,Bacillaceae,Bacillus,p,soil,81.3794,10.0,2,0.16,30,8,22.60496136,17.07,0.6865,4.082482905,2.1628231763951176,Klebsiella pneumoniae,1.7688967367874002,0.39392643960771734,145.4866609005479,58.73496804209729
31,Ag,Bacillus subtilis,non-pathogenic,chemical_synthesis,MIC,tetragonal,Bacteria,Bacillota,Bacilli,Bacillales,Bacillaceae,Bacillus,p,soil,107.87,11.3,3,0.16,30,11,23.00188061,0.0,0.0,1.78376517,0.1300539207379161,Klebsiella pneumoniae,-0.2636668306806804,0.3937207514185965,1.3491303762916207,0.5449205287045038
32,ZnO,Bacillus subtilis,non-pathogenic,green_synthesis,MBEC,spheroidal,Bacteria,Bacillota,Bacilli,Bacillales,Bacillaceae,Bacillus,p,soil,81.3794,8.7,4,0.16,30,8,22.60496136,17.07,0.6865,4.082482905,2.4614980243348805,Klebsiella pneumoniae,2.0749120910812073,0.3865859332536732,289.3996651847695,118.82616778178898
33,Cu,Bacillus subtilis,non-pathogenic,green_synthesis,MBC,quasi-hexagonal,Bacteria,Bacillota,Bacilli,Bacillales,Bacillaceae,Bacillus,p,soil,63.55,8.7,0,0.16,30,11,17.96409803,0.0,0.0,1.243163121,1.3281075019829263,Klebsiella pneumoniae,0.9420328237332141,0.3860746782497122,21.28665894686511,8.750499085092493
34,Ag,Bacillus subtilis,non-pathogenic,chemical_synthesis,MBEC,spheroidal,Bacteria,Bacillota,Bacilli,Bacillales,Bacillaceae,Bacillus,p,soil,107.87,79.0,18,0.16,30,11,23.00188061,0.0,0.0,1.78376517,1.2406060700076325,Klebsiella pneumoniae,0.8635557488514637,0.37705032115616877,17.402276710247683,7.303915646459797
35,TiO2,Bacillus subtilis,non-pathogenic,green_synthesis,MBC,spherical,Bacteria,Bacillota,Bacilli,Bacillales,Bacillaceae,Bacillus,p,soil,79.866,22.5,0,0.16,30,16,26.40611331,34.14,1.373,2.878049394,2.6975367133426182,Klebsiella pneumoniae,2.322426171369118,0.37511054197350013,498.3525827222123,210.1000575511906
36,ZnO,Bacillus subtilis,non-pathogenic,chemical_synthesis,MBC,rod-shaped,Bacteria,Bacillota,Bacilli,Bacillales,Bacillaceae,Bacillus,p,soil,81.3794,11.3,2,0.16,30,8,22.60496136,17.07,0.6865,4.082482905,1.5020838925540372,Klebsiella pneumoniae,1.1280468198260853,0.37403707272795184,31.77487805877426,13.429097279113101
37,ZnO,Bacillus subtilis,non-pathogenic,chemical_synthesis,MBC,rod-shaped,Bacteria,Bacillota,Bacilli,Bacillales,Bacillaceae,Bacillus,p,soil,81.3794,11.3,2,0.16,30,8,22.60496136,17.07,0.6865,4.082482905,1.5020838925540372,Klebsiella pneumoniae,1.1280468198260853,0.37403707272795184,31.77487805877426,13.429097279113101
38,Pt,Bacillus subtilis,non-pathogenic,green_synthesis,MIC,quasi-hexagonal,Bacteria,Bacillota,Bacilli,Bacillales,Bacillaceae,Bacillus,p,soil,195.084,79.0,4,0.16,30,10,21.75656585,0.0,0.0,2.588435821,0.2911525558254118,Klebsiella pneumoniae,-0.07950118769714187,0.37065374352255365,1.955026082598048,0.8327196486823041
39,Ag,Bacillus subtilis,non-pathogenic,chemical_synthesis,MIC,rod-shaped,Bacteria,Bacillota,Bacilli,Bacillales,Bacillaceae,Bacillus,p,soil,107.87,41.23,3,0.16,30,11,23.00188061,0.0,0.0,1.78376517,0.7635327796599249,Klebsiella pneumoniae,0.5810067089811375,0.18252607067878746,5.801399586486843,3.8107171014406536
40,ZnO,Bacillus subtilis,non-pathogenic,green_synthesis,MIC,quasi-spherical,Bacteria,Bacillota,Bacilli,Bacillales,Bacillaceae,Bacillus,p,soil,81.3794,38.0,3,0.16,30,8,22.60496136,17.07,0.6865,4.082482905,0.5177567437765038,Klebsiella pneumoniae,0.34330899423051076,0.17444774954599307,3.2942514348889436,2.204494371015057
41,Ag,Bacillus subtilis,non-pathogenic,chemical_synthesis,MBEC,quasi-hexagonal,Bacteria,Bacillota,Bacilli,Bacillales,Bacillaceae,Bacillus,p,soil,107.87,79.0,4,0.16,30,11,23.00188061,0.0,0.0,1.78376517,0.6888829222072093,Klebsiella pneumoniae,0.5286102575640779,0.1602726646431314,4.885206454221566,3.3776158779959986
42,Au,Bacillus subtilis,non-pathogenic,green_synthesis,MIC,quasi-hexagonal,Bacteria,Bacillota,Bacilli,Bacillales,Bacillaceae,Bacillus,p,soil,196.966569,25.0,3,0.16,30,11,23.00188061,0.0,0.0,2.46797672,0.8971347177370196,Klebsiella pneumoniae,0.769483668132584,0.12765104960443563,7.891048592373541,5.881439962696121
43,ZnO,Bacillus subtilis,non-pathogenic,green_synthesis,MIC,rod-shaped,Bacteria,Bacillota,Bacilli,Bacillales,Bacillaceae,Bacillus,p,soil,81.3794,27.43,3,0.16,30,8,22.60496136,17.07,0.6865,4.082482905,1.055622976089237,Klebsiella pneumoniae,0.94007264276008,0.1155503333291571,11.366401064230201,8.71109284855354
44,CuO,Bacillus subtilis,non-pathogenic,green_synthesis,MBEC,triangular,Bacteria,Bacillota,Bacilli,Bacillales,Bacillaceae,Bacillus,p,soil,79.5454,26.06,0,0.16,30,17,20.67942236,17.07,0.6865,1.651411411,1.3265349606691335,Klebsiella pneumoniae,1.2258989758315084,0.10063598483762504,21.20972124295047,16.82282688430173
45,CeO2,Bacillus subtilis,non-pathogenic,chemical_synthesis,MBC,nanoplates,Bacteria,Bacillota,Bacilli,Bacillales,Bacillaceae,Bacillus,p,soil,172.115,25.0,3,0.16,30,16,39.19032095,34.14,1.373,4.456551526,2.8807241178785934,Klebsiella pneumoniae,2.812210567599384,0.06851355027920958,759.8434390853072,648.9490000862136
46,ZnO,Bacillus subtilis,non-pathogenic,green_synthesis,MBC,tetragonal,Bacteria,Bacillota,Bacilli,Bacillales,Bacillaceae,Bacillus,p,soil,81.3794,12.5,1,0.16,30,8,22.60496136,17.07,0.6865,4.082482905,1.754089958055858,Klebsiella pneumoniae,1.6885631971663873,0.06552676088947074,56.766217654862814,48.816113175115085
47,ZnO,Bacillus subtilis,non-pathogenic,green_synthesis,MBC,hexagonal,Bacteria,Bacillota,Bacilli,Bacillales,Bacillaceae,Bacillus,p,soil,81.3794,30.0,18,0.16,30,8,22.60496136,17.07,0.6865,4.082482905,1.7507258453372976,Klebsiella pneumoniae,1.7123018136843071,0.038424031652990465,56.32819636967689,51.55868280449098
48,Ag,Bacillus subtilis,non-pathogenic,chemical_synthesis,MIC,cubic,Bacteria,Bacillota,Bacilli,Bacillales,Bacillaceae,Bacillus,p,soil,107.8682,26.06,1,0.16,30,11,23.00188061,0.0,0.0,1.78376517,2.179118088895555,Klebsiella pneumoniae,2.150135570970821,0.02898251792473383,151.04908154808538,141.29785563944165
49,ZnO,Bacillus subtilis,non-pathogenic,green_synthesis,MBEC,triangular,Bacteria,Bacillota,Bacilli,Bacillales,Bacillaceae,Bacillus,p,soil,81.3794,100.0,0,0.16,30,8,22.60496136,17.07,0.6865,4.082482905,0.1869887785857569,Klebsiella pneumoniae,0.15985677793842368,0.027132000647333232,1.5381148975751802,1.4449631707871775
50,Ag,Bacillus subtilis,non-pathogenic,chemical_synthesis,MBEC,tetragonal,Bacteria,Bacillota,Bacilli,Bacillales,Bacillaceae,Bacillus,p,soil,107.87,30.0,2,0.16,30,11,23.00188061,0.0,0.0,1.78376517,0.22215586392469744,Klebsiella pneumoniae,0.20245172102610565,0.019704142898591792,1.6678456782042828,1.593865686480253
51,Ag,Bacillus subtilis,non-pathogenic,green_synthesis,MBC,rod-shaped,Bacteria,Bacillota,Bacilli,Bacillales,Bacillaceae,Bacillus,p,soil,107.87,30.0,4,0.16,30,11,23.00188061,0.0,0.0,1.78376517,0.818854115619572,Klebsiella pneumoniae,0.8575478876686561,-0.038693772049084085,6.589525085355951,7.203571773546278
52,Ag,Bacillus subtilis,non-pathogenic,chemical_synthesis,MBEC,quasi-spherical,Bacteria,Bacillota,Bacilli,Bacillales,Bacillaceae,Bacillus,p,soil,107.87,10.0,18,0.16,30,11,23.00188061,0.0,0.0,1.78376517,1.6430917448604487,Klebsiella pneumoniae,1.6885715789006777,-0.04547983404022893,43.96344785653972,48.81705531841913
53,ZnO,Bacillus subtilis,non-pathogenic,chemical_synthesis,MIC,tetragonal,Bacteria,Bacillota,Bacilli,Bacillales,Bacillaceae,Bacillus,p,soil,81.3794,18.5,0,0.16,30,8,22.60496136,17.07,0.6865,4.082482905,0.12125487435579418,Klebsiella pneumoniae,0.17400823110430563,-0.05275335674851145,1.3220712903954004,1.4928227025079759
54,CuO,Bacillus subtilis,non-pathogenic,chemical_synthesis,MBEC,quasi-spherical,Bacteria,Bacillota,Bacilli,Bacillales,Bacillaceae,Bacillus,p,soil,79.5454,44.45,0,0.16,30,17,20.67942236,17.07,0.6865,1.651411411,2.78950350001072,Klebsiella pneumoniae,2.852764873084649,-0.06326137307392932,615.8904926014764,712.4671961429339
55,Ag,Bacillus subtilis,non-pathogenic,chemical_synthesis,MBC,nanoplates,Bacteria,Bacillota,Bacilli,Bacillales,Bacillaceae,Bacillus,p,soil,107.87,13.0,4,0.16,30,11,23.00188061,0.0,0.0,1.78376517,1.8971633016339124,Klebsiella pneumoniae,2.015969271608895,-0.1188059699749826,78.91567973465465,103.74550083665886
56,CuO,Bacillus subtilis,non-pathogenic,green_synthesis,MIC,nanoplates,Bacteria,Bacillota,Bacilli,Bacillales,Bacillaceae,Bacillus,p,soil,79.5454,26.06,0,0.16,30,17,20.67942236,17.07,0.6865,1.651411411,2.5081716918855546,Klebsiella pneumoniae,2.6344303320432507,-0.12625864015769617,322.2342444825237,430.9534204640408
57,Ag,Bacillus subtilis,non-pathogenic,chemical_synthesis,MBEC,triangular,Bacteria,Bacillota,Bacilli,Bacillales,Bacillaceae,Bacillus,p,soil,107.8682,40.0,0,0.16,30,11,23.00188061,0.0,0.0,1.78376517,0.31134902683215504,Klebsiella pneumoniae,0.4636054224658135,-0.15225639563365845,2.0480899516194633,2.908073791813449
58,ZnO,Bacillus subtilis,non-pathogenic,green_synthesis,MBC,hexagonal,Bacteria,Bacillota,Bacilli,Bacillales,Bacillaceae,Bacillus,p,soil,81.3794,79.0,24,0.16,30,8,22.60496136,17.07,0.6865,4.082482905,2.1024239347031997,Klebsiella pneumoniae,2.297340105971383,-0.19491617126818328,126.5971517208522,198.3079412850346
59,Ag,Bacillus subtilis,non-pathogenic,green_synthesis,MIC,nanoplates,Bacteria,Bacillota,Bacilli,Bacillales,Bacillaceae,Bacillus,p,soil,107.8682,17.5,24,0.16,30,11,23.00188061,0.0,0.0,1.78376517,1.5048430761556726,Klebsiella pneumoniae,1.7669146674147171,-0.26207159125904456,31.977394601052808,58.46751926373311
60,CuO,Bacillus subtilis,non-pathogenic,chemical_synthesis,MIC,quasi-hexagonal,Bacteria,Bacillota,Bacilli,Bacillales,Bacillaceae,Bacillus,p,soil,79.5454,45.26,2,0.16,30,17,20.67942236,17.07,0.6865,1.651411411,1.5714542253353436,Klebsiella pneumoniae,1.9801807820641746,-0.40872655672883096,37.27813916910094,95.53901997982489
61,Ag,Bacillus subtilis,non-pathogenic,chemical_synthesis,MBEC,nanoplates,Bacteria,Bacillota,Bacilli,Bacillales,Bacillaceae,Bacillus,p,soil,107.87,30.0,24,0.16,30,11,23.00188061,0.0,0.0,1.78376517,2.100125870415078,Klebsiella pneumoniae,2.520008422780034,-0.41988255236495586,125.92903356792033,331.1375435573828
62,CuO,Bacillus subtilis,non-pathogenic,chemical_synthesis,MBEC,quasi-hexagonal,Bacteria,Bacillota,Bacilli,Bacillales,Bacillaceae,Bacillus,p,soil,79.5454,30.0,24,0.16,30,17,20.67942236,17.07,0.6865,1.651411411,2.128610387358806,Klebsiella pneumoniae,2.6149577921716336,-0.48634740481282757,134.46535022732192,412.0574704739085
