,np,bacteria,bac_type,np_synthesis,method,shape,kingdom,phylum,class,order,family,genus,gram,isolated_from,mol_weight (g/mol),np_size_avg (nm),time_set,"min_Incub_period, h","growth_temp, C",Valance_electron,labuteASA,tpsa,CrippenMR,chi0v,pred_MIC_norm,pathogenic_bacteria,pred_MIC_pathogen,Fitness,pred_norm_MIC_original,pred_path_MIC_original
0,ZnO,Bacillus subtilis,non-pathogenic,green_synthesis,MBC,quasi-spherical,Bacteria,Bacillota,Bacilli,Bacillales,Bacillaceae,Bacillus,p,soil,81.3794,5.1,4,0.16,30,8,22.60496136,17.07,0.6865,4.082482905,2.2320128377061863,Klebsiella pneumoniae,1.383556731559441,0.8484561061467453,170.61328213919032,24.185592518605546
1,TiO2,Bacillus subtilis,non-pathogenic,green_synthesis,MBC,quasi-hexagonal,Bacteria,Bacillota,Bacilli,Bacillales,Bacillaceae,Bacillus,p,soil,79.866,6.0,2,0.16,30,16,26.40611331,34.14,1.373,2.878049394,2.487861933762866,Klebsiella pneumoniae,1.682157692025271,0.8057042417375948,307.5119050508659,48.10139725848044
2,ZnO,Bacillus subtilis,non-pathogenic,green_synthesis,MBC,spherical,Bacteria,Bacillota,Bacilli,Bacillales,Bacillaceae,Bacillus,p,soil,81.3794,6.0,0,0.16,30,8,22.60496136,17.07,0.6865,4.082482905,2.545679399749946,Klebsiella pneumoniae,1.794045930304337,0.7516334694456088,351.30101109009576,62.23661021531377
3,Ag,Bacillus subtilis,non-pathogenic,chemical_synthesis,MIC,quasi-hexagonal,Bacteria,Bacillota,Bacilli,Bacillales,Bacillaceae,Bacillus,p,soil,107.87,6.0,0,0.16,30,11,23.00188061,0.0,0.0,1.78376517,1.0034919331386876,Klebsiella pneumoniae,0.32259116414587474,0.6809007689928128,10.080728846049064,2.1017989180872263
4,ZnO,Bacillus subtilis,non-pathogenic,green_synthesis,MBEC,nanoplates,Bacteria,Bacillota,Bacilli,Bacillales,Bacillaceae,Bacillus,p,soil,81.3794,6.0,3,0.16,30,8,22.60496136,17.07,0.6865,4.082482905,2.7425409856432004,Klebsiella pneumoniae,2.064421257993244,0.6781197276499564,552.7655715901581,115.99018950710753
5,Ag,Bacillus subtilis,non-pathogenic,green_synthesis,MIC,tetragonal,Bacteria,Bacillota,Bacilli,Bacillales,Bacillaceae,Bacillus,p,soil,107.87,6.0,18,0.16,30,11,23.00188061,0.0,0.0,1.78376517,0.5866025686032423,Klebsiella pneumoniae,0.021224722451801403,0.5653778461514409,3.8601356678783705,1.050085647111444
6,TiO2,Bacillus subtilis,non-pathogenic,chemical_synthesis,MBEC,nanoplates,Bacteria,Bacillota,Bacilli,Bacillales,Bacillaceae,Bacillus,p,soil,79.866,6.0,2,0.16,30,16,26.40611331,34.14,1.373,2.878049394,3.333244887097714,Klebsiella pneumoniae,2.7707098096206124,0.5625350774771016,2153.995973345207,589.8068465936195
7,ZnO,Bacillus subtilis,non-pathogenic,chemical_synthesis,MIC,cubic,Bacteria,Bacillota,Bacilli,Bacillales,Bacillaceae,Bacillus,p,soil,81.3794,5.1,4,0.16,30,8,22.60496136,17.07,0.6865,4.082482905,1.9511825005118637,Klebsiella pneumoniae,1.4001147711686768,0.5510677293431869,89.36809500904062,25.125503364179668
8,CuO,Bacillus subtilis,non-pathogenic,green_synthesis,MBC,rod-shaped,Bacteria,Bacillota,Bacilli,Bacillales,Bacillaceae,Bacillus,p,soil,79.5454,6.0,4,0.16,30,17,20.67942236,17.07,0.6865,1.651411411,3.343047565019325,Klebsiella pneumoniae,2.8150031478196764,0.5280444171996486,2203.1677462895304,653.1352866349887
9,Ag,Bacillus subtilis,non-pathogenic,chemical_synthesis,MBEC,spheroidal,Bacteria,Bacillota,Bacilli,Bacillales,Bacillaceae,Bacillus,p,soil,107.87,20.0,18,0.16,30,11,23.00188061,0.0,0.0,1.78376517,1.3867878025612626,Klebsiella pneumoniae,0.8616881531778238,0.5250996493834388,24.3661998846527,7.272574070277768
10,Au,Bacillus subtilis,non-pathogenic,green_synthesis,MIC,spheroidal,Bacteria,Bacillota,Bacilli,Bacillales,Bacillaceae,Bacillus,p,soil,196.966569,40.0,18,0.16,30,11,23.00188061,0.0,0.0,2.46797672,1.1996571821036555,Klebsiella pneumoniae,0.6788305054132759,0.5208266766903795,15.83642623122047,4.773429419447086
11,ZnO,Bacillus subtilis,non-pathogenic,green_synthesis,MBEC,rod-shaped,Bacteria,Bacillota,Bacilli,Bacillales,Bacillaceae,Bacillus,p,soil,81.3794,11.3,4,0.16,30,8,22.60496136,17.07,0.6865,4.082482905,2.1013875541070184,Klebsiella pneumoniae,1.5851126853769708,0.5162748687300476,126.29540621577748,38.469158412578544
12,Al2O3,Bacillus subtilis,non-pathogenic,green_synthesis,MBC,quasi-hexagonal,Bacteria,Bacillota,Bacilli,Bacillales,Bacillaceae,Bacillus,p,soil,101.961276,6.0,1,0.16,30,24,51.55776403,85.5,13.5675,4.688846487,2.2771064524542486,Klebsiella pneumoniae,1.7768529098766852,0.5002535425775634,189.28075188821006,59.82089548358902
13,ZnO,Bacillus subtilis,non-pathogenic,green_synthesis,MBEC,spherical,Bacteria,Bacillota,Bacilli,Bacillales,Bacillaceae,Bacillus,p,soil,81.3794,10.4,2,0.16,30,8,22.60496136,17.07,0.6865,4.082482905,2.435288179930191,Klebsiella pneumoniae,1.9373827206830174,0.49790545924717367,272.4508580070898,86.57305050709445
14,CuO,Bacillus subtilis,non-pathogenic,green_synthesis,MBC,spheroidal,Bacteria,Bacillota,Bacilli,Bacillales,Bacillaceae,Bacillus,p,soil,79.5454,8.7,18,0.16,30,17,20.67942236,17.07,0.6865,1.651411411,3.697612245811288,Klebsiella pneumoniae,3.206634074760247,0.490978171051041,4984.3926370925965,1609.2891186023567
15,Ag,Bacillus subtilis,non-pathogenic,chemical_synthesis,MBEC,spheroidal,Bacteria,Bacillota,Bacilli,Bacillales,Bacillaceae,Bacillus,p,soil,107.87,25.0,18,0.16,30,11,23.00188061,0.0,0.0,1.78376517,1.352934009758878,Klebsiella pneumoniae,0.8652241934566334,0.48770981630224464,22.538967107065393,7.332029327864957
16,ZnO,Bacillus subtilis,non-pathogenic,green_synthesis,MBC,quasi-spherical,Bacteria,Bacillota,Bacilli,Bacillales,Bacillaceae,Bacillus,p,soil,81.3794,20.0,3,0.16,30,8,22.60496136,17.07,0.6865,4.082482905,1.9357379701109272,Klebsiella pneumoniae,1.4518384078670556,0.48389956224387154,86.24580300535148,28.303386884641554
17,TiO2,Bacillus subtilis,non-pathogenic,chemical_synthesis,MBEC,spheroidal,Bacteria,Bacillota,Bacilli,Bacillales,Bacillaceae,Bacillus,p,soil,79.866,5.1,0,0.16,30,16,26.40611331,34.14,1.373,2.878049394,2.940047793404582,Klebsiella pneumoniae,2.465414714623519,0.47463307878106287,871.0594433631669,292.02142414613496
18,ZnO,Bacillus subtilis,non-pathogenic,green_synthesis,MBC,quasi-spherical,Bacteria,Bacillota,Bacilli,Bacillales,Bacillaceae,Bacillus,p,soil,81.3794,26.38,3,0.16,30,8,22.60496136,17.07,0.6865,4.082482905,1.9062585833820855,Klebsiella pneumoniae,1.4322281423164944,0.4740304410655911,80.58581145577897,27.053791728220784
19,Au,Bacillus subtilis,non-pathogenic,chemical_synthesis,MIC,cubic,Bacteria,Bacillota,Bacilli,Bacillales,Bacillaceae,Bacillus,p,soil,196.966569,6.0,4,0.16,30,11,23.00188061,0.0,0.0,2.46797672,2.5992632908532842,Klebsiella pneumoniae,2.134889109570483,0.46437418128280106,397.432419691364,136.42347557101482
20,Ag,Bacillus subtilis,non-pathogenic,chemical_synthesis,MIC,cubic,Bacteria,Bacillota,Bacilli,Bacillales,Bacillaceae,Bacillus,p,soil,107.87,10.4,4,0.16,30,11,23.00188061,0.0,0.0,1.78376517,1.8970684877665653,Klebsiella pneumoniae,1.435834102456229,0.46123438531033645,78.89845298090937,27.279355309006018
21,ZnO,Bacillus subtilis,non-pathogenic,chemical_synthesis,MBEC,quasi-hexagonal,Bacteria,Bacillota,Bacilli,Bacillales,Bacillaceae,Bacillus,p,soil,81.3794,11.3,2,0.16,30,8,22.60496136,17.07,0.6865,4.082482905,1.3188886371201742,Klebsiella pneumoniae,0.8586336106764744,0.46025502644369987,20.839564412436154,7.221603013469558
22,CuO,Bacillus subtilis,non-pathogenic,green_synthesis,MBC,quasi-spherical,Bacteria,Bacillota,Bacilli,Bacillales,Bacillaceae,Bacillus,p,soil,79.5454,28.0,0,0.16,30,17,20.67942236,17.07,0.6865,1.651411411,2.895163328764462,Klebsiella pneumoniae,2.4431364821947867,0.4520268465696753,785.531000290967,277.4191790367819
23,CeO2,Bacillus subtilis,non-pathogenic,chemical_synthesis,MIC,hexagonal,Bacteria,Bacillota,Bacilli,Bacillales,Bacillaceae,Bacillus,p,soil,172.115,12.0,2,0.16,30,16,39.19032095,34.14,1.373,4.456551526,3.076979483925792,Klebsiella pneumoniae,2.6249566138358733,0.4520228700899187,1193.9317017905344,421.65437791093416
24,ZnO,Bacillus subtilis,non-pathogenic,green_synthesis,MBC,spheroidal,Bacteria,Bacillota,Bacilli,Bacillales,Bacillaceae,Bacillus,p,soil,81.3794,8.7,3,0.16,30,8,22.60496136,17.07,0.6865,4.082482905,2.577363648870607,Klebsiella pneumoniae,2.125814363539901,0.45154928533070615,377.8884767798251,133.60243192383652
25,CeO2,Bacillus subtilis,non-pathogenic,chemical_synthesis,MIC,hexagonal,Bacteria,Bacillota,Bacilli,Bacillales,Bacillaceae,Bacillus,p,soil,172.115,11.3,2,0.16,30,16,39.19032095,34.14,1.373,4.456551526,3.0774743655988708,Klebsiella pneumoniae,2.6274875464195446,0.44998681917932615,1195.2929709578143,424.11882194707056
26,CuO,Bacillus subtilis,non-pathogenic,green_synthesis,MBEC,rod-shaped,Bacteria,Bacillota,Bacilli,Bacillales,Bacillaceae,Bacillus,p,soil,79.5454,5.1,1,0.16,30,17,20.67942236,17.07,0.6865,1.651411411,3.3458832812865493,Klebsiella pneumoniae,2.896750516146654,0.44913276513989553,2217.6003490343624,788.4070809072671
27,ZnO,Bacillus subtilis,non-pathogenic,green_synthesis,MBC,quasi-spherical,Bacteria,Bacillota,Bacilli,Bacillales,Bacillaceae,Bacillus,p,soil,81.3794,50.0,1,0.16,30,8,22.60496136,17.07,0.6865,4.082482905,0.8625566251770391,Klebsiella pneumoniae,0.41568800950176477,0.44686861567527436,7.287131810690743,2.6042820015662285
28,TiO2,Bacillus subtilis,non-pathogenic,green_synthesis,MBEC,spherical,Bacteria,Bacillota,Bacilli,Bacillales,Bacillaceae,Bacillus,p,soil,79.866,11.3,3,0.16,30,16,26.40611331,34.14,1.373,2.878049394,2.9309148914932877,Klebsiella pneumoniae,2.4858523040008675,0.4450625874924201,852.9329487277254,306.092229023441
29,CeO2,Bacillus subtilis,non-pathogenic,green_synthesis,MIC,quasi-hexagonal,Bacteria,Bacillota,Bacilli,Bacillales,Bacillaceae,Bacillus,p,soil,172.115,6.0,2,0.16,30,16,39.19032095,34.14,1.373,4.456551526,2.3904920908669616,Klebsiella pneumoniae,1.9464958628673097,0.4439962279996519,245.74918763125868,88.40887472425129
30,ZnO,Bacillus subtilis,non-pathogenic,green_synthesis,MBEC,quasi-hexagonal,Bacteria,Bacillota,Bacilli,Bacillales,Bacillaceae,Bacillus,p,soil,81.3794,18.5,4,0.16,30,8,22.60496136,17.07,0.6865,4.082482905,1.004845035365578,Klebsiella pneumoniae,0.5640838622981321,0.4407611730674459,10.112185676199502,3.6650834060414845
31,CuO,Bacillus subtilis,non-pathogenic,green_synthesis,MBC,quasi-spherical,Bacteria,Bacillota,Bacilli,Bacillales,Bacillaceae,Bacillus,p,soil,79.5454,20.0,3,0.16,30,17,20.67942236,17.07,0.6865,1.651411411,3.005829023665793,Klebsiella pneumoniae,2.5667233976691164,0.4391056259966768,1013.5123000014943,368.7426714091784
32,ZnO,Bacillus subtilis,non-pathogenic,chemical_synthesis,MBC,hexagonal,Bacteria,Bacillota,Bacilli,Bacillales,Bacillaceae,Bacillus,p,soil,81.3794,10.0,4,0.16,30,8,22.60496136,17.07,0.6865,4.082482905,1.9576252994068346,Klebsiella pneumoniae,1.5197787690470868,0.43784653035974785,90.70376185698193,33.096248522025675
33,Au,Bacillus subtilis,non-pathogenic,green_synthesis,MBC,quasi-spherical,Bacteria,Bacillota,Bacilli,Bacillales,Bacillaceae,Bacillus,p,soil,196.966569,40.0,4,0.16,30,11,23.00188061,0.0,0.0,2.46797672,0.5201003767688543,Klebsiella pneumoniae,0.08537897534620087,0.4347214014226535,3.312076633563466,1.2172477356816838
34,Ag,Bacillus subtilis,non-pathogenic,chemical_synthesis,MIC,quasi-hexagonal,Bacteria,Bacillota,Bacilli,Bacillales,Bacillaceae,Bacillus,p,soil,107.87,26.06,1,0.16,30,11,23.00188061,0.0,0.0,1.78376517,0.4221104614020206,Klebsiella pneumoniae,-0.011686987180630659,0.43379744858265123,2.643080930953564,0.9734485730139596
35,Ag,Bacillus subtilis,non-pathogenic,chemical_synthesis,MIC,hexagonal,Bacteria,Bacillota,Bacilli,Bacillales,Bacillaceae,Bacillus,p,soil,107.87,26.38,4,0.16,30,11,23.00188061,0.0,0.0,1.78376517,1.528482816313679,Klebsiella pneumoniae,1.2021262192683473,0.3263565970453317,33.766248811982756,15.926715388883702
36,ZnO,Bacillus subtilis,non-pathogenic,green_synthesis,MBEC,rod-shaped,Bacteria,Bacillota,Bacilli,Bacillales,Bacillaceae,Bacillus,p,soil,81.3794,38.0,1,0.16,30,8,22.60496136,17.07,0.6865,4.082482905,1.294286067083165,Klebsiella pneumoniae,1.012370005856802,0.28191606122636315,19.69182951212088,10.28892510341593
37,TiO2,Bacillus subtilis,non-pathogenic,green_synthesis,MBEC,spheroidal,Bacteria,Bacillota,Bacilli,Bacillales,Bacillaceae,Bacillus,p,soil,79.866,10.4,24,0.16,30,16,26.40611331,34.14,1.373,2.878049394,3.1869400418676,Klebsiella pneumoniae,2.918636426576759,0.2683036152908409,1537.942299328219,829.1563414007184
38,ZnO,Bacillus subtilis,non-pathogenic,green_synthesis,MIC,quasi-spherical,Bacteria,Bacillota,Bacilli,Bacillales,Bacillaceae,Bacillus,p,soil,81.3794,9.0,18,0.16,30,8,22.60496136,17.07,0.6865,4.082482905,1.4465599314673963,Klebsiella pneumoniae,1.1797225732079886,0.2668373582594077,27.961465616436843,15.125946960826228
39,Au,Bacillus subtilis,non-pathogenic,chemical_synthesis,MBEC,spheroidal,Bacteria,Bacillota,Bacilli,Bacillales,Bacillaceae,Bacillus,p,soil,196.966569,8.0,18,0.16,30,11,23.00188061,0.0,0.0,2.46797672,2.1451555639863242,Klebsiella pneumoniae,1.8891798573247782,0.255975706661546,139.68686288400758,77.47825973520969
40,ZnO,Bacillus subtilis,non-pathogenic,green_synthesis,MIC,quasi-hexagonal,Bacteria,Bacillota,Bacilli,Bacillales,Bacillaceae,Bacillus,p,soil,81.3794,27.43,3,0.16,30,8,22.60496136,17.07,0.6865,4.082482905,0.44806304950363596,Klebsiella pneumoniae,0.21328592535775193,0.23477712414588403,2.805840951527815,1.6341274501668865
41,Ag,Bacillus subtilis,non-pathogenic,chemical_synthesis,MIC,tetragonal,Bacteria,Bacillota,Bacilli,Bacillales,Bacillaceae,Bacillus,p,soil,107.87,12.5,2,0.16,30,11,23.00188061,0.0,0.0,1.78376517,0.09402211603372135,Klebsiella pneumoniae,-0.09458304833408815,0.1886051643678095,1.241715539166053,0.804297931285237
42,Ag,Bacillus subtilis,non-pathogenic,chemical_synthesis,MBEC,quasi-hexagonal,Bacteria,Bacillota,Bacilli,Bacillales,Bacillaceae,Bacillus,p,soil,107.87,45.26,1,0.16,30,11,23.00188061,0.0,0.0,1.78376517,0.45551941639931814,Klebsiella pneumoniae,0.3679767678899426,0.08754264850937554,2.85443012654376,2.333333239823388
43,ZnO,Bacillus subtilis,non-pathogenic,green_synthesis,MBEC,triangular,Bacteria,Bacillota,Bacilli,Bacillales,Bacillaceae,Bacillus,p,soil,81.3794,17.5,2,0.16,30,8,22.60496136,17.07,0.6865,4.082482905,0.5882475721854212,Klebsiella pneumoniae,0.5171732943949345,0.0710742777904867,3.8747846640911603,3.2898287711127545
44,Ag,Bacillus subtilis,non-pathogenic,green_synthesis,MIC,hexagonal,Bacteria,Bacillota,Bacilli,Bacillales,Bacillaceae,Bacillus,p,soil,107.8682,41.23,0,0.16,30,11,23.00188061,0.0,0.0,1.78376517,1.155317027659154,Klebsiella pneumoniae,1.1299130327066786,0.02540399495247536,14.299374078450356,13.486927803680327
45,TiO2,Bacillus subtilis,non-pathogenic,chemical_synthesis,MBC,rod-shaped,Bacteria,Bacillota,Bacilli,Bacillales,Bacillaceae,Bacillus,p,soil,79.866,41.23,3,0.16,30,16,26.40611331,34.14,1.373,2.878049394,2.4012975713270475,Klebsiella pneumoniae,2.380514841632659,0.020782729694388546,251.94025890786347,240.1678341732222
46,CuO,Bacillus subtilis,non-pathogenic,chemical_synthesis,MBEC,nanoplates,Bacteria,Bacillota,Bacilli,Bacillales,Bacillaceae,Bacillus,p,soil,79.5454,10.0,4,0.16,30,17,20.67942236,17.07,0.6865,1.651411411,3.3203635860215637,Klebsiella pneumoniae,3.304898045771492,0.01546554025007163,2091.045996368537,2017.892591065229
47,Ag2O,Bacillus subtilis,non-pathogenic,chemical_synthesis,MBC,quasi-hexagonal,Bacteria,Bacillota,Bacilli,Bacillales,Bacillaceae,Bacillus,p,soil,231.7358,11.3,4,0.16,30,28,46.55109718,17.07,0.6865,3.975778631,1.3517907601255357,Klebsiella pneumoniae,1.3550751004007182,-0.00328434027518254,22.479712889221553,22.650359552148803
48,ZnO,Bacillus subtilis,non-pathogenic,chemical_synthesis,MIC,cubic,Bacteria,Bacillota,Bacilli,Bacillales,Bacillaceae,Bacillus,p,soil,81.3794,18.5,3,0.16,30,8,22.60496136,17.07,0.6865,4.082482905,1.8562804454677997,Klebsiella pneumoniae,1.8661535886835854,-0.009873143215785696,71.82579563041251,73.47736756687412
49,Ag,Bacillus subtilis,non-pathogenic,chemical_synthesis,MBC,cubic,Bacteria,Bacillota,Bacilli,Bacillales,Bacillaceae,Bacillus,p,soil,107.87,18.5,0,0.16,30,11,23.00188061,0.0,0.0,1.78376517,1.5618743636258108,Klebsiella pneumoniae,1.5826168680141093,-0.0207425043882985,36.46484430857187,38.248716655145365
50,ZrO2,Bacillus subtilis,non-pathogenic,chemical_synthesis,MBEC,triangular,Bacteria,Bacillota,Bacilli,Bacillales,Bacillaceae,Bacillus,p,soil,123.2218,41.23,18,0.16,30,16,29.29254423,34.14,1.373,3.774536472,0.40942035138808364,Klebsiella pneumoniae,0.43163607470972476,-0.022215723321641123,2.566967389002135,2.701693480045876
51,ZnO,Bacillus subtilis,non-pathogenic,chemical_synthesis,MIC,spherical,Bacteria,Bacillota,Bacilli,Bacillales,Bacillaceae,Bacillus,p,soil,81.3794,22.5,3,0.16,30,8,22.60496136,17.07,0.6865,4.082482905,1.1942051847498556,Klebsiella pneumoniae,1.2302643499225931,-0.03605916517273755,15.638863345875578,16.992776679831966
52,CuO,Bacillus subtilis,non-pathogenic,chemical_synthesis,MBC,spherical,Bacteria,Bacillota,Bacilli,Bacillales,Bacillaceae,Bacillus,p,soil,79.5454,12.0,0,0.16,30,17,20.67942236,17.07,0.6865,1.651411411,2.621760849878674,Klebsiella pneumoniae,2.679285548700175,-0.05752469882150102,418.56301426954514,477.8433524833693
53,Ag,Bacillus subtilis,non-pathogenic,green_synthesis,MBEC,tetragonal,Bacteria,Bacillota,Bacilli,Bacillales,Bacillaceae,Bacillus,p,soil,107.87,13.0,24,0.16,30,11,23.00188061,0.0,0.0,1.78376517,0.924484253613846,Klebsiella pneumoniae,0.9897722882115265,-0.06528803459768051,8.403965359591979,9.767249646041527
54,ZnO,Bacillus subtilis,non-pathogenic,green_synthesis,MIC,triangular,Bacteria,Bacillota,Bacilli,Bacillales,Bacillaceae,Bacillus,p,soil,81.3794,35.0,0,0.16,30,8,22.60496136,17.07,0.6865,4.082482905,-0.6804057319019949,Klebsiella pneumoniae,-0.5755053237602783,-0.10490040814171664,0.20873451545464458,0.26576309710217544
55,Cu,Bacillus subtilis,non-pathogenic,chemical_synthesis,MBEC,cubic,Bacteria,Bacillota,Bacilli,Bacillales,Bacillaceae,Bacillus,p,soil,63.55,12.0,1,0.16,30,11,17.96409803,0.0,0.0,1.243163121,2.1260880064352916,Klebsiella pneumoniae,2.2469838538936533,-0.12089584745836168,133.686639478886,176.59721645343956
56,ZnO,Bacillus subtilis,non-pathogenic,chemical_synthesis,MIC,spheroidal,Bacteria,Bacillota,Bacilli,Bacillales,Bacillaceae,Bacillus,p,soil,81.3794,60.0,4,0.16,30,8,22.60496136,17.07,0.6865,4.082482905,0.8199995349543672,Klebsiella pneumoniae,1.005766565696015,-0.1857670307416479,6.606927405327122,10.133665524233352
57,Ag,Bacillus subtilis,non-pathogenic,green_synthesis,MIC,hexagonal,Bacteria,Bacillota,Bacilli,Bacillales,Bacillaceae,Bacillus,p,soil,107.8682,13.0,18,0.16,30,11,23.00188061,0.0,0.0,1.78376517,1.978713410681954,Klebsiella pneumoniae,2.218077611418594,-0.2393642007366401,95.2167624776583,165.22570415736874
58,ZnO,Bacillus subtilis,non-pathogenic,green_synthesis,MIC,hexagonal,Bacteria,Bacillota,Bacilli,Bacillales,Bacillaceae,Bacillus,p,soil,81.3794,28.0,24,0.16,30,8,22.60496136,17.07,0.6865,4.082482905,2.0916437274729796,Klebsiella pneumoniae,2.355371465051894,-0.26372773757891466,123.49339424389058,226.65821541928807
59,Ni,Bacillus subtilis,non-pathogenic,chemical_synthesis,MIC,quasi-hexagonal,Bacteria,Bacillota,Bacilli,Bacillales,Bacillaceae,Bacillus,p,soil,58.6934,11.3,24,0.16,30,10,17.41523038,0.0,0.0,1.303840481,1.9181448119150843,Klebsiella pneumoniae,2.2379562904857906,-0.31981147857070624,82.82182802338954,172.96422708231006
60,Ag,Bacillus subtilis,non-pathogenic,green_synthesis,MBC,hexagonal,Bacteria,Bacillota,Bacilli,Bacillales,Bacillaceae,Bacillus,p,soil,107.87,26.06,24,0.16,30,11,23.00188061,0.0,0.0,1.78376517,1.7009659484343398,Klebsiella pneumoniae,2.0444430937149654,-0.34347714528062556,50.2303204078162,110.7753405203427
61,ZnO,Bacillus subtilis,non-pathogenic,green_synthesis,MIC,rod-shaped,Bacteria,Bacillota,Bacilli,Bacillales,Bacillaceae,Bacillus,p,soil,81.3794,30.0,24,0.16,30,8,22.60496136,17.07,0.6865,4.082482905,1.4050597006344323,Klebsiella pneumoniae,1.872781772126009,-0.46772207149157663,25.413220263811755,74.60737709013895
