,np,bacteria,bac_type,np_synthesis,method,shape,kingdom,phylum,class,order,family,genus,gram,isolated_from,mol_weight (g/mol),np_size_avg (nm),time_set,"min_Incub_period, h","growth_temp, C",Valance_electron,labuteASA,tpsa,CrippenMR,chi0v,pred_MIC_norm,pathogenic_bacteria,pred_MIC_pathogen,Fitness,pred_norm_MIC_original,pred_path_MIC_original
0,TiO2,Bacillus subtilis,non-pathogenic,green_synthesis,MBEC,quasi-hexagonal,Bacteria,Bacillota,Bacilli,Bacillales,Bacillaceae,Bacillus,p,soil,79.866,6.0,0,0.16,30,16,26.40611331,34.14,1.373,2.878049394,2.463153995935882,Klebsiella pneumoniae,1.6974296209873874,0.7657243749484945,290.5052570804431,49.82297094774907
1,ZnO,Bacillus subtilis,non-pathogenic,green_synthesis,MBC,quasi-spherical,Bacteria,Bacillota,Bacilli,Bacillales,Bacillaceae,Bacillus,p,soil,81.3794,9.0,1,0.16,30,8,22.60496136,17.07,0.6865,4.082482905,2.15795602580081,Klebsiella pneumoniae,1.4505966608057757,0.7073593649950343,143.865290103719,28.222576623196787
2,ZnO,Bacillus subtilis,non-pathogenic,green_synthesis,MBC,cubic,Bacteria,Bacillota,Bacilli,Bacillales,Bacillaceae,Bacillus,p,soil,81.3794,8.0,3,0.16,30,8,22.60496136,17.07,0.6865,4.082482905,2.5216152088136865,Klebsiella pneumoniae,1.8555775755587571,0.6660376332549294,332.3649426569285,71.70964550113901
3,ZnO,Bacillus subtilis,non-pathogenic,green_synthesis,MBEC,spheroidal,Bacteria,Bacillota,Bacilli,Bacillales,Bacillaceae,Bacillus,p,soil,81.3794,9.0,18,0.16,30,8,22.60496136,17.07,0.6865,4.082482905,2.48358901018749,Klebsiella pneumoniae,1.8746076304368327,0.6089813797506571,304.5012012035913,74.92170126378123
4,Ag,Bacillus subtilis,non-pathogenic,chemical_synthesis,MIC,rod-shaped,Bacteria,Bacillota,Bacilli,Bacillales,Bacillaceae,Bacillus,p,soil,107.87,6.0,0,0.16,30,11,23.00188061,0.0,0.0,1.78376517,1.3863664349091236,Klebsiella pneumoniae,0.8834190942217176,0.502947340687406,24.342570412688463,7.645732409569424
5,ZnO,Bacillus subtilis,non-pathogenic,green_synthesis,MBEC,hexagonal,Bacteria,Bacillota,Bacilli,Bacillales,Bacillaceae,Bacillus,p,soil,81.3794,10.4,2,0.16,30,8,22.60496136,17.07,0.6865,4.082482905,2.6298683846198645,Klebsiella pneumoniae,2.1367917104354515,0.49307667418441303,426.45026107145344,137.02244428145735
6,CuO,Bacillus subtilis,non-pathogenic,green_synthesis,MBEC,spherical,Bacteria,Bacillota,Bacilli,Bacillales,Bacillaceae,Bacillus,p,soil,79.5454,6.0,1,0.16,30,17,20.67942236,17.07,0.6865,1.651411411,3.441955643258362,Klebsiella pneumoniae,2.956091765430836,0.48586387782752594,2766.6590577817637,903.8404329634533
7,TiO2,Bacillus subtilis,non-pathogenic,chemical_synthesis,MBEC,spheroidal,Bacteria,Bacillota,Bacilli,Bacillales,Bacillaceae,Bacillus,p,soil,79.866,5.1,0,0.16,30,16,26.40611331,34.14,1.373,2.878049394,2.940047793404582,Klebsiella pneumoniae,2.465414714623519,0.47463307878106287,871.0594433631669,292.02142414613496
8,ZnO,Bacillus subtilis,non-pathogenic,green_synthesis,MIC,quasi-spherical,Bacteria,Bacillota,Bacilli,Bacillales,Bacillaceae,Bacillus,p,soil,81.3794,11.3,2,0.16,30,8,22.60496136,17.07,0.6865,4.082482905,1.5379143155886295,Klebsiella pneumoniae,1.102620414606909,0.4352939009817205,34.507565069505624,12.665443871081749
9,Ag,Bacillus subtilis,non-pathogenic,chemical_synthesis,MIC,nanoplates,Bacteria,Bacillota,Bacilli,Bacillales,Bacillaceae,Bacillus,p,soil,107.87,8.7,3,0.16,30,11,23.00188061,0.0,0.0,1.78376517,2.007997909182712,Klebsiella pneumoniae,1.5762186214909704,0.43177928769174145,101.85864842769656,37.689347737441885
10,ZnO,Bacillus subtilis,non-pathogenic,chemical_synthesis,MBEC,rod-shaped,Bacteria,Bacillota,Bacilli,Bacillales,Bacillaceae,Bacillus,p,soil,81.3794,8.7,2,0.16,30,8,22.60496136,17.07,0.6865,4.082482905,1.891983574580975,Klebsiella pneumoniae,1.468950809503659,0.423032765077316,77.98006171848773,29.440881518748288
11,TiO2,Bacillus subtilis,non-pathogenic,chemical_synthesis,MBC,hexagonal,Bacteria,Bacillota,Bacilli,Bacillales,Bacillaceae,Bacillus,p,soil,79.866,9.0,2,0.16,30,16,26.40611331,34.14,1.373,2.878049394,3.006162821320072,Klebsiella pneumoniae,2.5844888783580435,0.42167394296202865,1014.2915824632661,384.1394218080525
12,Ag,Bacillus subtilis,non-pathogenic,chemical_synthesis,MIC,tetragonal,Bacteria,Bacillota,Bacilli,Bacillales,Bacillaceae,Bacillus,p,soil,107.87,11.3,3,0.16,30,11,23.00188061,0.0,0.0,1.78376517,0.1300539207379161,Klebsiella pneumoniae,-0.2636668306806804,0.3937207514185965,1.3491303762916207,0.5449205287045038
13,Ag,Bacillus subtilis,non-pathogenic,chemical_synthesis,MIC,triangular,Bacteria,Bacillota,Bacilli,Bacillales,Bacillaceae,Bacillus,p,soil,107.87,9.0,24,0.16,30,11,23.00188061,0.0,0.0,1.78376517,-0.1754363962779084,Klebsiella pneumoniae,-0.5662108815211191,0.3907744852432107,0.6676726764590741,0.27151205604234024
14,TiO2,Bacillus subtilis,non-pathogenic,green_synthesis,MBC,spherical,Bacteria,Bacillota,Bacilli,Bacillales,Bacillaceae,Bacillus,p,soil,79.866,22.5,0,0.16,30,16,26.40611331,34.14,1.373,2.878049394,2.6975367133426182,Klebsiella pneumoniae,2.322426171369118,0.37511054197350013,498.3525827222123,210.1000575511906
15,ZnO,Bacillus subtilis,non-pathogenic,green_synthesis,MBEC,quasi-spherical,Bacteria,Bacillota,Bacilli,Bacillales,Bacillaceae,Bacillus,p,soil,81.3794,27.43,3,0.16,30,8,22.60496136,17.07,0.6865,4.082482905,1.9525491998320852,Klebsiella pneumoniae,1.5869075463878257,0.3656416534442595,89.64977415576784,38.62847351140383
16,ZnO,Bacillus subtilis,non-pathogenic,green_synthesis,MBC,rod-shaped,Bacteria,Bacillota,Bacilli,Bacillales,Bacillaceae,Bacillus,p,soil,81.3794,79.0,1,0.16,30,8,22.60496136,17.07,0.6865,4.082482905,1.196132295113264,Klebsiella pneumoniae,0.8491496242449692,0.3469826708682948,15.708412423050653,7.06560938515391
17,CuO,Bacillus subtilis,non-pathogenic,green_synthesis,MBEC,quasi-hexagonal,Bacteria,Bacillota,Bacilli,Bacillales,Bacillaceae,Bacillus,p,soil,79.5454,13.0,4,0.16,30,17,20.67942236,17.07,0.6865,1.651411411,2.782277970169181,Klebsiella pneumoniae,2.436825954506089,0.345452015663092,605.7284471809687,273.4172774510923
18,ZnO,Bacillus subtilis,non-pathogenic,green_synthesis,MBEC,quasi-spherical,Bacteria,Bacillota,Bacilli,Bacillales,Bacillaceae,Bacillus,p,soil,81.3794,100.0,1,0.16,30,8,22.60496136,17.07,0.6865,4.082482905,1.1799897713337026,Klebsiella pneumoniae,0.8398165213023723,0.34017325003133037,15.135256008945934,6.915387511444021
19,Ag,Bacillus subtilis,non-pathogenic,chemical_synthesis,MIC,hexagonal,Bacteria,Bacillota,Bacilli,Bacillales,Bacillaceae,Bacillus,p,soil,107.87,27.43,4,0.16,30,11,23.00188061,0.0,0.0,1.78376517,1.4561117971396058,Klebsiella pneumoniae,1.1465426851850715,0.3095691119545343,28.583262459573778,14.013373103900587
20,CeO2,Bacillus subtilis,non-pathogenic,green_synthesis,MIC,cubic,Bacteria,Bacillota,Bacilli,Bacillales,Bacillaceae,Bacillus,p,soil,172.115,44.45,4,0.16,30,16,39.19032095,34.14,1.373,4.456551526,1.8767231078189595,Klebsiella pneumoniae,1.5734475733663307,0.3032755344526288,75.28754015622157,37.44963363135343
21,Ag,Bacillus subtilis,non-pathogenic,chemical_synthesis,MIC,tetragonal,Bacteria,Bacillota,Bacilli,Bacillales,Bacillaceae,Bacillus,p,soil,107.8682,11.3,18,0.16,30,11,23.00188061,0.0,0.0,1.78376517,0.619930502069792,Klebsiella pneumoniae,0.32235867492626036,0.2975718271435317,4.168026793270326,2.100674071142243
22,CuO,Bacillus subtilis,non-pathogenic,green_synthesis,MBC,hexagonal,Bacteria,Bacillota,Bacilli,Bacillales,Bacillaceae,Bacillus,p,soil,79.5454,18.0,1,0.16,30,17,20.67942236,17.07,0.6865,1.651411411,3.167297466280221,Klebsiella pneumoniae,2.8726464538395384,0.2946510124406827,1469.9327507462428,745.8413440531401
23,ZnO,Bacillus subtilis,non-pathogenic,green_synthesis,MBC,tetragonal,Bacteria,Bacillota,Bacilli,Bacillales,Bacillaceae,Bacillus,p,soil,81.3794,12.0,0,0.16,30,8,22.60496136,17.07,0.6865,4.082482905,1.7779708080500445,Klebsiella pneumoniae,1.4903506201964305,0.287620187853614,59.975076148437736,30.92791336871362
24,ZrO2,Bacillus subtilis,non-pathogenic,green_synthesis,MBC,spheroidal,Bacteria,Bacillota,Bacilli,Bacillales,Bacillaceae,Bacillus,p,soil,123.2218,60.0,18,0.16,30,16,29.29254423,34.14,1.373,3.774536472,1.96284931484943,Klebsiella pneumoniae,1.680276043297984,0.28257327155144596,91.8014022134286,47.89344126238315
25,ZnO,Bacillus subtilis,non-pathogenic,chemical_synthesis,MBC,triangular,Bacteria,Bacillota,Bacilli,Bacillales,Bacillaceae,Bacillus,p,soil,81.3794,5.1,3,0.16,30,8,22.60496136,17.07,0.6865,4.082482905,0.7185460014859153,Klebsiella pneumoniae,0.4363941803838294,0.2821518211020859,5.230533662823149,2.731455819894989
26,ZnO,Bacillus subtilis,non-pathogenic,chemical_synthesis,MBC,quasi-hexagonal,Bacteria,Bacillota,Bacilli,Bacillales,Bacillaceae,Bacillus,p,soil,81.3794,13.0,3,0.16,30,8,22.60496136,17.07,0.6865,4.082482905,0.7595846731333067,Klebsiella pneumoniae,0.4800395082604483,0.2795451648728584,5.748898925318468,3.0202264613238294
27,Au,Bacillus subtilis,non-pathogenic,chemical_synthesis,MBEC,tetragonal,Bacteria,Bacillota,Bacilli,Bacillales,Bacillaceae,Bacillus,p,soil,196.966569,44.45,18,0.16,30,11,23.00188061,0.0,0.0,2.46797672,0.6612503151396483,Klebsiella pneumoniae,0.39218651025758255,0.2690638048820657,4.584060229414584,2.467098619420948
28,ZnO,Bacillus subtilis,non-pathogenic,green_synthesis,MBEC,cubic,Bacteria,Bacillota,Bacilli,Bacillales,Bacillaceae,Bacillus,p,soil,81.3794,12.5,1,0.16,30,8,22.60496136,17.07,0.6865,4.082482905,2.5484544020905386,Klebsiella pneumoniae,2.2817951002834826,0.266659301807056,353.5528985485926,191.33529939448601
29,Au,Bacillus subtilis,non-pathogenic,chemical_synthesis,MIC,nanoplates,Bacteria,Bacillota,Bacilli,Bacillales,Bacillaceae,Bacillus,p,soil,196.966569,60.0,1,0.16,30,11,23.00188061,0.0,0.0,2.46797672,1.7720445925390735,Klebsiella pneumoniae,1.5259096510669317,0.24613494147214188,59.162237772787236,33.566777596159234
30,ZnO,Bacillus subtilis,non-pathogenic,green_synthesis,MIC,quasi-hexagonal,Bacteria,Bacillota,Bacilli,Bacillales,Bacillaceae,Bacillus,p,soil,81.3794,28.0,3,0.16,30,8,22.60496136,17.07,0.6865,4.082482905,0.44806304950363596,Klebsiella pneumoniae,0.21328592535775193,0.23477712414588403,2.805840951527815,1.6341274501668865
31,Ag,Bacillus subtilis,non-pathogenic,green_synthesis,MBC,nanoplates,Bacteria,Bacillota,Bacilli,Bacillales,Bacillaceae,Bacillus,p,soil,107.87,44.45,4,0.16,30,11,23.00188061,0.0,0.0,1.78376517,0.9352828451394521,Klebsiella pneumoniae,0.7157196524607774,0.21956319267867475,8.615546785308695,5.1966043492242076
32,Au,Bacillus subtilis,non-pathogenic,green_synthesis,MBEC,spheroidal,Bacteria,Bacillota,Bacilli,Bacillales,Bacillaceae,Bacillus,p,soil,196.966569,44.45,0,0.16,30,11,23.00188061,0.0,0.0,2.46797672,1.4302655131370368,Klebsiella pneumoniae,1.2151713095662942,0.2150942035707426,26.931808214942574,16.41237039448668
33,ZnO,Bacillus subtilis,non-pathogenic,chemical_synthesis,MIC,triangular,Bacteria,Bacillota,Bacilli,Bacillales,Bacillaceae,Bacillus,p,soil,81.3794,5.1,3,0.16,30,8,22.60496136,17.07,0.6865,4.082482905,-0.18475934978805664,Klebsiella pneumoniae,-0.39866312686239747,0.21390377707434083,0.6534925640648674,0.3993345376985667
34,CuO,Bacillus subtilis,non-pathogenic,chemical_synthesis,MBC,quasi-hexagonal,Bacteria,Bacillota,Bacilli,Bacillales,Bacillaceae,Bacillus,p,soil,79.5454,5.1,4,0.16,30,17,20.67942236,17.07,0.6865,1.651411411,2.0431657983575127,Klebsiella pneumoniae,1.8311776752540991,0.21198812310341353,110.4500198751657,67.79187958655845
35,Au,Bacillus subtilis,non-pathogenic,chemical_synthesis,MIC,quasi-spherical,Bacteria,Bacillota,Bacilli,Bacillales,Bacillaceae,Bacillus,p,soil,196.966569,79.0,3,0.16,30,11,23.00188061,0.0,0.0,2.46797672,0.926468419314403,Klebsiella pneumoniae,0.7172569510569515,0.20921146825745152,8.442448485419531,5.215031680685964
36,ZnO,Bacillus subtilis,non-pathogenic,green_synthesis,MBEC,hexagonal,Bacteria,Bacillota,Bacilli,Bacillales,Bacillaceae,Bacillus,p,soil,81.3794,25.0,3,0.16,30,8,22.60496136,17.07,0.6865,4.082482905,2.3733315220316213,Klebsiella pneumoniae,2.178687667463238,0.1946438545683833,236.22808103052773,150.89945368519685
37,Ag,Bacillus subtilis,non-pathogenic,green_synthesis,MBEC,hexagonal,Bacteria,Bacillota,Bacilli,Bacillales,Bacillaceae,Bacillus,p,soil,107.87,5.1,1,0.16,30,11,23.00188061,0.0,0.0,1.78376517,2.4443309086135705,Klebsiella pneumoniae,2.2512024678684677,0.19312844074510283,278.18320641552174,178.3209905253658
38,Au,Bacillus subtilis,non-pathogenic,green_synthesis,MBEC,quasi-spherical,Bacteria,Bacillota,Bacilli,Bacillales,Bacillaceae,Bacillus,p,soil,196.966569,12.0,3,0.16,30,11,23.00188061,0.0,0.0,2.46797672,2.0043856534429048,Klebsiella pneumoniae,1.811521737346318,0.19286391609658682,101.01495005448466,64.79205242333323
39,Pt,Bacillus subtilis,non-pathogenic,chemical_synthesis,MIC,rod-shaped,Bacteria,Bacillota,Bacilli,Bacillales,Bacillaceae,Bacillus,p,soil,195.084,22.5,4,0.16,30,10,21.75656585,0.0,0.0,2.588435821,0.6279913085667486,Klebsiella pneumoniae,0.43555880148778625,0.1924325070789623,4.246110662199492,2.726206829885236
40,ZnO,Bacillus subtilis,non-pathogenic,chemical_synthesis,MBEC,quasi-hexagonal,Bacteria,Bacillota,Bacilli,Bacillales,Bacillaceae,Bacillus,p,soil,81.3794,22.5,2,0.16,30,8,22.60496136,17.07,0.6865,4.082482905,0.9291842760425756,Klebsiella pneumoniae,0.7381384784282423,0.19104579761433327,8.495408683350345,5.471904113199867
41,CeO2,Bacillus subtilis,non-pathogenic,green_synthesis,MBC,hexagonal,Bacteria,Bacillota,Bacilli,Bacillales,Bacillaceae,Bacillus,p,soil,172.115,8.7,2,0.16,30,16,39.19032095,34.14,1.373,4.456551526,3.212888769144697,Klebsiella pneumoniae,3.023245744500694,0.18964302464400262,1632.6337466206562,1054.983687541845
42,Ag,Bacillus subtilis,non-pathogenic,chemical_synthesis,MIC,quasi-spherical,Bacteria,Bacillota,Bacilli,Bacillales,Bacillaceae,Bacillus,p,soil,107.8682,5.1,3,0.16,30,11,23.00188061,0.0,0.0,1.78376517,2.0990270860762696,Klebsiella pneumoniae,1.914424411595098,0.18460267448117174,125.61083022088135,82.11536196480542
43,Au,Bacillus subtilis,non-pathogenic,green_synthesis,MBC,quasi-hexagonal,Bacteria,Bacillota,Bacilli,Bacillales,Bacillaceae,Bacillus,p,soil,196.966569,8.7,2,0.16,30,11,23.00188061,0.0,0.0,2.46797672,0.9582294418761451,Klebsiella pneumoniae,0.7759098954873227,0.18231954638882242,9.08300267051084,5.969114305469695
44,Au,Bacillus subtilis,non-pathogenic,chemical_synthesis,MIC,nanoplates,Bacteria,Bacillota,Bacilli,Bacillales,Bacillaceae,Bacillus,p,soil,196.966569,13.0,3,0.16,30,11,23.00188061,0.0,0.0,2.46797672,2.570304270126276,Klebsiella pneumoniae,2.4211553554555527,0.14914891467072344,371.7956208034194,263.7274620760385
45,ZnO,Bacillus subtilis,non-pathogenic,chemical_synthesis,MBC,spherical,Bacteria,Bacillota,Bacilli,Bacillales,Bacillaceae,Bacillus,p,soil,81.3794,50.0,3,0.16,30,8,22.60496136,17.07,0.6865,4.082482905,1.9041479852026924,Klebsiella pneumoniae,1.7674757968422032,0.1366721883604891,80.19512805491887,58.54311094350321
46,Ag,Bacillus subtilis,non-pathogenic,green_synthesis,MBC,cubic,Bacteria,Bacillota,Bacilli,Bacillales,Bacillaceae,Bacillus,p,soil,107.87,9.0,4,0.16,30,11,23.00188061,0.0,0.0,1.78376517,2.0191355661677037,Klebsiella pneumoniae,1.8855751594769656,0.1335604066907381,104.50463822957036,76.83784205813745
47,ZnO,Bacillus subtilis,non-pathogenic,green_synthesis,MIC,tetragonal,Bacteria,Bacillota,Bacilli,Bacillales,Bacillaceae,Bacillus,p,soil,81.3794,12.5,24,0.16,30,8,22.60496136,17.07,0.6865,4.082482905,0.9764084035168108,Klebsiella pneumoniae,0.8705847117184401,0.1058236917983707,9.471274060306078,7.423089753935824
48,Ag,Bacillus subtilis,non-pathogenic,green_synthesis,MBEC,quasi-spherical,Bacteria,Bacillota,Bacilli,Bacillales,Bacillaceae,Bacillus,p,soil,107.8682,25.0,2,0.16,30,11,23.00188061,0.0,0.0,1.78376517,1.482819249799776,Klebsiella pneumoniae,1.3962799901189822,0.0865392596807939,30.396196948056122,24.9046240461375
49,ZnO,Bacillus subtilis,non-pathogenic,chemical_synthesis,MBC,nanoplates,Bacteria,Bacillota,Bacilli,Bacillales,Bacillaceae,Bacillus,p,soil,81.3794,30.0,4,0.16,30,8,22.60496136,17.07,0.6865,4.082482905,1.5762968543932159,Klebsiella pneumoniae,1.4908077508585533,0.08548910353466255,37.69613762948201,30.960484680282946
50,Pd,Bacillus subtilis,non-pathogenic,green_synthesis,MBEC,spherical,Bacteria,Bacillota,Bacilli,Bacillales,Bacillaceae,Bacillus,p,soil,195.084,25.0,0,0.16,30,10,21.14774404,0.0,0.0,1.870828693,1.9750603652832313,Klebsiella pneumoniae,1.8904367308213066,0.08462363446192467,94.41921062815497,77.70281110195793
51,CuO,Bacillus subtilis,non-pathogenic,chemical_synthesis,MBC,quasi-spherical,Bacteria,Bacillota,Bacilli,Bacillales,Bacillaceae,Bacillus,p,soil,79.5454,25.0,2,0.16,30,17,20.67942236,17.07,0.6865,1.651411411,2.361549834633577,Klebsiella pneumoniae,2.2878556221916213,0.07369421244195573,229.90575074930098,194.02407524817315
52,Ag,Bacillus subtilis,non-pathogenic,green_synthesis,MBEC,spherical,Bacteria,Bacillota,Bacilli,Bacillales,Bacillaceae,Bacillus,p,soil,107.87,18.0,4,0.16,30,11,23.00188061,0.0,0.0,1.78376517,1.6181972179992192,Klebsiella pneumoniae,1.5597092580391998,0.05848795996001943,41.51425207147794,36.283507056659076
53,Ag,Bacillus subtilis,non-pathogenic,chemical_synthesis,MBC,spheroidal,Bacteria,Bacillota,Bacilli,Bacillales,Bacillaceae,Bacillus,p,soil,107.87,25.0,4,0.16,30,11,23.00188061,0.0,0.0,1.78376517,1.2539041806816726,Klebsiella pneumoniae,1.2425010174846256,0.01140316319704704,17.94337694601767,17.47837357325315
54,ZnO,Bacillus subtilis,non-pathogenic,chemical_synthesis,MBC,tetragonal,Bacteria,Bacillota,Bacilli,Bacillales,Bacillaceae,Bacillus,p,soil,81.3794,44.45,1,0.16,30,8,22.60496136,17.07,0.6865,4.082482905,1.1251399448852235,Klebsiella pneumoniae,1.2363642409217712,-0.11122429603654771,13.339512086915626,17.233133045441775
55,Ag,Bacillus subtilis,non-pathogenic,green_synthesis,MIC,cubic,Bacteria,Bacillota,Bacilli,Bacillales,Bacillaceae,Bacillus,p,soil,107.87,27.43,24,0.16,30,11,23.00188061,0.0,0.0,1.78376517,1.8061441721689273,Klebsiella pneumoniae,1.9292539710570604,-0.12310979888813312,63.99472426703262,84.96772124902525
56,Ag,Bacillus subtilis,non-pathogenic,chemical_synthesis,MBC,spheroidal,Bacteria,Bacillota,Bacilli,Bacillales,Bacillaceae,Bacillus,p,soil,107.8682,26.06,4,0.16,30,11,23.00188061,0.0,0.0,1.78376517,1.527945440680202,Klebsiella pneumoniae,1.6768268700570759,-0.14888142937687388,33.72449387669102,47.514577301883506
57,Pd,Bacillus subtilis,non-pathogenic,green_synthesis,MBEC,cubic,Bacteria,Bacillota,Bacilli,Bacillales,Bacillaceae,Bacillus,p,soil,195.084,28.0,18,0.16,30,10,21.14774404,0.0,0.0,1.870828693,1.8652817408380153,Klebsiella pneumoniae,2.0170094276794086,-0.15172768684139326,73.33000942891051,103.99427406964739
58,CuO,Bacillus subtilis,non-pathogenic,chemical_synthesis,MIC,triangular,Bacteria,Bacillota,Bacilli,Bacillales,Bacillaceae,Bacillus,p,soil,79.5454,22.5,18,0.16,30,17,20.67942236,17.07,0.6865,1.651411411,0.7059621615316753,Klebsiella pneumoniae,0.9144236416059759,-0.20846148007430054,5.081151704406842,8.211521637723282
59,Cu,Bacillus subtilis,non-pathogenic,green_synthesis,MIC,nanoplates,Bacteria,Bacillota,Bacilli,Bacillales,Bacillaceae,Bacillus,p,soil,63.55,12.5,3,0.16,30,11,17.96409803,0.0,0.0,1.243163121,1.8387986819682118,Klebsiella pneumoniae,2.051479444191386,-0.2126807622231741,68.99199160164757,112.58471795997386
60,ZnO,Bacillus subtilis,non-pathogenic,green_synthesis,MIC,nanoplates,Bacteria,Bacillota,Bacilli,Bacillales,Bacillaceae,Bacillus,p,soil,81.3794,35.0,24,0.16,30,8,22.60496136,17.07,0.6865,4.082482905,1.8854887400420244,Klebsiella pneumoniae,2.1893041645222575,-0.30381542448023313,76.82255376288018,154.63370602627134
