,np,bacteria,bac_type,np_synthesis,method,shape,kingdom,phylum,class,order,family,genus,gram,isolated_from,mol_weight (g/mol),np_size_avg (nm),time_set,"min_Incub_period, h","growth_temp, C",Valance_electron,labuteASA,tpsa,CrippenMR,chi0v,pred_MIC_norm,pathogenic_bacteria,pred_MIC_pathogen,Fitness,pred_norm_MIC_original,pred_path_MIC_original
0,ZnO,Bacillus subtilis,non-pathogenic,green_synthesis,MBC,quasi-spherical,Bacteria,Bacillota,Bacilli,Bacillales,Bacillaceae,Bacillus,p,soil,81.3794,9.0,1,0.16,30,8,22.60496136,17.07,0.6865,4.082482905,2.15795602580081,Klebsiella pneumoniae,1.4505966608057757,0.7073593649950343,143.865290103719,28.222576623196787
1,ZnO,Bacillus subtilis,non-pathogenic,green_synthesis,MBC,spheroidal,Bacteria,Bacillota,Bacilli,Bacillales,Bacillaceae,Bacillus,p,soil,81.3794,5.1,0,0.16,30,8,22.60496136,17.07,0.6865,4.082482905,2.637963569973498,Klebsiella pneumoniae,2.0950853872608217,0.5428781827126761,434.4737775765603,124.47593216293043
2,ZnO,Bacillus subtilis,non-pathogenic,green_synthesis,MBC,spheroidal,Bacteria,Bacillota,Bacilli,Bacillales,Bacillaceae,Bacillus,p,soil,81.3794,5.1,0,0.16,30,8,22.60496136,17.07,0.6865,4.082482905,2.637963569973498,Klebsiella pneumoniae,2.0950853872608217,0.5428781827126761,434.4737775765603,124.47593216293043
3,CuO,Bacillus subtilis,non-pathogenic,green_synthesis,MBEC,spherical,Bacteria,Bacillota,Bacilli,Bacillales,Bacillaceae,Bacillus,p,soil,79.5454,6.0,1,0.16,30,17,20.67942236,17.07,0.6865,1.651411411,3.441955643258362,Klebsiella pneumoniae,2.956091765430836,0.48586387782752594,2766.6590577817637,903.8404329634533
4,ZnO,Bacillus subtilis,non-pathogenic,green_synthesis,MIC,quasi-spherical,Bacteria,Bacillota,Bacilli,Bacillales,Bacillaceae,Bacillus,p,soil,81.3794,11.3,2,0.16,30,8,22.60496136,17.07,0.6865,4.082482905,1.5379143155886295,Klebsiella pneumoniae,1.102620414606909,0.4352939009817205,34.507565069505624,12.665443871081749
5,Ag,Bacillus subtilis,non-pathogenic,chemical_synthesis,MIC,nanoplates,Bacteria,Bacillota,Bacilli,Bacillales,Bacillaceae,Bacillus,p,soil,107.87,8.7,3,0.16,30,11,23.00188061,0.0,0.0,1.78376517,2.007997909182712,Klebsiella pneumoniae,1.5762186214909704,0.43177928769174145,101.85864842769656,37.689347737441885
6,Ag,Bacillus subtilis,non-pathogenic,chemical_synthesis,MIC,nanoplates,Bacteria,Bacillota,Bacilli,Bacillales,Bacillaceae,Bacillus,p,soil,107.87,8.7,3,0.16,30,11,23.00188061,0.0,0.0,1.78376517,2.007997909182712,Klebsiella pneumoniae,1.5762186214909704,0.43177928769174145,101.85864842769656,37.689347737441885
7,ZnO,Bacillus subtilis,non-pathogenic,chemical_synthesis,MBEC,rod-shaped,Bacteria,Bacillota,Bacilli,Bacillales,Bacillaceae,Bacillus,p,soil,81.3794,8.7,2,0.16,30,8,22.60496136,17.07,0.6865,4.082482905,1.891983574580975,Klebsiella pneumoniae,1.468950809503659,0.423032765077316,77.98006171848773,29.440881518748288
8,Ag,Bacillus subtilis,non-pathogenic,green_synthesis,MBEC,triangular,Bacteria,Bacillota,Bacilli,Bacillales,Bacillaceae,Bacillus,p,soil,107.8682,28.0,18,0.16,30,11,23.00188061,0.0,0.0,1.78376517,-0.25756386399250886,Klebsiella pneumoniae,-0.6494121473952208,0.39184828340271194,0.5526321361549437,0.22417534799665867
9,ZnO,Bacillus subtilis,non-pathogenic,green_synthesis,MBEC,quasi-spherical,Bacteria,Bacillota,Bacilli,Bacillales,Bacillaceae,Bacillus,p,soil,81.3794,18.5,0,0.16,30,8,22.60496136,17.07,0.6865,4.082482905,2.0594572372681883,Klebsiella pneumoniae,1.6745973374562295,0.3848598998119588,114.67196043138608,47.27127730886534
10,TiO2,Bacillus subtilis,non-pathogenic,green_synthesis,MBC,spherical,Bacteria,Bacillota,Bacilli,Bacillales,Bacillaceae,Bacillus,p,soil,79.866,22.5,0,0.16,30,16,26.40611331,34.14,1.373,2.878049394,2.6975367133426182,Klebsiella pneumoniae,2.322426171369118,0.37511054197350013,498.3525827222123,210.1000575511906
11,ZnO,Bacillus subtilis,non-pathogenic,green_synthesis,MBEC,quasi-hexagonal,Bacteria,Bacillota,Bacilli,Bacillales,Bacillaceae,Bacillus,p,soil,81.3794,26.06,0,0.16,30,8,22.60496136,17.07,0.6865,4.082482905,1.130223685913728,Klebsiella pneumoniae,0.7658181653261914,0.3644055205875366,13.496578527752556,5.83200872886463
12,Ag,Bacillus subtilis,non-pathogenic,chemical_synthesis,MIC,tetragonal,Bacteria,Bacillota,Bacilli,Bacillales,Bacillaceae,Bacillus,p,soil,107.87,40.0,3,0.16,30,11,23.00188061,0.0,0.0,1.78376517,-0.5344863215532816,Klebsiella pneumoniae,-0.8965776427409478,0.3620913211876662,0.2920879754166507,0.12688852741028528
13,CuO,Bacillus subtilis,non-pathogenic,green_synthesis,MBEC,quasi-hexagonal,Bacteria,Bacillota,Bacilli,Bacillales,Bacillaceae,Bacillus,p,soil,79.5454,13.0,4,0.16,30,17,20.67942236,17.07,0.6865,1.651411411,2.782277970169181,Klebsiella pneumoniae,2.436825954506089,0.345452015663092,605.7284471809687,273.4172774510923
14,ZnO,Bacillus subtilis,non-pathogenic,green_synthesis,MBEC,quasi-spherical,Bacteria,Bacillota,Bacilli,Bacillales,Bacillaceae,Bacillus,p,soil,81.3794,100.0,1,0.16,30,8,22.60496136,17.07,0.6865,4.082482905,1.1799897713337026,Klebsiella pneumoniae,0.8398165213023723,0.34017325003133037,15.135256008945934,6.915387511444021
15,ZnO,Bacillus subtilis,non-pathogenic,chemical_synthesis,MBEC,quasi-hexagonal,Bacteria,Bacillota,Bacilli,Bacillales,Bacillaceae,Bacillus,p,soil,81.3794,20.0,0,0.16,30,8,22.60496136,17.07,0.6865,4.082482905,1.2019965711160072,Klebsiella pneumoniae,0.8920380441755609,0.30995852694044634,15.921961561397431,7.798984265953344
16,ZrO2,Bacillus subtilis,non-pathogenic,green_synthesis,MBC,spheroidal,Bacteria,Bacillota,Bacilli,Bacillales,Bacillaceae,Bacillus,p,soil,123.2218,60.0,18,0.16,30,16,29.29254423,34.14,1.373,3.774536472,1.96284931484943,Klebsiella pneumoniae,1.680276043297984,0.28257327155144596,91.8014022134286,47.89344126238315
17,Au,Bacillus subtilis,non-pathogenic,chemical_synthesis,MBEC,tetragonal,Bacteria,Bacillota,Bacilli,Bacillales,Bacillaceae,Bacillus,p,soil,196.966569,44.45,18,0.16,30,11,23.00188061,0.0,0.0,2.46797672,0.6612503151396483,Klebsiella pneumoniae,0.39218651025758255,0.2690638048820657,4.584060229414584,2.467098619420948
18,ZnO,Bacillus subtilis,non-pathogenic,green_synthesis,MBEC,hexagonal,Bacteria,Bacillota,Bacilli,Bacillales,Bacillaceae,Bacillus,p,soil,81.3794,18.5,0,0.16,30,8,22.60496136,17.07,0.6865,4.082482905,2.379112120601776,Klebsiella pneumoniae,2.113464282100921,0.26564783850085494,239.3933711860289,129.85667607593444
19,Au,Bacillus subtilis,non-pathogenic,chemical_synthesis,MIC,nanoplates,Bacteria,Bacillota,Bacilli,Bacillales,Bacillaceae,Bacillus,p,soil,196.966569,60.0,1,0.16,30,11,23.00188061,0.0,0.0,2.46797672,1.7720445925390735,Klebsiella pneumoniae,1.5259096510669317,0.24613494147214188,59.162237772787236,33.566777596159234
20,ZnO,Bacillus subtilis,non-pathogenic,green_synthesis,MIC,quasi-hexagonal,Bacteria,Bacillota,Bacilli,Bacillales,Bacillaceae,Bacillus,p,soil,81.3794,28.0,3,0.16,30,8,22.60496136,17.07,0.6865,4.082482905,0.44806304950363596,Klebsiella pneumoniae,0.21328592535775193,0.23477712414588403,2.805840951527815,1.6341274501668865
21,Ag,Bacillus subtilis,non-pathogenic,green_synthesis,MBC,nanoplates,Bacteria,Bacillota,Bacilli,Bacillales,Bacillaceae,Bacillus,p,soil,107.87,44.45,4,0.16,30,11,23.00188061,0.0,0.0,1.78376517,0.9352828451394521,Klebsiella pneumoniae,0.7157196524607774,0.21956319267867475,8.615546785308695,5.1966043492242076
22,Au,Bacillus subtilis,non-pathogenic,green_synthesis,MIC,cubic,Bacteria,Bacillota,Bacilli,Bacillales,Bacillaceae,Bacillus,p,soil,196.966569,45.26,0,0.16,30,11,23.00188061,0.0,0.0,2.46797672,1.71783954626807,Klebsiella pneumoniae,1.5223091021269621,0.19553044414110787,52.2203221002997,33.28964026686666
23,ZnO,Bacillus subtilis,non-pathogenic,chemical_synthesis,MBEC,quasi-hexagonal,Bacteria,Bacillota,Bacilli,Bacillales,Bacillaceae,Bacillus,p,soil,81.3794,22.5,2,0.16,30,8,22.60496136,17.07,0.6865,4.082482905,0.9291842760425756,Klebsiella pneumoniae,0.7381384784282423,0.19104579761433327,8.495408683350345,5.471904113199867
24,Ag,Bacillus subtilis,non-pathogenic,chemical_synthesis,MIC,quasi-spherical,Bacteria,Bacillota,Bacilli,Bacillales,Bacillaceae,Bacillus,p,soil,107.8682,5.1,3,0.16,30,11,23.00188061,0.0,0.0,1.78376517,2.0990270860762696,Klebsiella pneumoniae,1.914424411595098,0.18460267448117174,125.61083022088135,82.11536196480542
25,Au,Bacillus subtilis,non-pathogenic,green_synthesis,MBC,quasi-hexagonal,Bacteria,Bacillota,Bacilli,Bacillales,Bacillaceae,Bacillus,p,soil,196.966569,8.7,2,0.16,30,11,23.00188061,0.0,0.0,2.46797672,0.9582294418761451,Klebsiella pneumoniae,0.7759098954873227,0.18231954638882242,9.08300267051084,5.969114305469695
26,CuO,Bacillus subtilis,non-pathogenic,green_synthesis,MBEC,spherical,Bacteria,Bacillota,Bacilli,Bacillales,Bacillaceae,Bacillus,p,soil,79.5454,79.0,3,0.16,30,17,20.67942236,17.07,0.6865,1.651411411,2.4220980119422153,Klebsiella pneumoniae,2.247213316125797,0.1748846958164183,264.300516563864,176.69054736180496
27,Ag,Bacillus subtilis,non-pathogenic,green_synthesis,MBC,hexagonal,Bacteria,Bacillota,Bacilli,Bacillales,Bacillaceae,Bacillus,p,soil,107.8682,60.0,2,0.16,30,11,23.00188061,0.0,0.0,1.78376517,1.5932489578124105,Klebsiella pneumoniae,1.4230271132480319,0.1702218445643786,39.19665061641657,26.486654911169474
28,ZnO,Bacillus subtilis,non-pathogenic,chemical_synthesis,MBEC,rod-shaped,Bacteria,Bacillota,Bacilli,Bacillales,Bacillaceae,Bacillus,p,soil,81.3794,13.0,2,0.16,30,8,22.60496136,17.07,0.6865,4.082482905,1.8142381573637196,Klebsiella pneumoniae,1.6443877859152753,0.16985037144844428,65.19858304688309,44.09484150565132
29,Ag,Bacillus subtilis,non-pathogenic,chemical_synthesis,MBEC,cubic,Bacteria,Bacillota,Bacilli,Bacillales,Bacillaceae,Bacillus,p,soil,107.87,10.0,0,0.16,30,11,23.00188061,0.0,0.0,1.78376517,2.3146935606197854,Klebsiella pneumoniae,2.161553881165181,0.1531396794546045,206.39233319252082,145.06207358066254
30,ZnO,Bacillus subtilis,non-pathogenic,green_synthesis,MIC,nanoplates,Bacteria,Bacillota,Bacilli,Bacillales,Bacillaceae,Bacillus,p,soil,81.3794,13.0,3,0.16,30,8,22.60496136,17.07,0.6865,4.082482905,1.9668558615800407,Klebsiella pneumoniae,1.8140597138800718,0.15279614769996885,92.65222679638951,65.17179967074233
31,Au,Bacillus subtilis,non-pathogenic,chemical_synthesis,MIC,quasi-spherical,Bacteria,Bacillota,Bacilli,Bacillales,Bacillaceae,Bacillus,p,soil,196.966569,26.38,1,0.16,30,11,23.00188061,0.0,0.0,2.46797672,1.485836104500414,Klebsiella pneumoniae,1.3334104150052162,0.15242568949519786,30.608081177332146,21.548171083518863
32,Ag,Bacillus subtilis,non-pathogenic,green_synthesis,MIC,spherical,Bacteria,Bacillota,Bacilli,Bacillales,Bacillaceae,Bacillus,p,soil,107.87,12.0,0,0.16,30,11,23.00188061,0.0,0.0,1.78376517,1.7779216302309997,Klebsiella pneumoniae,1.6298478777242744,0.14807375250672528,59.96828518843372,42.64301250465274
33,Ag,Bacillus subtilis,non-pathogenic,green_synthesis,MBC,quasi-hexagonal,Bacteria,Bacillota,Bacilli,Bacillales,Bacillaceae,Bacillus,p,soil,107.87,12.0,1,0.16,30,11,23.00188061,0.0,0.0,1.78376517,0.8942864915947019,Klebsiella pneumoniae,0.746229166883302,0.14805732471139987,7.839466192962431,5.5747984020375485
34,Au,Bacillus subtilis,non-pathogenic,green_synthesis,MBC,spheroidal,Bacteria,Bacillota,Bacilli,Bacillales,Bacillaceae,Bacillus,p,soil,196.966569,25.0,18,0.16,30,11,23.00188061,0.0,0.0,2.46797672,1.5278853357405118,Klebsiella pneumoniae,1.3814847604922933,0.14640057524821848,33.71982683970166,24.07048053618315
35,ZnO,Bacillus subtilis,non-pathogenic,green_synthesis,MIC,hexagonal,Bacteria,Bacillota,Bacilli,Bacillales,Bacillaceae,Bacillus,p,soil,81.3794,13.0,2,0.16,30,8,22.60496136,17.07,0.6865,4.082482905,1.9300566898532856,Klebsiella pneumoniae,1.7859807735294106,0.14407591632387495,85.12491472351435,61.09149787436702
36,Ag,Bacillus subtilis,non-pathogenic,green_synthesis,MIC,quasi-spherical,Bacteria,Bacillota,Bacilli,Bacillales,Bacillaceae,Bacillus,p,soil,107.87,26.06,3,0.16,30,11,23.00188061,0.0,0.0,1.78376517,1.3995797680682194,Klebsiella pneumoniae,1.2578074837034137,0.1417722843648057,25.094570560544454,18.105373303859068
37,CeO2,Bacillus subtilis,non-pathogenic,green_synthesis,MBEC,tetragonal,Bacteria,Bacillota,Bacilli,Bacillales,Bacillaceae,Bacillus,p,soil,172.115,10.4,0,0.16,30,16,39.19032095,34.14,1.373,4.456551526,1.9508870094677033,Klebsiella pneumoniae,1.8116696502093168,0.13921735925838652,89.3073102394593,64.81412318535087
38,Ag,Bacillus subtilis,non-pathogenic,green_synthesis,MIC,quasi-hexagonal,Bacteria,Bacillota,Bacilli,Bacillales,Bacillaceae,Bacillus,p,soil,107.8682,28.0,0,0.16,30,11,23.00188061,0.0,0.0,1.78376517,0.5322700202256101,Klebsiella pneumoniae,0.40215693161849053,0.13011308860711956,3.406199024452642,2.5243927930023133
39,ZnO,Bacillus subtilis,non-pathogenic,chemical_synthesis,MIC,quasi-hexagonal,Bacteria,Bacillota,Bacilli,Bacillales,Bacillaceae,Bacillus,p,soil,81.3794,17.5,2,0.16,30,8,22.60496136,17.07,0.6865,4.082482905,0.710281271526263,Klebsiella pneumoniae,0.5876608124192184,0.12262045910704455,5.131936470830665,3.869553115771716
40,CuO,Bacillus subtilis,non-pathogenic,green_synthesis,MBC,cubic,Bacteria,Bacillota,Bacilli,Bacillales,Bacillaceae,Bacillus,p,soil,79.5454,8.0,24,0.16,30,17,20.67942236,17.07,0.6865,1.651411411,3.0593470534991187,Klebsiella pneumoniae,2.9419624010129555,0.11738465248616325,1146.428709847706,874.9080269023962
41,CeO2,Bacillus subtilis,non-pathogenic,chemical_synthesis,MBEC,triangular,Bacteria,Bacillota,Bacilli,Bacillales,Bacillaceae,Bacillus,p,soil,172.115,11.3,0,0.16,30,16,39.19032095,34.14,1.373,4.456551526,1.301281633928647,Klebsiella pneumoniae,1.1853782364321153,0.11590339749653178,20.011591728247623,15.32421499615179
42,Cu,Bacillus subtilis,non-pathogenic,green_synthesis,MBC,cubic,Bacteria,Bacillota,Bacilli,Bacillales,Bacillaceae,Bacillus,p,soil,63.55,50.0,2,0.16,30,11,17.96409803,0.0,0.0,1.243163121,1.1446806276933554,Klebsiella pneumoniae,1.040397608637163,0.10428301905619253,13.953418744962605,10.974825119963329
43,Cu,Bacillus subtilis,non-pathogenic,green_synthesis,MBEC,rod-shaped,Bacteria,Bacillota,Bacilli,Bacillales,Bacillaceae,Bacillus,p,soil,63.55,13.0,3,0.16,30,11,17.96409803,0.0,0.0,1.243163121,1.9489526130063561,Klebsiella pneumoniae,1.8490949794043021,0.09985763360205402,88.91041001182708,70.64720415052214
44,Ag,Bacillus subtilis,non-pathogenic,green_synthesis,MBEC,cubic,Bacteria,Bacillota,Bacilli,Bacillales,Bacillaceae,Bacillus,p,soil,107.8682,5.1,18,0.16,30,11,23.00188061,0.0,0.0,1.78376517,2.295989815993942,Klebsiella pneumoniae,2.1967225240905988,0.09926729190334305,197.69232816256903,157.29775492833923
45,Au,Bacillus subtilis,non-pathogenic,green_synthesis,MBC,rod-shaped,Bacteria,Bacillota,Bacilli,Bacillales,Bacillaceae,Bacillus,p,soil,196.966569,10.4,2,0.16,30,11,23.00188061,0.0,0.0,2.46797672,1.5467590890238172,Klebsiella pneumoniae,1.4524529609528296,0.0943061280709876,35.21754587740813,28.343466247877274
46,Au,Bacillus subtilis,non-pathogenic,chemical_synthesis,MBC,hexagonal,Bacteria,Bacillota,Bacilli,Bacillales,Bacillaceae,Bacillus,p,soil,196.966569,26.06,1,0.16,30,11,23.00188061,0.0,0.0,2.46797672,1.6262298692001658,Klebsiella pneumoniae,1.5422698708169693,0.08395999838319645,42.28923891869023,34.85538392919512
47,CuO,Bacillus subtilis,non-pathogenic,green_synthesis,MBC,quasi-spherical,Bacteria,Bacillota,Bacilli,Bacillales,Bacillaceae,Bacillus,p,soil,79.5454,9.0,24,0.16,30,17,20.67942236,17.07,0.6865,1.651411411,2.9657898712167308,Klebsiella pneumoniae,2.8934115458972185,0.07237832531951227,924.2508767436271,782.3688413520406
48,ZnO,Bacillus subtilis,non-pathogenic,chemical_synthesis,MBC,quasi-hexagonal,Bacteria,Bacillota,Bacilli,Bacillales,Bacillaceae,Bacillus,p,soil,81.3794,79.0,18,0.16,30,8,22.60496136,17.07,0.6865,4.082482905,0.6668818524428946,Klebsiella pneumoniae,0.6061588031695491,0.060723049273345486,4.643889234433075,4.0379301604650815
49,Ag,Bacillus subtilis,non-pathogenic,green_synthesis,MBC,tetragonal,Bacteria,Bacillota,Bacilli,Bacillales,Bacillaceae,Bacillus,p,soil,107.87,38.0,3,0.16,30,11,23.00188061,0.0,0.0,1.78376517,0.554769039434613,Klebsiella pneumoniae,0.511054064897545,0.04371497453706796,3.5873110842503304,3.2437999658611028
50,Ag,Bacillus subtilis,non-pathogenic,chemical_synthesis,MIC,hexagonal,Bacteria,Bacillota,Bacilli,Bacillales,Bacillaceae,Bacillus,p,soil,107.8682,40.0,1,0.16,30,11,23.00188061,0.0,0.0,1.78376517,1.632910531009551,Klebsiella pneumoniae,1.6459612648386008,-0.013050733829049754,42.94479470953643,44.2548899221151
51,CuO,Bacillus subtilis,non-pathogenic,chemical_synthesis,MBEC,spheroidal,Bacteria,Bacillota,Bacilli,Bacillales,Bacillaceae,Bacillus,p,soil,79.5454,9.0,0,0.16,30,17,20.67942236,17.07,0.6865,1.651411411,3.143943524442525,Klebsiella pneumoniae,3.1574831685554723,-0.013539644112947169,1392.9756489245256,1437.0873567591304
52,Au,Bacillus subtilis,non-pathogenic,green_synthesis,MBC,spheroidal,Bacteria,Bacillota,Bacilli,Bacillales,Bacillaceae,Bacillus,p,soil,196.966569,35.0,3,0.16,30,11,23.00188061,0.0,0.0,2.46797672,1.3934419789091672,Klebsiella pneumoniae,1.4096816626851276,-0.016239683775960412,24.742408843841073,25.685123762099202
53,Ag,Bacillus subtilis,non-pathogenic,chemical_synthesis,MBC,tetragonal,Bacteria,Bacillota,Bacilli,Bacillales,Bacillaceae,Bacillus,p,soil,107.87,12.0,24,0.16,30,11,23.00188061,0.0,0.0,1.78376517,1.0808570889682478,Klebsiella pneumoniae,1.1525883748888242,-0.07173128592057632,12.04639470683114,14.209813399316744
54,ZnO,Bacillus subtilis,non-pathogenic,green_synthesis,MIC,tetragonal,Bacteria,Bacillota,Bacilli,Bacillales,Bacillaceae,Bacillus,p,soil,81.3794,37.86,3,0.16,30,8,22.60496136,17.07,0.6865,4.082482905,-0.18943604230858524,Klebsiella pneumoniae,-0.09530651019069203,-0.09412953211789321,0.6464931947665024,0.8029592210056984
55,Ag,Bacillus subtilis,non-pathogenic,chemical_synthesis,MIC,spherical,Bacteria,Bacillota,Bacilli,Bacillales,Bacillaceae,Bacillus,p,soil,107.8682,28.0,3,0.16,30,11,23.00188061,0.0,0.0,1.78376517,1.597467041532679,Klebsiella pneumoniae,1.7984965891587805,-0.20102954762610148,39.57920271674389,62.87769158406017
56,Pd,Bacillus subtilis,non-pathogenic,chemical_synthesis,MBEC,triangular,Bacteria,Bacillota,Bacilli,Bacillales,Bacillaceae,Bacillus,p,soil,195.084,10.0,1,0.16,30,10,21.14774404,0.0,0.0,1.870828693,0.0015732182865002553,Klebsiella pneumoniae,0.20450582276009066,-0.2029326044735904,1.0036290380449464,1.6014221191082765
57,Ag,Bacillus subtilis,non-pathogenic,chemical_synthesis,MIC,cubic,Bacteria,Bacillota,Bacilli,Bacillales,Bacillaceae,Bacillus,p,soil,107.8682,45.26,18,0.16,30,11,23.00188061,0.0,0.0,1.78376517,1.6483948525635697,Klebsiella pneumoniae,1.9247943140392654,-0.2763994614756957,44.50357018725003,84.09967433243055
