,np,bacteria,bac_type,np_synthesis,method,shape,kingdom,phylum,class,order,family,genus,gram,isolated_from,mol_weight (g/mol),np_size_avg (nm),time_set,"min_Incub_period, h","growth_temp, C",Valance_electron,labuteASA,tpsa,CrippenMR,chi0v,pred_MIC_norm,pathogenic_bacteria,pred_MIC_pathogen,Fitness,pred_norm_MIC_original,pred_path_MIC_original
0,TiO2,Bacillus subtilis,non-pathogenic,green_synthesis,MBEC,quasi-hexagonal,Bacteria,Bacillota,Bacilli,Bacillales,Bacillaceae,Bacillus,p,soil,79.866,6.0,0,0.16,30,16,26.40611331,34.14,1.373,2.878049394,2.463153995935882,Klebsiella pneumoniae,1.6974296209873874,0.7657243749484945,290.5052570804431,49.82297094774907
1,ZnO,Bacillus subtilis,non-pathogenic,green_synthesis,MBC,spherical,Bacteria,Bacillota,Bacilli,Bacillales,Bacillaceae,Bacillus,p,soil,81.3794,6.0,0,0.16,30,8,22.60496136,17.07,0.6865,4.082482905,2.545679399749946,Klebsiella pneumoniae,1.794045930304337,0.7516334694456088,351.30101109009576,62.23661021531377
2,Ag,Bacillus subtilis,non-pathogenic,green_synthesis,MIC,spheroidal,Bacteria,Bacillota,Bacilli,Bacillales,Bacillaceae,Bacillus,p,soil,107.87,28.0,18,0.16,30,11,23.00188061,0.0,0.0,1.78376517,1.0929997171381176,Klebsiella pneumoniae,0.5425592877343299,0.5504404294037877,12.387957796856247,3.4878619545136407
3,ZnO,Bacillus subtilis,non-pathogenic,chemical_synthesis,MBC,tetragonal,Bacteria,Bacillota,Bacilli,Bacillales,Bacillaceae,Bacillus,p,soil,81.3794,8.7,18,0.16,30,8,22.60496136,17.07,0.6865,4.082482905,1.1009295688972198,Klebsiella pneumoniae,0.5885467513896607,0.5123828175075591,12.616229160598502,3.8774548669821742
4,CuO,Bacillus subtilis,non-pathogenic,green_synthesis,MBC,spheroidal,Bacteria,Bacillota,Bacilli,Bacillales,Bacillaceae,Bacillus,p,soil,79.5454,8.7,18,0.16,30,17,20.67942236,17.07,0.6865,1.651411411,3.697612245811288,Klebsiella pneumoniae,3.206634074760247,0.490978171051041,4984.3926370925965,1609.2891186023567
5,CuO,Bacillus subtilis,non-pathogenic,green_synthesis,MBEC,spherical,Bacteria,Bacillota,Bacilli,Bacillales,Bacillaceae,Bacillus,p,soil,79.5454,6.0,1,0.16,30,17,20.67942236,17.07,0.6865,1.651411411,3.441955643258362,Klebsiella pneumoniae,2.956091765430836,0.48586387782752594,2766.6590577817637,903.8404329634533
6,TiO2,Bacillus subtilis,non-pathogenic,chemical_synthesis,MBEC,spheroidal,Bacteria,Bacillota,Bacilli,Bacillales,Bacillaceae,Bacillus,p,soil,79.866,5.1,0,0.16,30,16,26.40611331,34.14,1.373,2.878049394,2.940047793404582,Klebsiella pneumoniae,2.465414714623519,0.47463307878106287,871.0594433631669,292.02142414613496
7,ZnO,Bacillus subtilis,non-pathogenic,chemical_synthesis,MBEC,quasi-hexagonal,Bacteria,Bacillota,Bacilli,Bacillales,Bacillaceae,Bacillus,p,soil,81.3794,12.0,3,0.16,30,8,22.60496136,17.07,0.6865,4.082482905,1.3475187046725345,Klebsiella pneumoniae,0.8760251743768899,0.47149353029564467,22.259669131204145,7.516664639626081
8,Ag,Bacillus subtilis,non-pathogenic,chemical_synthesis,MIC,quasi-hexagonal,Bacteria,Bacillota,Bacilli,Bacillales,Bacillaceae,Bacillus,p,soil,107.87,26.06,1,0.16,30,11,23.00188061,0.0,0.0,1.78376517,0.4221104614020206,Klebsiella pneumoniae,-0.011686987180630659,0.43379744858265123,2.643080930953564,0.9734485730139596
9,ZnO,Bacillus subtilis,non-pathogenic,green_synthesis,MIC,hexagonal,Bacteria,Bacillota,Bacilli,Bacillales,Bacillaceae,Bacillus,p,soil,81.3794,8.7,1,0.16,30,8,22.60496136,17.07,0.6865,4.082482905,1.9045732274368765,Klebsiella pneumoniae,1.4729834846771404,0.43158974275973616,80.27369008613812,29.71553027560368
10,Au,Bacillus subtilis,non-pathogenic,green_synthesis,MBC,quasi-spherical,Bacteria,Bacillota,Bacilli,Bacillales,Bacillaceae,Bacillus,p,soil,196.966569,38.0,4,0.16,30,11,23.00188061,0.0,0.0,2.46797672,0.5110495781720972,Klebsiella pneumoniae,0.08769122857732015,0.42335834959477703,3.2437664541189974,1.2237458402922248
11,TiO2,Bacillus subtilis,non-pathogenic,chemical_synthesis,MBC,hexagonal,Bacteria,Bacillota,Bacilli,Bacillales,Bacillaceae,Bacillus,p,soil,79.866,9.0,2,0.16,30,16,26.40611331,34.14,1.373,2.878049394,3.006162821320072,Klebsiella pneumoniae,2.5844888783580435,0.42167394296202865,1014.2915824632661,384.1394218080525
12,Pd,Bacillus subtilis,non-pathogenic,green_synthesis,MBEC,rod-shaped,Bacteria,Bacillota,Bacilli,Bacillales,Bacillaceae,Bacillus,p,soil,195.084,6.0,2,0.16,30,10,21.14774404,0.0,0.0,1.870828693,1.9396525876041604,Klebsiella pneumoniae,1.5328805920985515,0.40677199550560883,87.02671441871304,34.109911459950744
13,ZnO,Bacillus subtilis,non-pathogenic,green_synthesis,MBEC,quasi-hexagonal,Bacteria,Bacillota,Bacilli,Bacillales,Bacillaceae,Bacillus,p,soil,81.3794,12.0,18,0.16,30,8,22.60496136,17.07,0.6865,4.082482905,1.3563359922997673,Klebsiella pneumoniae,0.9518062152854481,0.40452977701431925,22.716216142531287,8.949653377227197
14,Ag,Bacillus subtilis,non-pathogenic,chemical_synthesis,MIC,tetragonal,Bacteria,Bacillota,Bacilli,Bacillales,Bacillaceae,Bacillus,p,soil,107.87,11.3,3,0.16,30,11,23.00188061,0.0,0.0,1.78376517,0.1300539207379161,Klebsiella pneumoniae,-0.2636668306806804,0.3937207514185965,1.3491303762916207,0.5449205287045038
15,ZnO,Bacillus subtilis,non-pathogenic,green_synthesis,MIC,spherical,Bacteria,Bacillota,Bacilli,Bacillales,Bacillaceae,Bacillus,p,soil,81.3794,11.3,4,0.16,30,8,22.60496136,17.07,0.6865,4.082482905,1.3428423238065192,Klebsiella pneumoniae,0.9590143854416532,0.38382793836486606,22.02126807459053,9.099434128288857
16,TiO2,Bacillus subtilis,non-pathogenic,green_synthesis,MBC,spherical,Bacteria,Bacillota,Bacilli,Bacillales,Bacillaceae,Bacillus,p,soil,79.866,22.5,0,0.16,30,16,26.40611331,34.14,1.373,2.878049394,2.6975367133426182,Klebsiella pneumoniae,2.322426171369118,0.37511054197350013,498.3525827222123,210.1000575511906
17,ZnO,Bacillus subtilis,non-pathogenic,green_synthesis,MBEC,quasi-spherical,Bacteria,Bacillota,Bacilli,Bacillales,Bacillaceae,Bacillus,p,soil,81.3794,27.43,3,0.16,30,8,22.60496136,17.07,0.6865,4.082482905,1.9525491998320852,Klebsiella pneumoniae,1.5869075463878257,0.3656416534442595,89.64977415576784,38.62847351140383
18,CuO,Bacillus subtilis,non-pathogenic,green_synthesis,MBEC,quasi-hexagonal,Bacteria,Bacillota,Bacilli,Bacillales,Bacillaceae,Bacillus,p,soil,79.5454,13.0,4,0.16,30,17,20.67942236,17.07,0.6865,1.651411411,2.782277970169181,Klebsiella pneumoniae,2.436825954506089,0.345452015663092,605.7284471809687,273.4172774510923
19,ZnO,Bacillus subtilis,non-pathogenic,green_synthesis,MBEC,quasi-spherical,Bacteria,Bacillota,Bacilli,Bacillales,Bacillaceae,Bacillus,p,soil,81.3794,100.0,1,0.16,30,8,22.60496136,17.07,0.6865,4.082482905,1.1799897713337026,Klebsiella pneumoniae,0.8398165213023723,0.34017325003133037,15.135256008945934,6.915387511444021
20,Ag,Bacillus subtilis,non-pathogenic,green_synthesis,MBEC,quasi-hexagonal,Bacteria,Bacillota,Bacilli,Bacillales,Bacillaceae,Bacillus,p,soil,107.8682,9.0,4,0.16,30,11,23.00188061,0.0,0.0,1.78376517,1.3030516688914182,Klebsiella pneumoniae,0.9685756316423072,0.334476037249111,20.09331852656563,9.301984931283473
21,ZnO,Bacillus subtilis,non-pathogenic,green_synthesis,MBC,triangular,Bacteria,Bacillota,Bacilli,Bacillales,Bacillaceae,Bacillus,p,soil,81.3794,28.0,18,0.16,30,8,22.60496136,17.07,0.6865,4.082482905,0.9385959437197726,Klebsiella pneumoniae,0.610136633179184,0.32845931054058863,8.68152347091643,4.075084636816124
22,ZnO,Bacillus subtilis,non-pathogenic,green_synthesis,MBEC,tetragonal,Bacteria,Bacillota,Bacilli,Bacillales,Bacillaceae,Bacillus,p,soil,81.3794,18.0,18,0.16,30,8,22.60496136,17.07,0.6865,4.082482905,1.064692200616368,Klebsiella pneumoniae,0.7484586461990427,0.31623355441732526,11.606257470334992,5.603490580246902
23,TiO2,Bacillus subtilis,non-pathogenic,green_synthesis,MBEC,spherical,Bacteria,Bacillota,Bacilli,Bacillales,Bacillaceae,Bacillus,p,soil,79.866,18.0,0,0.16,30,16,26.40611331,34.14,1.373,2.878049394,2.6126339261630114,Klebsiella pneumoniae,2.2996920457536074,0.31294188040940396,409.8584810049479,199.38479942041062
24,Ag,Bacillus subtilis,non-pathogenic,chemical_synthesis,MIC,hexagonal,Bacteria,Bacillota,Bacilli,Bacillales,Bacillaceae,Bacillus,p,soil,107.87,27.43,4,0.16,30,11,23.00188061,0.0,0.0,1.78376517,1.4561117971396058,Klebsiella pneumoniae,1.1465426851850715,0.3095691119545343,28.583262459573778,14.013373103900587
25,CeO2,Bacillus subtilis,non-pathogenic,green_synthesis,MIC,cubic,Bacteria,Bacillota,Bacilli,Bacillales,Bacillaceae,Bacillus,p,soil,172.115,44.45,4,0.16,30,16,39.19032095,34.14,1.373,4.456551526,1.8767231078189595,Klebsiella pneumoniae,1.5734475733663307,0.3032755344526288,75.28754015622157,37.44963363135343
26,Ag,Bacillus subtilis,non-pathogenic,chemical_synthesis,MIC,tetragonal,Bacteria,Bacillota,Bacilli,Bacillales,Bacillaceae,Bacillus,p,soil,107.8682,11.3,18,0.16,30,11,23.00188061,0.0,0.0,1.78376517,0.619930502069792,Klebsiella pneumoniae,0.32235867492626036,0.2975718271435317,4.168026793270326,2.100674071142243
27,CuO,Bacillus subtilis,non-pathogenic,green_synthesis,MBC,hexagonal,Bacteria,Bacillota,Bacilli,Bacillales,Bacillaceae,Bacillus,p,soil,79.5454,18.0,1,0.16,30,17,20.67942236,17.07,0.6865,1.651411411,3.167297466280221,Klebsiella pneumoniae,2.8726464538395384,0.2946510124406827,1469.9327507462428,745.8413440531401
28,Pd,Bacillus subtilis,non-pathogenic,green_synthesis,MBC,hexagonal,Bacteria,Bacillota,Bacilli,Bacillales,Bacillaceae,Bacillus,p,soil,195.084,11.3,4,0.16,30,10,21.14774404,0.0,0.0,1.870828693,1.9079887636824304,Klebsiella pneumoniae,1.6144200808049354,0.29356868287749505,80.90749660529568,41.15476070359336
29,ZnO,Bacillus subtilis,non-pathogenic,green_synthesis,MBC,tetragonal,Bacteria,Bacillota,Bacilli,Bacillales,Bacillaceae,Bacillus,p,soil,81.3794,12.0,0,0.16,30,8,22.60496136,17.07,0.6865,4.082482905,1.7779708080500445,Klebsiella pneumoniae,1.4903506201964305,0.287620187853614,59.975076148437736,30.92791336871362
30,CuO,Bacillus subtilis,non-pathogenic,green_synthesis,MBEC,spheroidal,Bacteria,Bacillota,Bacilli,Bacillales,Bacillaceae,Bacillus,p,soil,79.5454,9.0,0,0.16,30,17,20.67942236,17.07,0.6865,1.651411411,3.5738751998729255,Klebsiella pneumoniae,3.287814792740745,0.2860604071321804,3748.652643922328,1940.058352649149
31,ZrO2,Bacillus subtilis,non-pathogenic,green_synthesis,MBC,spheroidal,Bacteria,Bacillota,Bacilli,Bacillales,Bacillaceae,Bacillus,p,soil,123.2218,60.0,18,0.16,30,16,29.29254423,34.14,1.373,3.774536472,1.96284931484943,Klebsiella pneumoniae,1.680276043297984,0.28257327155144596,91.8014022134286,47.89344126238315
32,ZnO,Bacillus subtilis,non-pathogenic,chemical_synthesis,MBC,triangular,Bacteria,Bacillota,Bacilli,Bacillales,Bacillaceae,Bacillus,p,soil,81.3794,5.1,3,0.16,30,8,22.60496136,17.07,0.6865,4.082482905,0.7185460014859153,Klebsiella pneumoniae,0.4363941803838294,0.2821518211020859,5.230533662823149,2.731455819894989
33,Au,Bacillus subtilis,non-pathogenic,chemical_synthesis,MBEC,tetragonal,Bacteria,Bacillota,Bacilli,Bacillales,Bacillaceae,Bacillus,p,soil,196.966569,44.45,18,0.16,30,11,23.00188061,0.0,0.0,2.46797672,0.6612503151396483,Klebsiella pneumoniae,0.39218651025758255,0.2690638048820657,4.584060229414584,2.467098619420948
34,ZnO,Bacillus subtilis,non-pathogenic,green_synthesis,MBEC,cubic,Bacteria,Bacillota,Bacilli,Bacillales,Bacillaceae,Bacillus,p,soil,81.3794,12.5,1,0.16,30,8,22.60496136,17.07,0.6865,4.082482905,2.5484544020905386,Klebsiella pneumoniae,2.2817951002834826,0.266659301807056,353.5528985485926,191.33529939448601
35,Ag,Bacillus subtilis,non-pathogenic,green_synthesis,MIC,quasi-spherical,Bacteria,Bacillota,Bacilli,Bacillales,Bacillaceae,Bacillus,p,soil,107.87,8.0,3,0.16,30,11,23.00188061,0.0,0.0,1.78376517,1.9336588220035973,Klebsiella pneumoniae,1.673982992717049,0.2596758292865482,85.83389528997421,47.20445552987696
36,ZnO,Bacillus subtilis,non-pathogenic,chemical_synthesis,MBC,spheroidal,Bacteria,Bacillota,Bacilli,Bacillales,Bacillaceae,Bacillus,p,soil,81.3794,9.0,1,0.16,30,8,22.60496136,17.07,0.6865,4.082482905,1.8509098749757582,Klebsiella pneumoniae,1.6022824340767867,0.24862744089897149,70.94305312815533,40.020492982036124
37,ZrO2,Bacillus subtilis,non-pathogenic,chemical_synthesis,MBC,quasi-hexagonal,Bacteria,Bacillota,Bacilli,Bacillales,Bacillaceae,Bacillus,p,soil,123.2218,79.0,4,0.16,30,16,29.29254423,34.14,1.373,3.774536472,1.456968443816701,Klebsiella pneumoniae,1.2130164376887969,0.24395200612790413,28.639698640124656,16.33113758736603
38,Ag,Bacillus subtilis,non-pathogenic,chemical_synthesis,MIC,cubic,Bacteria,Bacillota,Bacilli,Bacillales,Bacillaceae,Bacillus,p,soil,107.87,79.0,2,0.16,30,11,23.00188061,0.0,0.0,1.78376517,1.4012439585208483,Klebsiella pneumoniae,1.2047385204062007,0.1965054381146476,25.190915929423383,16.022804008139527
39,ZnO,Bacillus subtilis,non-pathogenic,chemical_synthesis,MBC,hexagonal,Bacteria,Bacillota,Bacilli,Bacillales,Bacillaceae,Bacillus,p,soil,81.3794,18.5,0,0.16,30,8,22.60496136,17.07,0.6865,4.082482905,1.7619877034666245,Klebsiella pneumoniae,1.5805792994217662,0.18140840404485825,57.80796795332194,38.06968640915076
40,Al2O3,Bacillus subtilis,non-pathogenic,green_synthesis,MBEC,spheroidal,Bacteria,Bacillota,Bacilli,Bacillales,Bacillaceae,Bacillus,p,soil,101.961276,41.23,2,0.16,30,24,51.55776403,85.5,13.5675,4.688846487,2.0830000195637237,Klebsiella pneumoniae,1.919103802910672,0.16389621665305176,121.05981880844655,83.0049138030258
41,ZnO,Bacillus subtilis,non-pathogenic,chemical_synthesis,MBC,triangular,Bacteria,Bacillota,Bacilli,Bacillales,Bacillaceae,Bacillus,p,soil,81.3794,9.0,3,0.16,30,8,22.60496136,17.07,0.6865,4.082482905,0.6756464614151498,Klebsiella pneumoniae,0.5126075220816266,0.1630389393335232,4.7385608439654225,3.2554237089252918
42,Au,Bacillus subtilis,non-pathogenic,green_synthesis,MIC,hexagonal,Bacteria,Bacillota,Bacilli,Bacillales,Bacillaceae,Bacillus,p,soil,196.966569,10.0,0,0.16,30,11,23.00188061,0.0,0.0,2.46797672,2.6239409797154734,Klebsiella pneumoniae,2.467419729373667,0.15652125034180653,420.66945584566713,293.37272131946384
43,Ag,Bacillus subtilis,non-pathogenic,green_synthesis,MIC,rod-shaped,Bacteria,Bacillota,Bacilli,Bacillales,Bacillaceae,Bacillus,p,soil,107.87,18.0,4,0.16,30,11,23.00188061,0.0,0.0,1.78376517,1.1574583782234633,Klebsiella pneumoniae,1.0263032293802856,0.1311551488431777,14.370053274969399,10.624371040421513
44,Au,Bacillus subtilis,non-pathogenic,green_synthesis,MIC,quasi-spherical,Bacteria,Bacillota,Bacilli,Bacillales,Bacillaceae,Bacillus,p,soil,196.966569,30.0,1,0.16,30,11,23.00188061,0.0,0.0,2.46797672,1.4619137836716005,Klebsiella pneumoniae,1.3335095623126776,0.12840422135892293,28.967684628879624,21.553090987227073
45,Ag,Bacillus subtilis,non-pathogenic,green_synthesis,MBC,nanoplates,Bacteria,Bacillota,Bacilli,Bacillales,Bacillaceae,Bacillus,p,soil,107.8682,18.0,2,0.16,30,11,23.00188061,0.0,0.0,1.78376517,1.734015056556674,Klebsiella pneumoniae,1.6082520234916442,0.1257630330650299,54.20196813578219,40.57439225875959
46,ZnO,Bacillus subtilis,non-pathogenic,green_synthesis,MBEC,triangular,Bacteria,Bacillota,Bacilli,Bacillales,Bacillaceae,Bacillus,p,soil,81.3794,27.43,3,0.16,30,8,22.60496136,17.07,0.6865,4.082482905,0.44632983880370336,Klebsiella pneumoniae,0.3602334447180222,0.08609639408568115,2.7946655333660293,2.292099385459258
47,Ag,Bacillus subtilis,non-pathogenic,chemical_synthesis,MIC,spherical,Bacteria,Bacillota,Bacilli,Bacillales,Bacillaceae,Bacillus,p,soil,107.87,12.0,18,0.16,30,11,23.00188061,0.0,0.0,1.78376517,1.176943111905854,Klebsiella pneumoniae,1.0934564215285567,0.08348669037729728,15.029450829036872,12.400991834311666
48,Ag,Bacillus subtilis,non-pathogenic,green_synthesis,MBC,nanoplates,Bacteria,Bacillota,Bacilli,Bacillales,Bacillaceae,Bacillus,p,soil,107.87,50.0,2,0.16,30,11,23.00188061,0.0,0.0,1.78376517,1.323392171979644,Klebsiella pneumoniae,1.2889365182367327,0.03445565374291126,21.056790293727346,19.450757449156608
49,ZnO,Bacillus subtilis,non-pathogenic,green_synthesis,MBEC,spherical,Bacteria,Bacillota,Bacilli,Bacillales,Bacillaceae,Bacillus,p,soil,81.3794,60.0,18,0.16,30,8,22.60496136,17.07,0.6865,4.082482905,1.3840115504482489,Klebsiella pneumoniae,1.3703413470741206,0.013670203374128276,24.21093437014538,23.46072058170342
50,Ag,Bacillus subtilis,non-pathogenic,green_synthesis,MIC,triangular,Bacteria,Bacillota,Bacilli,Bacillales,Bacillaceae,Bacillus,p,soil,107.8682,22.5,3,0.16,30,11,23.00188061,0.0,0.0,1.78376517,-0.8996026478110868,Klebsiella pneumoniae,-0.8996054654183525,2.8176072657259965e-06,0.1260077776609604,0.12600696015281107
51,ZnO,Bacillus subtilis,non-pathogenic,chemical_synthesis,MBEC,triangular,Bacteria,Bacillota,Bacilli,Bacillales,Bacillaceae,Bacillus,p,soil,81.3794,28.0,4,0.16,30,8,22.60496136,17.07,0.6865,4.082482905,0.081533349943266,Klebsiella pneumoniae,0.10669325374472627,-0.02515990380146027,1.2065167343655003,1.2784779842233513
52,Ag,Bacillus subtilis,non-pathogenic,chemical_synthesis,MIC,hexagonal,Bacteria,Bacillota,Bacilli,Bacillales,Bacillaceae,Bacillus,p,soil,107.8682,26.38,2,0.16,30,11,23.00188061,0.0,0.0,1.78376517,2.212131716896395,Klebsiella pneumoniae,2.2397054267366547,-0.027573709840259752,162.97902557367055,173.66225128538395
53,TiO2,Bacillus subtilis,non-pathogenic,chemical_synthesis,MIC,tetragonal,Bacteria,Bacillota,Bacilli,Bacillales,Bacillaceae,Bacillus,p,soil,79.866,28.0,0,0.16,30,16,26.40611331,34.14,1.373,2.878049394,1.024348394040947,Klebsiella pneumoniae,1.069776002729406,-0.045427608688459076,10.57665635679172,11.742917310131116
54,CuO,Bacillus subtilis,non-pathogenic,green_synthesis,MIC,hexagonal,Bacteria,Bacillota,Bacilli,Bacillales,Bacillaceae,Bacillus,p,soil,79.5454,44.45,2,0.16,30,17,20.67942236,17.07,0.6865,1.651411411,1.9074996862230202,Klebsiella pneumoniae,1.9880890448309314,-0.08058935860791117,80.81643452150448,97.29466897985138
55,ZnO,Bacillus subtilis,non-pathogenic,chemical_synthesis,MIC,cubic,Bacteria,Bacillota,Bacilli,Bacillales,Bacillaceae,Bacillus,p,soil,81.3794,28.0,2,0.16,30,8,22.60496136,17.07,0.6865,4.082482905,1.849524708259722,Klebsiella pneumoniae,1.9583495948074308,-0.10882488654770883,70.7171432549577,90.85515943008618
56,Ag,Bacillus subtilis,non-pathogenic,green_synthesis,MBC,tetragonal,Bacteria,Bacillota,Bacilli,Bacillales,Bacillaceae,Bacillus,p,soil,107.87,13.0,24,0.16,30,11,23.00188061,0.0,0.0,1.78376517,1.0211467030652446,Klebsiella pneumoniae,1.1558754326395397,-0.13472872957429516,10.498970200785658,14.317771680976792
57,Ag,Bacillus subtilis,non-pathogenic,green_synthesis,MBC,rod-shaped,Bacteria,Bacillota,Bacilli,Bacillales,Bacillaceae,Bacillus,p,soil,107.87,13.0,18,0.16,30,11,23.00188061,0.0,0.0,1.78376517,1.379669813879303,Klebsiella pneumoniae,1.7001321227325208,-0.3204623088532177,23.97009823515935,50.13397299245406
