,np,bacteria,bac_type,np_synthesis,method,shape,kingdom,phylum,class,order,family,genus,gram,isolated_from,mol_weight (g/mol),np_size_avg (nm),time_set,"min_Incub_period, h","growth_temp, C",Valance_electron,labuteASA,tpsa,CrippenMR,chi0v,pred_MIC_norm,pathogenic_bacteria,pred_MIC_pathogen,Fitness,pred_norm_MIC_original,pred_path_MIC_original
0,ZnO,Bacillus subtilis,non-pathogenic,green_synthesis,MBC,quasi-hexagonal,Bacteria,Bacillota,Bacilli,Bacillales,Bacillaceae,Bacillus,p,soil,81.3794,5.1,2,0.16,30,8,22.60496136,17.07,0.6865,4.082482905,1.378102392509624,Klebsiella pneumoniae,0.5688348243927284,0.8092675681168957,23.883743174993505,3.705397672597516
1,TiO2,Bacillus subtilis,non-pathogenic,green_synthesis,MBC,quasi-hexagonal,Bacteria,Bacillota,Bacilli,Bacillales,Bacillaceae,Bacillus,p,soil,79.866,6.0,2,0.16,30,16,26.40611331,34.14,1.373,2.878049394,2.487861933762866,Klebsiella pneumoniae,1.682157692025271,0.8057042417375948,307.5119050508659,48.10139725848044
2,ZnO,Bacillus subtilis,non-pathogenic,green_synthesis,MBC,spherical,Bacteria,Bacillota,Bacilli,Bacillales,Bacillaceae,Bacillus,p,soil,81.3794,6.0,0,0.16,30,8,22.60496136,17.07,0.6865,4.082482905,2.545679399749946,Klebsiella pneumoniae,1.794045930304337,0.7516334694456088,351.30101109009576,62.23661021531377
3,Ag,Bacillus subtilis,non-pathogenic,chemical_synthesis,MIC,quasi-hexagonal,Bacteria,Bacillota,Bacilli,Bacillales,Bacillaceae,Bacillus,p,soil,107.87,6.0,0,0.16,30,11,23.00188061,0.0,0.0,1.78376517,1.0034919331386876,Klebsiella pneumoniae,0.32259116414587474,0.6809007689928128,10.080728846049064,2.1017989180872263
4,ZnO,Bacillus subtilis,non-pathogenic,green_synthesis,MIC,nanoplates,Bacteria,Bacillota,Bacilli,Bacillales,Bacillaceae,Bacillus,p,soil,81.3794,6.0,2,0.16,30,8,22.60496136,17.07,0.6865,4.082482905,2.037918778192608,Klebsiella pneumoniae,1.4518038666551527,0.5861149115374553,109.12362342290726,28.301135890332077
5,Ag,Bacillus subtilis,non-pathogenic,green_synthesis,MIC,spheroidal,Bacteria,Bacillota,Bacilli,Bacillales,Bacillaceae,Bacillus,p,soil,107.87,45.26,18,0.16,30,11,23.00188061,0.0,0.0,1.78376517,1.0108613600809306,Klebsiella pneumoniae,0.44866966012474063,0.56219169995619,10.253245594261067,2.80976281154989
6,TiO2,Bacillus subtilis,non-pathogenic,green_synthesis,MIC,cubic,Bacteria,Bacillota,Bacilli,Bacillales,Bacillaceae,Bacillus,p,soil,79.866,6.0,2,0.16,30,16,26.40611331,34.14,1.373,2.878049394,2.8232642409241047,Klebsiella pneumoniae,2.2717725089751486,0.5514917319489561,665.6780563123093,186.97025010295783
7,ZnO,Bacillus subtilis,non-pathogenic,chemical_synthesis,MIC,cubic,Bacteria,Bacillota,Bacilli,Bacillales,Bacillaceae,Bacillus,p,soil,81.3794,5.1,4,0.16,30,8,22.60496136,17.07,0.6865,4.082482905,1.9511825005118637,Klebsiella pneumoniae,1.4001147711686768,0.5510677293431869,89.36809500904062,25.125503364179668
8,Ag,Bacillus subtilis,non-pathogenic,chemical_synthesis,MBEC,spheroidal,Bacteria,Bacillota,Bacilli,Bacillales,Bacillaceae,Bacillus,p,soil,107.87,20.0,18,0.16,30,11,23.00188061,0.0,0.0,1.78376517,1.3867878025612626,Klebsiella pneumoniae,0.8616881531778238,0.5250996493834388,24.3661998846527,7.272574070277768
9,Au,Bacillus subtilis,non-pathogenic,green_synthesis,MIC,spheroidal,Bacteria,Bacillota,Bacilli,Bacillales,Bacillaceae,Bacillus,p,soil,196.966569,40.0,18,0.16,30,11,23.00188061,0.0,0.0,2.46797672,1.1996571821036555,Klebsiella pneumoniae,0.6788305054132759,0.5208266766903795,15.83642623122047,4.773429419447086
10,ZnO,Bacillus subtilis,non-pathogenic,green_synthesis,MBEC,rod-shaped,Bacteria,Bacillota,Bacilli,Bacillales,Bacillaceae,Bacillus,p,soil,81.3794,11.3,4,0.16,30,8,22.60496136,17.07,0.6865,4.082482905,2.1013875541070184,Klebsiella pneumoniae,1.5851126853769708,0.5162748687300476,126.29540621577748,38.469158412578544
11,ZnO,Bacillus subtilis,non-pathogenic,green_synthesis,MIC,quasi-spherical,Bacteria,Bacillota,Bacilli,Bacillales,Bacillaceae,Bacillus,p,soil,81.3794,8.0,0,0.16,30,8,22.60496136,17.07,0.6865,4.082482905,1.6156807064285994,Klebsiella pneumoniae,1.1054331016349823,0.5102476047936171,41.27439408143746,12.747737197230112
12,Al2O3,Bacillus subtilis,non-pathogenic,green_synthesis,MBC,quasi-hexagonal,Bacteria,Bacillota,Bacilli,Bacillales,Bacillaceae,Bacillus,p,soil,101.961276,6.0,1,0.16,30,24,51.55776403,85.5,13.5675,4.688846487,2.2771064524542486,Klebsiella pneumoniae,1.7768529098766852,0.5002535425775634,189.28075188821006,59.82089548358902
13,ZnO,Bacillus subtilis,non-pathogenic,green_synthesis,MBEC,spherical,Bacteria,Bacillota,Bacilli,Bacillales,Bacillaceae,Bacillus,p,soil,81.3794,10.4,2,0.16,30,8,22.60496136,17.07,0.6865,4.082482905,2.435288179930191,Klebsiella pneumoniae,1.9373827206830174,0.49790545924717367,272.4508580070898,86.57305050709445
14,CuO,Bacillus subtilis,non-pathogenic,green_synthesis,MBC,spheroidal,Bacteria,Bacillota,Bacilli,Bacillales,Bacillaceae,Bacillus,p,soil,79.5454,8.7,18,0.16,30,17,20.67942236,17.07,0.6865,1.651411411,3.697612245811288,Klebsiella pneumoniae,3.206634074760247,0.490978171051041,4984.3926370925965,1609.2891186023567
15,Ag,Bacillus subtilis,non-pathogenic,chemical_synthesis,MBEC,spheroidal,Bacteria,Bacillota,Bacilli,Bacillales,Bacillaceae,Bacillus,p,soil,107.87,25.0,18,0.16,30,11,23.00188061,0.0,0.0,1.78376517,1.352934009758878,Klebsiella pneumoniae,0.8652241934566334,0.48770981630224464,22.538967107065393,7.332029327864957
16,ZnO,Bacillus subtilis,non-pathogenic,green_synthesis,MBC,quasi-spherical,Bacteria,Bacillota,Bacilli,Bacillales,Bacillaceae,Bacillus,p,soil,81.3794,20.0,3,0.16,30,8,22.60496136,17.07,0.6865,4.082482905,1.9357379701109272,Klebsiella pneumoniae,1.4518384078670556,0.48389956224387154,86.24580300535148,28.303386884641554
17,TiO2,Bacillus subtilis,non-pathogenic,chemical_synthesis,MBEC,spheroidal,Bacteria,Bacillota,Bacilli,Bacillales,Bacillaceae,Bacillus,p,soil,79.866,5.1,0,0.16,30,16,26.40611331,34.14,1.373,2.878049394,2.940047793404582,Klebsiella pneumoniae,2.465414714623519,0.47463307878106287,871.0594433631669,292.02142414613496
18,ZnO,Bacillus subtilis,non-pathogenic,green_synthesis,MBC,quasi-spherical,Bacteria,Bacillota,Bacilli,Bacillales,Bacillaceae,Bacillus,p,soil,81.3794,26.38,3,0.16,30,8,22.60496136,17.07,0.6865,4.082482905,1.9062585833820855,Klebsiella pneumoniae,1.4322281423164944,0.4740304410655911,80.58581145577897,27.053791728220784
19,Au,Bacillus subtilis,non-pathogenic,chemical_synthesis,MIC,cubic,Bacteria,Bacillota,Bacilli,Bacillales,Bacillaceae,Bacillus,p,soil,196.966569,6.0,4,0.16,30,11,23.00188061,0.0,0.0,2.46797672,2.5992632908532842,Klebsiella pneumoniae,2.134889109570483,0.46437418128280106,397.432419691364,136.42347557101482
20,Ag,Bacillus subtilis,non-pathogenic,chemical_synthesis,MIC,cubic,Bacteria,Bacillota,Bacilli,Bacillales,Bacillaceae,Bacillus,p,soil,107.87,10.4,4,0.16,30,11,23.00188061,0.0,0.0,1.78376517,1.8970684877665653,Klebsiella pneumoniae,1.435834102456229,0.46123438531033645,78.89845298090937,27.279355309006018
21,ZnO,Bacillus subtilis,non-pathogenic,chemical_synthesis,MBEC,quasi-hexagonal,Bacteria,Bacillota,Bacilli,Bacillales,Bacillaceae,Bacillus,p,soil,81.3794,11.3,2,0.16,30,8,22.60496136,17.07,0.6865,4.082482905,1.3188886371201742,Klebsiella pneumoniae,0.8586336106764744,0.46025502644369987,20.839564412436154,7.221603013469558
22,CuO,Bacillus subtilis,non-pathogenic,green_synthesis,MBC,quasi-spherical,Bacteria,Bacillota,Bacilli,Bacillales,Bacillaceae,Bacillus,p,soil,79.5454,28.0,0,0.16,30,17,20.67942236,17.07,0.6865,1.651411411,2.895163328764462,Klebsiella pneumoniae,2.4431364821947867,0.4520268465696753,785.531000290967,277.4191790367819
23,CeO2,Bacillus subtilis,non-pathogenic,chemical_synthesis,MIC,hexagonal,Bacteria,Bacillota,Bacilli,Bacillales,Bacillaceae,Bacillus,p,soil,172.115,12.0,2,0.16,30,16,39.19032095,34.14,1.373,4.456551526,3.076979483925792,Klebsiella pneumoniae,2.6249566138358733,0.4520228700899187,1193.9317017905344,421.65437791093416
24,ZnO,Bacillus subtilis,non-pathogenic,green_synthesis,MBC,quasi-spherical,Bacteria,Bacillota,Bacilli,Bacillales,Bacillaceae,Bacillus,p,soil,81.3794,17.5,2,0.16,30,8,22.60496136,17.07,0.6865,4.082482905,1.8983848140642936,Klebsiella pneumoniae,1.4528247543394173,0.44556005972487633,79.13795328194239,28.367741079150125
25,TiO2,Bacillus subtilis,non-pathogenic,green_synthesis,MBEC,spherical,Bacteria,Bacillota,Bacilli,Bacillales,Bacillaceae,Bacillus,p,soil,79.866,11.3,3,0.16,30,16,26.40611331,34.14,1.373,2.878049394,2.9309148914932877,Klebsiella pneumoniae,2.4858523040008675,0.4450625874924201,852.9329487277254,306.092229023441
26,CeO2,Bacillus subtilis,non-pathogenic,green_synthesis,MIC,quasi-hexagonal,Bacteria,Bacillota,Bacilli,Bacillales,Bacillaceae,Bacillus,p,soil,172.115,6.0,2,0.16,30,16,39.19032095,34.14,1.373,4.456551526,2.3904920908669616,Klebsiella pneumoniae,1.9464958628673097,0.4439962279996519,245.74918763125868,88.40887472425129
27,ZnO,Bacillus subtilis,non-pathogenic,green_synthesis,MBEC,quasi-hexagonal,Bacteria,Bacillota,Bacilli,Bacillales,Bacillaceae,Bacillus,p,soil,81.3794,18.5,4,0.16,30,8,22.60496136,17.07,0.6865,4.082482905,1.004845035365578,Klebsiella pneumoniae,0.5640838622981321,0.4407611730674459,10.112185676199502,3.6650834060414845
28,CuO,Bacillus subtilis,non-pathogenic,green_synthesis,MBC,quasi-spherical,Bacteria,Bacillota,Bacilli,Bacillales,Bacillaceae,Bacillus,p,soil,79.5454,20.0,3,0.16,30,17,20.67942236,17.07,0.6865,1.651411411,3.005829023665793,Klebsiella pneumoniae,2.5667233976691164,0.4391056259966768,1013.5123000014943,368.7426714091784
29,ZnO,Bacillus subtilis,non-pathogenic,chemical_synthesis,MBC,hexagonal,Bacteria,Bacillota,Bacilli,Bacillales,Bacillaceae,Bacillus,p,soil,81.3794,10.0,4,0.16,30,8,22.60496136,17.07,0.6865,4.082482905,1.9576252994068346,Klebsiella pneumoniae,1.5197787690470868,0.43784653035974785,90.70376185698193,33.096248522025675
30,Ag,Bacillus subtilis,non-pathogenic,chemical_synthesis,MIC,quasi-hexagonal,Bacteria,Bacillota,Bacilli,Bacillales,Bacillaceae,Bacillus,p,soil,107.87,26.06,1,0.16,30,11,23.00188061,0.0,0.0,1.78376517,0.4221104614020206,Klebsiella pneumoniae,-0.011686987180630659,0.43379744858265123,2.643080930953564,0.9734485730139596
31,ZnO,Bacillus subtilis,non-pathogenic,chemical_synthesis,MBEC,spherical,Bacteria,Bacillota,Bacilli,Bacillales,Bacillaceae,Bacillus,p,soil,81.3794,8.7,2,0.16,30,8,22.60496136,17.07,0.6865,4.082482905,2.1692549349867223,Klebsiella pneumoniae,1.7359328432656365,0.4333220917210858,147.6573041329649,54.441846067689184
32,TiO2,Bacillus subtilis,non-pathogenic,green_synthesis,MBEC,spheroidal,Bacteria,Bacillota,Bacilli,Bacillales,Bacillaceae,Bacillus,p,soil,79.866,10.0,2,0.16,30,16,26.40611331,34.14,1.373,2.878049394,2.981983135280017,Klebsiella pneumoniae,2.549648721215514,0.4323344140645031,959.3633763595236,354.526514709442
33,ZnO,Bacillus subtilis,non-pathogenic,chemical_synthesis,MBC,nanoplates,Bacteria,Bacillota,Bacilli,Bacillales,Bacillaceae,Bacillus,p,soil,81.3794,8.7,1,0.16,30,8,22.60496136,17.07,0.6865,4.082482905,1.9656729789760623,Klebsiella pneumoniae,1.5336838627352445,0.4319891162408178,92.40021440925965,34.17305949913421
34,TiO2,Bacillus subtilis,non-pathogenic,green_synthesis,MBC,cubic,Bacteria,Bacillota,Bacilli,Bacillales,Bacillaceae,Bacillus,p,soil,79.866,28.0,3,0.16,30,16,26.40611331,34.14,1.373,2.878049394,2.9899707417140378,Klebsiella pneumoniae,2.585749590654434,0.40422115105960366,977.1713870017774,385.2561592167093
35,ZnO,Bacillus subtilis,non-pathogenic,chemical_synthesis,MBEC,spherical,Bacteria,Bacillota,Bacilli,Bacillales,Bacillaceae,Bacillus,p,soil,81.3794,11.3,3,0.16,30,8,22.60496136,17.07,0.6865,4.082482905,2.1927651188214226,Klebsiella pneumoniae,1.8036172567750355,0.38914786204638707,155.87092720084044,63.62345609742956
36,Ag,Bacillus subtilis,non-pathogenic,green_synthesis,MIC,spheroidal,Bacteria,Bacillota,Bacilli,Bacillales,Bacillaceae,Bacillus,p,soil,107.87,5.1,2,0.16,30,11,23.00188061,0.0,0.0,1.78376517,1.8012470623675285,Klebsiella pneumoniae,1.431709845382542,0.3695372169849864,63.27717215259386,27.02152437463928
37,ZnO,Bacillus subtilis,non-pathogenic,chemical_synthesis,MIC,quasi-spherical,Bacteria,Bacillota,Bacilli,Bacillales,Bacillaceae,Bacillus,p,soil,81.3794,11.3,1,0.16,30,8,22.60496136,17.07,0.6865,4.082482905,1.4759020185483775,Klebsiella pneumoniae,1.1456660550817852,0.33023596346659234,29.915896260463512,13.985115423250083
38,Ag,Bacillus subtilis,non-pathogenic,chemical_synthesis,MIC,rod-shaped,Bacteria,Bacillota,Bacilli,Bacillales,Bacillaceae,Bacillus,p,soil,107.87,10.0,1,0.16,30,11,23.00188061,0.0,0.0,1.78376517,1.1754765266806755,Klebsiella pneumoniae,0.8543192007869638,0.3211573258937117,14.97878291561089,7.150216646027981
39,Ag,Bacillus subtilis,non-pathogenic,chemical_synthesis,MBEC,tetragonal,Bacteria,Bacillota,Bacilli,Bacillales,Bacillaceae,Bacillus,p,soil,107.87,17.5,0,0.16,30,11,23.00188061,0.0,0.0,1.78376517,0.3694796684110595,Klebsiella pneumoniae,0.17351357901701703,0.19596608939404248,2.341421858439002,1.4911233774431374
40,ZnO,Bacillus subtilis,non-pathogenic,chemical_synthesis,MBC,spherical,Bacteria,Bacillota,Bacilli,Bacillales,Bacillaceae,Bacillus,p,soil,81.3794,11.3,18,0.16,30,8,22.60496136,17.07,0.6865,4.082482905,1.6704096647573277,Klebsiella pneumoniae,1.5056200622912268,0.16478960246610086,46.817655837499125,32.03465581952474
41,Ag,Bacillus subtilis,non-pathogenic,green_synthesis,MIC,spherical,Bacteria,Bacillota,Bacilli,Bacillales,Bacillaceae,Bacillus,p,soil,107.87,11.3,4,0.16,30,11,23.00188061,0.0,0.0,1.78376517,1.6670605706041277,Klebsiella pneumoniae,1.5217075672852576,0.14535300331887013,46.45800652077894,33.243563197869065
42,ZnO,Bacillus subtilis,non-pathogenic,chemical_synthesis,MBEC,spheroidal,Bacteria,Bacillota,Bacilli,Bacillales,Bacillaceae,Bacillus,p,soil,81.3794,40.0,18,0.16,30,8,22.60496136,17.07,0.6865,4.082482905,2.0723832089776524,Klebsiella pneumoniae,1.9658598120457684,0.10652339693188395,118.13625763028136,92.43997344443989
43,ZnO,Bacillus subtilis,non-pathogenic,chemical_synthesis,MBEC,triangular,Bacteria,Bacillota,Bacilli,Bacillales,Bacillaceae,Bacillus,p,soil,81.3794,20.0,4,0.16,30,8,22.60496136,17.07,0.6865,4.082482905,0.3901415122892491,Klebsiella pneumoniae,0.3019475227150459,0.08819398957420321,2.4555088983999727,2.0042298347994865
44,Au,Bacillus subtilis,non-pathogenic,chemical_synthesis,MIC,spheroidal,Bacteria,Bacillota,Bacilli,Bacillales,Bacillaceae,Bacillus,p,soil,196.966569,41.23,1,0.16,30,11,23.00188061,0.0,0.0,2.46797672,1.265565905456869,Klebsiella pneumoniae,1.1868336949907383,0.07873221046613077,18.431721745126833,15.375657452994396
45,ZnO,Bacillus subtilis,non-pathogenic,chemical_synthesis,MBEC,quasi-spherical,Bacteria,Bacillota,Bacilli,Bacillales,Bacillaceae,Bacillus,p,soil,81.3794,30.0,2,0.16,30,8,22.60496136,17.07,0.6865,4.082482905,1.601897119036406,Klebsiella pneumoniae,1.5446778223985285,0.057219296637877504,39.985001720134086,35.049176820205815
46,Ag,Bacillus subtilis,non-pathogenic,green_synthesis,MBC,tetragonal,Bacteria,Bacillota,Bacilli,Bacillales,Bacillaceae,Bacillus,p,soil,107.8682,26.38,4,0.16,30,11,23.00188061,0.0,0.0,1.78376517,0.5606888552693254,Klebsiella pneumoniae,0.5172733374915661,0.043415517777759316,3.6365440722418323,3.29058669593677
47,TiO2,Bacillus subtilis,non-pathogenic,chemical_synthesis,MBC,spherical,Bacteria,Bacillota,Bacilli,Bacillales,Bacillaceae,Bacillus,p,soil,79.866,6.0,24,0.16,30,16,26.40611331,34.14,1.373,2.878049394,2.9021891290719166,Klebsiella pneumoniae,2.8736863949836833,0.02850273408823334,798.3422782880918,747.6294406548651
48,ZnO,Bacillus subtilis,non-pathogenic,green_synthesis,MIC,quasi-hexagonal,Bacteria,Bacillota,Bacilli,Bacillales,Bacillaceae,Bacillus,p,soil,81.3794,22.5,18,0.16,30,8,22.60496136,17.07,0.6865,4.082482905,0.3664159172121535,Klebsiella pneumoniae,0.3681462838839942,-0.0017303666718406774,2.3249623115186866,2.3342441758913806
49,ZnO,Bacillus subtilis,non-pathogenic,green_synthesis,MBC,triangular,Bacteria,Bacillota,Bacilli,Bacillales,Bacillaceae,Bacillus,p,soil,81.3794,60.0,4,0.16,30,8,22.60496136,17.07,0.6865,4.082482905,0.45824117734919345,Klebsiella pneumoniae,0.48485573718163866,-0.026614559832445206,2.8723752592816343,3.0539065059411383
50,Pd,Bacillus subtilis,non-pathogenic,chemical_synthesis,MBEC,spheroidal,Bacteria,Bacillota,Bacilli,Bacillales,Bacillaceae,Bacillus,p,soil,195.084,11.3,24,0.16,30,10,21.14774404,0.0,0.0,1.870828693,1.8853972149186136,Klebsiella pneumoniae,1.915740947977556,-0.030343733058942446,76.80636554689637,82.36466720097391
51,Au,Bacillus subtilis,non-pathogenic,chemical_synthesis,MBC,tetragonal,Bacteria,Bacillota,Bacilli,Bacillales,Bacillaceae,Bacillus,p,soil,196.966569,10.0,24,0.16,30,11,23.00188061,0.0,0.0,2.46797672,1.4571363781314943,Klebsiella pneumoniae,1.4881132025431019,-0.03097682441160754,28.650775267575494,30.768987299945724
52,Ag,Bacillus subtilis,non-pathogenic,chemical_synthesis,MIC,rod-shaped,Bacteria,Bacillota,Bacilli,Bacillales,Bacillaceae,Bacillus,p,soil,107.87,45.26,24,0.16,30,11,23.00188061,0.0,0.0,1.78376517,0.8774725861819255,Klebsiella pneumoniae,0.9118068236255727,-0.034334237443647275,7.541757887715656,8.16219232173233
53,ZnO,Bacillus subtilis,non-pathogenic,green_synthesis,MIC,triangular,Bacteria,Bacillota,Bacilli,Bacillales,Bacillaceae,Bacillus,p,soil,81.3794,79.0,3,0.16,30,8,22.60496136,17.07,0.6865,4.082482905,-0.6260907392072323,Klebsiella pneumoniae,-0.5597530828739474,-0.06633765633328492,0.23654254262919003,0.2755795058946985
54,Ag,Bacillus subtilis,non-pathogenic,green_synthesis,MBEC,quasi-hexagonal,Bacteria,Bacillota,Bacilli,Bacillales,Bacillaceae,Bacillus,p,soil,107.8682,18.0,24,0.16,30,11,23.00188061,0.0,0.0,1.78376517,0.6779181319132497,Klebsiella pneumoniae,0.7615409933960996,-0.08362286148284992,4.763411841049893,5.774853794384824
55,ZnO,Bacillus subtilis,non-pathogenic,chemical_synthesis,MBC,cubic,Bacteria,Bacillota,Bacilli,Bacillales,Bacillaceae,Bacillus,p,soil,81.3794,50.0,18,0.16,30,8,22.60496136,17.07,0.6865,4.082482905,1.899782694774036,Klebsiella pneumoniae,1.990678105635139,-0.09089541086110309,79.39308810699893,97.87642670237875
56,Au,Bacillus subtilis,non-pathogenic,green_synthesis,MBC,tetragonal,Bacteria,Bacillota,Bacilli,Bacillales,Bacillaceae,Bacillus,p,soil,196.966569,45.26,3,0.16,30,11,23.00188061,0.0,0.0,2.46797672,1.1125311720251942,Klebsiella pneumoniae,1.2461661279695215,-0.13363495594432728,12.957797003747308,17.626501730865314
57,ZnO,Bacillus subtilis,non-pathogenic,green_synthesis,MIC,triangular,Bacteria,Bacillota,Bacilli,Bacillales,Bacillaceae,Bacillus,p,soil,81.3794,45.26,4,0.16,30,8,22.60496136,17.07,0.6865,4.082482905,-0.8020130950835633,Klebsiella pneumoniae,-0.6680378264545368,-0.13397526862902653,0.15775637014229574,0.2147643409184709
58,ZnO,Bacillus subtilis,non-pathogenic,chemical_synthesis,MIC,tetragonal,Bacteria,Bacillota,Bacilli,Bacillales,Bacillaceae,Bacillus,p,soil,81.3794,22.5,3,0.16,30,8,22.60496136,17.07,0.6865,4.082482905,0.10019326879965895,Klebsiella pneumoniae,0.24778029225040887,-0.14758702345074992,1.2594857807609419,1.7692136941235816
59,CuO,Bacillus subtilis,non-pathogenic,green_synthesis,MIC,triangular,Bacteria,Bacillota,Bacilli,Bacillales,Bacillaceae,Bacillus,p,soil,79.5454,12.0,2,0.16,30,17,20.67942236,17.07,0.6865,1.651411411,0.687754936209586,Klebsiella pneumoniae,0.8476732786005146,-0.1599183423909285,4.872534650174544,7.0416312504101946
60,ZnO,Bacillus subtilis,non-pathogenic,green_synthesis,MIC,hexagonal,Bacteria,Bacillota,Bacilli,Bacillales,Bacillaceae,Bacillus,p,soil,81.3794,22.5,24,0.16,30,8,22.60496136,17.07,0.6865,4.082482905,2.1344168547213553,Klebsiella pneumoniae,2.4314684282926415,-0.2970515735712862,136.2752083600399,270.06507732139886
61,Ag,Bacillus subtilis,non-pathogenic,chemical_synthesis,MIC,quasi-spherical,Bacteria,Bacillota,Bacilli,Bacillales,Bacillaceae,Bacillus,p,soil,107.8682,26.06,18,0.16,30,11,23.00188061,0.0,0.0,1.78376517,1.680256658464377,Klebsiella pneumoniae,1.9913447480946116,-0.3110880896302346,47.89130357537833,98.02678248283257
