,np,bacteria,bac_type,np_synthesis,method,shape,kingdom,phylum,class,order,family,genus,gram,isolated_from,mol_weight (g/mol),np_size_avg (nm),time_set,"min_Incub_period, h","growth_temp, C",Valance_electron,labuteASA,tpsa,CrippenMR,chi0v,pred_MIC_norm,pathogenic_bacteria,pred_MIC_pathogen,Fitness,pred_norm_MIC_original,pred_path_MIC_original
0,TiO2,Bacillus subtilis,non-pathogenic,green_synthesis,MBEC,quasi-hexagonal,Bacteria,Bacillota,Bacilli,Bacillales,Bacillaceae,Bacillus,p,soil,79.866,6.0,0,0.16,30,16,26.40611331,34.14,1.373,2.878049394,2.463153995935882,Klebsiella pneumoniae,1.6974296209873874,0.7657243749484945,290.5052570804431,49.82297094774907
1,ZnO,Bacillus subtilis,non-pathogenic,green_synthesis,MBC,spherical,Bacteria,Bacillota,Bacilli,Bacillales,Bacillaceae,Bacillus,p,soil,81.3794,6.0,0,0.16,30,8,22.60496136,17.07,0.6865,4.082482905,2.545679399749946,Klebsiella pneumoniae,1.794045930304337,0.7516334694456088,351.30101109009576,62.23661021531377
2,ZnO,Bacillus subtilis,non-pathogenic,green_synthesis,MBEC,spheroidal,Bacteria,Bacillota,Bacilli,Bacillales,Bacillaceae,Bacillus,p,soil,81.3794,9.0,18,0.16,30,8,22.60496136,17.07,0.6865,4.082482905,2.48358901018749,Klebsiella pneumoniae,1.8746076304368327,0.6089813797506571,304.5012012035913,74.92170126378123
3,Ag,Bacillus subtilis,non-pathogenic,green_synthesis,MIC,spheroidal,Bacteria,Bacillota,Bacilli,Bacillales,Bacillaceae,Bacillus,p,soil,107.87,28.0,18,0.16,30,11,23.00188061,0.0,0.0,1.78376517,1.0929997171381176,Klebsiella pneumoniae,0.5425592877343299,0.5504404294037877,12.387957796856247,3.4878619545136407
4,ZnO,Bacillus subtilis,non-pathogenic,chemical_synthesis,MBC,tetragonal,Bacteria,Bacillota,Bacilli,Bacillales,Bacillaceae,Bacillus,p,soil,81.3794,8.7,18,0.16,30,8,22.60496136,17.07,0.6865,4.082482905,1.1009295688972198,Klebsiella pneumoniae,0.5885467513896607,0.5123828175075591,12.616229160598502,3.8774548669821742
5,ZnO,Bacillus subtilis,non-pathogenic,green_synthesis,MBEC,hexagonal,Bacteria,Bacillota,Bacilli,Bacillales,Bacillaceae,Bacillus,p,soil,81.3794,10.4,2,0.16,30,8,22.60496136,17.07,0.6865,4.082482905,2.6298683846198645,Klebsiella pneumoniae,2.1367917104354515,0.49307667418441303,426.45026107145344,137.02244428145735
6,CuO,Bacillus subtilis,non-pathogenic,green_synthesis,MBEC,spherical,Bacteria,Bacillota,Bacilli,Bacillales,Bacillaceae,Bacillus,p,soil,79.5454,6.0,1,0.16,30,17,20.67942236,17.07,0.6865,1.651411411,3.441955643258362,Klebsiella pneumoniae,2.956091765430836,0.48586387782752594,2766.6590577817637,903.8404329634533
7,TiO2,Bacillus subtilis,non-pathogenic,chemical_synthesis,MBEC,spheroidal,Bacteria,Bacillota,Bacilli,Bacillales,Bacillaceae,Bacillus,p,soil,79.866,5.1,0,0.16,30,16,26.40611331,34.14,1.373,2.878049394,2.940047793404582,Klebsiella pneumoniae,2.465414714623519,0.47463307878106287,871.0594433631669,292.02142414613496
8,ZnO,Bacillus subtilis,non-pathogenic,chemical_synthesis,MBEC,quasi-hexagonal,Bacteria,Bacillota,Bacilli,Bacillales,Bacillaceae,Bacillus,p,soil,81.3794,12.0,3,0.16,30,8,22.60496136,17.07,0.6865,4.082482905,1.3475187046725345,Klebsiella pneumoniae,0.8760251743768899,0.47149353029564467,22.259669131204145,7.516664639626081
9,Ag,Bacillus subtilis,non-pathogenic,chemical_synthesis,MIC,quasi-hexagonal,Bacteria,Bacillota,Bacilli,Bacillales,Bacillaceae,Bacillus,p,soil,107.87,26.06,1,0.16,30,11,23.00188061,0.0,0.0,1.78376517,0.4221104614020206,Klebsiella pneumoniae,-0.011686987180630659,0.43379744858265123,2.643080930953564,0.9734485730139596
10,ZnO,Bacillus subtilis,non-pathogenic,green_synthesis,MIC,hexagonal,Bacteria,Bacillota,Bacilli,Bacillales,Bacillaceae,Bacillus,p,soil,81.3794,8.7,1,0.16,30,8,22.60496136,17.07,0.6865,4.082482905,1.9045732274368765,Klebsiella pneumoniae,1.4729834846771404,0.43158974275973616,80.27369008613812,29.71553027560368
11,TiO2,Bacillus subtilis,non-pathogenic,chemical_synthesis,MBC,hexagonal,Bacteria,Bacillota,Bacilli,Bacillales,Bacillaceae,Bacillus,p,soil,79.866,9.0,2,0.16,30,16,26.40611331,34.14,1.373,2.878049394,3.006162821320072,Klebsiella pneumoniae,2.5844888783580435,0.42167394296202865,1014.2915824632661,384.1394218080525
12,ZnO,Bacillus subtilis,non-pathogenic,green_synthesis,MBEC,quasi-hexagonal,Bacteria,Bacillota,Bacilli,Bacillales,Bacillaceae,Bacillus,p,soil,81.3794,12.0,18,0.16,30,8,22.60496136,17.07,0.6865,4.082482905,1.3563359922997673,Klebsiella pneumoniae,0.9518062152854481,0.40452977701431925,22.716216142531287,8.949653377227197
13,Ag,Bacillus subtilis,non-pathogenic,chemical_synthesis,MIC,tetragonal,Bacteria,Bacillota,Bacilli,Bacillales,Bacillaceae,Bacillus,p,soil,107.87,11.3,3,0.16,30,11,23.00188061,0.0,0.0,1.78376517,0.1300539207379161,Klebsiella pneumoniae,-0.2636668306806804,0.3937207514185965,1.3491303762916207,0.5449205287045038
14,ZnO,Bacillus subtilis,non-pathogenic,green_synthesis,MIC,spherical,Bacteria,Bacillota,Bacilli,Bacillales,Bacillaceae,Bacillus,p,soil,81.3794,11.3,4,0.16,30,8,22.60496136,17.07,0.6865,4.082482905,1.3428423238065192,Klebsiella pneumoniae,0.9590143854416532,0.38382793836486606,22.02126807459053,9.099434128288857
15,ZnO,Bacillus subtilis,non-pathogenic,green_synthesis,MIC,tetragonal,Bacteria,Bacillota,Bacilli,Bacillales,Bacillaceae,Bacillus,p,soil,81.3794,10.0,18,0.16,30,8,22.60496136,17.07,0.6865,4.082482905,0.30022335103444364,Klebsiella pneumoniae,-0.08178426207052114,0.3820076131049648,1.9962887118820123,0.8283535502432193
16,TiO2,Bacillus subtilis,non-pathogenic,green_synthesis,MBC,spherical,Bacteria,Bacillota,Bacilli,Bacillales,Bacillaceae,Bacillus,p,soil,79.866,22.5,0,0.16,30,16,26.40611331,34.14,1.373,2.878049394,2.6975367133426182,Klebsiella pneumoniae,2.322426171369118,0.37511054197350013,498.3525827222123,210.1000575511906
17,ZnO,Bacillus subtilis,non-pathogenic,green_synthesis,MBEC,quasi-spherical,Bacteria,Bacillota,Bacilli,Bacillales,Bacillaceae,Bacillus,p,soil,81.3794,27.43,3,0.16,30,8,22.60496136,17.07,0.6865,4.082482905,1.9525491998320852,Klebsiella pneumoniae,1.5869075463878257,0.3656416534442595,89.64977415576784,38.62847351140383
18,CuO,Bacillus subtilis,non-pathogenic,green_synthesis,MBEC,quasi-hexagonal,Bacteria,Bacillota,Bacilli,Bacillales,Bacillaceae,Bacillus,p,soil,79.5454,13.0,4,0.16,30,17,20.67942236,17.07,0.6865,1.651411411,2.782277970169181,Klebsiella pneumoniae,2.436825954506089,0.345452015663092,605.7284471809687,273.4172774510923
19,ZnO,Bacillus subtilis,non-pathogenic,green_synthesis,MBEC,quasi-spherical,Bacteria,Bacillota,Bacilli,Bacillales,Bacillaceae,Bacillus,p,soil,81.3794,100.0,1,0.16,30,8,22.60496136,17.07,0.6865,4.082482905,1.1799897713337026,Klebsiella pneumoniae,0.8398165213023723,0.34017325003133037,15.135256008945934,6.915387511444021
20,Ag,Bacillus subtilis,non-pathogenic,green_synthesis,MBEC,quasi-hexagonal,Bacteria,Bacillota,Bacilli,Bacillales,Bacillaceae,Bacillus,p,soil,107.8682,9.0,4,0.16,30,11,23.00188061,0.0,0.0,1.78376517,1.3030516688914182,Klebsiella pneumoniae,0.9685756316423072,0.334476037249111,20.09331852656563,9.301984931283473
21,ZnO,Bacillus subtilis,non-pathogenic,green_synthesis,MBC,triangular,Bacteria,Bacillota,Bacilli,Bacillales,Bacillaceae,Bacillus,p,soil,81.3794,28.0,18,0.16,30,8,22.60496136,17.07,0.6865,4.082482905,0.9385959437197726,Klebsiella pneumoniae,0.610136633179184,0.32845931054058863,8.68152347091643,4.075084636816124
22,TiO2,Bacillus subtilis,non-pathogenic,green_synthesis,MBEC,spherical,Bacteria,Bacillota,Bacilli,Bacillales,Bacillaceae,Bacillus,p,soil,79.866,18.0,0,0.16,30,16,26.40611331,34.14,1.373,2.878049394,2.6126339261630114,Klebsiella pneumoniae,2.2996920457536074,0.31294188040940396,409.8584810049479,199.38479942041062
23,Ag,Bacillus subtilis,non-pathogenic,chemical_synthesis,MIC,hexagonal,Bacteria,Bacillota,Bacilli,Bacillales,Bacillaceae,Bacillus,p,soil,107.87,27.43,4,0.16,30,11,23.00188061,0.0,0.0,1.78376517,1.4561117971396058,Klebsiella pneumoniae,1.1465426851850715,0.3095691119545343,28.583262459573778,14.013373103900587
24,CeO2,Bacillus subtilis,non-pathogenic,green_synthesis,MIC,cubic,Bacteria,Bacillota,Bacilli,Bacillales,Bacillaceae,Bacillus,p,soil,172.115,44.45,4,0.16,30,16,39.19032095,34.14,1.373,4.456551526,1.8767231078189595,Klebsiella pneumoniae,1.5734475733663307,0.3032755344526288,75.28754015622157,37.44963363135343
25,Ag,Bacillus subtilis,non-pathogenic,chemical_synthesis,MIC,tetragonal,Bacteria,Bacillota,Bacilli,Bacillales,Bacillaceae,Bacillus,p,soil,107.8682,11.3,18,0.16,30,11,23.00188061,0.0,0.0,1.78376517,0.619930502069792,Klebsiella pneumoniae,0.32235867492626036,0.2975718271435317,4.168026793270326,2.100674071142243
26,CuO,Bacillus subtilis,non-pathogenic,green_synthesis,MBC,hexagonal,Bacteria,Bacillota,Bacilli,Bacillales,Bacillaceae,Bacillus,p,soil,79.5454,18.0,1,0.16,30,17,20.67942236,17.07,0.6865,1.651411411,3.167297466280221,Klebsiella pneumoniae,2.8726464538395384,0.2946510124406827,1469.9327507462428,745.8413440531401
27,Pd,Bacillus subtilis,non-pathogenic,green_synthesis,MBC,hexagonal,Bacteria,Bacillota,Bacilli,Bacillales,Bacillaceae,Bacillus,p,soil,195.084,11.3,4,0.16,30,10,21.14774404,0.0,0.0,1.870828693,1.9079887636824304,Klebsiella pneumoniae,1.6144200808049354,0.29356868287749505,80.90749660529568,41.15476070359336
28,Pd,Bacillus subtilis,non-pathogenic,green_synthesis,MBEC,quasi-hexagonal,Bacteria,Bacillota,Bacilli,Bacillales,Bacillaceae,Bacillus,p,soil,195.084,41.23,0,0.16,30,10,21.14774404,0.0,0.0,1.870828693,0.53299563648125,Klebsiella pneumoniae,0.24210143647839955,0.2908942000028505,3.4118948354662475,1.7462299654560363
29,ZnO,Bacillus subtilis,non-pathogenic,green_synthesis,MBC,tetragonal,Bacteria,Bacillota,Bacilli,Bacillales,Bacillaceae,Bacillus,p,soil,81.3794,12.0,0,0.16,30,8,22.60496136,17.07,0.6865,4.082482905,1.7779708080500445,Klebsiella pneumoniae,1.4903506201964305,0.287620187853614,59.975076148437736,30.92791336871362
30,CuO,Bacillus subtilis,non-pathogenic,green_synthesis,MBEC,spheroidal,Bacteria,Bacillota,Bacilli,Bacillales,Bacillaceae,Bacillus,p,soil,79.5454,9.0,0,0.16,30,17,20.67942236,17.07,0.6865,1.651411411,3.5738751998729255,Klebsiella pneumoniae,3.287814792740745,0.2860604071321804,3748.652643922328,1940.058352649149
31,ZrO2,Bacillus subtilis,non-pathogenic,green_synthesis,MBC,spheroidal,Bacteria,Bacillota,Bacilli,Bacillales,Bacillaceae,Bacillus,p,soil,123.2218,60.0,18,0.16,30,16,29.29254423,34.14,1.373,3.774536472,1.96284931484943,Klebsiella pneumoniae,1.680276043297984,0.28257327155144596,91.8014022134286,47.89344126238315
32,ZnO,Bacillus subtilis,non-pathogenic,chemical_synthesis,MBC,triangular,Bacteria,Bacillota,Bacilli,Bacillales,Bacillaceae,Bacillus,p,soil,81.3794,5.1,3,0.16,30,8,22.60496136,17.07,0.6865,4.082482905,0.7185460014859153,Klebsiella pneumoniae,0.4363941803838294,0.2821518211020859,5.230533662823149,2.731455819894989
33,ZnO,Bacillus subtilis,non-pathogenic,chemical_synthesis,MBC,triangular,Bacteria,Bacillota,Bacilli,Bacillales,Bacillaceae,Bacillus,p,soil,81.3794,5.1,3,0.16,30,8,22.60496136,17.07,0.6865,4.082482905,0.7185460014859153,Klebsiella pneumoniae,0.4363941803838294,0.2821518211020859,5.230533662823149,2.731455819894989
34,Au,Bacillus subtilis,non-pathogenic,chemical_synthesis,MBEC,tetragonal,Bacteria,Bacillota,Bacilli,Bacillales,Bacillaceae,Bacillus,p,soil,196.966569,44.45,18,0.16,30,11,23.00188061,0.0,0.0,2.46797672,0.6612503151396483,Klebsiella pneumoniae,0.39218651025758255,0.2690638048820657,4.584060229414584,2.467098619420948
35,ZnO,Bacillus subtilis,non-pathogenic,green_synthesis,MBEC,cubic,Bacteria,Bacillota,Bacilli,Bacillales,Bacillaceae,Bacillus,p,soil,81.3794,12.5,1,0.16,30,8,22.60496136,17.07,0.6865,4.082482905,2.5484544020905386,Klebsiella pneumoniae,2.2817951002834826,0.266659301807056,353.5528985485926,191.33529939448601
36,Al2O3,Bacillus subtilis,non-pathogenic,green_synthesis,MBC,triangular,Bacteria,Bacillota,Bacilli,Bacillales,Bacillaceae,Bacillus,p,soil,101.961276,44.45,18,0.16,30,24,51.55776403,85.5,13.5675,4.688846487,0.94010677217459,Klebsiella pneumoniae,0.6806318978167571,0.2594748743578329,8.711777444359674,4.793270052664424
37,Au,Bacillus subtilis,non-pathogenic,green_synthesis,MIC,cubic,Bacteria,Bacillota,Bacilli,Bacillales,Bacillaceae,Bacillus,p,soil,196.966569,6.0,3,0.16,30,11,23.00188061,0.0,0.0,2.46797672,2.6329483324267784,Klebsiella pneumoniae,2.3752945197246538,0.2576538127021246,429.4853282922777,237.29824141103325
38,Ag,Bacillus subtilis,non-pathogenic,green_synthesis,MBC,quasi-spherical,Bacteria,Bacillota,Bacilli,Bacillales,Bacillaceae,Bacillus,p,soil,107.8682,79.0,2,0.16,30,11,23.00188061,0.0,0.0,1.78376517,0.6283174634934883,Klebsiella pneumoniae,0.38162263891068604,0.24669482458280223,4.249300686769659,2.407812356827613
39,Au,Bacillus subtilis,non-pathogenic,chemical_synthesis,MIC,quasi-spherical,Bacteria,Bacillota,Bacilli,Bacillales,Bacillaceae,Bacillus,p,soil,196.966569,11.3,2,0.16,30,11,23.00188061,0.0,0.0,2.46797672,2.020144335449498,Klebsiella pneumoniae,1.786359471125166,0.2337848643243321,104.74766134619547,61.144791881130004
40,CeO2,Bacillus subtilis,non-pathogenic,chemical_synthesis,MIC,spheroidal,Bacteria,Bacillota,Bacilli,Bacillales,Bacillaceae,Bacillus,p,soil,172.115,17.5,2,0.16,30,16,39.19032095,34.14,1.373,4.456551526,2.222176501219497,Klebsiella pneumoniae,2.00771520366154,0.21446129755795695,166.79249346585755,101.79236475822127
41,ZnO,Bacillus subtilis,non-pathogenic,green_synthesis,MBEC,hexagonal,Bacteria,Bacillota,Bacilli,Bacillales,Bacillaceae,Bacillus,p,soil,81.3794,26.06,3,0.16,30,8,22.60496136,17.07,0.6865,4.082482905,2.3274439182257867,Klebsiella pneumoniae,2.1290771428946496,0.1983667753311371,212.5415866046521,134.60994378789502
42,TiO2,Bacillus subtilis,non-pathogenic,green_synthesis,MBEC,spheroidal,Bacteria,Bacillota,Bacilli,Bacillales,Bacillaceae,Bacillus,p,soil,79.866,41.23,2,0.16,30,16,26.40611331,34.14,1.373,2.878049394,2.012902374968211,Klebsiella pneumoniae,1.8468231759182627,0.1660791990499484,103.01545260354588,70.27861205021946
43,Ag,Bacillus subtilis,non-pathogenic,green_synthesis,MIC,nanoplates,Bacteria,Bacillota,Bacilli,Bacillales,Bacillaceae,Bacillus,p,soil,107.87,6.0,18,0.16,30,11,23.00188061,0.0,0.0,1.78376517,2.3085993972781433,Klebsiella pneumoniae,2.1481372492766035,0.1604621480015398,203.51639319270745,140.64919449324108
44,Ag,Bacillus subtilis,non-pathogenic,green_synthesis,MIC,rod-shaped,Bacteria,Bacillota,Bacilli,Bacillales,Bacillaceae,Bacillus,p,soil,107.87,18.0,3,0.16,30,11,23.00188061,0.0,0.0,1.78376517,1.2448038368363779,Klebsiella pneumoniae,1.1282003225392034,0.11660351429717442,17.571297701394244,13.433844673566595
45,TiO2,Bacillus subtilis,non-pathogenic,green_synthesis,MIC,rod-shaped,Bacteria,Bacillota,Bacilli,Bacillales,Bacillaceae,Bacillus,p,soil,79.866,13.0,0,0.16,30,16,26.40611331,34.14,1.373,2.878049394,2.3639270865304685,Klebsiella pneumoniae,2.268856193488654,0.09507089304181449,231.16766514310555,185.71893882169644
46,Ag,Bacillus subtilis,non-pathogenic,chemical_synthesis,MBEC,quasi-hexagonal,Bacteria,Bacillota,Bacilli,Bacillales,Bacillaceae,Bacillus,p,soil,107.87,35.0,2,0.16,30,11,23.00188061,0.0,0.0,1.78376517,0.558959340271473,Klebsiella pneumoniae,0.48439114331386635,0.07456819695760664,3.6220908591459966,3.050641284626193
47,ZnO,Bacillus subtilis,non-pathogenic,chemical_synthesis,MBC,quasi-hexagonal,Bacteria,Bacillota,Bacilli,Bacillales,Bacillaceae,Bacillus,p,soil,81.3794,60.0,18,0.16,30,8,22.60496136,17.07,0.6865,4.082482905,0.6197794707106634,Klebsiella pneumoniae,0.5590564214373182,0.060723049273345264,4.166577561627643,3.622900623310676
48,Pd,Bacillus subtilis,non-pathogenic,chemical_synthesis,MIC,nanoplates,Bacteria,Bacillota,Bacilli,Bacillales,Bacillaceae,Bacillus,p,soil,195.084,26.38,18,0.16,30,10,21.14774404,0.0,0.0,1.870828693,1.5243442840879002,Klebsiella pneumoniae,1.4688356764196215,0.0555086076682787,33.44600759801393,29.43307766590975
49,Ag,Bacillus subtilis,non-pathogenic,green_synthesis,MIC,quasi-spherical,Bacteria,Bacillota,Bacilli,Bacillales,Bacillaceae,Bacillus,p,soil,107.87,50.0,18,0.16,30,11,23.00188061,0.0,0.0,1.78376517,0.6458890795659353,Klebsiella pneumoniae,0.6083250950929688,0.037563984472966494,4.4247534807196365,4.058121961985853
50,ZnO,Bacillus subtilis,non-pathogenic,chemical_synthesis,MBC,hexagonal,Bacteria,Bacillota,Bacilli,Bacillales,Bacillaceae,Bacillus,p,soil,81.3794,41.23,3,0.16,30,8,22.60496136,17.07,0.6865,4.082482905,1.9693445746552067,Klebsiella pneumoniae,1.9666612492685003,0.002683325386706459,93.18469212073045,92.61071757770672
51,Pd,Bacillus subtilis,non-pathogenic,green_synthesis,MBEC,cubic,Bacteria,Bacillota,Bacilli,Bacillales,Bacillaceae,Bacillus,p,soil,195.084,79.0,18,0.16,30,10,21.14774404,0.0,0.0,1.870828693,1.846511468588827,Klebsiella pneumoniae,1.8615021697705445,-0.014990701181717414,70.2281888930825,72.6946031086527
52,CuO,Bacillus subtilis,non-pathogenic,chemical_synthesis,MBC,spherical,Bacteria,Bacillota,Bacilli,Bacillales,Bacillaceae,Bacillus,p,soil,79.5454,25.0,2,0.16,30,17,20.67942236,17.07,0.6865,1.651411411,2.4240094884820693,Klebsiella pneumoniae,2.4478980776009296,-0.02388858911886027,265.46635605306295,280.47753220189895
53,Ag,Bacillus subtilis,non-pathogenic,green_synthesis,MBC,tetragonal,Bacteria,Bacillota,Bacilli,Bacillales,Bacillaceae,Bacillus,p,soil,107.87,18.5,2,0.16,30,11,23.00188061,0.0,0.0,1.78376517,0.5214699099354236,Klebsiella pneumoniae,0.554413714133535,-0.03294380419811138,3.3225376423340847,3.5843772659699775
54,CuO,Bacillus subtilis,non-pathogenic,chemical_synthesis,MBC,cubic,Bacteria,Bacillota,Bacilli,Bacillales,Bacillaceae,Bacillus,p,soil,79.5454,12.0,3,0.16,30,17,20.67942236,17.07,0.6865,1.651411411,2.855518360739648,Klebsiella pneumoniae,2.8912656609255274,-0.03574730018587946,716.9986876117767,778.5126269509548
55,Ag,Bacillus subtilis,non-pathogenic,chemical_synthesis,MBEC,rod-shaped,Bacteria,Bacillota,Bacilli,Bacillales,Bacillaceae,Bacillus,p,soil,107.87,79.0,3,0.16,30,11,23.00188061,0.0,0.0,1.78376517,1.3537102331761983,Klebsiella pneumoniae,1.4178890931952322,-0.06417886001903383,22.579287486324397,26.175144820225746
56,CuO,Bacillus subtilis,non-pathogenic,chemical_synthesis,MBC,rod-shaped,Bacteria,Bacillota,Bacilli,Bacillales,Bacillaceae,Bacillus,p,soil,79.5454,79.0,3,0.16,30,17,20.67942236,17.07,0.6865,1.651411411,2.409090656569252,Klebsiella pneumoniae,2.4919647487275904,-0.08287409215833863,256.5019414242395,310.43076041891726
57,Ag,Bacillus subtilis,non-pathogenic,green_synthesis,MIC,spherical,Bacteria,Bacillota,Bacilli,Bacillales,Bacillaceae,Bacillus,p,soil,107.8682,27.43,2,0.16,30,11,23.00188061,0.0,0.0,1.78376517,0.9238954176811456,Klebsiella pneumoniae,1.0074685617639165,-0.08357314408277094,8.392578607595295,10.173457186583024
58,CuO,Bacillus subtilis,non-pathogenic,green_synthesis,MIC,hexagonal,Bacteria,Bacillota,Bacilli,Bacillales,Bacillaceae,Bacillus,p,soil,79.5454,79.0,0,0.16,30,17,20.67942236,17.07,0.6865,1.651411411,2.1215073420626043,Klebsiella pneumoniae,2.249644027930293,-0.1281366858676889,132.28400713899163,177.68224298770107
59,Ag,Bacillus subtilis,non-pathogenic,chemical_synthesis,MBEC,rod-shaped,Bacteria,Bacillota,Bacilli,Bacillales,Bacillaceae,Bacillus,p,soil,107.8682,26.06,0,0.16,30,11,23.00188061,0.0,0.0,1.78376517,1.8076430835430903,Klebsiella pneumoniae,2.020833404396512,-0.2131903208534216,64.21597539184494,104.91399008060252
60,Au,Bacillus subtilis,non-pathogenic,green_synthesis,MBEC,cubic,Bacteria,Bacillota,Bacilli,Bacillales,Bacillaceae,Bacillus,p,soil,196.966569,60.0,24,0.16,30,11,23.00188061,0.0,0.0,2.46797672,2.3143765434910235,Klebsiella pneumoniae,2.5322416155842715,-0.217865072093248,206.2417302426079,340.59762523435467
