,np,bacteria,bac_type,np_synthesis,method,shape,kingdom,phylum,class,order,family,genus,gram,isolated_from,mol_weight (g/mol),np_size_avg (nm),time_set,"min_Incub_period, h","growth_temp, C",Valance_electron,labuteASA,tpsa,CrippenMR,chi0v,pred_MIC_norm,pathogenic_bacteria,pred_MIC_pathogen,Fitness,pred_norm_MIC_original,pred_path_MIC_original
0,ZnO,Bacillus subtilis,non-pathogenic,green_synthesis,MBC,quasi-spherical,Bacteria,Bacillota,Bacilli,Bacillales,Bacillaceae,Bacillus,p,soil,81.3794,9.0,1,0.16,30,8,22.60496136,17.07,0.6865,4.082482905,2.15795602580081,Klebsiella pneumoniae,1.4505966608057757,0.7073593649950343,143.865290103719,28.222576623196787
1,ZnO,Bacillus subtilis,non-pathogenic,green_synthesis,MBEC,quasi-hexagonal,Bacteria,Bacillota,Bacilli,Bacillales,Bacillaceae,Bacillus,p,soil,81.3794,8.7,4,0.16,30,8,22.60496136,17.07,0.6865,4.082482905,1.406134574439036,Klebsiella pneumoniae,0.7023570107807193,0.7037775636583166,25.47619558860683,5.039146804761968
2,ZnO,Bacillus subtilis,non-pathogenic,chemical_synthesis,MIC,triangular,Bacteria,Bacillota,Bacilli,Bacillales,Bacillaceae,Bacillus,p,soil,81.3794,5.1,18,0.16,30,8,22.60496136,17.07,0.6865,4.082482905,-0.2567348488024559,Klebsiella pneumoniae,-0.7198778821274874,0.4631430333250315,0.5536880509776237,0.1905996583687057
3,ZnO,Bacillus subtilis,non-pathogenic,green_synthesis,MBEC,quasi-hexagonal,Bacteria,Bacillota,Bacilli,Bacillales,Bacillaceae,Bacillus,p,soil,81.3794,13.0,4,0.16,30,8,22.60496136,17.07,0.6865,4.082482905,1.320581634809442,Klebsiella pneumoniae,0.8637300716299556,0.4568515631794863,20.920961237448452,7.306847975769114
4,ZnO,Bacillus subtilis,non-pathogenic,green_synthesis,MIC,quasi-spherical,Bacteria,Bacillota,Bacilli,Bacillales,Bacillaceae,Bacillus,p,soil,81.3794,11.3,2,0.16,30,8,22.60496136,17.07,0.6865,4.082482905,1.5379143155886295,Klebsiella pneumoniae,1.102620414606909,0.4352939009817205,34.507565069505624,12.665443871081749
5,Ag,Bacillus subtilis,non-pathogenic,chemical_synthesis,MIC,nanoplates,Bacteria,Bacillota,Bacilli,Bacillales,Bacillaceae,Bacillus,p,soil,107.87,8.7,3,0.16,30,11,23.00188061,0.0,0.0,1.78376517,2.007997909182712,Klebsiella pneumoniae,1.5762186214909704,0.43177928769174145,101.85864842769656,37.689347737441885
6,ZnO,Bacillus subtilis,non-pathogenic,chemical_synthesis,MBEC,rod-shaped,Bacteria,Bacillota,Bacilli,Bacillales,Bacillaceae,Bacillus,p,soil,81.3794,8.7,2,0.16,30,8,22.60496136,17.07,0.6865,4.082482905,1.891983574580975,Klebsiella pneumoniae,1.468950809503659,0.423032765077316,77.98006171848773,29.440881518748288
7,Ag,Bacillus subtilis,non-pathogenic,chemical_synthesis,MIC,tetragonal,Bacteria,Bacillota,Bacilli,Bacillales,Bacillaceae,Bacillus,p,soil,107.87,40.0,3,0.16,30,11,23.00188061,0.0,0.0,1.78376517,-0.5344863215532816,Klebsiella pneumoniae,-0.8965776427409478,0.3620913211876662,0.2920879754166507,0.12688852741028528
8,CuO,Bacillus subtilis,non-pathogenic,green_synthesis,MBEC,quasi-hexagonal,Bacteria,Bacillota,Bacilli,Bacillales,Bacillaceae,Bacillus,p,soil,79.5454,13.0,4,0.16,30,17,20.67942236,17.07,0.6865,1.651411411,2.782277970169181,Klebsiella pneumoniae,2.436825954506089,0.345452015663092,605.7284471809687,273.4172774510923
9,ZnO,Bacillus subtilis,non-pathogenic,chemical_synthesis,MBEC,quasi-hexagonal,Bacteria,Bacillota,Bacilli,Bacillales,Bacillaceae,Bacillus,p,soil,81.3794,20.0,0,0.16,30,8,22.60496136,17.07,0.6865,4.082482905,1.2019965711160072,Klebsiella pneumoniae,0.8920380441755609,0.30995852694044634,15.921961561397431,7.798984265953344
10,ZrO2,Bacillus subtilis,non-pathogenic,green_synthesis,MBC,spheroidal,Bacteria,Bacillota,Bacilli,Bacillales,Bacillaceae,Bacillus,p,soil,123.2218,60.0,18,0.16,30,16,29.29254423,34.14,1.373,3.774536472,1.96284931484943,Klebsiella pneumoniae,1.680276043297984,0.28257327155144596,91.8014022134286,47.89344126238315
11,Au,Bacillus subtilis,non-pathogenic,chemical_synthesis,MBEC,tetragonal,Bacteria,Bacillota,Bacilli,Bacillales,Bacillaceae,Bacillus,p,soil,196.966569,44.45,18,0.16,30,11,23.00188061,0.0,0.0,2.46797672,0.6612503151396483,Klebsiella pneumoniae,0.39218651025758255,0.2690638048820657,4.584060229414584,2.467098619420948
12,ZnO,Bacillus subtilis,non-pathogenic,green_synthesis,MBEC,hexagonal,Bacteria,Bacillota,Bacilli,Bacillales,Bacillaceae,Bacillus,p,soil,81.3794,18.5,0,0.16,30,8,22.60496136,17.07,0.6865,4.082482905,2.379112120601776,Klebsiella pneumoniae,2.113464282100921,0.26564783850085494,239.3933711860289,129.85667607593444
13,Ag,Bacillus subtilis,non-pathogenic,chemical_synthesis,MIC,triangular,Bacteria,Bacillota,Bacilli,Bacillales,Bacillaceae,Bacillus,p,soil,107.8682,28.0,18,0.16,30,11,23.00188061,0.0,0.0,1.78376517,-0.3831982821962896,Klebsiella pneumoniae,-0.6302628260835852,0.2470645438872956,0.41381070159587496,0.23428105654712628
14,Au,Bacillus subtilis,non-pathogenic,chemical_synthesis,MIC,nanoplates,Bacteria,Bacillota,Bacilli,Bacillales,Bacillaceae,Bacillus,p,soil,196.966569,60.0,1,0.16,30,11,23.00188061,0.0,0.0,2.46797672,1.7720445925390735,Klebsiella pneumoniae,1.5259096510669317,0.24613494147214188,59.162237772787236,33.566777596159234
15,Au,Bacillus subtilis,non-pathogenic,chemical_synthesis,MIC,cubic,Bacteria,Bacillota,Bacilli,Bacillales,Bacillaceae,Bacillus,p,soil,196.966569,79.0,3,0.16,30,11,23.00188061,0.0,0.0,2.46797672,1.823398780683097,Klebsiella pneumoniae,1.586441935898235,0.236956844784862,66.58843081594216,38.58708181685688
16,ZnO,Bacillus subtilis,non-pathogenic,green_synthesis,MIC,quasi-hexagonal,Bacteria,Bacillota,Bacilli,Bacillales,Bacillaceae,Bacillus,p,soil,81.3794,28.0,3,0.16,30,8,22.60496136,17.07,0.6865,4.082482905,0.44806304950363596,Klebsiella pneumoniae,0.21328592535775193,0.23477712414588403,2.805840951527815,1.6341274501668865
17,Ag,Bacillus subtilis,non-pathogenic,green_synthesis,MBC,nanoplates,Bacteria,Bacillota,Bacilli,Bacillales,Bacillaceae,Bacillus,p,soil,107.87,44.45,4,0.16,30,11,23.00188061,0.0,0.0,1.78376517,0.9352828451394521,Klebsiella pneumoniae,0.7157196524607774,0.21956319267867475,8.615546785308695,5.1966043492242076
18,Au,Bacillus subtilis,non-pathogenic,green_synthesis,MIC,cubic,Bacteria,Bacillota,Bacilli,Bacillales,Bacillaceae,Bacillus,p,soil,196.966569,45.26,0,0.16,30,11,23.00188061,0.0,0.0,2.46797672,1.71783954626807,Klebsiella pneumoniae,1.5223091021269621,0.19553044414110787,52.2203221002997,33.28964026686666
19,Au,Bacillus subtilis,non-pathogenic,chemical_synthesis,MIC,spherical,Bacteria,Bacillota,Bacilli,Bacillales,Bacillaceae,Bacillus,p,soil,196.966569,50.0,0,0.16,30,11,23.00188061,0.0,0.0,2.46797672,1.2922642261420603,Klebsiella pneumoniae,1.0975400754548923,0.19472415068716797,19.60036803437466,12.518147815963948
20,ZnO,Bacillus subtilis,non-pathogenic,chemical_synthesis,MBEC,quasi-hexagonal,Bacteria,Bacillota,Bacilli,Bacillales,Bacillaceae,Bacillus,p,soil,81.3794,22.5,2,0.16,30,8,22.60496136,17.07,0.6865,4.082482905,0.9291842760425756,Klebsiella pneumoniae,0.7381384784282423,0.19104579761433327,8.495408683350345,5.471904113199867
21,Ag,Bacillus subtilis,non-pathogenic,chemical_synthesis,MIC,quasi-spherical,Bacteria,Bacillota,Bacilli,Bacillales,Bacillaceae,Bacillus,p,soil,107.8682,5.1,3,0.16,30,11,23.00188061,0.0,0.0,1.78376517,2.0990270860762696,Klebsiella pneumoniae,1.914424411595098,0.18460267448117174,125.61083022088135,82.11536196480542
22,CuO,Bacillus subtilis,non-pathogenic,green_synthesis,MBEC,spherical,Bacteria,Bacillota,Bacilli,Bacillales,Bacillaceae,Bacillus,p,soil,79.5454,79.0,3,0.16,30,17,20.67942236,17.07,0.6865,1.651411411,2.4220980119422153,Klebsiella pneumoniae,2.247213316125797,0.1748846958164183,264.300516563864,176.69054736180496
23,Ag,Bacillus subtilis,non-pathogenic,green_synthesis,MBC,hexagonal,Bacteria,Bacillota,Bacilli,Bacillales,Bacillaceae,Bacillus,p,soil,107.8682,60.0,2,0.16,30,11,23.00188061,0.0,0.0,1.78376517,1.5932489578124105,Klebsiella pneumoniae,1.4230271132480319,0.1702218445643786,39.19665061641657,26.486654911169474
24,ZnO,Bacillus subtilis,non-pathogenic,chemical_synthesis,MBEC,rod-shaped,Bacteria,Bacillota,Bacilli,Bacillales,Bacillaceae,Bacillus,p,soil,81.3794,13.0,2,0.16,30,8,22.60496136,17.07,0.6865,4.082482905,1.8142381573637196,Klebsiella pneumoniae,1.6443877859152753,0.16985037144844428,65.19858304688309,44.09484150565132
25,Au,Bacillus subtilis,non-pathogenic,chemical_synthesis,MIC,quasi-spherical,Bacteria,Bacillota,Bacilli,Bacillales,Bacillaceae,Bacillus,p,soil,196.966569,26.38,1,0.16,30,11,23.00188061,0.0,0.0,2.46797672,1.485836104500414,Klebsiella pneumoniae,1.3334104150052162,0.15242568949519786,30.608081177332146,21.548171083518863
26,Ag,Bacillus subtilis,non-pathogenic,green_synthesis,MBC,quasi-hexagonal,Bacteria,Bacillota,Bacilli,Bacillales,Bacillaceae,Bacillus,p,soil,107.87,12.0,1,0.16,30,11,23.00188061,0.0,0.0,1.78376517,0.8942864915947019,Klebsiella pneumoniae,0.746229166883302,0.14805732471139987,7.839466192962431,5.5747984020375485
27,Au,Bacillus subtilis,non-pathogenic,green_synthesis,MBC,spheroidal,Bacteria,Bacillota,Bacilli,Bacillales,Bacillaceae,Bacillus,p,soil,196.966569,25.0,18,0.16,30,11,23.00188061,0.0,0.0,2.46797672,1.5278853357405118,Klebsiella pneumoniae,1.3814847604922933,0.14640057524821848,33.71982683970166,24.07048053618315
28,CeO2,Bacillus subtilis,non-pathogenic,green_synthesis,MBEC,tetragonal,Bacteria,Bacillota,Bacilli,Bacillales,Bacillaceae,Bacillus,p,soil,172.115,10.4,0,0.16,30,16,39.19032095,34.14,1.373,4.456551526,1.9508870094677033,Klebsiella pneumoniae,1.8116696502093168,0.13921735925838652,89.3073102394593,64.81412318535087
29,Ag,Bacillus subtilis,non-pathogenic,green_synthesis,MIC,quasi-hexagonal,Bacteria,Bacillota,Bacilli,Bacillales,Bacillaceae,Bacillus,p,soil,107.8682,28.0,0,0.16,30,11,23.00188061,0.0,0.0,1.78376517,0.5322700202256101,Klebsiella pneumoniae,0.40215693161849053,0.13011308860711956,3.406199024452642,2.5243927930023133
30,Ag,Bacillus subtilis,non-pathogenic,chemical_synthesis,MBEC,hexagonal,Bacteria,Bacillota,Bacilli,Bacillales,Bacillaceae,Bacillus,p,soil,107.87,17.5,2,0.16,30,11,23.00188061,0.0,0.0,1.78376517,1.8835111577244041,Klebsiella pneumoniae,1.7655113101636957,0.11799984756070847,76.47353354683555,58.27889519466497
31,CuO,Bacillus subtilis,non-pathogenic,green_synthesis,MBC,cubic,Bacteria,Bacillota,Bacilli,Bacillales,Bacillaceae,Bacillus,p,soil,79.5454,8.0,24,0.16,30,17,20.67942236,17.07,0.6865,1.651411411,3.0593470534991187,Klebsiella pneumoniae,2.9419624010129555,0.11738465248616325,1146.428709847706,874.9080269023962
32,CeO2,Bacillus subtilis,non-pathogenic,chemical_synthesis,MBEC,triangular,Bacteria,Bacillota,Bacilli,Bacillales,Bacillaceae,Bacillus,p,soil,172.115,11.3,0,0.16,30,16,39.19032095,34.14,1.373,4.456551526,1.301281633928647,Klebsiella pneumoniae,1.1853782364321153,0.11590339749653178,20.011591728247623,15.32421499615179
33,Cu,Bacillus subtilis,non-pathogenic,green_synthesis,MBEC,rod-shaped,Bacteria,Bacillota,Bacilli,Bacillales,Bacillaceae,Bacillus,p,soil,63.55,13.0,3,0.16,30,11,17.96409803,0.0,0.0,1.243163121,1.9489526130063561,Klebsiella pneumoniae,1.8490949794043021,0.09985763360205402,88.91041001182708,70.64720415052214
34,Ag,Bacillus subtilis,non-pathogenic,green_synthesis,MBEC,cubic,Bacteria,Bacillota,Bacilli,Bacillales,Bacillaceae,Bacillus,p,soil,107.8682,5.1,18,0.16,30,11,23.00188061,0.0,0.0,1.78376517,2.295989815993942,Klebsiella pneumoniae,2.1967225240905988,0.09926729190334305,197.69232816256903,157.29775492833923
35,Au,Bacillus subtilis,non-pathogenic,chemical_synthesis,MBC,hexagonal,Bacteria,Bacillota,Bacilli,Bacillales,Bacillaceae,Bacillus,p,soil,196.966569,26.06,1,0.16,30,11,23.00188061,0.0,0.0,2.46797672,1.6262298692001658,Klebsiella pneumoniae,1.5422698708169693,0.08395999838319645,42.28923891869023,34.85538392919512
36,ZnO,Bacillus subtilis,non-pathogenic,green_synthesis,MIC,spheroidal,Bacteria,Bacillota,Bacilli,Bacillales,Bacillaceae,Bacillus,p,soil,81.3794,30.0,24,0.16,30,8,22.60496136,17.07,0.6865,4.082482905,1.524103830417482,Klebsiella pneumoniae,1.442880399614722,0.08122343080276018,33.42749483838443,27.725564650042255
37,TiO2,Bacillus subtilis,non-pathogenic,green_synthesis,MBC,triangular,Bacteria,Bacillota,Bacilli,Bacillales,Bacillaceae,Bacillus,p,soil,79.866,35.0,4,0.16,30,16,26.40611331,34.14,1.373,2.878049394,0.9913235393746995,Klebsiella pneumoniae,0.9174050119920403,0.07391852738265925,9.802199547333416,8.268086508795971
38,Au,Bacillus subtilis,non-pathogenic,chemical_synthesis,MIC,nanoplates,Bacteria,Bacillota,Bacilli,Bacillales,Bacillaceae,Bacillus,p,soil,196.966569,30.0,1,0.16,30,11,23.00188061,0.0,0.0,2.46797672,2.2939692157119103,Klebsiella pneumoniae,2.2280284612690466,0.06594075444286362,196.7746804095154,169.05517174641832
39,Ag,Bacillus subtilis,non-pathogenic,green_synthesis,MBC,hexagonal,Bacteria,Bacillota,Bacilli,Bacillales,Bacillaceae,Bacillus,p,soil,107.87,22.5,4,0.16,30,11,23.00188061,0.0,0.0,1.78376517,1.5577615564824174,Klebsiella pneumoniae,1.4990327257107492,0.05872883077166824,36.121148989942064,31.552423737105045
40,ZnO,Bacillus subtilis,non-pathogenic,chemical_synthesis,MIC,triangular,Bacteria,Bacillota,Bacilli,Bacillales,Bacillaceae,Bacillus,p,soil,81.3794,9.0,0,0.16,30,8,22.60496136,17.07,0.6865,4.082482905,-0.19749975982986956,Klebsiella pneumoniae,-0.2541238378754245,0.056624078045554915,0.6346002519228472,0.5570268916001087
41,Ag,Bacillus subtilis,non-pathogenic,green_synthesis,MBC,quasi-hexagonal,Bacteria,Bacillota,Bacilli,Bacillales,Bacillaceae,Bacillus,p,soil,107.87,79.0,18,0.16,30,11,23.00188061,0.0,0.0,1.78376517,0.1875135695443353,Klebsiella pneumoniae,0.1418312252659646,0.0456823442783707,1.5399746418624605,1.386217015039535
42,Ag,Bacillus subtilis,non-pathogenic,green_synthesis,MBEC,rod-shaped,Bacteria,Bacillota,Bacilli,Bacillales,Bacillaceae,Bacillus,p,soil,107.87,100.0,2,0.16,30,11,23.00188061,0.0,0.0,1.78376517,1.107249436496207,Klebsiella pneumoniae,1.0621100015450504,0.04513943495115669,12.801163262796553,11.537454505979788
43,Au,Bacillus subtilis,non-pathogenic,green_synthesis,MBC,nanoplates,Bacteria,Bacillota,Bacilli,Bacillales,Bacillaceae,Bacillus,p,soil,196.966569,18.5,4,0.16,30,11,23.00188061,0.0,0.0,2.46797672,1.5382837702610066,Klebsiella pneumoniae,1.5091226359009884,0.029161134360018215,34.53693317341016,32.29405911312528
44,Ag,Bacillus subtilis,non-pathogenic,green_synthesis,MBEC,cubic,Bacteria,Bacillota,Bacilli,Bacillales,Bacillaceae,Bacillus,p,soil,107.87,25.0,1,0.16,30,11,23.00188061,0.0,0.0,1.78376517,1.9787205681838005,Klebsiella pneumoniae,1.9511606809093005,0.027559887274499983,95.2183317349195,89.36360513543609
45,Pd,Bacillus subtilis,non-pathogenic,green_synthesis,MBEC,spheroidal,Bacteria,Bacillota,Bacilli,Bacillales,Bacillaceae,Bacillus,p,soil,195.084,12.0,1,0.16,30,10,21.14774404,0.0,0.0,1.870828693,2.1467469147596105,Klebsiella pneumoniae,2.1305256797194416,0.016221235040168924,140.1996452602328,135.05966859237967
46,Ag,Bacillus subtilis,non-pathogenic,green_synthesis,MBEC,triangular,Bacteria,Bacillota,Bacilli,Bacillales,Bacillaceae,Bacillus,p,soil,107.87,13.0,3,0.16,30,11,23.00188061,0.0,0.0,1.78376517,0.44640149038245425,Klebsiella pneumoniae,0.44210576373126886,0.004295726651185383,2.795126646102121,2.76761556074148
47,CuO,Bacillus subtilis,non-pathogenic,chemical_synthesis,MBEC,cubic,Bacteria,Bacillota,Bacilli,Bacillales,Bacillaceae,Bacillus,p,soil,79.5454,9.0,3,0.16,30,17,20.67942236,17.07,0.6865,1.651411411,3.366918182041161,Klebsiella pneumoniae,3.3715116276074566,-0.004593445566295706,2327.6527033170814,2352.402474724269
48,Al2O3,Bacillus subtilis,non-pathogenic,green_synthesis,MIC,hexagonal,Bacteria,Bacillota,Bacilli,Bacillales,Bacillaceae,Bacillus,p,soil,101.961276,22.5,2,0.16,30,24,51.55776403,85.5,13.5675,4.688846487,2.3521927985862585,Klebsiella pneumoniae,2.3727209287498843,-0.020528130163625757,225.00532618839463,235.89619118011123
49,Ag,Bacillus subtilis,non-pathogenic,green_synthesis,MIC,quasi-hexagonal,Bacteria,Bacillota,Bacilli,Bacillales,Bacillaceae,Bacillus,p,soil,107.8682,50.0,18,0.16,30,11,23.00188061,0.0,0.0,1.78376517,-0.13119190349233367,Klebsiella pneumoniae,-0.10491066909351754,-0.026281234398816133,0.7392785348219697,0.7853971679213997
50,Ag,Bacillus subtilis,non-pathogenic,green_synthesis,MIC,spherical,Bacteria,Bacillota,Bacilli,Bacillales,Bacillaceae,Bacillus,p,soil,107.8682,18.0,1,0.16,30,11,23.00188061,0.0,0.0,1.78376517,1.0488682151686057,Klebsiella pneumoniae,1.0867645903901475,-0.03789637522154177,11.190982462895462,12.211375623161528
51,ZnO,Bacillus subtilis,non-pathogenic,chemical_synthesis,MBEC,cubic,Bacteria,Bacillota,Bacilli,Bacillales,Bacillaceae,Bacillus,p,soil,81.3794,30.0,2,0.16,30,8,22.60496136,17.07,0.6865,4.082482905,2.067388836422053,Klebsiella pneumoniae,2.133218713237802,-0.06582987681574881,116.78547632941493,135.89976734486297
52,Ag2O,Bacillus subtilis,non-pathogenic,chemical_synthesis,MIC,triangular,Bacteria,Bacillota,Bacilli,Bacillales,Bacillaceae,Bacillus,p,soil,231.7358,45.26,3,0.16,30,28,46.55109718,17.07,0.6865,3.975778631,-0.06518751211162366,Klebsiella pneumoniae,0.0426515243221417,-0.10783903643376536,0.8606220875308386,1.1031930681756494
53,Au,Bacillus subtilis,non-pathogenic,green_synthesis,MIC,rod-shaped,Bacteria,Bacillota,Bacilli,Bacillales,Bacillaceae,Bacillus,p,soil,196.966569,18.5,18,0.16,30,11,23.00188061,0.0,0.0,2.46797672,1.2378416171183049,Klebsiella pneumoniae,1.3524872865609514,-0.11464566944264654,17.29185627396963,22.515795035475502
54,CuO,Bacillus subtilis,non-pathogenic,green_synthesis,MBC,rod-shaped,Bacteria,Bacillota,Bacilli,Bacillales,Bacillaceae,Bacillus,p,soil,79.5454,17.5,24,0.16,30,17,20.67942236,17.07,0.6865,1.651411411,2.4346556019032253,Klebsiella pneumoniae,2.5822723938104515,-0.1476167919072262,272.05430456827065,382.18390522109485
55,Pd,Bacillus subtilis,non-pathogenic,chemical_synthesis,MBC,quasi-hexagonal,Bacteria,Bacillota,Bacilli,Bacillales,Bacillaceae,Bacillus,p,soil,195.084,50.0,24,0.16,30,10,21.14774404,0.0,0.0,1.870828693,0.8103646940573472,Klebsiella pneumoniae,0.9997380957536489,-0.18937340169630168,6.46196637844894,9.993971249887727
56,TiO2,Bacillus subtilis,non-pathogenic,chemical_synthesis,MIC,hexagonal,Bacteria,Bacillota,Bacilli,Bacillales,Bacillaceae,Bacillus,p,soil,79.866,26.38,18,0.16,30,16,26.40611331,34.14,1.373,2.878049394,2.8050483125368166,Klebsiella pneumoniae,3.073189432878701,-0.2681411203418844,638.3344929490657,1183.557693645531
57,CuO,Bacillus subtilis,non-pathogenic,chemical_synthesis,MBC,hexagonal,Bacteria,Bacillota,Bacilli,Bacillales,Bacillaceae,Bacillus,p,soil,79.5454,38.0,24,0.16,30,17,20.67942236,17.07,0.6865,1.651411411,2.76502308631476,Klebsiella pneumoniae,3.347598274029428,-0.5825751877146681,582.1341621550646,2226.3747814897833
