,np,bacteria,bac_type,np_synthesis,method,shape,kingdom,phylum,class,order,family,genus,gram,isolated_from,mol_weight (g/mol),np_size_avg (nm),time_set,"min_Incub_period, h","growth_temp, C",Valance_electron,labuteASA,tpsa,CrippenMR,chi0v,pred_MIC_norm,pathogenic_bacteria,pred_MIC_pathogen,Fitness,pred_norm_MIC_original,pred_path_MIC_original
0,TiO2,Bacillus subtilis,non-pathogenic,green_synthesis,MBEC,quasi-hexagonal,Bacteria,Bacillota,Bacilli,Bacillales,Bacillaceae,Bacillus,p,soil,79.866,6.0,0,0.16,30,16,26.40611331,34.14,1.373,2.878049394,2.463153995935882,Klebsiella pneumoniae,1.6974296209873874,0.7657243749484945,290.5052570804431,49.82297094774907
1,ZnO,Bacillus subtilis,non-pathogenic,green_synthesis,MBC,spherical,Bacteria,Bacillota,Bacilli,Bacillales,Bacillaceae,Bacillus,p,soil,81.3794,6.0,0,0.16,30,8,22.60496136,17.07,0.6865,4.082482905,2.545679399749946,Klebsiella pneumoniae,1.794045930304337,0.7516334694456088,351.30101109009576,62.23661021531377
2,ZnO,Bacillus subtilis,non-pathogenic,green_synthesis,MBC,quasi-hexagonal,Bacteria,Bacillota,Bacilli,Bacillales,Bacillaceae,Bacillus,p,soil,81.3794,12.0,0,0.16,30,8,22.60496136,17.07,0.6865,4.082482905,1.3827491622113601,Klebsiella pneumoniae,0.682232530939116,0.7005166312722442,24.140661266143194,4.810968694822333
3,Ag,Bacillus subtilis,non-pathogenic,chemical_synthesis,MIC,nanoplates,Bacteria,Bacillota,Bacilli,Bacillales,Bacillaceae,Bacillus,p,soil,107.87,5.1,3,0.16,30,11,23.00188061,0.0,0.0,1.78376517,1.9935699646987095,Klebsiella pneumoniae,1.423826086769505,0.5697438779292046,98.53033620676108,26.53542737964505
4,ZnO,Bacillus subtilis,non-pathogenic,chemical_synthesis,MBC,quasi-spherical,Bacteria,Bacillota,Bacilli,Bacillales,Bacillaceae,Bacillus,p,soil,81.3794,9.0,4,0.16,30,8,22.60496136,17.07,0.6865,4.082482905,1.5266507487482013,Klebsiella pneumoniae,0.984624772130108,0.5420259766180933,33.62410620402597,9.652165771981789
5,Ag,Bacillus subtilis,non-pathogenic,chemical_synthesis,MBEC,spheroidal,Bacteria,Bacillota,Bacilli,Bacillales,Bacillaceae,Bacillus,p,soil,107.87,20.0,18,0.16,30,11,23.00188061,0.0,0.0,1.78376517,1.3867878025612626,Klebsiella pneumoniae,0.8616881531778238,0.5250996493834388,24.3661998846527,7.272574070277768
6,CuO,Bacillus subtilis,non-pathogenic,green_synthesis,MBC,spheroidal,Bacteria,Bacillota,Bacilli,Bacillales,Bacillaceae,Bacillus,p,soil,79.5454,8.7,18,0.16,30,17,20.67942236,17.07,0.6865,1.651411411,3.697612245811288,Klebsiella pneumoniae,3.206634074760247,0.490978171051041,4984.3926370925965,1609.2891186023567
7,Ag,Bacillus subtilis,non-pathogenic,chemical_synthesis,MBEC,spheroidal,Bacteria,Bacillota,Bacilli,Bacillales,Bacillaceae,Bacillus,p,soil,107.87,25.0,18,0.16,30,11,23.00188061,0.0,0.0,1.78376517,1.352934009758878,Klebsiella pneumoniae,0.8652241934566334,0.48770981630224464,22.538967107065393,7.332029327864957
8,ZnO,Bacillus subtilis,non-pathogenic,green_synthesis,MBC,quasi-spherical,Bacteria,Bacillota,Bacilli,Bacillales,Bacillaceae,Bacillus,p,soil,81.3794,20.0,3,0.16,30,8,22.60496136,17.07,0.6865,4.082482905,1.9357379701109272,Klebsiella pneumoniae,1.4518384078670556,0.48389956224387154,86.24580300535148,28.303386884641554
9,TiO2,Bacillus subtilis,non-pathogenic,chemical_synthesis,MBEC,spheroidal,Bacteria,Bacillota,Bacilli,Bacillales,Bacillaceae,Bacillus,p,soil,79.866,5.1,0,0.16,30,16,26.40611331,34.14,1.373,2.878049394,2.940047793404582,Klebsiella pneumoniae,2.465414714623519,0.47463307878106287,871.0594433631669,292.02142414613496
10,ZnO,Bacillus subtilis,non-pathogenic,chemical_synthesis,MBEC,quasi-hexagonal,Bacteria,Bacillota,Bacilli,Bacillales,Bacillaceae,Bacillus,p,soil,81.3794,12.0,3,0.16,30,8,22.60496136,17.07,0.6865,4.082482905,1.3475187046725345,Klebsiella pneumoniae,0.8760251743768899,0.47149353029564467,22.259669131204145,7.516664639626081
11,Au,Bacillus subtilis,non-pathogenic,green_synthesis,MIC,rod-shaped,Bacteria,Bacillota,Bacilli,Bacillales,Bacillaceae,Bacillus,p,soil,196.966569,44.45,2,0.16,30,11,23.00188061,0.0,0.0,2.46797672,0.9208336223597974,Klebsiella pneumoniae,0.46684609190730075,0.4539875304524966,8.333618636327815,2.929854760333431
12,ZnO,Bacillus subtilis,non-pathogenic,chemical_synthesis,MBEC,quasi-spherical,Bacteria,Bacillota,Bacilli,Bacillales,Bacillaceae,Bacillus,p,soil,81.3794,10.4,2,0.16,30,8,22.60496136,17.07,0.6865,4.082482905,2.072187704581235,Klebsiella pneumoniae,1.6193223087770974,0.45286539580413776,118.08308873005728,41.62193903678516
13,CuO,Bacillus subtilis,non-pathogenic,green_synthesis,MBC,quasi-spherical,Bacteria,Bacillota,Bacilli,Bacillales,Bacillaceae,Bacillus,p,soil,79.5454,28.0,0,0.16,30,17,20.67942236,17.07,0.6865,1.651411411,2.895163328764462,Klebsiella pneumoniae,2.4431364821947867,0.4520268465696753,785.531000290967,277.4191790367819
14,TiO2,Bacillus subtilis,non-pathogenic,green_synthesis,MBEC,spherical,Bacteria,Bacillota,Bacilli,Bacillales,Bacillaceae,Bacillus,p,soil,79.866,11.3,3,0.16,30,16,26.40611331,34.14,1.373,2.878049394,2.9309148914932877,Klebsiella pneumoniae,2.4858523040008675,0.4450625874924201,852.9329487277254,306.092229023441
15,Ag,Bacillus subtilis,non-pathogenic,chemical_synthesis,MIC,quasi-hexagonal,Bacteria,Bacillota,Bacilli,Bacillales,Bacillaceae,Bacillus,p,soil,107.87,26.06,1,0.16,30,11,23.00188061,0.0,0.0,1.78376517,0.4221104614020206,Klebsiella pneumoniae,-0.011686987180630659,0.43379744858265123,2.643080930953564,0.9734485730139596
16,ZnO,Bacillus subtilis,non-pathogenic,green_synthesis,MIC,hexagonal,Bacteria,Bacillota,Bacilli,Bacillales,Bacillaceae,Bacillus,p,soil,81.3794,8.7,1,0.16,30,8,22.60496136,17.07,0.6865,4.082482905,1.9045732274368765,Klebsiella pneumoniae,1.4729834846771404,0.43158974275973616,80.27369008613812,29.71553027560368
17,Au,Bacillus subtilis,non-pathogenic,green_synthesis,MBC,quasi-spherical,Bacteria,Bacillota,Bacilli,Bacillales,Bacillaceae,Bacillus,p,soil,196.966569,38.0,4,0.16,30,11,23.00188061,0.0,0.0,2.46797672,0.5110495781720972,Klebsiella pneumoniae,0.08769122857732015,0.42335834959477703,3.2437664541189974,1.2237458402922248
18,Ag,Bacillus subtilis,non-pathogenic,green_synthesis,MBC,tetragonal,Bacteria,Bacillota,Bacilli,Bacillales,Bacillaceae,Bacillus,p,soil,107.87,44.45,18,0.16,30,11,23.00188061,0.0,0.0,1.78376517,0.365090054313695,Klebsiella pneumoniae,-0.057458561730313384,0.4225486160440084,2.3178752294642835,0.8760753044949612
19,TiO2,Bacillus subtilis,non-pathogenic,chemical_synthesis,MBC,hexagonal,Bacteria,Bacillota,Bacilli,Bacillales,Bacillaceae,Bacillus,p,soil,79.866,9.0,2,0.16,30,16,26.40611331,34.14,1.373,2.878049394,3.006162821320072,Klebsiella pneumoniae,2.5844888783580435,0.42167394296202865,1014.2915824632661,384.1394218080525
20,Ag,Bacillus subtilis,non-pathogenic,chemical_synthesis,MIC,tetragonal,Bacteria,Bacillota,Bacilli,Bacillales,Bacillaceae,Bacillus,p,soil,107.87,10.0,1,0.16,30,11,23.00188061,0.0,0.0,1.78376517,0.057254295706612224,Klebsiella pneumoniae,-0.3589287569094153,0.4161830526160275,1.1409176420827205,0.4375938836059618
21,ZnO,Bacillus subtilis,non-pathogenic,green_synthesis,MBC,rod-shaped,Bacteria,Bacillota,Bacilli,Bacillales,Bacillaceae,Bacillus,p,soil,81.3794,8.7,18,0.16,30,8,22.60496136,17.07,0.6865,4.082482905,2.0528555754227926,Klebsiella pneumoniae,1.6392886555486972,0.41356691987409544,112.94202636434127,43.580143459678276
22,Ag,Bacillus subtilis,non-pathogenic,chemical_synthesis,MIC,spheroidal,Bacteria,Bacillota,Bacilli,Bacillales,Bacillaceae,Bacillus,p,soil,107.87,27.43,4,0.16,30,11,23.00188061,0.0,0.0,1.78376517,0.6957685009092456,Klebsiella pneumoniae,0.28299170305735477,0.4127767978518908,4.963276852612052,1.918632085973768
23,CuO,Bacillus subtilis,non-pathogenic,green_synthesis,MBEC,quasi-hexagonal,Bacteria,Bacillota,Bacilli,Bacillales,Bacillaceae,Bacillus,p,soil,79.5454,12.0,1,0.16,30,17,20.67942236,17.07,0.6865,1.651411411,2.845298882736615,Klebsiella pneumoniae,2.4355864471945017,0.40971243554211334,700.3237950859324,272.63803764452047
24,Pd,Bacillus subtilis,non-pathogenic,green_synthesis,MBEC,rod-shaped,Bacteria,Bacillota,Bacilli,Bacillales,Bacillaceae,Bacillus,p,soil,195.084,6.0,2,0.16,30,10,21.14774404,0.0,0.0,1.870828693,1.9396525876041604,Klebsiella pneumoniae,1.5328805920985515,0.40677199550560883,87.02671441871304,34.109911459950744
25,ZnO,Bacillus subtilis,non-pathogenic,green_synthesis,MBEC,quasi-hexagonal,Bacteria,Bacillota,Bacilli,Bacillales,Bacillaceae,Bacillus,p,soil,81.3794,12.0,18,0.16,30,8,22.60496136,17.07,0.6865,4.082482905,1.3563359922997673,Klebsiella pneumoniae,0.9518062152854481,0.40452977701431925,22.716216142531287,8.949653377227197
26,Ag,Bacillus subtilis,non-pathogenic,chemical_synthesis,MIC,tetragonal,Bacteria,Bacillota,Bacilli,Bacillales,Bacillaceae,Bacillus,p,soil,107.87,11.3,3,0.16,30,11,23.00188061,0.0,0.0,1.78376517,0.1300539207379161,Klebsiella pneumoniae,-0.2636668306806804,0.3937207514185965,1.3491303762916207,0.5449205287045038
27,ZnO,Bacillus subtilis,non-pathogenic,green_synthesis,MBEC,spheroidal,Bacteria,Bacillota,Bacilli,Bacillales,Bacillaceae,Bacillus,p,soil,81.3794,8.7,4,0.16,30,8,22.60496136,17.07,0.6865,4.082482905,2.4614980243348805,Klebsiella pneumoniae,2.0749120910812073,0.3865859332536732,289.3996651847695,118.82616778178898
28,TiO2,Bacillus subtilis,non-pathogenic,green_synthesis,MBC,spherical,Bacteria,Bacillota,Bacilli,Bacillales,Bacillaceae,Bacillus,p,soil,79.866,22.5,0,0.16,30,16,26.40611331,34.14,1.373,2.878049394,2.6975367133426182,Klebsiella pneumoniae,2.322426171369118,0.37511054197350013,498.3525827222123,210.1000575511906
29,ZnO,Bacillus subtilis,non-pathogenic,chemical_synthesis,MBC,rod-shaped,Bacteria,Bacillota,Bacilli,Bacillales,Bacillaceae,Bacillus,p,soil,81.3794,11.3,2,0.16,30,8,22.60496136,17.07,0.6865,4.082482905,1.5020838925540372,Klebsiella pneumoniae,1.1280468198260853,0.37403707272795184,31.77487805877426,13.429097279113101
30,Pt,Bacillus subtilis,non-pathogenic,green_synthesis,MIC,quasi-hexagonal,Bacteria,Bacillota,Bacilli,Bacillales,Bacillaceae,Bacillus,p,soil,195.084,79.0,4,0.16,30,10,21.75656585,0.0,0.0,2.588435821,0.2911525558254118,Klebsiella pneumoniae,-0.07950118769714187,0.37065374352255365,1.955026082598048,0.8327196486823041
31,Pd,Bacillus subtilis,non-pathogenic,green_synthesis,MBC,spherical,Bacteria,Bacillota,Bacilli,Bacillales,Bacillaceae,Bacillus,p,soil,195.084,37.86,1,0.16,30,10,21.14774404,0.0,0.0,1.870828693,1.4829215064507149,Klebsiella pneumoniae,1.1166276059795965,0.3662939004711183,30.403354716301077,13.080598213420773
32,Au,Bacillus subtilis,non-pathogenic,chemical_synthesis,MIC,nanoplates,Bacteria,Bacillota,Bacilli,Bacillales,Bacillaceae,Bacillus,p,soil,196.966569,9.0,4,0.16,30,11,23.00188061,0.0,0.0,2.46797672,2.5685475658182852,Klebsiella pneumoniae,2.2059900643231543,0.362557501495131,370.29475946992744,160.69044902469818
33,TiO2,Bacillus subtilis,non-pathogenic,green_synthesis,MBC,spherical,Bacteria,Bacillota,Bacilli,Bacillales,Bacillaceae,Bacillus,p,soil,79.866,18.5,2,0.16,30,16,26.40611331,34.14,1.373,2.878049394,2.5906854110559836,Klebsiella pneumoniae,2.2366720321992135,0.3540133788567701,389.6596275307764,172.45350764724677
34,ZnO,Bacillus subtilis,non-pathogenic,green_synthesis,MBC,nanoplates,Bacteria,Bacillota,Bacilli,Bacillales,Bacillaceae,Bacillus,p,soil,81.3794,20.0,3,0.16,30,8,22.60496136,17.07,0.6865,4.082482905,2.273328445714863,Klebsiella pneumoniae,1.925917988789994,0.34741045692486905,187.64130543893376,84.31755193283013
35,CuO,Bacillus subtilis,non-pathogenic,green_synthesis,MBEC,quasi-hexagonal,Bacteria,Bacillota,Bacilli,Bacillales,Bacillaceae,Bacillus,p,soil,79.5454,13.0,4,0.16,30,17,20.67942236,17.07,0.6865,1.651411411,2.782277970169181,Klebsiella pneumoniae,2.436825954506089,0.345452015663092,605.7284471809687,273.4172774510923
36,ZnO,Bacillus subtilis,non-pathogenic,green_synthesis,MBC,cubic,Bacteria,Bacillota,Bacilli,Bacillales,Bacillaceae,Bacillus,p,soil,81.3794,18.5,2,0.16,30,8,22.60496136,17.07,0.6865,4.082482905,2.1232376463724902,Klebsiella pneumoniae,1.7809847819041047,0.34225286446838554,132.81210080637723,60.3927466806942
37,ZnO,Bacillus subtilis,non-pathogenic,chemical_synthesis,MIC,spheroidal,Bacteria,Bacillota,Bacilli,Bacillales,Bacillaceae,Bacillus,p,soil,81.3794,8.7,24,0.16,30,8,22.60496136,17.07,0.6865,4.082482905,1.8877173046272422,Klebsiella pneumoniae,1.546961056175128,0.3407562484521143,77.21777876663961,35.23392748449389
38,Ag,Bacillus subtilis,non-pathogenic,chemical_synthesis,MBEC,nanoplates,Bacteria,Bacillota,Bacilli,Bacillales,Bacillaceae,Bacillus,p,soil,107.87,6.0,4,0.16,30,11,23.00188061,0.0,0.0,1.78376517,2.327850461111856,Klebsiella pneumoniae,1.9875178895247438,0.34033257158711216,212.7406398488394,97.166797584868
39,TiO2,Bacillus subtilis,non-pathogenic,chemical_synthesis,MBC,tetragonal,Bacteria,Bacillota,Bacilli,Bacillales,Bacillaceae,Bacillus,p,soil,79.866,12.0,0,0.16,30,16,26.40611331,34.14,1.373,2.878049394,1.7579095321014306,Klebsiella pneumoniae,1.420590902481819,0.33731862961961157,57.267672425159915,26.338491787979276
40,Ag,Bacillus subtilis,non-pathogenic,chemical_synthesis,MIC,hexagonal,Bacteria,Bacillota,Bacilli,Bacillales,Bacillaceae,Bacillus,p,soil,107.8682,6.0,1,0.16,30,11,23.00188061,0.0,0.0,1.78376517,2.4337191575567,Klebsiella pneumoniae,2.105190591694572,0.3285285658621282,271.46832142282017,127.40620850732144
41,ZnO,Bacillus subtilis,non-pathogenic,green_synthesis,MBEC,spheroidal,Bacteria,Bacillota,Bacilli,Bacillales,Bacillaceae,Bacillus,p,soil,81.3794,44.45,3,0.16,30,8,22.60496136,17.07,0.6865,4.082482905,1.6503969734960815,Klebsiella pneumoniae,1.4900228507264794,0.16037412276960206,44.70920767646098,30.904580349789395
42,ZnO,Bacillus subtilis,non-pathogenic,green_synthesis,MBC,nanoplates,Bacteria,Bacillota,Bacilli,Bacillales,Bacillaceae,Bacillus,p,soil,81.3794,17.5,18,0.16,30,8,22.60496136,17.07,0.6865,4.082482905,2.109817778098863,Klebsiella pneumoniae,1.9710019352928367,0.13881584280602643,128.77091394813414,93.54098424895629
43,Au,Bacillus subtilis,non-pathogenic,green_synthesis,MIC,quasi-hexagonal,Bacteria,Bacillota,Bacilli,Bacillales,Bacillaceae,Bacillus,p,soil,196.966569,13.0,3,0.16,30,11,23.00188061,0.0,0.0,2.46797672,1.4097569131503538,Klebsiella pneumoniae,1.3074713887212477,0.1022855244291061,25.6895746244816,20.298847868397935
44,Ag,Bacillus subtilis,non-pathogenic,green_synthesis,MBC,rod-shaped,Bacteria,Bacillota,Bacilli,Bacillales,Bacillaceae,Bacillus,p,soil,107.8682,26.38,4,0.16,30,11,23.00188061,0.0,0.0,1.78376517,0.997615627981228,Klebsiella pneumoniae,0.8963798794320285,0.10123574854919959,9.945248242446358,7.877345235355514
45,Ag,Bacillus subtilis,non-pathogenic,green_synthesis,MBC,hexagonal,Bacteria,Bacillota,Bacilli,Bacillales,Bacillaceae,Bacillus,p,soil,107.87,60.0,3,0.16,30,11,23.00188061,0.0,0.0,1.78376517,1.5566169335513924,Klebsiella pneumoniae,1.4728304174212017,0.08378651613019072,36.02607373435176,29.705058871047804
46,ZnO,Bacillus subtilis,non-pathogenic,green_synthesis,MBEC,spheroidal,Bacteria,Bacillota,Bacilli,Bacillales,Bacillaceae,Bacillus,p,soil,81.3794,79.0,2,0.16,30,8,22.60496136,17.07,0.6865,4.082482905,1.6050506540041063,Klebsiella pneumoniae,1.5256121596314653,0.07943849437264094,40.27640080284197,33.543792248878276
47,Au,Bacillus subtilis,non-pathogenic,green_synthesis,MBC,tetragonal,Bacteria,Bacillota,Bacilli,Bacillales,Bacillaceae,Bacillus,p,soil,196.966569,44.45,3,0.16,30,11,23.00188061,0.0,0.0,2.46797672,0.7658139090535433,Klebsiella pneumoniae,0.7256505510511109,0.040163358002432425,5.831951572951684,5.316802780447923
48,Ag,Bacillus subtilis,non-pathogenic,chemical_synthesis,MIC,spheroidal,Bacteria,Bacillota,Bacilli,Bacillales,Bacillaceae,Bacillus,p,soil,107.8682,11.3,2,0.16,30,11,23.00188061,0.0,0.0,1.78376517,1.757542333001614,Klebsiella pneumoniae,1.7374542957550247,0.020088037246589252,57.21927266137767,54.63290523270768
49,ZnO,Bacillus subtilis,non-pathogenic,green_synthesis,MIC,spherical,Bacteria,Bacillota,Bacilli,Bacillales,Bacillaceae,Bacillus,p,soil,81.3794,44.45,18,0.16,30,8,22.60496136,17.07,0.6865,4.082482905,0.4970031166314117,Klebsiella pneumoniae,0.5046088221421103,-0.007605705510698613,3.14053123121798,3.196015097152415
50,Ag,Bacillus subtilis,non-pathogenic,chemical_synthesis,MIC,spherical,Bacteria,Bacillota,Bacilli,Bacillales,Bacillaceae,Bacillus,p,soil,107.87,13.0,18,0.16,30,11,23.00188061,0.0,0.0,1.78376517,1.154212687277436,Klebsiella pneumoniae,1.187240774292271,-0.03302808701483495,14.263059281834273,15.390076347352359
51,Ni,Bacillus subtilis,non-pathogenic,green_synthesis,MBEC,spheroidal,Bacteria,Bacillota,Bacilli,Bacillales,Bacillaceae,Bacillus,p,soil,58.6934,45.26,3,0.16,30,10,17.41523038,0.0,0.0,1.303840481,2.5276118044324543,Klebsiella pneumoniae,2.5612662833224977,-0.03365447889004347,336.985957977589,364.1382354149098
52,Ag,Bacillus subtilis,non-pathogenic,chemical_synthesis,MBEC,triangular,Bacteria,Bacillota,Bacilli,Bacillales,Bacillaceae,Bacillus,p,soil,107.8682,10.0,1,0.16,30,11,23.00188061,0.0,0.0,1.78376517,0.4272511935580272,Klebsiella pneumoniae,0.46454259079107585,-0.03729139723304864,2.674552908181593,2.9143559284970744
53,ZnO,Bacillus subtilis,non-pathogenic,chemical_synthesis,MBEC,hexagonal,Bacteria,Bacillota,Bacilli,Bacillales,Bacillaceae,Bacillus,p,soil,81.3794,41.23,0,0.16,30,8,22.60496136,17.07,0.6865,4.082482905,2.240826254921032,Klebsiella pneumoniae,2.307627964755206,-0.066801709834174,174.1110180576341,203.06167524144254
54,Ag,Bacillus subtilis,non-pathogenic,green_synthesis,MBEC,rod-shaped,Bacteria,Bacillota,Bacilli,Bacillales,Bacillaceae,Bacillus,p,soil,107.87,30.0,2,0.16,30,11,23.00188061,0.0,0.0,1.78376517,1.2145857199188579,Klebsiella pneumoniae,1.2846319261598198,-0.07004620624096192,16.390255359711315,19.258919867661422
55,ZnO,Bacillus subtilis,non-pathogenic,green_synthesis,MIC,tetragonal,Bacteria,Bacillota,Bacilli,Bacillales,Bacillaceae,Bacillus,p,soil,81.3794,26.06,2,0.16,30,8,22.60496136,17.07,0.6865,4.082482905,-0.004555677041109707,Klebsiella pneumoniae,0.1160668186592948,-0.12062249570040451,0.9895649923915759,1.3063718653616574
56,Ag,Bacillus subtilis,non-pathogenic,chemical_synthesis,MBC,tetragonal,Bacteria,Bacillota,Bacilli,Bacillales,Bacillaceae,Bacillus,p,soil,107.8682,26.06,1,0.16,30,11,23.00188061,0.0,0.0,1.78376517,0.8611772512206461,Klebsiella pneumoniae,1.0387998185984562,-0.17762256737781001,7.264023679133222,10.93452240004035
57,Ni,Bacillus subtilis,non-pathogenic,chemical_synthesis,MIC,hexagonal,Bacteria,Bacillota,Bacilli,Bacillales,Bacillaceae,Bacillus,p,soil,58.6934,12.0,1,0.16,30,10,17.41523038,0.0,0.0,1.303840481,2.3388110149367334,Klebsiella pneumoniae,2.518083106581402,-0.17927209164466884,218.17802944073554,329.6727923192082
58,Ag,Bacillus subtilis,non-pathogenic,chemical_synthesis,MBEC,nanoplates,Bacteria,Bacillota,Bacilli,Bacillales,Bacillaceae,Bacillus,p,soil,107.8682,44.45,18,0.16,30,11,23.00188061,0.0,0.0,1.78376517,2.142510202025688,Klebsiella pneumoniae,2.395137621387758,-0.25262741936207034,138.8385924164517,248.39200975066188
59,Cu,Bacillus subtilis,non-pathogenic,chemical_synthesis,MBC,cubic,Bacteria,Bacillota,Bacilli,Bacillales,Bacillaceae,Bacillus,p,soil,63.55,37.86,4,0.16,30,11,17.96409803,0.0,0.0,1.243163121,1.506010848335078,Klebsiella pneumoniae,1.7865822388673558,-0.28057139053227775,32.063494155954004,61.17616363879867
60,Ag,Bacillus subtilis,non-pathogenic,chemical_synthesis,MBEC,rod-shaped,Bacteria,Bacillota,Bacilli,Bacillales,Bacillaceae,Bacillus,p,soil,107.87,37.86,24,0.16,30,11,23.00188061,0.0,0.0,1.78376517,1.2958316060239445,Klebsiella pneumoniae,1.6140701420852681,-0.3182385360613236,19.762032356121765,41.12161304856703
