,np,bacteria,bac_type,np_synthesis,method,shape,kingdom,phylum,class,order,family,genus,gram,isolated_from,mol_weight (g/mol),np_size_avg (nm),time_set,"min_Incub_period, h","growth_temp, C",Valance_electron,labuteASA,tpsa,CrippenMR,chi0v,pred_MIC_norm,pathogenic_bacteria,pred_MIC_pathogen,Fitness,pred_norm_MIC_original,pred_path_MIC_original
0,ZnO,Bacillus subtilis,non-pathogenic,green_synthesis,MBC,quasi-spherical,Bacteria,Bacillota,Bacilli,Bacillales,Bacillaceae,Bacillus,p,soil,81.3794,5.1,4,0.16,30,8,22.60496136,17.07,0.6865,4.082482905,2.2320128377061863,Klebsiella pneumoniae,1.383556731559441,0.8484561061467453,170.61328213919032,24.185592518605546
1,TiO2,Bacillus subtilis,non-pathogenic,green_synthesis,MBC,quasi-hexagonal,Bacteria,Bacillota,Bacilli,Bacillales,Bacillaceae,Bacillus,p,soil,79.866,6.0,2,0.16,30,16,26.40611331,34.14,1.373,2.878049394,2.487861933762866,Klebsiella pneumoniae,1.682157692025271,0.8057042417375948,307.5119050508659,48.10139725848044
2,ZnO,Bacillus subtilis,non-pathogenic,green_synthesis,MBC,spherical,Bacteria,Bacillota,Bacilli,Bacillales,Bacillaceae,Bacillus,p,soil,81.3794,6.0,0,0.16,30,8,22.60496136,17.07,0.6865,4.082482905,2.545679399749946,Klebsiella pneumoniae,1.794045930304337,0.7516334694456088,351.30101109009576,62.23661021531377
3,Ag,Bacillus subtilis,non-pathogenic,chemical_synthesis,MIC,quasi-hexagonal,Bacteria,Bacillota,Bacilli,Bacillales,Bacillaceae,Bacillus,p,soil,107.87,6.0,0,0.16,30,11,23.00188061,0.0,0.0,1.78376517,1.0034919331386876,Klebsiella pneumoniae,0.32259116414587474,0.6809007689928128,10.080728846049064,2.1017989180872263
4,ZnO,Bacillus subtilis,non-pathogenic,green_synthesis,MBEC,nanoplates,Bacteria,Bacillota,Bacilli,Bacillales,Bacillaceae,Bacillus,p,soil,81.3794,6.0,3,0.16,30,8,22.60496136,17.07,0.6865,4.082482905,2.7425409856432004,Klebsiella pneumoniae,2.064421257993244,0.6781197276499564,552.7655715901581,115.99018950710753
5,ZnO,Bacillus subtilis,non-pathogenic,chemical_synthesis,MBEC,quasi-spherical,Bacteria,Bacillota,Bacilli,Bacillales,Bacillaceae,Bacillus,p,soil,81.3794,5.1,2,0.16,30,8,22.60496136,17.07,0.6865,4.082482905,2.1344047156224004,Klebsiella pneumoniae,1.5402479999756262,0.5941567156467742,136.27139934291168,34.693490797073096
6,Ag,Bacillus subtilis,non-pathogenic,green_synthesis,MIC,tetragonal,Bacteria,Bacillota,Bacilli,Bacillales,Bacillaceae,Bacillus,p,soil,107.87,6.0,18,0.16,30,11,23.00188061,0.0,0.0,1.78376517,0.5866025686032423,Klebsiella pneumoniae,0.021224722451801403,0.5653778461514409,3.8601356678783705,1.050085647111444
7,TiO2,Bacillus subtilis,non-pathogenic,chemical_synthesis,MBEC,nanoplates,Bacteria,Bacillota,Bacilli,Bacillales,Bacillaceae,Bacillus,p,soil,79.866,6.0,2,0.16,30,16,26.40611331,34.14,1.373,2.878049394,3.333244887097714,Klebsiella pneumoniae,2.7707098096206124,0.5625350774771016,2153.995973345207,589.8068465936195
8,ZnO,Bacillus subtilis,non-pathogenic,chemical_synthesis,MIC,cubic,Bacteria,Bacillota,Bacilli,Bacillales,Bacillaceae,Bacillus,p,soil,81.3794,5.1,4,0.16,30,8,22.60496136,17.07,0.6865,4.082482905,1.9511825005118637,Klebsiella pneumoniae,1.4001147711686768,0.5510677293431869,89.36809500904062,25.125503364179668
9,CuO,Bacillus subtilis,non-pathogenic,green_synthesis,MBC,rod-shaped,Bacteria,Bacillota,Bacilli,Bacillales,Bacillaceae,Bacillus,p,soil,79.5454,6.0,4,0.16,30,17,20.67942236,17.07,0.6865,1.651411411,3.343047565019325,Klebsiella pneumoniae,2.8150031478196764,0.5280444171996486,2203.1677462895304,653.1352866349887
10,Ag,Bacillus subtilis,non-pathogenic,chemical_synthesis,MBEC,spheroidal,Bacteria,Bacillota,Bacilli,Bacillales,Bacillaceae,Bacillus,p,soil,107.87,20.0,18,0.16,30,11,23.00188061,0.0,0.0,1.78376517,1.3867878025612626,Klebsiella pneumoniae,0.8616881531778238,0.5250996493834388,24.3661998846527,7.272574070277768
11,Au,Bacillus subtilis,non-pathogenic,green_synthesis,MIC,spheroidal,Bacteria,Bacillota,Bacilli,Bacillales,Bacillaceae,Bacillus,p,soil,196.966569,40.0,18,0.16,30,11,23.00188061,0.0,0.0,2.46797672,1.1996571821036555,Klebsiella pneumoniae,0.6788305054132759,0.5208266766903795,15.83642623122047,4.773429419447086
12,ZnO,Bacillus subtilis,non-pathogenic,green_synthesis,MBEC,rod-shaped,Bacteria,Bacillota,Bacilli,Bacillales,Bacillaceae,Bacillus,p,soil,81.3794,11.3,4,0.16,30,8,22.60496136,17.07,0.6865,4.082482905,2.1013875541070184,Klebsiella pneumoniae,1.5851126853769708,0.5162748687300476,126.29540621577748,38.469158412578544
13,ZnO,Bacillus subtilis,non-pathogenic,chemical_synthesis,MBEC,quasi-hexagonal,Bacteria,Bacillota,Bacilli,Bacillales,Bacillaceae,Bacillus,p,soil,81.3794,10.0,1,0.16,30,8,22.60496136,17.07,0.6865,4.082482905,1.2842273263400792,Klebsiella pneumoniae,0.7806765938523299,0.5035507324877493,19.24098612161383,6.034990542584541
14,Al2O3,Bacillus subtilis,non-pathogenic,green_synthesis,MBC,quasi-hexagonal,Bacteria,Bacillota,Bacilli,Bacillales,Bacillaceae,Bacillus,p,soil,101.961276,6.0,1,0.16,30,24,51.55776403,85.5,13.5675,4.688846487,2.2771064524542486,Klebsiella pneumoniae,1.7768529098766852,0.5002535425775634,189.28075188821006,59.82089548358902
15,ZnO,Bacillus subtilis,non-pathogenic,green_synthesis,MBEC,spherical,Bacteria,Bacillota,Bacilli,Bacillales,Bacillaceae,Bacillus,p,soil,81.3794,10.4,2,0.16,30,8,22.60496136,17.07,0.6865,4.082482905,2.435288179930191,Klebsiella pneumoniae,1.9373827206830174,0.49790545924717367,272.4508580070898,86.57305050709445
16,CuO,Bacillus subtilis,non-pathogenic,green_synthesis,MBC,spheroidal,Bacteria,Bacillota,Bacilli,Bacillales,Bacillaceae,Bacillus,p,soil,79.5454,8.7,18,0.16,30,17,20.67942236,17.07,0.6865,1.651411411,3.697612245811288,Klebsiella pneumoniae,3.206634074760247,0.490978171051041,4984.3926370925965,1609.2891186023567
17,Ag,Bacillus subtilis,non-pathogenic,chemical_synthesis,MBEC,spheroidal,Bacteria,Bacillota,Bacilli,Bacillales,Bacillaceae,Bacillus,p,soil,107.87,25.0,18,0.16,30,11,23.00188061,0.0,0.0,1.78376517,1.352934009758878,Klebsiella pneumoniae,0.8652241934566334,0.48770981630224464,22.538967107065393,7.332029327864957
18,ZnO,Bacillus subtilis,non-pathogenic,green_synthesis,MBC,quasi-spherical,Bacteria,Bacillota,Bacilli,Bacillales,Bacillaceae,Bacillus,p,soil,81.3794,20.0,3,0.16,30,8,22.60496136,17.07,0.6865,4.082482905,1.9357379701109272,Klebsiella pneumoniae,1.4518384078670556,0.48389956224387154,86.24580300535148,28.303386884641554
19,TiO2,Bacillus subtilis,non-pathogenic,chemical_synthesis,MBEC,spheroidal,Bacteria,Bacillota,Bacilli,Bacillales,Bacillaceae,Bacillus,p,soil,79.866,5.1,0,0.16,30,16,26.40611331,34.14,1.373,2.878049394,2.940047793404582,Klebsiella pneumoniae,2.465414714623519,0.47463307878106287,871.0594433631669,292.02142414613496
20,ZnO,Bacillus subtilis,non-pathogenic,green_synthesis,MBC,quasi-spherical,Bacteria,Bacillota,Bacilli,Bacillales,Bacillaceae,Bacillus,p,soil,81.3794,26.38,3,0.16,30,8,22.60496136,17.07,0.6865,4.082482905,1.9062585833820855,Klebsiella pneumoniae,1.4322281423164944,0.4740304410655911,80.58581145577897,27.053791728220784
21,Au,Bacillus subtilis,non-pathogenic,chemical_synthesis,MIC,cubic,Bacteria,Bacillota,Bacilli,Bacillales,Bacillaceae,Bacillus,p,soil,196.966569,6.0,4,0.16,30,11,23.00188061,0.0,0.0,2.46797672,2.5992632908532842,Klebsiella pneumoniae,2.134889109570483,0.46437418128280106,397.432419691364,136.42347557101482
22,Ag,Bacillus subtilis,non-pathogenic,chemical_synthesis,MIC,cubic,Bacteria,Bacillota,Bacilli,Bacillales,Bacillaceae,Bacillus,p,soil,107.87,10.4,4,0.16,30,11,23.00188061,0.0,0.0,1.78376517,1.8970684877665653,Klebsiella pneumoniae,1.435834102456229,0.46123438531033645,78.89845298090937,27.279355309006018
23,ZnO,Bacillus subtilis,non-pathogenic,chemical_synthesis,MBEC,quasi-hexagonal,Bacteria,Bacillota,Bacilli,Bacillales,Bacillaceae,Bacillus,p,soil,81.3794,11.3,2,0.16,30,8,22.60496136,17.07,0.6865,4.082482905,1.3188886371201742,Klebsiella pneumoniae,0.8586336106764744,0.46025502644369987,20.839564412436154,7.221603013469558
24,CuO,Bacillus subtilis,non-pathogenic,green_synthesis,MBC,quasi-spherical,Bacteria,Bacillota,Bacilli,Bacillales,Bacillaceae,Bacillus,p,soil,79.5454,28.0,0,0.16,30,17,20.67942236,17.07,0.6865,1.651411411,2.895163328764462,Klebsiella pneumoniae,2.4431364821947867,0.4520268465696753,785.531000290967,277.4191790367819
25,CeO2,Bacillus subtilis,non-pathogenic,chemical_synthesis,MIC,hexagonal,Bacteria,Bacillota,Bacilli,Bacillales,Bacillaceae,Bacillus,p,soil,172.115,12.0,2,0.16,30,16,39.19032095,34.14,1.373,4.456551526,3.076979483925792,Klebsiella pneumoniae,2.6249566138358733,0.4520228700899187,1193.9317017905344,421.65437791093416
26,ZnO,Bacillus subtilis,non-pathogenic,green_synthesis,MBC,spheroidal,Bacteria,Bacillota,Bacilli,Bacillales,Bacillaceae,Bacillus,p,soil,81.3794,8.7,3,0.16,30,8,22.60496136,17.07,0.6865,4.082482905,2.577363648870607,Klebsiella pneumoniae,2.125814363539901,0.45154928533070615,377.8884767798251,133.60243192383652
27,CeO2,Bacillus subtilis,non-pathogenic,chemical_synthesis,MIC,hexagonal,Bacteria,Bacillota,Bacilli,Bacillales,Bacillaceae,Bacillus,p,soil,172.115,11.3,2,0.16,30,16,39.19032095,34.14,1.373,4.456551526,3.0774743655988708,Klebsiella pneumoniae,2.6274875464195446,0.44998681917932615,1195.2929709578143,424.11882194707056
28,CuO,Bacillus subtilis,non-pathogenic,green_synthesis,MBEC,rod-shaped,Bacteria,Bacillota,Bacilli,Bacillales,Bacillaceae,Bacillus,p,soil,79.5454,5.1,1,0.16,30,17,20.67942236,17.07,0.6865,1.651411411,3.3458832812865493,Klebsiella pneumoniae,2.896750516146654,0.44913276513989553,2217.6003490343624,788.4070809072671
29,ZnO,Bacillus subtilis,non-pathogenic,green_synthesis,MBC,quasi-spherical,Bacteria,Bacillota,Bacilli,Bacillales,Bacillaceae,Bacillus,p,soil,81.3794,50.0,1,0.16,30,8,22.60496136,17.07,0.6865,4.082482905,0.8625566251770391,Klebsiella pneumoniae,0.41568800950176477,0.44686861567527436,7.287131810690743,2.6042820015662285
30,TiO2,Bacillus subtilis,non-pathogenic,green_synthesis,MBEC,spherical,Bacteria,Bacillota,Bacilli,Bacillales,Bacillaceae,Bacillus,p,soil,79.866,11.3,3,0.16,30,16,26.40611331,34.14,1.373,2.878049394,2.9309148914932877,Klebsiella pneumoniae,2.4858523040008675,0.4450625874924201,852.9329487277254,306.092229023441
31,CeO2,Bacillus subtilis,non-pathogenic,green_synthesis,MIC,quasi-hexagonal,Bacteria,Bacillota,Bacilli,Bacillales,Bacillaceae,Bacillus,p,soil,172.115,6.0,2,0.16,30,16,39.19032095,34.14,1.373,4.456551526,2.3904920908669616,Klebsiella pneumoniae,1.9464958628673097,0.4439962279996519,245.74918763125868,88.40887472425129
32,ZnO,Bacillus subtilis,non-pathogenic,green_synthesis,MBEC,quasi-hexagonal,Bacteria,Bacillota,Bacilli,Bacillales,Bacillaceae,Bacillus,p,soil,81.3794,18.5,4,0.16,30,8,22.60496136,17.07,0.6865,4.082482905,1.004845035365578,Klebsiella pneumoniae,0.5640838622981321,0.4407611730674459,10.112185676199502,3.6650834060414845
33,CuO,Bacillus subtilis,non-pathogenic,green_synthesis,MBC,quasi-spherical,Bacteria,Bacillota,Bacilli,Bacillales,Bacillaceae,Bacillus,p,soil,79.5454,20.0,3,0.16,30,17,20.67942236,17.07,0.6865,1.651411411,3.005829023665793,Klebsiella pneumoniae,2.5667233976691164,0.4391056259966768,1013.5123000014943,368.7426714091784
34,ZnO,Bacillus subtilis,non-pathogenic,chemical_synthesis,MBC,hexagonal,Bacteria,Bacillota,Bacilli,Bacillales,Bacillaceae,Bacillus,p,soil,81.3794,10.0,4,0.16,30,8,22.60496136,17.07,0.6865,4.082482905,1.9576252994068346,Klebsiella pneumoniae,1.5197787690470868,0.43784653035974785,90.70376185698193,33.096248522025675
35,Au,Bacillus subtilis,non-pathogenic,green_synthesis,MBC,quasi-spherical,Bacteria,Bacillota,Bacilli,Bacillales,Bacillaceae,Bacillus,p,soil,196.966569,40.0,4,0.16,30,11,23.00188061,0.0,0.0,2.46797672,0.5201003767688543,Klebsiella pneumoniae,0.08537897534620087,0.4347214014226535,3.312076633563466,1.2172477356816838
36,Ag,Bacillus subtilis,non-pathogenic,chemical_synthesis,MIC,quasi-hexagonal,Bacteria,Bacillota,Bacilli,Bacillales,Bacillaceae,Bacillus,p,soil,107.87,26.06,1,0.16,30,11,23.00188061,0.0,0.0,1.78376517,0.4221104614020206,Klebsiella pneumoniae,-0.011686987180630659,0.43379744858265123,2.643080930953564,0.9734485730139596
37,CuO,Bacillus subtilis,non-pathogenic,green_synthesis,MBC,spherical,Bacteria,Bacillota,Bacilli,Bacillales,Bacillaceae,Bacillus,p,soil,79.5454,20.0,3,0.16,30,17,20.67942236,17.07,0.6865,1.651411411,3.0729915811763715,Klebsiella pneumoniae,2.752070673650759,0.32092090752561253,1183.0186226185224,565.0289156702514
38,TiO2,Bacillus subtilis,non-pathogenic,chemical_synthesis,MIC,quasi-hexagonal,Bacteria,Bacillota,Bacilli,Bacillales,Bacillaceae,Bacillus,p,soil,79.866,12.0,3,0.16,30,16,26.40611331,34.14,1.373,2.878049394,2.0072858306353156,Klebsiella pneumoniae,1.6902993457318847,0.31698648490343095,101.69177564452387,49.011652510691626
39,ZnO,Bacillus subtilis,non-pathogenic,green_synthesis,MBEC,quasi-spherical,Bacteria,Bacillota,Bacilli,Bacillales,Bacillaceae,Bacillus,p,soil,81.3794,45.26,4,0.16,30,8,22.60496136,17.07,0.6865,4.082482905,1.2496325444027734,Klebsiella pneumoniae,0.9330163518843559,0.31661619251841744,17.76775448116104,8.570701146884204
40,ZnO,Bacillus subtilis,non-pathogenic,green_synthesis,MBC,triangular,Bacteria,Bacillota,Bacilli,Bacillales,Bacillaceae,Bacillus,p,soil,81.3794,10.0,0,0.16,30,8,22.60496136,17.07,0.6865,4.082482905,1.30843218221184,Klebsiella pneumoniae,1.0372596972048644,0.27117248500697566,20.34380489861538,10.895814409361904
41,Ag,Bacillus subtilis,non-pathogenic,chemical_synthesis,MBEC,tetragonal,Bacteria,Bacillota,Bacilli,Bacillales,Bacillaceae,Bacillus,p,soil,107.8682,44.45,18,0.16,30,11,23.00188061,0.0,0.0,1.78376517,0.751521746764587,Klebsiella pneumoniae,0.5528574000787307,0.1986643466858563,5.6431519803043475,3.571555474253992
42,ZnO,Bacillus subtilis,non-pathogenic,chemical_synthesis,MBC,tetragonal,Bacteria,Bacillota,Bacilli,Bacillales,Bacillaceae,Bacillus,p,soil,81.3794,12.0,4,0.16,30,8,22.60496136,17.07,0.6865,4.082482905,1.0648740051660808,Klebsiella pneumoniae,0.8777663283179511,0.18710767684812968,11.611117104113761,7.546860603777092
43,Ag,Bacillus subtilis,non-pathogenic,chemical_synthesis,MBEC,hexagonal,Bacteria,Bacillota,Bacilli,Bacillales,Bacillaceae,Bacillus,p,soil,107.87,8.0,0,0.16,30,11,23.00188061,0.0,0.0,1.78376517,2.348800286180026,Klebsiella pneumoniae,2.1871591417277934,0.16164114445223277,223.25453327606274,153.87183809257272
44,Al2O3,Bacillus subtilis,non-pathogenic,chemical_synthesis,MIC,cubic,Bacteria,Bacillota,Bacilli,Bacillales,Bacillaceae,Bacillus,p,soil,101.961276,11.3,4,0.16,30,24,51.55776403,85.5,13.5675,4.688846487,3.021133422665919,Klebsiella pneumoniae,2.89000870374566,0.13112471892025912,1049.864915506492,776.2626736423214
45,ZnO,Bacillus subtilis,non-pathogenic,chemical_synthesis,MIC,spheroidal,Bacteria,Bacillota,Bacilli,Bacillales,Bacillaceae,Bacillus,p,soil,81.3794,26.06,18,0.16,30,8,22.60496136,17.07,0.6865,4.082482905,1.2538175274006496,Klebsiella pneumoniae,1.1300377415821203,0.12377978581852922,17.93979712301064,13.490801168826795
46,Ag,Bacillus subtilis,non-pathogenic,green_synthesis,MBEC,cubic,Bacteria,Bacillota,Bacilli,Bacillales,Bacillaceae,Bacillus,p,soil,107.8682,100.0,2,0.16,30,11,23.00188061,0.0,0.0,1.78376517,1.7159428163550166,Klebsiella pneumoniae,1.6029518874912798,0.11299092886373674,51.99275330596311,40.08223108112605
47,ZnO,Bacillus subtilis,non-pathogenic,green_synthesis,MIC,tetragonal,Bacteria,Bacillota,Bacilli,Bacillales,Bacillaceae,Bacillus,p,soil,81.3794,12.0,1,0.16,30,8,22.60496136,17.07,0.6865,4.082482905,0.27773642558285405,Klebsiella pneumoniae,0.17649953910913418,0.10123688647371987,1.8955551548374587,1.501410812395426
48,ZnO,Bacillus subtilis,non-pathogenic,chemical_synthesis,MIC,spheroidal,Bacteria,Bacillota,Bacilli,Bacillales,Bacillaceae,Bacillus,p,soil,81.3794,10.0,3,0.16,30,8,22.60496136,17.07,0.6865,4.082482905,1.4604603340012512,Klebsiella pneumoniae,1.3762156091638706,0.08424472483738055,28.87090076687303,23.78020582021056
49,Ag,Bacillus subtilis,non-pathogenic,chemical_synthesis,MBEC,nanoplates,Bacteria,Bacillota,Bacilli,Bacillales,Bacillaceae,Bacillus,p,soil,107.87,44.45,1,0.16,30,11,23.00188061,0.0,0.0,1.78376517,1.6831902013100175,Klebsiella pneumoniae,1.611077794107444,0.07211240720257361,48.21589151553719,40.839253413604816
50,Ag,Bacillus subtilis,non-pathogenic,green_synthesis,MBC,triangular,Bacteria,Bacillota,Bacilli,Bacillales,Bacillaceae,Bacillus,p,soil,107.87,8.7,4,0.16,30,11,23.00188061,0.0,0.0,1.78376517,0.5826063887247412,Klebsiella pneumoniae,0.5233374921583049,0.0592688965664363,3.8247793745574215,3.3368562060264257
51,CeO2,Bacillus subtilis,non-pathogenic,green_synthesis,MBC,tetragonal,Bacteria,Bacillota,Bacilli,Bacillales,Bacillaceae,Bacillus,p,soil,172.115,41.23,4,0.16,30,16,39.19032095,34.14,1.373,4.456551526,1.355072451988831,Klebsiella pneumoniae,1.3125728401536128,0.04249961183521833,22.650221426289328,20.53869473897903
52,Ag,Bacillus subtilis,non-pathogenic,chemical_synthesis,MBEC,nanoplates,Bacteria,Bacillota,Bacilli,Bacillales,Bacillaceae,Bacillus,p,soil,107.87,60.0,0,0.16,30,11,23.00188061,0.0,0.0,1.78376517,2.014466614261117,Klebsiella pneumoniae,2.0138717607004866,0.0005948535606306038,103.38716205925884,103.2456495031407
53,ZnO,Bacillus subtilis,non-pathogenic,green_synthesis,MBEC,nanoplates,Bacteria,Bacillota,Bacilli,Bacillales,Bacillaceae,Bacillus,p,soil,81.3794,35.0,18,0.16,30,8,22.60496136,17.07,0.6865,4.082482905,1.844143024491353,Klebsiella pneumoniae,1.879387602907073,-0.03524457841572004,69.84623880727564,75.75086613213037
54,CuO,Bacillus subtilis,non-pathogenic,green_synthesis,MIC,spherical,Bacteria,Bacillota,Bacilli,Bacillales,Bacillaceae,Bacillus,p,soil,79.5454,17.5,3,0.16,30,17,20.67942236,17.07,0.6865,1.651411411,2.1986236741212597,Klebsiella pneumoniae,2.254448352181485,-0.055824678060225175,157.9878445967336,179.6587411011023
55,Au,Bacillus subtilis,non-pathogenic,chemical_synthesis,MBEC,tetragonal,Bacteria,Bacillota,Bacilli,Bacillales,Bacillaceae,Bacillus,p,soil,196.966569,10.0,0,0.16,30,11,23.00188061,0.0,0.0,2.46797672,1.2999911553593158,Klebsiella pneumoniae,1.358142715625647,-0.05815156026633117,19.95221680792568,22.81091549456846
56,Pd,Bacillus subtilis,non-pathogenic,chemical_synthesis,MIC,triangular,Bacteria,Bacillota,Bacilli,Bacillales,Bacillaceae,Bacillus,p,soil,195.084,12.5,4,0.16,30,10,21.14774404,0.0,0.0,1.870828693,-0.8180394701692371,Klebsiella pneumoniae,-0.717959011510962,-0.10008045865827508,0.15204093434472146,0.19144366000331065
57,ZnO,Bacillus subtilis,non-pathogenic,chemical_synthesis,MIC,tetragonal,Bacteria,Bacillota,Bacilli,Bacillales,Bacillaceae,Bacillus,p,soil,81.3794,25.0,1,0.16,30,8,22.60496136,17.07,0.6865,4.082482905,0.07433515281927261,Klebsiella pneumoniae,0.2088797460420635,-0.1345445932227909,1.1866841803004686,1.6176320614421402
58,Al2O3,Bacillus subtilis,non-pathogenic,chemical_synthesis,MIC,cubic,Bacteria,Bacillota,Bacilli,Bacillales,Bacillaceae,Bacillus,p,soil,101.961276,9.0,24,0.16,30,24,51.55776403,85.5,13.5675,4.688846487,3.6272902834088474,Klebsiella pneumoniae,3.857210874127174,-0.2299205907183266,4239.262246160123,7197.983953234233
59,Ag,Bacillus subtilis,non-pathogenic,chemical_synthesis,MBC,quasi-spherical,Bacteria,Bacillota,Bacilli,Bacillales,Bacillaceae,Bacillus,p,soil,107.87,26.06,24,0.16,30,11,23.00188061,0.0,0.0,1.78376517,1.0761879645966332,Klebsiella pneumoniae,1.3445129928523778,-0.26832502825574456,11.917576944907465,22.106143905884622
60,ZnO,Bacillus subtilis,non-pathogenic,green_synthesis,MIC,quasi-spherical,Bacteria,Bacillota,Bacilli,Bacillales,Bacillaceae,Bacillus,p,soil,81.3794,45.26,24,0.16,30,8,22.60496136,17.07,0.6865,4.082482905,1.187919421193687,Klebsiella pneumoniae,1.476733048557289,-0.28881362736360194,15.41414433063422,29.97319565001573
